time_take_s,time_episode_s,tool_tracked,tool_world_x_m,tool_world_y_m,tool_world_z_m,tool_world_qx,tool_world_qy,tool_world_qz,tool_world_qw,tcp_robot_x_m,tcp_robot_y_m,tcp_robot_z_m,tcp_robot_qx,tcp_robot_qy,tcp_robot_qz,tcp_robot_qw,tcp_robot_rot6d_r00,tcp_robot_rot6d_r01,tcp_robot_rot6d_r02,tcp_robot_rot6d_r10,tcp_robot_rot6d_r11,tcp_robot_rot6d_r12,tcp_speed_m_s,box_world_x_m,box_world_y_m,box_world_z_m,tool_in_box_x_m,tool_in_box_y_m,tool_in_box_z_m,tool_in_box_qx,tool_in_box_qy,tool_in_box_qz,tool_in_box_qw,flap_left_deg,flap_right_deg,gripper,ik_reachable,ik_pos_err_mm,q1_deg,q2_deg,q3_deg,q4_deg,q5_deg,q6_deg
5.375000,0.000000,1,-0.801244,1.534496,0.508161,-0.005628,-0.177361,0.160534,-0.970948,0.256998,-0.035195,0.218102,-0.153876,0.080074,0.797609,0.577693,-0.285185,-0.946190,-0.152949,0.896904,-0.319717,0.305522,0.000000,-0.803231,1.366991,0.101854,0.126319,-0.124644,0.402063,-0.180556,-0.103321,0.931312,-0.298970,0.563950,0.140199,0.000000,1,0.086881,6.830364,-16.132331,77.210520,-2.081360,88.204701,0.079311
5.408333,0.033333,1,-0.801648,1.534113,0.504350,-0.011647,-0.177583,0.160242,-0.970902,0.257551,-0.035251,0.214291,-0.151390,0.085560,0.797726,0.577402,-0.287375,-0.947124,-0.142731,0.895312,-0.318572,0.311333,0.115557,-0.803231,1.366991,0.101854,0.126326,-0.123847,0.398294,-0.183523,-0.098072,0.931273,-0.299052,0.549790,0.109718,0.000000,1,0.045991,6.813032,-15.346482,77.182372,-2.116150,87.784546,0.075345
5.441667,0.066667,1,-0.801952,1.533765,0.500520,-0.017135,-0.178425,0.159736,-0.970750,0.258015,-0.035247,0.210462,-0.149697,0.090846,0.797842,0.576876,-0.289609,-0.947711,-0.134056,0.893313,-0.317921,0.317676,0.115704,-0.803231,1.366991,0.101854,0.126305,-0.123152,0.394501,-0.186798,-0.093570,0.931014,-0.299274,0.540598,0.100842,0.000000,1,0.044260,6.788314,-14.558331,77.155793,-2.144782,87.360205,0.071578
5.475000,0.100000,1,-0.802114,1.533415,0.496618,-0.022522,-0.180310,0.158962,-0.970419,0.258397,-0.035129,0.206561,-0.148985,0.096508,0.797918,0.576035,-0.291974,-0.948014,-0.126572,0.890501,-0.317739,0.325652,0.117649,-0.803231,1.366991,0.101854,0.126202,-0.122565,0.390625,-0.190954,-0.089627,0.930444,-0.299630,0.551004,0.116540,0.000000,1,0.041869,6.745807,-13.764373,77.138390,-2.162540,86.933864,0.067999
5.508333,0.133333,1,-0.802154,1.533105,0.492698,-0.028386,-0.182744,0.157877,-0.969986,0.258673,-0.034937,0.202643,-0.148552,0.102843,0.798046,0.574873,-0.294907,-0.948105,-0.118860,0.886995,-0.317889,0.334943,0.117982,-0.803231,1.366991,0.101854,0.126061,-0.122098,0.386722,-0.195822,-0.085501,0.929639,-0.300190,0.559730,0.159756,0.000000,1,0.040027,6.693387,-12.975813,77.131526,-2.173320,86.512880,0.064599
5.541667,0.166667,1,-0.802107,1.532829,0.488809,-0.033836,-0.184910,0.156847,-0.969568,0.258869,-0.034696,0.198756,-0.148065,0.108686,0.798159,0.573765,-0.297741,-0.948097,-0.111637,0.883726,-0.317962,0.343406,0.116967,-0.803231,1.366991,0.101854,0.125898,-0.121725,0.382845,-0.200261,-0.081623,0.928869,-0.300725,0.549322,0.177229,0.000000,1,0.038850,6.634769,-12.198785,77.130109,-2.179149,86.098481,0.061369
5.575000,0.200000,1,-0.801940,1.532574,0.484912,-0.039158,-0.186292,0.155907,-0.969255,0.258976,-0.034372,0.194863,-0.146931,0.114066,0.798324,0.572781,-0.300666,-0.948050,-0.103927,0.881011,-0.317821,0.350441,0.117248,-0.803231,1.366991,0.101854,0.125682,-0.121462,0.378951,-0.203945,-0.077501,0.928250,-0.301250,0.546184,0.135401,0.000000,1,0.037145,6.563817,-11.426827,77.136769,-2.177339,85.688711,0.058301
5.608333,0.233333,1,-0.801609,1.532385,0.481009,-0.044941,-0.187812,0.154691,-0.968906,0.258932,-0.033957,0.190963,-0.145716,0.119919,0.798583,0.571534,-0.304230,-0.947783,-0.095658,0.877887,-0.317936,0.358094,0.117665,-0.803231,1.366991,0.101854,0.125426,-0.121369,0.375039,-0.207970,-0.073027,0.927480,-0.301989,0.538066,0.113982,0.000000,1,0.035149,6.480355,-10.665171,77.161906,-2.167849,85.291979,0.055386
5.641667,0.266667,1,-0.801188,1.532217,0.477195,-0.050162,-0.188960,0.153427,-0.968627,0.258816,-0.033483,0.187153,-0.144420,0.125103,0.798923,0.570276,-0.307857,-0.947347,-0.088075,0.875078,-0.318270,0.364614,0.115225,-0.803231,1.366991,0.101854,0.125133,-0.121368,0.371209,-0.211409,-0.068881,0.926746,-0.302825,0.525539,0.112006,0.000000,1,0.034699,6.388251,-9.924008,77.190923,-2.152921,84.906834,0.052616
5.675000,0.300000,1,-0.800767,1.532085,0.473495,-0.055145,-0.189922,0.151832,-0.968419,0.258672,-0.033032,0.183458,-0.143065,0.129990,0.799472,0.568752,-0.312107,-0.946597,-0.080889,0.872209,-0.319248,0.370584,0.111770,-0.803231,1.366991,0.101854,0.124867,-0.121395,0.367493,-0.214583,-0.064854,0.925923,-0.303997,0.554526,0.116115,0.000000,1,0.034915,6.301118,-9.203799,77.216070,-2.139029,84.529839,0.049986
5.708333,0.333333,1,-0.800321,1.531961,0.469974,-0.060083,-0.191032,0.150107,-0.968176,0.258507,-0.032568,0.179941,-0.141863,0.134902,0.800049,0.567096,-0.316554,-0.945685,-0.073990,0.869134,-0.320407,0.376757,0.106541,-0.803231,1.366991,0.101854,0.124588,-0.121458,0.363953,-0.217870,-0.060932,0.925004,-0.305268,0.557313,0.116431,0.000000,1,0.035940,6.212273,-8.517426,77.237633,-2.123220,84.168175,0.047486
5.741667,0.366667,1,-0.799860,1.531870,0.466489,-0.065267,-0.191940,0.148566,-0.967899,0.258306,-0.032113,0.176459,-0.140370,0.139945,0.800513,0.565588,-0.320812,-0.944810,-0.066434,0.866234,-0.321050,0.382840,0.105506,-0.803231,1.366991,0.101854,0.124328,-0.121554,0.360447,-0.221085,-0.056701,0.924149,-0.306357,0.544551,0.123824,0.000000,1,0.035198,6.126049,-7.838046,77.258299,-2.107431,83.808849,0.045112
5.775000,0.400000,1,-0.799363,1.531837,0.462957,-0.070662,-0.192749,0.147018,-0.967595,0.258036,-0.031662,0.172931,-0.138695,0.145133,0.800958,0.564063,-0.325194,-0.943839,-0.058450,0.863322,-0.321540,0.388956,0.107019,-0.803231,1.366991,0.101854,0.124095,-0.121712,0.356891,-0.224310,-0.052239,0.923276,-0.307438,0.534126,0.122911,0.000000,1,0.033300,6.042290,-7.151434,77.282763,-2.091546,83.446767,0.042856
5.808333,0.433333,1,-0.798785,1.531868,0.459364,-0.075162,-0.193329,0.145828,-0.967321,0.257668,-0.031184,0.169342,-0.137212,0.149418,0.801264,0.562870,-0.328700,-0.943019,-0.051680,0.861012,-0.321703,0.393911,0.109158,-0.803231,1.366991,0.101854,0.123868,-0.121967,0.353268,-0.226911,-0.048474,0.922577,-0.308242,0.546516,0.096656,0.000000,1,0.031052,5.955979,-6.456978,77.315862,-2.073282,83.084244,0.040714
5.841667,0.466667,1,-0.798197,1.531972,0.455761,-0.078074,-0.192903,0.145441,-0.967233,0.257235,-0.030743,0.165743,-0.135533,0.151834,0.801371,0.562478,-0.330498,-0.942664,-0.046418,0.860350,-0.321130,0.395819,0.109566,-0.803231,1.366991,0.101854,0.123696,-0.122272,0.349633,-0.227877,-0.045681,0.922401,-0.308483,0.566585,0.108509,0.000000,1,0.029633,5.877459,-5.760541,77.350807,-2.057564,82.721215,0.038678
5.875000,0.500000,1,-0.797683,1.532042,0.452343,-0.081339,-0.192826,0.144686,-0.967093,0.256873,-0.030342,0.162328,-0.134011,0.154721,0.801597,0.561734,-0.332992,-0.942037,-0.041022,0.859100,-0.321033,0.398604,0.103728,-0.803231,1.366991,0.101854,0.123534,-0.122509,0.346187,-0.229322,-0.042725,0.922008,-0.309008,0.571452,0.121067,0.000000,1,0.031137,5.805043,-5.091639,77.367962,-2.044054,82.363458,0.036744
5.908333,0.533333,1,-0.797289,1.532085,0.449127,-0.085564,-0.192969,0.143620,-0.966858,0.256605,-0.030022,0.159114,-0.132259,0.158565,0.801882,0.560669,-0.336316,-0.941124,-0.034308,0.857238,-0.321015,0.402608,0.097216,-0.803231,1.366991,0.101854,0.123415,-0.122646,0.342952,-0.231408,-0.039009,0.921407,-0.309738,0.553381,0.116839,0.000000,1,0.032928,5.745667,-4.453522,77.364891,-2.035944,82.011427,0.034907
5.941667,0.566667,1,-0.796975,1.532162,0.445949,-0.090020,-0.193361,0.142640,-0.966520,0.256357,-0.029788,0.155938,-0.130627,0.162728,0.802037,0.559636,-0.339488,-0.940211,-0.027399,0.855185,-0.320655,0.407234,0.095825,-0.803231,1.366991,0.101854,0.123369,-0.122741,0.339759,-0.233817,-0.035201,0.920752,-0.310331,0.542362,0.128191,0.000000,1,0.032477,5.701647,-3.818850,77.351901,-2.034016,81.655978,0.033161
5.975000,0.600000,1,-0.796649,1.532258,0.442772,-0.095331,-0.195134,0.141200,-0.965866,0.256088,-0.029555,0.152763,-0.129851,0.168272,0.802122,0.558054,-0.343429,-0.938955,-0.020503,0.851554,-0.320521,0.414876,0.095862,-0.803231,1.366991,0.101854,0.123333,-0.122856,0.336566,-0.237846,-0.031249,0.919591,-0.311135,0.594171,0.125872,0.000000,1,0.031333,5.658892,-3.183521,77.336625,-2.031728,81.298877,0.031503
6.008333,0.633333,1,-0.796295,1.532374,0.439584,-0.100071,-0.196628,0.139726,-0.965298,0.255786,-0.029312,0.149577,-0.129081,0.173181,0.802294,0.556481,-0.347335,-0.937631,-0.014377,0.848214,-0.320675,0.421546,0.096268,-0.803231,1.366991,0.101854,0.123295,-0.123004,0.333361,-0.241370,-0.027676,0.918484,-0.312028,0.639949,0.125528,0.000000,1,0.030010,5.614999,-2.546006,77.320579,-2.028010,80.940223,0.029928
6.041667,0.666667,1,-0.795935,1.532528,0.436420,-0.104055,-0.197713,0.138380,-0.964849,0.255449,-0.029087,0.146415,-0.128280,0.177230,0.802513,0.555074,-0.350875,-0.936378,-0.009142,0.845437,-0.320966,0.426869,0.095647,-0.803231,1.366991,0.101854,0.123286,-0.123181,0.330178,-0.244182,-0.024593,0.917534,-0.312892,0.671936,0.126990,0.000000,1,0.029132,5.575373,-1.912940,77.304374,-2.025390,80.583924,0.028432
6.075000,0.700000,1,-0.795560,1.532667,0.433381,-0.107747,-0.198966,0.137135,-0.964363,0.255116,-0.028841,0.143378,-0.127761,0.181094,0.802653,0.553742,-0.354093,-0.935199,-0.004537,0.842652,-0.321149,0.432205,0.091968,-0.803231,1.366991,0.101854,0.123252,-0.123369,0.327118,-0.247008,-0.021849,0.916587,-0.313653,0.669150,0.126298,0.000000,1,0.029512,5.532080,-1.303393,77.285220,-2.020411,80.238437,0.027010
6.108333,0.733333,1,-0.795201,1.532812,0.430496,-0.110935,-0.199697,0.136116,-0.963995,0.254787,-0.028614,0.140495,-0.126998,0.184273,0.802793,0.552665,-0.356867,-0.934155,-0.000224,0.840546,-0.321211,0.436241,0.087314,-0.803231,1.366991,0.101854,0.123229,-0.123558,0.324214,-0.249135,-0.019320,0.915849,-0.314290,0.634774,0.122581,0.000000,1,0.030377,5.492170,-0.723856,77.264192,-2.016328,79.907689,0.025660
6.141667,0.766667,1,-0.794878,1.532980,0.427690,-0.114189,-0.200007,0.135374,-0.963655,0.254461,-0.028432,0.137689,-0.125828,0.187323,0.802836,0.551844,-0.359271,-0.933222,0.004709,0.838940,-0.320756,0.439654,0.084902,-0.803231,1.366991,0.101854,0.123244,-0.123737,0.321390,-0.250913,-0.016547,0.915276,-0.314705,0.629078,0.110114,0.000000,1,0.030368,5.460460,-0.158432,77.239600,-2.015327,79.582730,0.024377
6.175000,0.800000,1,-0.794549,1.533156,0.424924,-0.117333,-0.199968,0.134330,-0.963432,0.254126,-0.028248,0.134925,-0.124395,0.190118,0.803115,0.550806,-0.362278,-0.932020,0.009630,0.837421,-0.320936,0.442408,0.083708,-0.803231,1.366991,0.101854,0.123261,-0.123926,0.318606,-0.252340,-0.013707,0.914673,-0.315451,0.650876,0.102713,0.000000,1,0.029836,5.429118,0.399455,77.213226,-2.013823,79.261136,0.023158
6.208333,0.833333,1,-0.794204,1.533354,0.422161,-0.120642,-0.200233,0.133413,-0.963096,0.253762,-0.028066,0.132164,-0.123161,0.193198,0.803239,0.549830,-0.365036,-0.930879,0.014597,0.835701,-0.320723,0.445803,0.083748,-0.803231,1.366991,0.101854,0.123287,-0.124143,0.315823,-0.254109,-0.010861,0.914025,-0.316022,0.661007,0.101280,0.000000,1,0.028814,5.398521,0.957000,77.186884,-2.011976,78.940264,0.022000
6.241667,0.866667,1,-0.793941,1.533595,0.419362,-0.123936,-0.200546,0.132804,-0.962696,0.253415,-0.027974,0.129365,-0.121974,0.196286,0.803169,0.549103,-0.367216,-0.929928,0.019632,0.834162,-0.319915,0.449254,0.084657,-0.803231,1.366991,0.101854,0.123395,-0.124314,0.313008,-0.255903,-0.008055,0.913461,-0.316289,0.654197,0.115690,0.000000,1,0.027494,5.384648,1.525809,77.150463,-2.017164,78.609272,0.020900
6.275000,0.900000,1,-0.793784,1.533843,0.416662,-0.127230,-0.200615,0.132255,-0.962328,0.253125,-0.027972,0.126664,-0.120569,0.199266,0.803099,0.548442,-0.369349,-0.928957,0.024913,0.832856,-0.319009,0.452310,0.081484,-0.803231,1.366991,0.101854,0.123569,-0.124411,0.310299,-0.257480,-0.005141,0.912957,-0.316523,0.661116,0.112143,0.000000,1,0.027817,5.386581,2.079312,77.102150,-2.029054,78.280616,0.019855
6.308333,0.933333,1,-0.793669,1.534073,0.414070,-0.130607,-0.200752,0.131760,-0.961915,0.252875,-0.027993,0.124071,-0.119187,0.202350,0.802965,0.547810,-0.371398,-0.927979,0.030292,0.831509,-0.317918,0.455544,0.078147,-0.803231,1.366991,0.101854,0.123749,-0.124469,0.307701,-0.259154,-0.002184,0.912439,-0.316685,0.665902,0.125296,0.000000,1,0.028129,5.392590,2.613421,77.046944,-2.042239,77.958832,0.018862
6.341667,0.966667,1,-0.793572,1.534333,0.411485,-0.133549,-0.200791,0.131139,-0.961587,0.252611,-0.028048,0.121486,-0.117913,0.205001,0.802963,0.547103,-0.373550,-0.926951,0.034952,0.830262,-0.317307,0.458237,0.077990,-0.803231,1.366991,0.101854,0.123965,-0.124531,0.305111,-0.260546,0.000433,0.911932,-0.317012,0.666474,0.089419,0.000000,1,0.027280,5.405210,3.146496,76.989837,-2.057735,77.637398,0.017919
6.375000,1.000000,1,-0.793461,1.534654,0.408811,-0.137024,-0.201137,0.130323,-0.961137,0.252291,-0.028127,0.118810,-0.116676,0.208265,0.802940,0.546167,-0.376176,-0.925679,0.040127,0.828481,-0.316653,0.461899,0.080872,-0.803231,1.366991,0.101854,0.124224,-0.124633,0.302430,-0.262456,0.003390,0.911230,-0.317434,0.660462,0.096530,0.000000,1,0.025285,5.423899,3.697215,76.933556,-2.075208,77.308595,0.017023
6.408333,1.033333,1,-0.793291,1.535046,0.406020,-0.140672,-0.201472,0.129337,-0.960673,0.251879,-0.028201,0.116018,-0.115354,0.211680,0.802982,0.545074,-0.379177,-0.924205,0.045509,0.826532,-0.316172,0.465703,0.084702,-0.803231,1.366991,0.101854,0.124510,-0.124816,0.299627,-0.264440,0.006511,0.910443,-0.317997,0.671825,0.086540,0.000000,1,0.022880,5.443545,4.269908,76.882326,-2.092313,76.972610,0.016172
6.441667,1.066667,1,-0.792989,1.535493,0.403168,-0.144613,-0.202950,0.128296,-0.959916,0.251343,-0.028201,0.113166,-0.114924,0.215868,0.802789,0.543805,-0.382137,-0.922738,0.050260,0.823504,-0.315355,0.471586,0.087060,-0.803231,1.366991,0.101854,0.124765,-0.125135,0.296754,-0.267567,0.009374,0.909349,-0.318439,0.648468,0.085886,0.000000,1,0.020878,5.452155,4.851106,76.844014,-2.103653,76.640172,0.015363
6.475000,1.100000,1,-0.792637,1.535956,0.400395,-0.149143,-0.205293,0.127152,-0.958876,0.250765,-0.028172,0.110392,-0.115006,0.220970,0.802393,0.542320,-0.385326,-0.921133,0.055113,0.819482,-0.314123,0.479350,0.085000,-0.803231,1.366991,0.101854,0.125003,-0.125509,0.293955,-0.271727,0.012373,0.907949,-0.318809,0.644604,0.076776,0.000000,1,0.020668,5.456203,5.415534,76.811412,-2.112459,76.319992,0.014595
6.508333,1.133333,1,-0.792341,1.536403,0.397824,-0.152116,-0.206155,0.126338,-0.958332,0.250231,-0.028180,0.107821,-0.114456,0.224017,0.802284,0.541348,-0.387685,-0.919909,0.058890,0.817349,-0.313519,0.483370,0.078794,-0.803231,1.366991,0.101854,0.125256,-0.125843,0.291363,-0.273863,0.014649,0.907141,-0.319187,0.657038,0.085660,0.000000,1,0.022244,5.466307,5.940762,76.776170,-2.123780,76.018655,0.013865
6.541667,1.166667,1,-0.792093,1.536800,0.395478,-0.153527,-0.205813,0.126022,-0.958222,0.249768,-0.028199,0.105473,-0.113522,0.225127,0.802332,0.541012,-0.388839,-0.919256,0.061429,0.817028,-0.313248,0.484087,0.071778,-0.803231,1.366991,0.101854,0.125490,-0.126121,0.288998,-0.274213,0.016070,0.906939,-0.319390,0.665153,0.132994,0.000000,1,0.024081,5.477331,6.422034,76.737231,-2.135327,75.737754,0.013172
6.575000,1.200000,1,-0.791838,1.537189,0.393352,-0.155620,-0.206177,0.125404,-0.957887,0.249306,-0.028209,0.103346,-0.112916,0.227163,0.802318,0.540308,-0.390635,-0.918298,0.064286,0.815696,-0.312929,0.486533,0.065298,-0.803231,1.366991,0.101854,0.125709,-0.126416,0.286852,-0.275503,0.017784,0.906399,-0.319724,0.676322,0.131045,0.000000,1,0.025900,5.486736,6.856730,76.706479,-2.145798,75.484512,0.012514
6.608333,1.233333,1,-0.791557,1.537562,0.391407,-0.158199,-0.206394,0.124442,-0.957543,0.248841,-0.028191,0.101401,-0.111965,0.229567,0.802452,0.539290,-0.393260,-0.916916,0.067914,0.814101,-0.312930,0.489197,0.060007,-0.803231,1.366991,0.101854,0.125896,-0.126733,0.284886,-0.276893,0.020005,0.905707,-0.320350,0.175109,0.126844,0.000000,1,0.027292,5.490839,7.252805,76.683631,-2.153550,75.254849,0.011888
6.641667,1.266667,1,-0.791244,1.537939,0.389515,-0.161444,-0.207120,0.123584,-0.956956,0.248353,-0.028149,0.099509,-0.111172,0.232796,0.802325,0.538257,-0.395839,-0.915476,0.072217,0.811954,-0.312169,0.493235,0.058623,-0.803231,1.366991,0.101854,0.126066,-0.127084,0.282971,-0.279033,0.022588,0.904850,-0.320744,0.097473,0.128752,0.000000,1,0.027235,5.491033,7.637120,76.665361,-2.159199,75.034233,0.011294
6.675000,1.300000,1,-0.790919,1.538385,0.387632,-0.165005,-0.208362,0.122804,-0.956179,0.247804,-0.028140,0.097626,-0.110699,0.236540,0.801995,0.537213,-0.398296,-0.914054,0.076584,0.809315,-0.310902,0.498346,0.058859,-0.803231,1.366991,0.101854,0.126286,-0.127483,0.281063,-0.281770,0.025217,0.903855,-0.320961,0.128794,0.120971,0.000000,1,0.026796,5.498642,8.018585,76.654102,-2.167823,74.819765,0.010729
6.708333,1.333333,1,-0.790575,1.538908,0.385714,-0.168155,-0.209323,0.122063,-0.955515,0.247181,-0.028162,0.095706,-0.110158,0.239790,0.801748,0.536252,-0.400598,-0.912707,0.080538,0.807049,-0.309869,0.502646,0.060540,-0.803231,1.366991,0.101854,0.126558,-0.127941,0.279117,-0.284070,0.027607,0.902975,-0.321213,0.102120,0.115195,0.000000,1,0.025847,5.513682,8.406529,76.649226,-2.179434,74.606733,0.010192
6.741667,1.366667,1,-0.790239,1.539458,0.383726,-0.171371,-0.210497,0.121129,-0.954804,0.246541,-0.028206,0.093718,-0.109779,0.243193,0.801545,0.535099,-0.403236,-0.911207,0.084279,0.804417,-0.309053,0.507346,0.062676,-0.803231,1.366991,0.101854,0.126859,-0.128403,0.277102,-0.286593,0.029962,0.901962,-0.321608,0.059522,0.118271,0.000000,1,0.024395,5.533359,8.810633,76.639764,-2.192922,74.384943,0.009683
6.775000,1.400000,1,-0.790008,1.540008,0.381712,-0.175043,-0.211922,0.120126,-0.953949,0.245966,-0.028333,0.091702,-0.109422,0.247117,0.801246,0.533820,-0.406125,-0.909523,0.088485,0.801364,-0.307938,0.512826,0.063023,-0.803231,1.366991,0.101854,0.127220,-0.128778,0.275066,-0.289546,0.032613,0.900793,-0.321980,0.053385,0.119911,0.000000,1,0.023486,5.567885,9.225144,76.614457,-2.213088,74.151405,0.009199
6.808333,1.433333,1,-0.789914,1.540599,0.379724,-0.178733,-0.213517,0.119550,-0.952981,0.245439,-0.028595,0.089710,-0.109207,0.251134,0.800657,0.532874,-0.408239,-0.908149,0.092771,0.798446,-0.305954,0.518532,0.062287,-0.803231,1.366991,0.101854,0.127693,-0.129067,0.273066,-0.292645,0.035193,0.899716,-0.321917,0.113249,0.110767,0.000000,1,0.023342,5.627533,9.637852,76.577928,-2.244496,73.914304,0.008739
6.841667,1.466667,1,-0.789910,1.541177,0.377874,-0.181806,-0.215092,0.119218,-0.952087,0.244977,-0.028921,0.087857,-0.109248,0.254591,0.800020,0.532180,-0.409698,-0.907137,0.096175,0.795882,-0.303935,0.523636,0.058128,-0.803231,1.366991,0.101854,0.128205,-0.129284,0.271209,-0.295440,0.037228,0.898803,-0.321686,0.237718,0.100132,0.000000,1,0.024288,5.698784,10.024028,76.535989,-2.280979,73.688038,0.008302
6.875000,1.500000,1,-0.789943,1.541692,0.376203,-0.184526,-0.215807,0.118904,-0.951441,0.244587,-0.029241,0.086182,-0.108677,0.257346,0.799596,0.531609,-0.411162,-0.906080,0.099820,0.794210,-0.302329,0.527093,0.052488,-0.803231,1.366991,0.101854,0.128682,-0.129446,0.269534,-0.297314,0.039337,0.898132,-0.321584,0.204716,0.089572,0.000000,1,0.025509,5.767668,10.374290,76.492119,-2.316173,73.478557,0.007887
6.908333,1.533333,1,-0.789997,1.542242,0.374531,-0.188426,-0.216297,0.118443,-0.950622,0.244182,-0.029600,0.084506,-0.107379,0.261058,0.799088,0.530827,-0.413385,-0.904419,0.105544,0.792290,-0.300143,0.531216,0.052825,-0.803231,1.366991,0.101854,0.129201,-0.129611,0.267859,-0.299530,0.042605,0.897273,-0.321509,0.166656,0.096961,0.000000,1,0.025059,5.844471,10.724836,76.448012,-2.354539,73.270024,0.007492
6.941667,1.566667,1,-0.790066,1.542815,0.372846,-0.191961,-0.217219,0.118209,-0.949733,0.243768,-0.029983,0.082817,-0.106630,0.264637,0.798414,0.530220,-0.414994,-0.903106,0.110362,0.790233,-0.297669,0.535653,0.053425,-0.803231,1.366991,0.101854,0.129747,-0.129777,0.266172,-0.301955,0.045345,0.896437,-0.321197,0.028055,0.086817,0.000000,1,0.024443,5.926774,11.078868,76.401988,-2.395003,73.060090,0.007118
6.975000,1.600000,1,-0.790073,1.543398,0.371222,-0.195044,-0.218494,0.117765,-0.948867,0.243308,-0.030324,0.081190,-0.106398,0.267968,0.797853,0.529436,-0.416754,-0.901847,0.113964,0.787802,-0.295780,0.540261,0.051761,-0.803231,1.366991,0.101854,0.130264,-0.130003,0.264542,-0.304492,0.047529,0.895505,-0.321087,0.072263,0.085093,0.000000,1,0.024595,6.002199,11.418736,76.365530,-2.431889,72.862658,0.006762
7.008333,1.633333,1,-0.790011,1.543954,0.369636,-0.197968,-0.219483,0.117080,-0.948118,0.242829,-0.030595,0.079601,-0.105982,0.271028,0.797503,0.528488,-0.418936,-0.900391,0.117427,0.785494,-0.294488,0.544312,0.050449,-0.803231,1.366991,0.101854,0.130718,-0.130271,0.262945,-0.306709,0.049705,0.894569,-0.321255,0.086108,0.094402,0.000000,1,0.024409,6.064754,11.750065,76.333862,-2.462614,72.672600,0.006424
7.041667,1.666667,1,-0.789959,1.544409,0.368077,-0.200194,-0.219968,0.116955,-0.947554,0.242435,-0.030812,0.078038,-0.105425,0.273239,0.797064,0.528124,-0.419942,-0.899509,0.120547,0.784285,-0.292852,0.546932,0.048771,-0.803231,1.366991,0.101854,0.131096,-0.130476,0.261377,-0.308150,0.051475,0.894051,-0.321039,0.085425,0.094672,0.000000,1,0.023898,6.115556,12.078356,76.290359,-2.487981,72.478820,0.006103
7.075000,1.700000,1,-0.789972,1.544731,0.366611,-0.201521,-0.220344,0.117491,-0.947119,0.242188,-0.031002,0.076571,-0.105167,0.274597,0.796443,0.528409,-0.419448,-0.899451,0.122679,0.783937,-0.290762,0.548544,0.045021,-0.803231,1.366991,0.101854,0.131399,-0.130555,0.259910,-0.309070,0.052477,0.893933,-0.320321,0.068354,0.068290,0.000000,1,0.023973,6.158136,12.390387,76.230006,-2.509713,72.284728,0.005797
7.108333,1.733333,1,-0.790107,1.544988,0.365243,-0.204693,-0.221336,0.117558,-0.946198,0.242065,-0.031251,0.075200,-0.104642,0.277883,0.795605,0.528057,-0.420412,-0.898406,0.126969,0.782093,-0.287874,0.552683,0.041963,-0.803231,1.366991,0.101854,0.131718,-0.130505,0.258549,-0.311383,0.054857,0.893196,-0.319737,0.066892,0.081309,0.000000,1,0.024221,6.209543,12.684884,76.155224,-2.535421,72.092243,0.005508
7.141667,1.766667,1,-0.790453,1.545106,0.364047,-0.208114,-0.221843,0.117783,-0.945305,0.242180,-0.031587,0.074001,-0.103569,0.281174,0.794722,0.527856,-0.421283,-0.897239,0.132223,0.780756,-0.284618,0.556249,0.037500,-0.803231,1.366991,0.101854,0.132042,-0.130215,0.257377,-0.313375,0.057677,0.892575,-0.319029,0.074039,0.077369,0.000000,1,0.024746,6.272775,12.948053,76.054143,-2.566621,71.901427,0.005232
7.175000,1.800000,1,-0.790979,1.545034,0.363053,-0.210327,-0.221529,0.118829,-0.944758,0.242555,-0.031955,0.073003,-0.102296,0.283019,0.793774,0.528543,-0.420355,-0.896992,0.136776,0.781185,-0.281084,0.557443,0.033828,-0.803231,1.366991,0.101854,0.132309,-0.129680,0.256421,-0.314074,0.059773,0.892629,-0.317801,0.070656,0.064692,0.000000,1,0.025100,6.336445,13.173672,75.926916,-2.598030,71.714931,0.004971
7.208333,1.833333,1,-0.791626,1.544817,0.362168,-0.211943,-0.220887,0.120288,-0.944362,0.243118,-0.032333,0.072116,-0.100995,0.284183,0.792776,0.529667,-0.418506,-0.897216,0.140912,0.782411,-0.277386,0.557575,0.033504,-0.803231,1.366991,0.101854,0.132526,-0.128971,0.255585,-0.314202,0.061474,0.893002,-0.316299,0.078580,0.063533,0.000000,1,0.024745,6.398050,13.379511,75.778797,-2.628205,71.527369,0.004722
7.241667,1.866667,1,-0.792378,1.544550,0.361297,-0.212845,-0.219918,0.121828,-0.944188,0.243786,-0.032764,0.071241,-0.099719,0.284562,0.791935,0.530961,-0.416272,-0.897726,0.144240,0.784221,-0.274209,0.556603,0.035459,-0.803231,1.366991,0.101854,0.132761,-0.128148,0.254771,-0.313716,0.062685,0.893600,-0.314852,0.099673,0.069538,0.000000,1,0.023875,6.467763,13.585369,75.614529,-2.661429,71.332412,0.004486
7.275000,1.900000,1,-0.793190,1.544230,0.360521,-0.213523,-0.219302,0.123317,-0.943985,0.244531,-0.033212,0.070461,-0.098859,0.284897,0.791091,0.532199,-0.413982,-0.898365,0.146831,0.785706,-0.271196,0.555984,0.035044,-0.803231,1.366991,0.101854,0.132986,-0.127252,0.254056,-0.313440,0.063538,0.894135,-0.313435,0.081184,0.059701,0.000000,1,0.023742,6.538978,13.772577,75.444585,-2.694597,71.143629,0.004262
7.308333,1.933333,1,-0.794016,1.543800,0.359907,-0.214870,-0.219199,0.124861,-0.943500,0.245372,-0.033608,0.069845,-0.098160,0.286061,0.789974,0.533362,-0.411780,-0.898843,0.150061,0.786525,-0.267389,0.556671,0.033454,-0.803231,1.366991,0.101854,0.133126,-0.126292,0.253506,-0.313919,0.064753,0.894447,-0.311811,0.088186,0.058191,0.000000,1,0.024028,6.597677,13.926303,75.272766,-2.721505,70.969277,0.004049
7.341667,1.966667,1,-0.794851,1.543236,0.359398,-0.215136,-0.218467,0.126587,-0.943379,0.246325,-0.033930,0.069334,-0.097378,0.285976,0.789096,0.534849,-0.408909,-0.899789,0.152227,0.788398,-0.264310,0.555489,0.033870,-0.803231,1.366991,0.101854,0.133159,-0.125253,0.253065,-0.313347,0.065285,0.895157,-0.310234,0.089844,0.076184,0.000000,1,0.023764,6.639843,14.059496,75.093009,-2.740491,70.800382,0.003846
7.375000,2.000000,1,-0.795673,1.542596,0.358920,-0.213366,-0.216898,0.128391,-0.943899,0.247331,-0.034196,0.068854,-0.096755,0.283692,0.788746,0.536691,-0.405202,-0.901523,0.151881,0.791729,-0.262962,0.551377,0.034375,-0.803231,1.366991,0.101854,0.133122,-0.124184,0.252653,-0.311112,0.064377,0.896445,-0.308952,0.086324,0.073944,0.000000,1,0.023268,6.669963,14.187341,74.908576,-2.753470,70.631960,0.003654
7.408333,2.033333,1,-0.796444,1.542059,0.358350,-0.213144,-0.216045,0.130067,-0.943916,0.248225,-0.034484,0.068283,-0.096083,0.283115,0.788010,0.538195,-0.402229,-0.902611,0.153314,0.793801,-0.260384,0.549618,0.032962,-0.803231,1.366991,0.101854,0.133141,-0.123210,0.252147,-0.310213,0.064529,0.897245,-0.307498,0.102643,0.080017,0.000000,1,0.022802,6.706769,14.332596,74.733479,-2.768338,70.461538,0.003471
7.441667,2.066667,1,-0.797203,1.541634,0.357647,-0.214872,-0.215934,0.131592,-0.943338,0.249022,-0.034827,0.067577,-0.095207,0.284618,0.786820,0.539299,-0.400185,-0.902857,0.157167,0.794467,-0.256299,0.550575,0.033561,-0.803231,1.366991,0.101854,0.133249,-0.122301,0.251503,-0.310858,0.066090,0.897476,-0.305837,0.117644,0.077087,0.000000,1,0.021880,6.756764,14.505193,74.561504,-2.788031,70.281764,0.003298
7.475000,2.100000,1,-0.797995,1.541200,0.356865,-0.215764,-0.215413,0.132956,-0.943062,0.249845,-0.035192,0.066792,-0.094336,0.285187,0.785968,0.540392,-0.398154,-0.903269,0.159935,0.795654,-0.253289,0.550253,0.035841,-0.803231,1.366991,0.101854,0.133370,-0.121355,0.250783,-0.310766,0.067093,0.897891,-0.304490,0.105236,0.084956,0.000000,1,0.020697,6.810155,14.695911,74.378843,-2.808609,70.089474,0.003133
7.508333,2.133333,1,-0.798842,1.540761,0.356025,-0.217330,-0.215202,0.134005,-0.942602,0.250707,-0.035596,0.065949,-0.093445,0.286498,0.785095,0.541122,-0.396909,-0.903208,0.163335,0.796121,-0.250211,0.550986,0.038119,-0.803231,1.366991,0.101854,0.133519,-0.120358,0.250010,-0.311262,0.068565,0.898007,-0.303314,0.103810,0.094099,0.000000,1,0.019599,6.870329,14.900517,74.185041,-2.831527,69.886346,0.002976
7.541667,2.166667,1,-0.799733,1.540307,0.355180,-0.220069,-0.215519,0.134799,-0.941781,0.251607,-0.036026,0.065101,-0.092504,0.289096,0.784018,0.541463,-0.396521,-0.902519,0.168020,0.795549,-0.246482,0.553488,0.039286,-0.803231,1.366991,0.101854,0.133682,-0.119316,0.249234,-0.312761,0.070850,0.897698,-0.302155,0.087739,0.110135,0.000000,1,0.018859,6.934454,15.107777,73.983875,-2.855519,69.679135,0.002827
7.575000,2.200000,1,-0.800613,1.539807,0.354334,-0.222035,-0.215351,0.135768,-0.941218,0.252536,-0.036420,0.064252,-0.091473,0.290785,0.783091,0.542075,-0.395574,-0.902186,0.171992,0.795790,-0.243197,0.554593,0.039576,-0.803231,1.366991,0.101854,0.133801,-0.118256,0.248457,-0.313478,0.072662,0.897695,-0.300992,0.103257,0.094348,0.000000,1,0.018218,6.990942,15.316004,73.778481,-2.875599,69.470064,0.002686
7.608333,2.233333,1,-0.801429,1.539288,0.353487,-0.223818,-0.215034,0.136847,-0.940712,0.253443,-0.036751,0.063403,-0.090389,0.292243,0.782164,0.542811,-0.394372,-0.901966,0.175867,0.796303,-0.239900,0.555292,0.038567,-0.803231,1.366991,0.101854,0.133868,-0.117237,0.247676,-0.313977,0.074375,0.897791,-0.299764,0.100827,0.106300,0.000000,1,0.017843,7.036041,15.523369,73.577297,-2.890110,69.264218,0.002552
7.641667,2.266667,1,-0.802181,1.538724,0.352737,-0.225354,-0.215112,0.137959,-0.940165,0.254347,-0.037005,0.062651,-0.089770,0.293657,0.781185,0.543559,-0.392969,-0.901964,0.178986,0.796518,-0.236618,0.556391,0.036080,-0.803231,1.366991,0.101854,0.133858,-0.116251,0.246988,-0.314712,0.075688,0.897850,-0.298486,0.107006,0.082386,0.000000,1,0.018038,7.066523,15.709258,73.384993,-2.897852,69.072580,0.002424
7.675000,2.300000,1,-0.802867,1.538080,0.352123,-0.225991,-0.215519,0.139030,-0.939761,0.255275,-0.037160,0.062037,-0.089847,0.294412,0.780349,0.544338,-0.391246,-0.902452,0.180297,0.796644,-0.234034,0.557303,0.033698,-0.803231,1.366991,0.101854,0.133743,-0.115281,0.246434,-0.315331,0.076049,0.897987,-0.297324,0.114985,0.075648,0.000000,1,0.018379,7.077695,15.865683,73.201304,-2.897055,68.898180,0.002303
7.708333,2.333333,1,-0.803505,1.537412,0.351591,-0.226380,-0.216008,0.139923,-0.939422,0.256192,-0.037262,0.061504,-0.090106,0.294981,0.779650,0.544988,-0.389738,-0.902960,0.181020,0.796641,-0.231948,0.558179,0.031978,-0.803231,1.366991,0.101854,0.133578,-0.114342,0.245957,-0.315914,0.076156,0.898094,-0.296355,0.086586,0.079345,0.000000,1,0.018531,7.079178,16.004187,73.026190,-2.891800,68.736203,0.002188
7.741667,2.366667,1,-0.804123,1.536844,0.351072,-0.228002,-0.216189,0.140751,-0.938864,0.257019,-0.037409,0.060985,-0.089542,0.296518,0.778789,0.545478,-0.388871,-0.902727,0.184019,0.796524,-0.229061,0.559536,0.029617,-0.803231,1.366991,0.101854,0.133482,-0.113477,0.245491,-0.316786,0.077505,0.898013,-0.295319,0.101426,0.067693,0.000000,1,0.018702,7.091130,16.137545,72.864448,-2.890361,68.584021,0.002078
7.775000,2.400000,1,-0.804729,1.536305,0.350621,-0.229331,-0.216260,0.141861,-0.938357,0.257814,-0.037564,0.060534,-0.089009,0.297743,0.777846,0.546243,-0.387391,-0.902790,0.186809,0.796783,-0.225935,0.560437,0.027830,-0.803231,1.366991,0.101854,0.133403,-0.112644,0.245091,-0.317420,0.078635,0.898101,-0.294066,0.126238,0.054414,0.000000,1,0.018952,7.105394,16.255667,72.712096,-2.889533,68.443606,0.001974
7.808333,2.433333,1,-0.805408,1.535705,0.350268,-0.229706,-0.216183,0.143373,-0.938054,0.258703,-0.037742,0.060180,-0.088766,0.298047,0.776901,0.547460,-0.384816,-0.903558,0.188414,0.797732,-0.222910,0.560298,0.029186,-0.803231,1.366991,0.101854,0.133313,-0.111721,0.244795,-0.317480,0.078973,0.898537,-0.292576,0.116555,0.055135,0.000000,1,0.018761,7.121583,16.355798,72.552612,-2.889480,68.307483,0.001876
7.841667,2.466667,1,-0.806173,1.535072,0.350004,-0.230196,-0.215951,0.144640,-0.937792,0.259668,-0.037969,0.059914,-0.088335,0.298386,0.776104,0.548476,-0.382743,-0.904064,0.190201,0.798633,-0.220280,0.560056,0.030805,-0.803231,1.366991,0.101854,0.133243,-0.110717,0.244594,-0.317463,0.079489,0.898904,-0.291325,0.120041,0.045679,0.000000,1,0.018553,7.145051,16.439834,72.387073,-2.892304,68.175434,0.001782
7.875000,2.500000,1,-0.806918,1.534468,0.349772,-0.231187,-0.215653,0.145605,-0.937468,0.260600,-0.038199,0.059682,-0.087621,0.299143,0.775387,0.549192,-0.381422,-0.904094,0.192693,0.799249,-0.217804,0.560145,0.029607,-0.803231,1.366991,0.101854,0.133185,-0.109746,0.244424,-0.317623,0.080490,0.899090,-0.290301,0.111741,0.051789,0.000000,1,0.018624,7.169578,16.516355,72.228792,-2.895157,68.050734,0.001693
7.908333,2.533333,1,-0.807571,1.533879,0.349523,-0.231556,-0.215448,0.146802,-0.937237,0.261463,-0.038363,0.059431,-0.087269,0.299385,0.774648,0.550158,-0.379421,-0.904611,0.194213,0.800103,-0.215390,0.559859,0.027424,-0.803231,1.366991,0.101854,0.133087,-0.108859,0.244229,-0.317577,0.080886,0.899448,-0.289128,0.102001,0.061203,0.000000,1,0.018589,7.183784,16.594659,72.080426,-2.893404,67.930836,0.001608
7.941667,2.566667,1,-0.808108,1.533273,0.349263,-0.231518,-0.215750,0.147960,-0.936995,0.262271,-0.038425,0.059172,-0.087551,0.299488,0.773914,0.551088,-0.377274,-0.905431,0.194575,0.800549,-0.213218,0.560053,0.025521,-0.803231,1.366991,0.101854,0.132908,-0.108054,0.244017,-0.317793,0.080691,0.899757,-0.287983,0.128379,0.057326,0.000000,1,0.018505,7.180221,16.672975,71.941709,-2.884188,67.816219,0.001528
7.975000,2.600000,1,-0.808581,1.532664,0.348967,-0.231547,-0.216139,0.148653,-0.936788,0.263042,-0.038434,0.058876,-0.087883,0.299690,0.773421,0.551617,-0.375990,-0.905941,0.194687,0.800590,-0.211808,0.560530,0.024781,-0.803231,1.366991,0.101854,0.132691,-0.107299,0.243764,-0.318131,0.080526,0.899882,-0.287263,0.145692,0.055033,0.000000,1,0.018140,7.167790,16.757772,71.806669,-2.871267,67.701274,0.001451
8.008333,2.633333,1,-0.809017,1.532093,0.348631,-0.231690,-0.216363,0.149062,-0.936636,0.263760,-0.038435,0.058541,-0.088018,0.299920,0.773103,0.551917,-0.375281,-0.906174,0.194967,0.800581,-0.210872,0.560896,0.023776,-0.803231,1.366991,0.101854,0.132484,-0.106593,0.243468,-0.318382,0.080543,0.899933,-0.286821,0.143611,0.053492,0.000000,1,0.017844,7.155287,16.849675,71.676478,-2.858188,67.586458,0.001379
8.041667,2.666667,1,-0.809353,1.531534,0.348306,-0.231884,-0.216987,0.149247,-0.936414,0.264409,-0.038364,0.058217,-0.088490,0.300373,0.772824,0.551986,-0.374963,-0.906336,0.194828,0.800016,-0.210176,0.561962,0.021862,-0.803231,1.366991,0.101854,0.132230,-0.105976,0.243177,-0.319015,0.080429,0.899810,-0.286536,0.126623,0.072041,0.000000,1,0.017907,7.131186,16.936776,71.558828,-2.840348,67.480380,0.001310
8.075000,2.700000,1,-0.809539,1.530925,0.348002,-0.232049,-0.217848,0.149397,-0.936150,0.265008,-0.038143,0.057916,-0.089187,0.300906,0.772523,0.552005,-0.374672,-0.906547,0.194406,0.799200,-0.209492,0.563376,0.021181,-0.803231,1.366991,0.101854,0.131846,-0.105453,0.242897,-0.319845,0.080183,0.899626,-0.286257,0.116053,0.084714,0.000000,1,0.017846,7.080664,17.016773,71.453472,-2.812010,67.383636,0.001244
8.108333,2.733333,1,-0.809527,1.530288,0.347736,-0.232145,-0.218649,0.149376,-0.935942,0.265510,-0.037748,0.057655,-0.089861,0.301350,0.772349,0.551897,-0.374669,-0.906674,0.193820,0.798355,-0.209195,0.564684,0.020705,-0.803231,1.366991,0.101854,0.131326,-0.105077,0.242643,-0.320596,0.079905,0.899415,-0.286159,0.112983,0.078678,0.000000,1,0.018055,7.000488,17.084292,71.369230,-2.771926,67.302860,0.001182
8.141667,2.766667,1,-0.809266,1.529645,0.347566,-0.231958,-0.219523,0.149040,-0.935838,0.265867,-0.037151,0.057490,-0.090728,0.301573,0.772406,0.551554,-0.375113,-0.906769,0.192509,0.797324,-0.209684,0.565956,0.021442,-0.803231,1.366991,0.101854,0.130654,-0.104908,0.242468,-0.321291,0.079349,0.899141,-0.286393,0.140174,0.084389,0.000000,1,0.018846,6.886457,17.125490,71.318299,-2.718481,67.249776,0.001123
8.175000,2.800000,1,-0.808833,1.528967,0.347416,-0.231719,-0.220236,0.148464,-0.935821,0.266148,-0.036395,0.057348,-0.091476,0.301677,0.772647,0.551035,-0.375985,-0.906704,0.191112,0.796319,-0.210703,0.566992,0.024555,-0.803231,1.366991,0.101854,0.129854,-0.104859,0.242303,-0.321827,0.078825,0.898838,-0.286886,0.141339,0.089221,0.000000,1,0.018849,6.744983,17.158557,71.283495,-2.654544,67.208332,0.001067
8.208333,2.833333,1,-0.808312,1.528196,0.347196,-0.232083,-0.220537,0.147350,-0.935836,0.266451,-0.035513,0.057137,-0.091588,0.302134,0.773160,0.550045,-0.378123,-0.905890,0.190751,0.795203,-0.212329,0.567952,0.028678,-0.803231,1.366991,0.101854,0.128929,-0.104823,0.242064,-0.322288,0.079037,0.898341,-0.287865,0.143277,0.092973,0.000000,1,0.017707,6.579820,17.206269,71.242377,-2.581903,67.157934,0.001014
8.241667,2.866667,1,-0.807701,1.527269,0.346991,-0.232071,-0.220846,0.146023,-0.935974,0.266823,-0.034466,0.056943,-0.091876,0.302259,0.773877,0.548921,-0.380490,-0.905134,0.189631,0.794053,-0.214652,0.568687,0.033859,-0.803231,1.366991,0.101854,0.127825,-0.104773,0.241837,-0.322592,0.078914,0.897846,-0.289100,0.122292,0.111385,0.000000,1,0.016833,6.382814,17.252252,71.194596,-2.497454,67.104782,0.000963
8.275000,2.900000,1,-0.807032,1.526183,0.346807,-0.229959,-0.220881,0.145395,-0.936585,0.267288,-0.033276,0.056770,-0.092851,0.300380,0.774693,0.548635,-0.380756,-0.905829,0.185736,0.794267,-0.217542,0.567288,0.038674,-0.803231,1.366991,0.101854,0.126556,-0.104679,0.241628,-0.321683,0.077025,0.898050,-0.289989,0.122910,0.134695,0.000000,1,0.015905,6.157864,17.296205,71.136514,-2.402799,67.047153,0.000915
8.308333,2.933333,1,-0.806491,1.525082,0.346481,-0.228591,-0.220335,0.145073,-0.937098,0.267842,-0.032178,0.056455,-0.092973,0.298909,0.775289,0.548576,-0.380841,-0.906191,0.183787,0.795029,-0.219435,0.565488,0.038090,-0.803231,1.366991,0.101854,0.125352,-0.104462,0.241288,-0.320590,0.076057,0.898339,-0.290558,0.116897,0.158463,0.000000,1,0.014340,5.948295,17.373930,71.051241,-2.314947,66.962626,0.000869
8.341667,2.966667,1,-0.806143,1.524016,0.345999,-0.230048,-0.220306,0.144506,-0.936836,0.268485,-0.031254,0.055983,-0.092301,0.300201,0.775314,0.547949,-0.382465,-0.905082,0.185866,0.794248,-0.219263,0.566652,0.036601,-0.803231,1.366991,0.101854,0.124292,-0.104099,0.240805,-0.321241,0.077384,0.897881,-0.290905,0.121032,0.115250,0.000000,1,0.012863,5.769484,17.489168,70.936535,-2.239800,66.848732,0.000826
8.375000,3.000000,1,-0.805862,1.522838,0.345420,-0.232124,-0.220958,0.143950,-0.936255,0.269257,-0.030316,0.055413,-0.091961,0.302352,0.775054,0.547191,-0.384250,-0.903814,0.188339,0.792596,-0.218330,0.569318,0.040263,-0.803231,1.366991,0.101854,0.123182,-0.103610,0.240231,-0.322771,0.078955,0.897143,-0.291066,0.110830,0.116662,0.000000,1,0.011073,5.586299,17.629764,70.794100,-2.163599,66.710859,0.000784
8.408333,3.033333,1,-0.805607,1.521479,0.344766,-0.232185,-0.221038,0.143760,-0.936251,0.270189,-0.029288,0.054770,-0.092006,0.302441,0.775135,0.547020,-0.384609,-0.903681,0.188248,0.792375,-0.218598,0.569523,0.045879,-0.803231,1.366991,0.101854,0.121941,-0.102991,0.239588,-0.322874,0.078977,0.897051,-0.291229,0.108932,0.117920,0.000000,1,0.009111,5.384737,17.791213,70.622352,-2.080933,66.549897,0.000745
8.441667,3.066667,1,-0.805439,1.520032,0.344025,-0.231498,-0.220629,0.143768,-0.936516,0.271245,-0.028276,0.054040,-0.091946,0.301643,0.775365,0.547145,-0.384357,-0.903943,0.187501,0.793004,-0.219289,0.568381,0.049046,-0.803231,1.366991,0.101854,0.120679,-0.102244,0.238864,-0.322202,0.078549,0.897284,-0.291370,0.102551,0.108030,0.000000,1,0.007604,5.184842,17.975901,70.423779,-1.999517,66.366470,0.000708
8.475000,3.100000,1,-0.805295,1.518602,0.343217,-0.231938,-0.220266,0.143586,-0.936521,0.272301,-0.027293,0.053243,-0.091426,0.301874,0.775451,0.546982,-0.384905,-0.903513,0.188447,0.793117,-0.219367,0.568193,0.049460,-0.803231,1.366991,0.101854,0.119447,-0.101483,0.238076,-0.322086,0.079110,0.897224,-0.291531,0.098481,0.132787,0.000000,1,0.006706,4.991305,18.175215,70.218241,-1.920921,66.174349,0.000672
8.508333,3.133333,1,-0.805070,1.517153,0.342357,-0.232789,-0.220671,0.143020,-0.936301,0.273324,-0.026233,0.052393,-0.091411,0.302816,0.775512,0.546377,-0.386232,-0.902805,0.189123,0.792082,-0.219548,0.569565,0.051000,-0.803231,1.366991,0.101854,0.118154,-0.100774,0.237230,-0.322844,0.079699,0.896779,-0.291902,0.128608,0.143261,0.000000,1,0.005630,4.785496,18.384447,70.013729,-1.837966,65.979416,0.000639
8.541667,3.166667,1,-0.804794,1.515642,0.341506,-0.232687,-0.222080,0.142502,-0.936072,0.274366,-0.025095,0.051554,-0.092721,0.303354,0.775540,0.545818,-0.386972,-0.902861,0.187334,0.790353,-0.220119,0.571743,0.052698,-0.803231,1.366991,0.101854,0.116780,-0.100071,0.236391,-0.324055,0.078980,0.896300,-0.292227,0.119869,0.136586,0.000000,1,0.004816,4.566065,18.592232,69.807074,-1.750284,65.784429,0.000607
8.575000,3.200000,1,-0.804518,1.514147,0.340760,-0.232526,-0.223400,0.142191,-0.935845,0.275393,-0.023968,0.050820,-0.093976,0.303799,0.775477,0.545445,-0.387317,-0.903059,0.185659,0.788860,-0.220392,0.573696,0.050774,-0.803231,1.366991,0.101854,0.115418,-0.099385,0.235657,-0.325154,0.078244,0.895920,-0.292371,0.118839,0.123634,0.000000,1,0.004906,4.349798,18.777546,69.609511,-1.664221,65.603358,0.000576
8.608333,3.233333,1,-0.804277,1.512741,0.340140,-0.233321,-0.223780,0.141815,-0.935613,0.276373,-0.022924,0.050211,-0.093963,0.304682,0.775442,0.545005,-0.388281,-0.902497,0.186380,0.787981,-0.220278,0.574946,0.046684,-0.803231,1.366991,0.101854,0.114145,-0.098729,0.235048,-0.325860,0.078791,0.895550,-0.292570,0.109535,0.123844,0.000000,1,0.005522,4.150071,18.935773,69.426992,-1.584747,65.441045,0.000548
8.641667,3.266667,1,-0.804084,1.511358,0.339574,-0.233855,-0.223705,0.141559,-0.935537,0.277361,-0.021931,0.049655,-0.093659,0.305125,0.775490,0.544741,-0.388971,-0.902037,0.187165,0.787726,-0.220313,0.575283,0.045208,-0.803231,1.366991,0.101854,0.112917,-0.098051,0.234497,-0.326043,0.079307,0.895379,-0.292750,0.119928,0.113632,0.000000,1,0.005517,3.960431,19.083227,69.246037,-1.509472,65.284183,0.000520
8.675000,3.300000,1,-0.803917,1.509982,0.338985,-0.233318,-0.223624,0.141601,-0.935684,0.278360,-0.020965,0.049077,-0.093825,0.304608,0.775600,0.544845,-0.388683,-0.902323,0.186386,0.788003,-0.220717,0.574749,0.045166,-0.803231,1.366991,0.101854,0.111712,-0.097354,0.233924,-0.325727,0.078863,0.895519,-0.292795,0.096297,0.102905,0.000000,1,0.004971,3.776278,19.236233,69.060528,-1.436665,65.123390,0.000494
8.708333,3.333333,1,-0.803745,1.508709,0.338329,-0.232989,-0.223296,0.141645,-0.935837,0.279275,-0.020055,0.048431,-0.093678,0.304167,0.775715,0.544952,-0.388504,-0.902443,0.186177,0.788467,-0.221020,0.573994,0.043278,-0.803231,1.366991,0.101854,0.110588,-0.096716,0.233283,-0.325288,0.078717,0.895676,-0.292843,0.096234,0.104658,0.000000,1,0.004542,3.604196,19.400964,68.880911,-1.368642,64.961837,0.000470
8.741667,3.366667,1,-0.803568,1.507579,0.337636,-0.233778,-0.223296,0.141275,-0.935697,0.280071,-0.019227,0.047746,-0.093328,0.304873,0.775758,0.544556,-0.389496,-0.901795,0.187240,0.787982,-0.221022,0.574660,0.040127,-0.803231,1.366991,0.101854,0.109579,-0.096163,0.232601,-0.325655,0.079430,0.895399,-0.293087,0.074671,0.095643,0.000000,1,0.004482,3.448783,19.570120,68.714371,-1.307017,64.806029,0.000446
8.775000,3.400000,1,-0.803436,1.506513,0.336803,-0.235224,-0.223264,0.141005,-0.935383,0.280844,-0.018472,0.046921,-0.092656,0.306153,0.775604,0.544172,-0.390583,-0.900858,0.189472,0.787391,-0.220294,0.575749,0.040778,-0.803231,1.366991,0.101854,0.108652,-0.095602,0.231781,-0.326288,0.080742,0.895032,-0.293147,0.065011,0.083256,0.000000,1,0.003713,3.307251,19.767920,68.538793,-1.250828,64.635473,0.000424
8.808333,3.433333,1,-0.803347,1.505437,0.335823,-0.235923,-0.222705,0.141269,-0.935300,0.281650,-0.017744,0.045948,-0.091842,0.306530,0.775415,0.544368,-0.390458,-0.900526,0.191298,0.787917,-0.219406,0.575368,0.043742,-0.803231,1.366991,0.101854,0.107745,-0.094990,0.230817,-0.326105,0.081615,0.895110,-0.292871,0.052249,0.075244,0.000000,1,0.003356,3.170839,19.998082,68.344997,-1.196887,64.444088,0.000403
8.841667,3.466667,1,-0.803302,1.504403,0.334797,-0.236536,-0.222045,0.141624,-0.935248,0.282450,-0.017077,0.044930,-0.090977,0.306786,0.775212,0.544658,-0.390141,-0.900272,0.193134,0.788630,-0.218460,0.574751,0.043705,-0.803231,1.366991,0.101854,0.106898,-0.094363,0.229811,-0.325792,0.082455,0.895258,-0.292532,0.070564,0.068159,0.000000,1,0.003677,3.045728,20.237957,68.146886,-1.147357,64.247609,0.000382
8.875000,3.500000,1,-0.803339,1.503444,0.333744,-0.238309,-0.222006,0.141620,-0.934808,0.283240,-0.016518,0.043883,-0.090152,0.308357,0.774827,0.544455,-0.390882,-0.899316,0.196068,0.788120,-0.216969,0.576014,0.042745,-0.803231,1.366991,0.101854,0.106160,-0.093711,0.228781,-0.326560,0.084057,0.894908,-0.292289,0.086786,0.092648,0.000000,1,0.004204,2.940616,20.483605,67.946165,-1.105326,64.048454,0.000363
8.908333,3.533333,1,-0.803506,1.502567,0.332648,-0.240576,-0.222027,0.141651,-0.934217,0.284041,-0.016114,0.042791,-0.089159,0.310398,0.774295,0.544216,-0.391759,-0.898117,0.199775,0.787418,-0.214965,0.577723,0.042415,-0.803231,1.366991,0.101854,0.105566,-0.092998,0.227715,-0.327603,0.086073,0.894451,-0.291933,0.113835,0.068826,0.000000,1,0.005045,2.863315,20.739581,67.737669,-1.073540,63.842345,0.000345
8.941667,3.566667,1,-0.803708,1.501740,0.331553,-0.241808,-0.221527,0.142152,-0.933942,0.284825,-0.015767,0.041700,-0.088161,0.311279,0.773830,0.544536,-0.391415,-0.897643,0.202562,0.787872,-0.213171,0.577768,0.041617,-0.803231,1.366991,0.101854,0.105032,-0.092285,0.226651,-0.327707,0.087390,0.894478,-0.291344,0.128284,0.086865,0.000000,1,0.005488,2.796639,20.994755,67.530757,-1.045710,63.638157,0.000328
8.975000,3.600000,1,-0.803895,1.500860,0.330454,-0.241898,-0.221229,0.142828,-0.933886,0.285642,-0.015376,0.040606,-0.087851,0.311228,0.773478,0.545116,-0.390262,-0.897954,0.203408,0.788587,-0.211973,0.577234,0.042599,-0.803231,1.366991,0.101854,0.104447,-0.091553,0.225584,-0.327466,0.087591,0.894748,-0.290722,0.110900,0.069922,0.000000,1,0.006093,2.722145,21.251584,67.318276,-1.015283,63.431204,0.000312
9.008333,3.633333,1,-0.804155,1.500019,0.329369,-0.242292,-0.221211,0.143154,-0.933738,0.286471,-0.015068,0.039525,-0.087659,0.311573,0.773202,0.545340,-0.389840,-0.897941,0.204272,0.788693,-0.211052,0.577426,0.041925,-0.803231,1.366991,0.101854,0.103935,-0.090786,0.224535,-0.327620,0.087944,0.894776,-0.290356,0.085122,0.049800,0.000000,1,0.006690,2.662330,21.506490,67.103445,-0.990224,63.224562,0.000296
9.041667,3.666667,1,-0.804424,1.499268,0.328397,-0.243177,-0.221298,0.143131,-0.933491,0.287233,-0.014822,0.038556,-0.087341,0.312405,0.772995,0.545209,-0.390238,-0.897460,0.205624,0.788316,-0.210300,0.578214,0.037706,-0.803231,1.366991,0.101854,0.103500,-0.090070,0.223597,-0.328097,0.088696,0.894565,-0.290238,0.077892,0.067872,0.000000,1,0.006308,2.614421,21.735675,66.907104,-0.969426,63.037531,0.000281
9.075000,3.700000,1,-0.804695,1.498529,0.327537,-0.243813,-0.221561,0.143558,-0.933197,0.287987,-0.014585,0.037699,-0.087291,0.313094,0.772545,0.545460,-0.389708,-0.897445,0.206688,0.788124,-0.208891,0.578987,0.034975,-0.803231,1.366991,0.101854,0.103072,-0.089368,0.222771,-0.328605,0.089137,0.894509,-0.289702,0.084367,0.051921,0.000000,1,0.006112,2.568219,21.941236,66.721036,-0.949329,62.864917,0.000267
9.108333,3.733333,1,-0.805052,1.497770,0.326715,-0.243703,-0.221298,0.144661,-0.933118,0.288809,-0.014405,0.036880,-0.087101,0.312880,0.771981,0.546411,-0.387698,-0.898142,0.207442,0.789133,-0.207083,0.578261,0.035230,-0.803231,1.366991,0.101854,0.102677,-0.088586,0.221989,-0.328294,0.089133,0.894949,-0.288696,0.070511,0.069473,0.000000,1,0.006661,2.531743,22.141505,66.527097,-0.932786,62.690729,0.000254
9.141667,3.766667,1,-0.805466,1.497062,0.325945,-0.243412,-0.220890,0.145731,-0.933124,0.289625,-0.014302,0.036111,-0.086861,0.312440,0.771507,0.547370,-0.385683,-0.898877,0.208013,0.790322,-0.205536,0.577189,0.033763,-0.803231,1.366991,0.101854,0.102356,-0.087790,0.221261,-0.327773,0.089036,0.895449,-0.287765,0.048620,0.053896,0.000000,1,0.006845,2.509029,22.331265,66.337342,-0.921099,62.523075,0.000241
9.175000,3.800000,1,-0.805868,1.496478,0.325188,-0.243930,-0.220698,0.146412,-0.932928,0.290334,-0.014264,0.035356,-0.086455,0.312820,0.771029,0.547890,-0.384685,-0.898968,0.209463,0.790788,-0.203921,0.577122,0.031109,-0.803231,1.366991,0.101854,0.102128,-0.087077,0.220544,-0.327819,0.089571,0.895604,-0.287062,0.082863,0.049221,0.000000,1,0.006783,2.498561,22.514584,66.164087,-0.913634,62.366872,0.000229
9.208333,3.833333,1,-0.806198,1.496011,0.324329,-0.245807,-0.220470,0.146554,-0.932467,0.290906,-0.014240,0.034497,-0.085413,0.314400,0.770562,0.547807,-0.385225,-0.897945,0.212829,0.790530,-0.202121,0.578108,0.030975,-0.803231,1.366991,0.101854,0.101958,-0.086483,0.219716,-0.328463,0.091350,0.895310,-0.286683,0.105720,0.052435,0.000000,1,0.007232,2.491584,22.714080,66.002423,-0.907358,62.211583,0.000218
9.241667,3.866667,1,-0.806351,1.495568,0.323454,-0.247840,-0.220424,0.146018,-0.932023,0.291353,-0.014086,0.033624,-0.084469,0.316200,0.770413,0.547125,-0.387038,-0.896443,0.215851,0.789607,-0.201343,0.579639,0.029781,-0.803231,1.366991,0.101854,0.101704,-0.086046,0.218862,-0.329358,0.093199,0.894719,-0.286906,0.103862,0.082580,0.000000,1,0.007095,2.462956,22.911537,65.859146,-0.893672,62.067008,0.000207
9.275000,3.900000,1,-0.806251,1.495036,0.322674,-0.248670,-0.220850,0.145189,-0.931831,0.291718,-0.013679,0.032848,-0.084483,0.317133,0.770615,0.546298,-0.388843,-0.895556,0.216290,0.788386,-0.201971,0.581081,0.028468,-0.803231,1.366991,0.101854,0.101230,-0.085770,0.218087,-0.330132,0.093766,0.894176,-0.287523,0.088734,0.092676,0.000000,1,0.006283,2.390442,23.085287,65.738330,-0.865092,61.942640,0.000196
9.308333,3.933333,1,-0.805960,1.494376,0.321983,-0.248552,-0.221402,0.144724,-0.931804,0.292071,-0.013043,0.032163,-0.085032,0.317272,0.770799,0.545873,-0.389586,-0.895472,0.215296,0.787560,-0.202723,0.581939,0.029966,-0.803231,1.366991,0.101854,0.100539,-0.085581,0.217391,-0.330578,0.093420,0.893922,-0.287913,0.115350,0.079821,0.000000,1,0.005794,2.277857,23.239205,65.628631,-0.823075,61.831149,0.000187
9.341667,3.966667,1,-0.805618,1.493623,0.321324,-0.248694,-0.221785,0.144560,-0.931700,0.292467,-0.012311,0.031512,-0.085312,0.317571,0.770781,0.545681,-0.389909,-0.895386,0.215071,0.787015,-0.202762,0.582662,0.031715,-0.803231,1.366991,0.101854,0.099742,-0.085382,0.216726,-0.330985,0.093377,0.893749,-0.287998,0.100861,0.083026,0.000000,1,0.006000,2.148045,23.387520,65.515493,-0.775497,61.720083,0.000177
9.375000,4.000000,1,-0.805319,1.492823,0.320647,-0.249087,-0.221934,0.144276,-0.931604,0.292927,-0.011583,0.030842,-0.085272,0.317988,0.770823,0.545384,-0.390571,-0.895020,0.215392,0.786558,-0.202880,0.583237,0.032719,-0.803231,1.366991,0.101854,0.098932,-0.085120,0.216045,-0.331301,0.093666,0.893538,-0.288193,0.100530,0.079044,0.000000,1,0.006733,2.018878,23.542214,65.390476,-0.728451,61.600993,0.000168
9.408333,4.033333,1,-0.805014,1.491997,0.319928,-0.248918,-0.222160,0.143760,-0.931675,0.293404,-0.010836,0.030131,-0.085551,0.317938,0.771117,0.544955,-0.391410,-0.894847,0.214583,0.786048,-0.203880,0.583577,0.034109,-0.803231,1.366991,0.101854,0.098098,-0.084844,0.215323,-0.331439,0.093424,0.893355,-0.288682,0.092680,0.070216,0.000000,1,0.007490,1.886323,23.706142,65.258654,-0.680548,61.475563,0.000160
9.441667,4.066667,1,-0.804640,1.491260,0.319168,-0.248784,-0.222140,0.143172,-0.931806,0.293768,-0.010087,0.029379,-0.085596,0.317807,0.771496,0.544487,-0.392414,-0.894545,0.214009,0.785733,-0.205065,0.583585,0.033663,-0.803231,1.366991,0.101854,0.097298,-0.084674,0.214555,-0.331376,0.093326,0.893199,-0.289268,0.102117,0.087599,0.000000,1,0.007699,1.754381,23.874347,65.139820,-0.633076,61.355822,0.000152
9.475000,4.100000,1,-0.804212,1.490635,0.318406,-0.248857,-0.221737,0.142837,-0.931934,0.294011,-0.009361,0.028623,-0.085204,0.317691,0.771759,0.544243,-0.393080,-0.894186,0.214288,0.785912,-0.205745,0.583105,0.032251,-0.803231,1.366991,0.101854,0.096557,-0.084612,0.213778,-0.331063,0.093581,0.893170,-0.289632,0.095525,0.071942,0.000000,1,0.007624,1.627277,24.038758,65.038425,-0.587440,61.246828,0.000144
9.508333,4.133333,1,-0.803786,1.490070,0.317704,-0.249219,-0.221528,0.142406,-0.931953,0.294206,-0.008674,0.027929,-0.084857,0.317921,0.771970,0.543864,-0.394023,-0.893649,0.214797,0.785737,-0.206277,0.583152,0.029890,-0.803231,1.366991,0.101854,0.095866,-0.084587,0.213060,-0.331054,0.094009,0.893003,-0.290019,0.082194,0.054685,0.000000,1,0.007345,1.507187,24.189065,64.948924,-0.544378,61.149154,0.000137
9.541667,4.166667,1,-0.803386,1.489500,0.317088,-0.249211,-0.221431,0.141777,-0.932074,0.294421,-0.008007,0.027319,-0.084777,0.317869,0.772358,0.543355,-0.395157,-0.893225,0.214476,0.785434,-0.207449,0.583146,0.027877,-0.803231,1.366991,0.101854,0.095185,-0.084544,0.212430,-0.330983,0.094059,0.892824,-0.290635,0.085943,0.056131,0.000000,1,0.007104,1.390378,24.322564,64.863593,-0.502647,61.059632,0.000130
9.575000,4.200000,1,-0.803008,1.488994,0.316487,-0.248900,-0.220883,0.141437,-0.932338,0.294599,-0.007394,0.026724,-0.084426,0.317345,0.772745,0.543166,-0.395685,-0.893043,0.214262,0.785874,-0.208525,0.582168,0.026174,-0.803231,1.366991,0.101854,0.094567,-0.084520,0.211815,-0.330368,0.094037,0.892909,-0.291080,0.057132,0.060133,0.000000,1,0.007142,1.283369,24.451753,64.784680,-0.464393,60.975170,0.000124
9.608333,4.233333,1,-0.802591,1.488570,0.315870,-0.249305,-0.220225,0.141017,-0.932450,0.294687,-0.006800,0.026112,-0.083658,0.317412,0.773033,0.542836,-0.396660,-0.892369,0.215265,0.786152,-0.209156,0.581565,0.025718,-0.803231,1.366991,0.101854,0.093994,-0.084575,0.211179,-0.329982,0.094706,0.892841,-0.291509,0.059744,0.073782,0.000000,1,0.007239,1.179940,24.581002,64.717495,-0.427511,60.897011,0.000118
9.641667,4.266667,1,-0.802122,1.488167,0.315311,-0.250213,-0.220226,0.140155,-0.932336,0.294727,-0.006178,0.025559,-0.083258,0.318224,0.773320,0.542013,-0.398579,-0.891289,0.216193,0.785310,-0.209910,0.582431,0.024983,-0.803231,1.366991,0.101854,0.093408,-0.084688,0.210598,-0.330417,0.095536,0.892366,-0.292199,0.046673,0.088579,0.000000,1,0.006969,1.071922,24.696516,64.662618,-0.389280,60.830064,0.000112
9.675000,4.300000,1,-0.801663,1.487739,0.314893,-0.250563,-0.220474,0.139396,-0.932297,0.294793,-0.005550,0.025147,-0.083328,0.318647,0.773625,0.541318,-0.400064,-0.890658,0.216050,0.784450,-0.210879,0.583240,0.022625,-0.803231,1.366991,0.101854,0.092803,-0.084787,0.210159,-0.330815,0.095753,0.891985,-0.292840,0.045952,0.083057,0.000000,1,0.006325,0.962533,24.784025,64.616296,-0.350781,60.777133,0.000106
9.708333,4.333333,1,-0.801295,1.487300,0.314618,-0.250378,-0.220514,0.138988,-0.932398,0.294923,-0.004989,0.024878,-0.083448,0.318498,0.773897,0.540998,-0.400716,-0.890509,0.215454,0.784197,-0.211761,0.583260,0.019083,-0.803231,1.366991,0.101854,0.092238,-0.084816,0.209868,-0.330778,0.095578,0.891882,-0.293253,0.047900,0.086577,0.000000,1,0.005740,0.864501,24.844431,64.572953,-0.316236,60.734978,0.000101
9.741667,4.366667,1,-0.801016,1.486833,0.314468,-0.249670,-0.220338,0.138831,-0.932653,0.295127,-0.004484,0.024733,-0.083606,0.317785,0.774192,0.540971,-0.400721,-0.890768,0.214371,0.784494,-0.212727,0.582509,0.016920,-0.803231,1.366991,0.101854,0.091700,-0.084764,0.209710,-0.330307,0.095029,0.892024,-0.293531,0.071931,0.060978,0.000000,1,0.005315,0.776167,24.881926,64.529179,-0.285081,60.700374,0.000096
9.775000,4.400000,1,-0.800749,1.486324,0.314409,-0.248518,-0.219979,0.138694,-0.933066,0.295373,-0.003964,0.024679,-0.083799,0.316591,0.774617,0.541033,-0.400522,-0.891246,0.212749,0.785127,-0.214107,0.581149,0.017334,-0.803231,1.366991,0.101854,0.091131,-0.084684,0.209642,-0.329473,0.094164,0.892309,-0.293880,0.094761,0.046691,0.000000,1,0.004997,0.685245,24.902286,64.487334,-0.253227,60.672567,0.000091
9.808333,4.433333,1,-0.800431,1.485794,0.314338,-0.247912,-0.219324,0.138300,-0.933439,0.295606,-0.003390,0.024614,-0.083484,0.315755,0.775123,0.540846,-0.401033,-0.891165,0.212128,0.785722,-0.215570,0.579802,0.018666,-0.803231,1.366991,0.101854,0.090517,-0.084632,0.209561,-0.328632,0.093928,0.892462,-0.294431,0.117548,0.074775,0.000000,1,0.005088,0.585121,24.924326,64.446597,-0.218482,60.644798,0.000086
9.841667,4.466667,1,-0.800011,1.485244,0.314220,-0.248145,-0.218795,0.137762,-0.933582,0.295792,-0.002722,0.024503,-0.082908,0.315725,0.775490,0.540424,-0.402136,-0.890540,0.212662,0.785835,-0.216519,0.579295,0.021063,-0.803231,1.366991,0.101854,0.089828,-0.084648,0.209426,-0.328285,0.094388,0.892360,-0.294981,0.148089,0.056317,0.000000,1,0.005359,0.468753,24.954177,64.408604,-0.178520,60.615864,0.000082
9.875000,4.500000,1,-0.799540,1.484649,0.314046,-0.248577,-0.219058,0.137124,-0.933499,0.295985,-0.001987,0.024336,-0.082954,0.316229,0.775703,0.539817,-0.403433,-0.889941,0.212715,0.785010,-0.217194,0.580160,0.023351,-0.803231,1.366991,0.101854,0.089074,-0.084676,0.209232,-0.328730,0.094669,0.891997,-0.295492,0.138612,0.066820,0.000000,1,0.005858,0.340579,24.995685,64.364474,-0.134825,60.579876,0.000078
9.908333,4.533333,1,-0.799169,1.484084,0.313763,-0.249388,-0.219819,0.136577,-0.933184,0.296213,-0.001348,0.024059,-0.083276,0.317295,0.775670,0.539189,-0.404681,-0.889312,0.212973,0.783619,-0.217199,0.582036,0.021969,-0.803231,1.366991,0.101854,0.088406,-0.084634,0.208936,-0.329783,0.095061,0.891466,-0.295795,0.137621,0.064606,0.000000,1,0.006723,0.229287,25.061254,64.304495,-0.096865,60.527687,0.000074
9.941667,4.566667,1,-0.798941,1.483621,0.313401,-0.250149,-0.220474,0.136204,-0.932880,0.296446,-0.000884,0.023702,-0.083525,0.318269,0.775569,0.538721,-0.405606,-0.888798,0.213357,0.782464,-0.216969,0.583673,0.018922,-0.803231,1.366991,0.101854,0.087904,-0.084529,0.208569,-0.330715,0.095452,0.891027,-0.295952,0.153228,0.077672,0.000000,1,0.007346,0.148359,25.143725,64.235884,-0.069055,60.465493,0.000070
9.975000,4.600000,1,-0.798824,1.483321,0.313016,-0.250804,-0.220448,0.136004,-0.932740,0.296615,-0.000606,0.023320,-0.083211,0.318843,0.775536,0.538478,-0.406234,-0.888281,0.214314,0.782156,-0.216760,0.584164,0.015057,-0.803231,1.366991,0.101854,0.087600,-0.084426,0.208182,-0.330994,0.096053,0.890826,-0.296049,0.146502,0.068974,0.000000,1,0.007398,0.100050,25.229153,64.174394,-0.052088,60.406160,0.000067
10.008333,4.633333,1,-0.798753,1.483141,0.312681,-0.251330,-0.220035,0.135832,-0.932720,0.296716,-0.000438,0.022986,-0.082607,0.319130,0.775597,0.538314,-0.406789,-0.887754,0.215444,0.782304,-0.216749,0.583969,0.011620,-0.803231,1.366991,0.101854,0.087420,-0.084358,0.207846,-0.330872,0.096715,0.890753,-0.296189,0.147821,0.077458,0.000000,1,0.006988,0.071000,25.302246,64.127473,-0.041532,60.358624,0.000064
10.041667,4.666667,1,-0.798663,1.482985,0.312411,-0.251548,-0.219595,0.135519,-0.932811,0.296787,-0.000269,0.022718,-0.082118,0.319127,0.775818,0.538071,-0.407472,-0.887303,0.216009,0.782479,-0.217274,0.583540,0.009723,-0.803231,1.366991,0.101854,0.087247,-0.084324,0.207574,-0.330592,0.097115,0.890706,-0.296514,0.147655,0.084685,0.000000,1,0.006594,0.041953,25.360548,64.091325,-0.031047,60.321673,0.000060
10.075000,4.700000,1,-0.798459,1.482774,0.312144,-0.251131,-0.218913,0.135177,-0.933133,0.296833,0.000024,0.022454,-0.081695,0.318448,0.776256,0.537907,-0.407964,-0.887138,0.215759,0.783076,-0.218494,0.582283,0.011924,-0.803231,1.366991,0.101854,0.086963,-0.084351,0.207298,-0.329811,0.097060,0.890842,-0.296992,0.154401,0.082700,0.000000,1,0.006651,-0.008774,25.417136,64.059305,-0.013529,60.287471,0.000057
10.108333,4.733333,1,-0.798031,1.482452,0.311824,-0.250318,-0.218243,0.134945,-0.933542,0.296833,0.000562,0.022139,-0.081458,0.317419,0.776721,0.537880,-0.408100,-0.887278,0.214926,0.783852,-0.219861,0.580721,0.018709,-0.803231,1.366991,0.101854,0.086461,-0.084493,0.206957,-0.328858,0.096642,0.891096,-0.297422,0.157170,0.076446,0.000000,1,0.007166,-0.102196,25.482277,64.029717,0.017887,60.251721,0.000054
10.141667,4.766667,1,-0.797421,1.482019,0.311549,-0.249509,-0.218024,0.134784,-0.933833,0.296812,0.001312,0.021871,-0.081623,0.316596,0.777049,0.537866,-0.408075,-0.887579,0.213722,0.784214,-0.220934,0.579825,0.023915,-0.803231,1.366991,0.101854,0.085761,-0.084722,0.206650,-0.328303,0.096021,0.891267,-0.297724,0.185933,0.086263,0.000000,1,0.007270,-0.232652,25.537274,64.007148,0.061322,60.223028,0.000052
10.175000,4.800000,1,-0.796815,1.481491,0.311385,-0.249168,-0.218192,0.134499,-0.933926,0.296869,0.002116,0.021714,-0.081927,0.316365,0.777258,0.537653,-0.408434,-0.887629,0.212832,0.783953,-0.221685,0.579891,0.024615,-0.803231,1.366991,0.101854,0.084984,-0.084899,0.206456,-0.328305,0.095646,0.891206,-0.298024,0.219493,0.105084,0.000000,1,0.006954,-0.372468,25.572237,63.982586,0.107714,60.199972,0.000049
10.208333,4.833333,1,-0.796323,1.480855,0.311279,-0.249131,-0.218239,0.134108,-0.933981,0.297081,0.002892,0.021616,-0.081987,0.316352,0.777481,0.537329,-0.409112,-0.887400,0.212483,0.783653,-0.222399,0.580024,0.024305,-0.803231,1.366991,0.101854,0.084184,-0.084926,0.206330,-0.328341,0.095600,0.891074,-0.298396,0.224931,0.119393,0.000000,1,0.007025,-0.507315,25.600902,63.939659,0.152374,60.169483,0.000047
10.241667,4.866667,1,-0.795893,1.480107,0.311184,-0.248760,-0.217888,0.133765,-0.934211,0.297420,0.003687,0.021530,-0.081840,0.315862,0.777838,0.537124,-0.409601,-0.887290,0.211997,0.783890,-0.223459,0.579295,0.026062,-0.803231,1.366991,0.101854,0.083327,-0.084838,0.206222,-0.327873,0.095435,0.891121,-0.298823,0.193422,0.157929,0.000000,1,0.007515,-0.645106,25.632007,63.877996,0.197871,60.128507,0.000044
10.275000,4.900000,1,-0.795452,1.479315,0.311088,-0.248425,-0.218395,0.133453,-0.934226,0.297788,0.004516,0.021442,-0.082444,0.315787,0.777990,0.536854,-0.409982,-0.887404,0.210783,0.783265,-0.224132,0.579880,0.027328,-0.803231,1.366991,0.101854,0.082429,-0.084733,0.206112,-0.328176,0.094913,0.890971,-0.299104,0.152845,0.164395,0.000000,1,0.007845,-0.788441,25.664635,63.811382,0.245014,60.084549,0.000042
10.308333,4.933333,1,-0.795059,1.478549,0.310924,-0.248795,-0.219257,0.133042,-0.933985,0.298162,0.005293,0.021286,-0.083053,0.316504,0.777961,0.536381,-0.410795,-0.887140,0.210309,0.781994,-0.224241,0.581551,0.026303,-0.803231,1.366991,0.101854,0.081580,-0.084601,0.205936,-0.329115,0.094861,0.890554,-0.299329,0.111955,0.192344,0.000000,1,0.008460,-0.922516,25.711745,63.736990,0.288973,60.031859,0.000040
10.341667,4.966667,1,-0.794798,1.477808,0.310583,-0.249465,-0.219321,0.132686,-0.933842,0.298597,0.005950,0.020951,-0.082813,0.317131,0.777995,0.535998,-0.411696,-0.886532,0.211107,0.781482,-0.224268,0.582228,0.025682,-0.803231,1.366991,0.101854,0.080832,-0.084363,0.205593,-0.329484,0.095439,0.890278,-0.299561,0.073556,0.198292,0.000000,1,0.010051,-1.035436,25.797621,63.636979,0.325911,59.953170,0.000038
10.375000,5.000000,1,-0.794659,1.477073,0.310138,-0.249743,-0.218607,0.132803,-0.933918,0.299101,0.006508,0.020512,-0.082049,0.317062,0.778011,0.536133,-0.411659,-0.886264,0.212305,0.782205,-0.224066,0.581334,0.026118,-0.803231,1.366991,0.101854,0.080162,-0.084023,0.205154,-0.328977,0.096009,0.890424,-0.299502,0.074195,0.209297,0.000000,1,0.011338,-1.130631,25.907784,63.516492,0.356955,59.856030,0.000036
10.408333,5.033333,1,-0.794506,1.476357,0.309651,-0.250357,-0.217771,0.132941,-0.933929,0.299582,0.007065,0.020030,-0.081026,0.317238,0.777961,0.536257,-0.411726,-0.885783,0.214173,0.782965,-0.223576,0.580499,0.026397,-0.803231,1.366991,0.101854,0.079500,-0.083702,0.204671,-0.328514,0.096935,0.890533,-0.299388,0.105771,0.239836,0.000000,1,0.011893,-1.225649,26.026112,63.395137,0.387764,59.756034,0.000034
10.441667,5.066667,1,-0.794221,1.475633,0.309127,-0.250959,-0.217816,0.132878,-0.933766,0.299989,0.007734,0.019514,-0.080799,0.317798,0.777846,0.536127,-0.412079,-0.885403,0.215062,0.782693,-0.223145,0.581032,0.028131,-0.803231,1.366991,0.101854,0.078757,-0.083483,0.204143,-0.328828,0.097454,0.890372,-0.299354,0.113368,0.235491,0.000000,1,0.012314,-1.339830,26.149047,63.281031,0.424554,59.658614,0.000033
10.475000,5.100000,1,-0.793876,1.474890,0.308594,-0.251385,-0.218650,0.132701,-0.933482,0.300376,0.008461,0.018988,-0.081356,0.318552,0.777673,0.535845,-0.412503,-0.885257,0.214852,0.781592,-0.222789,0.582648,0.029326,-0.803231,1.366991,0.101854,0.077963,-0.083299,0.203602,-0.329761,0.097460,0.890028,-0.299350,0.108139,0.215944,0.000000,1,0.012745,-1.464122,26.273280,63.168436,0.464405,59.561851,0.000031
10.508333,5.133333,1,-0.793604,1.474131,0.308049,-0.251335,-0.219266,0.132312,-0.933406,0.300818,0.009140,0.018450,-0.081932,0.318782,0.777780,0.535465,-0.413128,-0.885186,0.213944,0.780712,-0.223310,0.583628,0.029179,-0.803231,1.366991,0.101854,0.077200,-0.083048,0.203055,-0.330292,0.097144,0.889765,-0.299647,0.108483,0.229910,0.000000,1,0.013377,-1.579658,26.402044,63.046045,0.501284,59.458779,0.000029
10.541667,5.166667,1,-0.793434,1.473301,0.307453,-0.250596,-0.219925,0.132056,-0.933486,0.301380,0.009781,0.017860,-0.082852,0.318414,0.777963,0.535277,-0.413229,-0.885614,0.211968,0.780089,-0.224183,0.584126,0.031089,-0.803231,1.366991,0.101854,0.076437,-0.082668,0.202465,-0.330545,0.096190,0.889685,-0.299914,0.099654,0.227709,0.000000,1,0.014703,-1.687826,26.545909,62.900312,0.535664,59.338945,0.000028
10.575000,5.200000,1,-0.793356,1.472399,0.306793,-0.250523,-0.221305,0.132074,-0.933177,0.302054,0.010392,0.017207,-0.084120,0.318966,0.777681,0.535161,-0.413054,-0.886032,0.210559,0.778705,-0.223727,0.586144,0.033594,-0.803231,1.366991,0.101854,0.075672,-0.082169,0.201818,-0.331730,0.095499,0.889382,-0.299726,0.118377,0.261358,0.000000,1,0.016215,-1.789955,26.707262,62.731049,0.567952,59.201568,0.000027
10.608333,5.233333,1,-0.793327,1.471515,0.306155,-0.251399,-0.222873,0.132334,-0.932531,0.302743,0.010954,0.016575,-0.085133,0.320453,0.776994,0.535111,-0.412818,-0.886117,0.210660,0.776993,-0.221933,0.589090,0.032741,-0.803231,1.366991,0.101854,0.074947,-0.081640,0.201196,-0.333501,0.095565,0.888909,-0.299140,0.138636,0.247309,0.000000,1,0.016572,-1.883220,26.865175,62.560854,0.597194,59.065247,0.000025
10.641667,5.266667,1,-0.793320,1.470722,0.305549,-0.252753,-0.223548,0.132799,-0.931937,0.303372,0.011443,0.015974,-0.085131,0.321969,0.776261,0.535263,-0.412492,-0.885827,0.212509,0.776189,-0.219658,0.591000,0.029937,-0.803231,1.366991,0.101854,0.074310,-0.081149,0.200606,-0.334696,0.096460,0.888611,-0.298404,0.152079,0.234537,0.000000,1,0.016373,-1.963949,27.014504,62.402806,0.622226,58.938408,0.000024
10.675000,5.300000,1,-0.793314,1.469986,0.304799,-0.255777,-0.224251,0.133095,-0.930900,0.303958,0.011898,0.015229,-0.084411,0.324994,0.775217,0.535063,-0.413164,-0.884446,0.216911,0.774714,-0.216172,0.594212,0.031530,-0.803231,1.366991,0.101854,0.073722,-0.080680,0.199871,-0.336675,0.098838,0.887880,-0.297573,0.136709,0.224214,0.000000,1,0.017705,-2.038961,27.191294,62.237842,0.645270,58.799528,0.000023
10.708333,5.333333,1,-0.793324,1.469221,0.303829,-0.259846,-0.225789,0.133590,-0.929329,0.304576,0.012359,0.014264,-0.083973,0.329330,0.773611,0.534806,-0.413863,-0.882772,0.222331,0.772153,-0.211050,0.599364,0.037060,-0.803231,1.366991,0.101854,0.073126,-0.080168,0.198919,-0.339858,0.101769,0.886770,-0.296274,0.103364,0.265641,0.000000,1,0.020247,-2.114749,27.414242,62.046509,0.668417,58.632632,0.000022
10.741667,5.366667,1,-0.793435,1.468366,0.302851,-0.261548,-0.227192,0.134602,-0.928364,0.305326,0.012795,0.013291,-0.084466,0.331485,0.772305,0.535284,-0.412673,-0.882803,0.224409,0.770806,-0.207178,0.602441,0.039112,-0.803231,1.366991,0.101854,0.072514,-0.079521,0.197966,-0.341837,0.102632,0.886382,-0.294857,0.118796,0.275972,0.000000,1,0.021664,-2.185097,27.644222,61.833250,0.689722,58.452696,0.000021
10.775000,5.400000,1,-0.793792,1.467463,0.301978,-0.261013,-0.227636,0.135972,-0.928206,0.306263,0.013061,0.012421,-0.085096,0.331208,0.771551,0.536442,-0.409978,-0.884153,0.224036,0.771415,-0.205063,0.602385,0.039172,-0.803231,1.366991,0.101854,0.072003,-0.078652,0.197136,-0.341949,0.101923,0.886847,-0.293571,0.108865,0.312129,0.000000,1,0.022451,-2.225235,27.860392,61.601582,0.701500,58.268154,0.000020
10.808333,5.433333,1,-0.794364,1.466751,0.300981,-0.264576,-0.228030,0.136437,-0.927031,0.307177,0.013042,0.011425,-0.083859,0.334577,0.770309,0.536330,-0.410635,-0.882394,0.229694,0.770165,-0.200816,0.605408,0.040553,-0.803231,1.366991,0.101854,0.071775,-0.077711,0.196193,-0.343894,0.104921,0.886093,-0.292521,0.101865,0.303373,0.000000,1,0.023861,-2.216771,28.100952,61.362670,0.698093,58.072685,0.000019
10.841667,5.466667,1,-0.794954,1.466239,0.299912,-0.271207,-0.228694,0.135875,-0.925032,0.307942,0.012889,0.010355,-0.081500,0.340816,0.768801,0.534927,-0.414421,-0.878058,0.239309,0.766952,-0.195394,0.611233,0.039735,-0.803231,1.366991,0.101854,0.071722,-0.076866,0.195175,-0.347492,0.110564,0.884199,-0.291920,0.115747,1.439940,0.000000,1,0.024253,-2.186587,28.350671,61.139455,0.687860,57.883193,0.000018
10.875000,5.500000,1,-0.795475,1.465717,0.298973,-0.275489,-0.229169,0.135768,-0.923664,0.308674,0.012796,0.009416,-0.080018,0.344866,0.767645,0.534216,-0.416422,-0.875366,0.245615,0.764985,-0.191362,0.614962,0.035823,-0.803231,1.366991,0.101854,0.071618,-0.076079,0.194282,-0.349848,0.114181,0.883024,-0.291269,0.111696,2.709308,0.000000,1,0.023618,-2.166866,28.572674,60.932966,0.680739,57.711809,0.000017
10.908333,5.533333,1,-0.795905,1.465194,0.298107,-0.278499,-0.229797,0.135714,-0.922612,0.309351,0.012775,0.008550,-0.079238,0.347845,0.766742,0.533696,-0.417780,-0.873539,0.249777,0.763290,-0.188345,0.617993,0.032973,-0.803231,1.366991,0.101854,0.071459,-0.075372,0.193456,-0.351762,0.116592,0.882121,-0.290744,0.201857,3.909467,0.000000,1,0.023290,-2.159767,28.777633,60.741197,0.677365,57.554006,0.000016
10.941667,5.566667,1,-0.796197,1.464669,0.297317,-0.282223,-0.230600,0.135030,-0.921380,0.309947,0.012866,0.007762,-0.078300,0.351540,0.765963,0.532531,-0.420559,-0.870850,0.254463,0.760747,-0.185660,0.621928,0.029780,-0.803231,1.366991,0.101854,0.071217,-0.074779,0.192697,-0.354170,0.119575,0.880781,-0.290673,0.175987,4.847151,0.000000,1,0.022767,-2.171947,28.963898,60.568300,0.679720,57.412363,0.000015
10.975000,5.600000,1,-0.796359,1.464068,0.296618,-0.286642,-0.231279,0.134060,-0.919986,0.310525,0.013105,0.007066,-0.076943,0.355802,0.765169,0.531038,-0.424158,-0.867420,0.260141,0.757914,-0.182807,0.626217,0.028069,-0.803231,1.366991,0.101854,0.070835,-0.074256,0.192022,-0.356789,0.123243,0.879186,-0.290767,0.181129,5.879417,0.000000,1,0.022483,-2.209395,29.130846,60.406115,0.689599,57.282720,0.000014
11.008333,5.633333,1,-0.796407,1.463409,0.295997,-0.291168,-0.232277,0.133021,-0.918463,0.311081,0.013469,0.006449,-0.075824,0.360303,0.764291,0.529425,-0.427920,-0.863909,0.265604,0.754631,-0.179781,0.631039,0.027198,-0.803231,1.366991,0.101854,0.070339,-0.073796,0.191419,-0.359740,0.126864,0.877438,-0.290853,0.198529,6.696158,0.000000,1,0.022270,-2.267932,29.281072,60.254034,0.705701,57.163860,0.000014
11.041667,5.666667,1,-0.796375,1.462739,0.295434,-0.295394,-0.233705,0.132004,-0.916896,0.311598,0.013903,0.005891,-0.075223,0.364728,0.763365,0.527815,-0.431505,-0.860703,0.270173,0.750959,-0.176769,0.636249,0.026271,-0.803231,1.366991,0.101854,0.069787,-0.073398,0.190867,-0.362933,0.130023,0.875644,-0.290897,0.192586,7.438858,0.000000,1,0.022065,-2.338206,29.418109,60.112995,0.725189,57.055082,0.000013
11.075000,5.700000,1,-0.796264,1.462055,0.294904,-0.299079,-0.235285,0.130946,-0.915449,0.312077,0.014409,0.005366,-0.075000,0.368735,0.762561,0.526223,-0.434928,-0.857864,0.273689,0.747244,-0.174248,0.641299,0.026182,-0.803231,1.366991,0.101854,0.069176,-0.073060,0.190344,-0.366015,0.132628,0.873920,-0.291042,0.171539,8.200046,0.000000,1,0.022061,-2.420795,29.546919,59.980287,0.748227,56.953394,0.000012
11.108333,5.733333,1,-0.796127,1.461262,0.294371,-0.302449,-0.236779,0.129759,-0.914124,0.312628,0.015000,0.004839,-0.074841,0.372422,0.761922,0.524571,-0.438448,-0.855110,0.276678,0.743620,-0.172254,0.646032,0.028937,-0.803231,1.366991,0.101854,0.068463,-0.072679,0.189818,-0.368884,0.134995,0.872241,-0.291368,0.179571,9.009991,0.000000,1,0.022995,-2.516955,29.679151,59.835558,0.775231,56.844612,0.000012
11.141667,5.766667,1,-0.796076,1.460362,0.293834,-0.305857,-0.238253,0.128858,-0.912733,0.313318,0.015588,0.004309,-0.074646,0.376134,0.761098,0.523146,-0.441493,-0.852483,0.279921,0.740176,-0.169683,0.650651,0.031498,-0.803231,1.366991,0.101854,0.067710,-0.072166,0.189296,-0.371744,0.137399,0.870637,-0.291409,0.172773,9.894159,0.000000,1,0.024288,-2.611388,29.817894,59.668718,0.801660,56.722540,0.000011
11.175000,5.800000,1,-0.796141,1.459393,0.293267,-0.308706,-0.239089,0.128619,-0.911589,0.314131,0.016124,0.003747,-0.074126,0.379061,0.760195,0.522419,-0.443167,-0.850477,0.283358,0.738085,-0.166781,0.653770,0.033741,-0.803231,1.366991,0.101854,0.066970,-0.071516,0.188753,-0.373770,0.139577,0.869557,-0.291006,0.230790,10.747770,0.000000,1,0.025753,-2.695860,29.968141,59.479447,0.825052,56.585539,0.000011
11.208333,5.833333,1,-0.796231,1.458391,0.292686,-0.310890,-0.239493,0.128989,-0.910688,0.314986,0.016660,0.003173,-0.073513,0.381201,0.759234,0.522347,-0.443500,-0.849212,0.286611,0.737120,-0.163680,0.655639,0.034830,-0.803231,1.366991,0.101854,0.066218,-0.070827,0.188199,-0.375101,0.141342,0.868968,-0.290199,0.234415,12.758682,0.000000,1,0.026660,-2.779665,30.123091,59.281952,0.848074,56.443182,0.000010
11.241667,5.866667,1,-0.796226,1.457404,0.292152,-0.312723,-0.240150,0.129758,-0.909778,0.315772,0.017264,0.002645,-0.073281,0.383140,0.758085,0.522628,-0.442979,-0.848548,0.289373,0.736240,-0.160127,0.657503,0.033684,-0.803231,1.366991,0.101854,0.065420,-0.070227,0.187684,-0.376485,0.142670,0.868540,-0.289037,0.228335,13.867022,0.000000,1,0.026443,-2.874948,30.266263,59.098620,0.874193,56.312164,0.000010
11.275000,5.900000,1,-0.796132,1.456348,0.291602,-0.314460,-0.241101,0.130772,-0.908781,0.316559,0.017980,0.002103,-0.073354,0.385125,0.756750,0.523094,-0.441985,-0.848203,0.291891,0.735202,-0.156104,0.659629,0.035821,-0.803231,1.366991,0.101854,0.064517,-0.069658,0.187149,-0.378078,0.143773,0.868139,-0.287613,0.199974,14.821570,0.000000,1,0.027237,-2.988348,30.412877,58.912261,0.905379,56.178912,0.000009
11.308333,5.933333,1,-0.795996,1.455278,0.291001,-0.316127,-0.242498,0.131582,-0.907714,0.317333,0.018737,0.001510,-0.073858,0.387246,0.755443,0.523346,-0.441309,-0.847919,0.293736,0.733513,-0.152299,0.662392,0.037044,-0.803231,1.366991,0.101854,0.063579,-0.069112,0.186560,-0.380038,0.144617,0.867567,-0.286329,0.226795,15.458208,0.000000,1,0.028165,-3.108535,30.569560,58.721987,0.938303,56.040958,0.000009
11.341667,5.966667,1,-0.795723,1.454359,0.290354,-0.317571,-0.245635,0.131494,-0.906378,0.317903,0.019516,0.000871,-0.076024,0.389944,0.754299,0.522682,-0.442047,-0.847808,0.292944,0.729227,-0.149494,0.667742,0.034707,-0.803231,1.366991,0.101854,0.062685,-0.068762,0.185914,-0.383454,0.144492,0.866296,-0.285685,0.262045,16.052297,0.000000,1,0.027863,-3.233447,30.727098,58.557862,0.972238,55.916746,0.000008
11.375000,6.000000,1,-0.795280,1.453594,0.289682,-0.318652,-0.250261,0.130686,-0.904849,0.318248,0.020336,0.000206,-0.079688,0.392981,0.753304,0.521296,-0.443801,-0.848020,0.289660,0.722756,-0.147634,0.675150,0.033316,-0.803231,1.366991,0.101854,0.061821,-0.068638,0.185228,-0.388037,0.143384,0.864478,-0.285564,0.235229,16.949995,0.000000,1,0.027393,-3.367098,30.880416,58.425270,1.008367,55.810534,0.000008
11.408333,6.033333,1,-0.794895,1.452895,0.289013,-0.319352,-0.254224,0.130096,-0.903581,0.318575,0.021070,-0.000455,-0.082926,0.395381,0.752442,0.520219,-0.444992,-0.848444,0.286574,0.717294,-0.146093,0.681283,0.031214,-0.803231,1.366991,0.101854,0.061044,-0.068504,0.184549,-0.391859,0.142231,0.862999,-0.285395,0.134298,17.859518,0.000000,1,0.027538,-3.486485,31.031948,58.296258,1.040291,55.706845,0.000007
11.441667,6.066667,1,-0.794711,1.452181,0.288385,-0.320654,-0.257438,0.129080,-0.902355,0.319036,0.021653,-0.001077,-0.085228,0.397984,0.751809,0.518775,-0.447217,-0.847879,0.284778,0.712201,-0.144962,0.686845,0.029074,-0.803231,1.366991,0.101854,0.060368,-0.068201,0.183924,-0.395303,0.141965,0.861394,-0.285625,0.110122,18.787465,0.000000,1,0.028107,-3.579460,31.180840,58.151617,1.064664,55.595845,0.000007
11.475000,6.100000,1,-0.794666,1.451467,0.287965,-0.324257,-0.261306,0.126575,-0.900309,0.319580,0.022122,-0.001492,-0.087097,0.402939,0.751118,0.515631,-0.453077,-0.844789,0.284696,0.704411,-0.143530,0.695129,0.024886,-0.803231,1.366991,0.101854,0.059769,-0.067798,0.183516,-0.400398,0.143498,0.858415,-0.286728,0.190220,19.164940,0.000000,1,0.027109,-3.652404,31.291614,58.015751,1.083233,55.500761,0.000007
11.508333,6.133333,1,-0.794693,1.450904,0.287796,-0.329050,-0.264499,0.123690,-0.898035,0.320045,0.022441,-0.001658,-0.087832,0.408659,0.750398,0.512041,-0.460198,-0.840257,0.286682,0.696683,-0.141624,0.703261,0.017634,-0.803231,1.366991,0.101854,0.059330,-0.067441,0.183359,-0.405444,0.146413,0.855105,-0.288050,0.290660,19.177872,0.000000,1,0.024686,-3.700978,31.348673,57.918885,1.094688,55.441766,0.000006
11.541667,6.166667,1,-0.794779,1.450565,0.287639,-0.333167,-0.265650,0.121493,-0.896476,0.320368,0.022577,-0.001813,-0.087038,0.412860,0.750004,0.509378,-0.465918,-0.835939,0.290045,0.692202,-0.140163,0.707963,0.011501,-0.803231,1.366991,0.101854,0.059106,-0.067164,0.183214,-0.408369,0.149631,0.852781,-0.289155,0.264771,19.013278,0.000000,1,0.023699,-3.720917,31.396472,57.847675,1.097925,55.398598,0.000006
11.575000,6.200000,1,-0.794814,1.450372,0.287455,-0.337451,-0.267007,0.119322,-0.894761,0.320543,0.022668,-0.001995,-0.086353,0.417303,0.749459,0.506669,-0.471660,-0.831525,0.293432,0.687383,-0.138290,0.713008,0.008068,-0.803231,1.366991,0.101854,0.058973,-0.067013,0.183037,-0.411549,0.152905,0.850328,-0.290155,0.241645,18.794568,0.000000,1,0.023167,-3.734780,31.443032,57.797397,1.099390,55.366474,0.000006
11.608333,6.233333,1,-0.794859,1.449953,0.287611,-0.334858,-0.267532,0.120222,-0.895457,0.320905,0.022882,-0.001837,-0.087975,0.415215,0.749670,0.507792,-0.468816,-0.834409,0.289781,0.688295,-0.139489,0.711894,0.013475,-0.803231,1.366991,0.101854,0.058653,-0.066744,0.183204,-0.410820,0.150323,0.851286,-0.289728,0.217953,18.757286,0.000000,1,0.021717,-3.766777,31.429698,57.751473,1.106078,55.354032,0.000005
11.641667,6.266667,1,-0.795085,1.448774,0.288833,-0.306999,-0.264053,0.130825,-0.904938,0.321981,0.023400,-0.000610,-0.097229,0.388706,0.753292,0.521541,-0.437083,-0.861333,0.258969,0.710159,-0.153805,0.687036,0.051380,-0.803231,1.366991,0.101854,0.057793,-0.065959,0.184459,-0.394929,0.126702,0.864001,-0.285448,0.217851,18.725518,0.000000,1,0.019759,-3.840560,31.234525,57.699155,1.124797,55.391454,0.000005
11.675000,6.300000,1,-0.795228,1.447425,0.290315,-0.274280,-0.261305,0.142054,-0.914500,0.323142,0.024083,0.000880,-0.109303,0.358175,0.756687,0.535899,-0.401729,-0.889316,0.218475,0.732717,-0.169045,0.659204,0.060271,-0.803231,1.366991,0.101854,0.056741,-0.065160,0.185973,-0.377442,0.098412,0.876943,-0.280754,0.264002,18.675245,0.000000,1,0.019069,-3.939886,30.991921,57.656970,1.150603,55.447760,0.000005
11.708333,6.333333,1,-0.795105,1.446667,0.290841,-0.267674,-0.263613,0.143421,-0.915581,0.323674,0.024633,0.001412,-0.114308,0.353290,0.757019,0.537626,-0.395783,-0.894754,0.206810,0.733219,-0.172288,0.657805,0.027935,-0.803231,1.366991,0.101854,0.056039,-0.064856,0.186503,-0.376453,0.091429,0.878317,-0.280148,0.359643,18.585417,0.000000,1,0.020027,-4.024062,30.912732,57.617774,1.171866,55.457144,0.000005
11.741667,6.366667,1,-0.795011,1.446158,0.290928,-0.270097,-0.265158,0.142774,-0.914524,0.324023,0.025013,0.001504,-0.114614,0.356152,0.756375,0.536578,-0.397895,-0.893348,0.208825,0.730069,-0.170479,0.661768,0.015728,-0.803231,1.366991,0.101854,0.055567,-0.064645,0.186594,-0.378926,0.092912,0.877100,-0.280141,0.376469,18.503688,0.000000,1,0.021956,-4.082774,30.912860,57.565223,1.185997,55.435835,0.000004
11.775000,6.400000,1,-0.794967,1.445624,0.291009,-0.271611,-0.265123,0.142988,-0.914052,0.324423,0.025368,0.001588,-0.113907,0.357494,0.755863,0.536557,-0.398263,-0.892570,0.211436,0.729685,-0.168609,0.662669,0.016253,-0.803231,1.366991,0.101854,0.055105,-0.064377,0.186682,-0.379573,0.094277,0.876816,-0.279696,0.215667,18.452532,0.000000,1,0.022405,-4.136721,30.917068,57.503991,1.198857,55.408583,0.000004
11.808333,6.433333,1,-0.794852,1.444970,0.291172,-0.271971,-0.265660,0.143134,-0.913767,0.324876,0.025853,0.001756,-0.114227,0.358057,0.755546,0.536561,-0.398108,-0.892593,0.211632,0.728994,-0.167794,0.663636,0.020524,-0.803231,1.366991,0.101854,0.054500,-0.064104,0.186849,-0.380204,0.094353,0.876624,-0.279415,0.197292,18.524464,0.000000,1,0.022398,-4.210861,30.907760,57.441031,1.217360,55.384339,0.000004
11.841667,6.466667,1,-0.794668,1.444213,0.291316,-0.273324,-0.267090,0.143012,-0.912965,0.325371,0.026454,0.001907,-0.114905,0.359910,0.754891,0.536099,-0.398790,-0.892103,0.212413,0.726681,-0.166127,0.666586,0.023786,-0.803231,1.366991,0.101854,0.053772,-0.063826,0.186995,-0.382078,0.094920,0.875852,-0.279087,0.317551,18.897781,0.000000,1,0.023102,-4.303328,30.904220,57.368350,1.240972,55.353270,0.000004
11.875000,6.500000,1,-0.794451,1.443435,0.291361,-0.275069,-0.268686,0.142889,-0.911991,0.325861,0.027095,0.001958,-0.115556,0.362187,0.754085,0.535559,-0.399647,-0.891419,0.213667,0.724008,-0.163994,0.670014,0.024256,-0.803231,1.366991,0.101854,0.053011,-0.063556,0.187040,-0.384274,0.095762,0.874933,-0.278667,0.239514,19.162514,0.000000,1,0.024078,-4.402018,30.920844,57.285489,1.266283,55.310903,0.000004
11.908333,6.533333,1,-0.794210,1.442706,0.291340,-0.275846,-0.269835,0.143117,-0.911381,0.326298,0.027726,0.001943,-0.116238,0.363399,0.753443,0.535494,-0.399469,-0.891410,0.214038,0.722447,-0.162375,0.672090,0.023043,-0.803231,1.366991,0.101854,0.052277,-0.063331,0.187017,-0.385631,0.095933,0.874485,-0.278139,0.355215,19.157275,0.000000,1,0.024426,-4.499676,30.948331,57.204319,1.291212,55.266178,0.000003
11.941667,6.566667,1,-0.793985,1.441978,0.291331,-0.277572,-0.271051,0.143579,-0.910423,0.326743,0.028344,0.001941,-0.116556,0.365491,0.752389,0.535483,-0.399345,-0.890983,0.216038,0.720583,-0.159348,0.674810,0.022850,-0.803231,1.366991,0.101854,0.051554,-0.063094,0.187007,-0.387468,0.096918,0.873857,-0.277216,0.386290,19.110938,0.000000,1,0.024544,-4.594783,30.973909,57.122970,1.315376,55.221860,0.000003
11.975000,6.600000,1,-0.793831,1.441238,0.291382,-0.280239,-0.272569,0.143972,-0.909090,0.327242,0.028912,0.001998,-0.116725,0.368561,0.751035,0.535242,-0.399782,-0.890012,0.219210,0.717931,-0.155357,0.678557,0.022734,-0.803231,1.366991,0.101854,0.050859,-0.062795,0.187062,-0.389997,0.098609,0.872879,-0.276153,0.416373,19.162978,0.000000,1,0.024505,-4.680856,30.990114,57.039608,1.337011,55.179131,0.000003
12.008333,6.633333,1,-0.793713,1.440488,0.291527,-0.282465,-0.274077,0.144149,-0.907919,0.327770,0.029456,0.002149,-0.117082,0.371232,0.749921,0.534881,-0.400389,-0.889166,0.221525,0.715307,-0.152178,0.682039,0.023184,-0.803231,1.366991,0.101854,0.050176,-0.062467,0.187212,-0.392324,0.099917,0.871935,-0.275368,0.613065,19.284067,0.000000,1,0.024096,-4.762347,30.989292,56.960956,1.357313,55.143742,0.000003
12.041667,6.666667,1,-0.793575,1.439714,0.291738,-0.284278,-0.275075,0.144649,-0.906971,0.328305,0.030030,0.002365,-0.117165,0.373305,0.748859,0.534907,-0.400294,-0.888617,0.223886,0.713663,-0.149036,0.684451,0.024419,-0.803231,1.366991,0.101854,0.049460,-0.062146,0.187428,-0.394007,0.101078,0.871341,-0.274420,0.608747,19.316118,0.000000,1,0.023815,-4.848346,30.975861,56.887283,1.378770,55.114563,0.000003
12.075000,6.700000,1,-0.793436,1.438897,0.291985,-0.286285,-0.275831,0.145278,-0.906009,0.328873,0.030631,0.002619,-0.116946,0.375444,0.747728,0.535041,-0.400110,-0.887943,0.226868,0.712317,-0.145547,0.686601,0.025955,-0.803231,1.366991,0.101854,0.048706,-0.061804,0.187681,-0.395561,0.102519,0.870805,-0.273352,0.706057,19.328302,0.000000,1,0.023927,-4.937941,30.956984,56.811404,1.401165,55.085730,0.000003
12.108333,6.733333,1,-0.793297,1.438107,0.292163,-0.288348,-0.276501,0.145750,-0.905075,0.329421,0.031215,0.002804,-0.116624,0.377594,0.746692,0.535046,-0.400250,-0.887101,0.229895,0.710955,-0.142299,0.688690,0.024652,-0.803231,1.366991,0.101854,0.047978,-0.061472,0.187865,-0.397068,0.104053,0.870223,-0.272436,0.500025,19.320891,0.000000,1,0.024403,-5.024891,30.951019,56.731950,1.422765,55.051153,0.000003
12.141667,6.766667,1,-0.793152,1.437419,0.292254,-0.290072,-0.276973,0.146094,-0.904324,0.329882,0.031744,0.002900,-0.116276,0.379351,0.745874,0.535018,-0.400472,-0.886331,0.232464,0.709893,-0.139698,0.690316,0.021256,-0.803231,1.366991,0.101854,0.047330,-0.061200,0.187959,-0.398251,0.105376,0.869744,-0.271732,0.504678,19.373247,0.000000,1,0.024547,-5.104011,30.958315,56.658070,1.442105,55.015514,0.000002
12.175000,6.800000,1,-0.793019,1.436892,0.292271,-0.291005,-0.277137,0.146578,-0.903895,0.330224,0.032167,0.002921,-0.116005,0.380262,0.745279,0.535259,-0.400081,-0.886060,0.234165,0.709610,-0.137797,0.690989,0.016322,-0.803231,1.366991,0.101854,0.046823,-0.061004,0.187976,-0.398803,0.106127,0.869603,-0.271078,0.690241,19.477568,0.000000,1,0.024323,-5.167625,30.974340,56.597173,1.457094,54.983963,0.000002
12.208333,6.833333,1,-0.792926,1.436483,0.292246,-0.291208,-0.277197,0.147442,-0.903671,0.330494,0.032488,0.002900,-0.115965,0.380473,0.744694,0.535932,-0.398658,-0.886454,0.235099,0.709967,-0.136034,0.690971,0.012603,-0.803231,1.366991,0.101854,0.046436,-0.060842,0.187953,-0.398924,0.106263,0.869804,-0.270201,0.766735,19.455043,0.000000,1,0.024165,-5.215844,30.994776,56.545007,1.467845,54.955516,0.000002
12.241667,6.866667,1,-0.792873,1.436134,0.292242,-0.291736,-0.277593,0.148119,-0.903268,0.330742,0.032740,0.002898,-0.116082,0.381126,0.744035,0.536359,-0.397689,-0.886622,0.236102,0.709656,-0.134125,0.691664,0.010601,-0.803231,1.366991,0.101854,0.046120,-0.060683,0.187952,-0.399492,0.106542,0.869760,-0.269393,1.171978,19.540231,0.000000,1,0.023860,-5.253320,31.009793,56.499540,1.475676,54.931975,0.000002
12.275000,6.900000,1,-0.792851,1.435839,0.292285,-0.292991,-0.278185,0.148493,-0.902618,0.330963,0.032935,0.002943,-0.116051,0.382516,0.743293,0.536404,-0.397605,-0.886194,0.237846,0.708628,-0.131904,0.693143,0.008955,-0.803231,1.366991,0.101854,0.045866,-0.060534,0.187999,-0.400569,0.107390,0.869369,-0.268717,1.294703,19.538612,0.000000,1,0.023322,-5.281937,31.014079,56.463705,1.481104,54.916404,0.000002
12.308333,6.933333,1,-0.792827,1.435535,0.292342,-0.294491,-0.278605,0.148731,-0.901961,0.331192,0.033137,0.003002,-0.115757,0.384049,0.742606,0.536324,-0.397914,-0.885467,0.240026,0.707641,-0.129726,0.694561,0.009316,-0.803231,1.366991,0.101854,0.045602,-0.060382,0.188060,-0.401608,0.108539,0.868920,-0.268156,1.266563,19.518138,0.000000,1,0.023313,-5.311450,31.015720,56.428242,1.486827,54.901652,0.000002
12.341667,6.966667,1,-0.792785,1.435175,0.292373,-0.295578,-0.278732,0.149168,-0.901494,0.331454,0.033386,0.003036,-0.115385,0.385082,0.741998,0.536505,-0.397697,-0.885036,0.241966,0.707306,-0.127749,0.695268,0.010909,-0.803231,1.366991,0.101854,0.045284,-0.060210,0.188096,-0.402198,0.109446,0.868729,-0.267524,1.078923,19.519802,0.000000,1,0.023865,-5.348020,31.024263,56.384172,1.494543,54.880308,0.000002
12.375000,7.000000,1,-0.792712,1.434784,0.292370,-0.296127,-0.278654,0.149948,-0.901208,0.331722,0.033680,0.003036,-0.115067,0.385541,0.741396,0.537075,-0.396621,-0.885097,0.243508,0.707645,-0.125818,0.695276,0.011942,-0.803231,1.366991,0.101854,0.044922,-0.060044,0.188095,-0.402355,0.109956,0.868848,-0.266688,1.060681,19.585173,0.000000,1,0.024344,-5.391593,31.040215,56.334990,1.504193,54.854087,0.000002
12.408333,7.033333,1,-0.792602,1.434395,0.292405,-0.296100,-0.279125,0.150601,-0.900963,0.331967,0.034001,0.003074,-0.115498,0.385729,0.740886,0.537551,-0.395398,-0.885630,0.243557,0.707427,-0.124504,0.695734,0.012163,-0.803231,1.366991,0.101854,0.044541,-0.059911,0.188130,-0.402739,0.109705,0.868918,-0.265986,1.178646,19.649589,0.000000,1,0.024042,-5.439730,31.047694,56.292796,1.515051,54.833920,0.000002
12.441667,7.066667,1,-0.792552,1.433972,0.292537,-0.296454,-0.279524,0.151054,-0.900646,0.332275,0.034295,0.003209,-0.115696,0.386226,0.740404,0.537817,-0.394735,-0.885772,0.244114,0.707033,-0.123166,0.696372,0.013386,-0.803231,1.366991,0.101854,0.044163,-0.059716,0.188266,-0.403237,0.109832,0.868843,-0.265420,1.328127,19.783138,0.000000,1,0.023702,-5.482459,31.039074,56.250528,1.524503,54.818231,0.000002
12.475000,7.100000,1,-0.792559,1.433422,0.292812,-0.297959,-0.279521,0.151568,-0.900064,0.332717,0.034617,0.003488,-0.115020,0.387574,0.739660,0.538015,-0.394621,-0.885054,0.246890,0.706738,-0.120652,0.697111,0.018426,-0.803231,1.366991,0.101854,0.043713,-0.059411,0.188551,-0.403899,0.111170,0.868598,-0.264659,1.361538,19.656741,0.000000,1,0.023584,-5.527488,31.008968,56.200451,1.534666,54.804559,0.000001
12.508333,7.133333,1,-0.792526,1.432790,0.293061,-0.299904,-0.279480,0.152195,-0.899325,0.333202,0.035022,0.003741,-0.114114,0.389301,0.738727,0.538242,-0.394546,-0.884078,0.250479,0.706379,-0.117479,0.698017,0.020418,-0.803231,1.366991,0.101854,0.043171,-0.059089,0.188809,-0.404722,0.112918,0.868276,-0.263715,1.190345,19.509286,0.000000,1,0.024260,-5.584913,30.986529,56.139684,1.548187,54.783043,0.000001
12.541667,7.166667,1,-0.792339,1.432197,0.293125,-0.301048,-0.280342,0.152519,-0.898619,0.333563,0.035528,0.003811,-0.114375,0.390713,0.737958,0.538219,-0.394477,-0.883741,0.251771,0.704990,-0.115326,0.699777,0.018744,-0.803231,1.366991,0.101854,0.042578,-0.058903,0.188872,-0.405987,0.113546,0.867804,-0.263055,0.971143,19.405916,0.000000,1,0.025132,-5.660141,30.994824,56.078833,1.566373,54.752661,0.000001
12.575000,7.200000,1,-0.792052,1.431736,0.293127,-0.301808,-0.282222,0.152477,-0.897782,0.333759,0.036034,0.003817,-0.115719,0.392236,0.737234,0.537816,-0.394726,-0.883771,0.251278,0.702214,-0.113809,0.702811,0.016285,-0.803231,1.366991,0.101854,0.042036,-0.058870,0.188863,-0.407985,0.113378,0.867013,-0.262644,0.967679,19.394437,0.000000,1,0.024756,-5.737906,31.007534,56.037716,1.585063,54.731322,0.000001
12.608333,7.233333,1,-0.791857,1.431378,0.293200,-0.303211,-0.284074,0.152285,-0.896758,0.333927,0.036404,0.003894,-0.116754,0.394323,0.736412,0.537192,-0.395586,-0.883267,0.251696,0.699112,-0.111868,0.706206,0.012424,-0.803231,1.366991,0.101854,0.041630,-0.058827,0.188930,-0.410253,0.113802,0.866001,-0.262266,1.237587,19.438985,0.000000,1,0.023838,-5.794543,31.004056,56.010321,1.598070,54.721624,0.000001
12.641667,7.266667,1,-0.791868,1.431071,0.293300,-0.304216,-0.284586,0.152261,-0.896259,0.334179,0.036580,0.003996,-0.116765,0.395452,0.735982,0.536949,-0.396103,-0.882719,0.252803,0.698020,-0.110606,0.707485,0.009704,-0.803231,1.366991,0.101854,0.041383,-0.058647,0.189036,-0.411156,0.114471,0.865559,-0.262021,1.435459,19.740969,0.000000,1,0.023848,-5.818987,30.998666,55.975600,1.602598,54.708311,0.000001
12.675000,7.300000,1,-0.792028,1.430697,0.293493,-0.305256,-0.284098,0.152454,-0.896027,0.334574,0.036676,0.004191,-0.115862,0.396167,0.735692,0.537015,-0.396382,-0.881957,0.255017,0.698353,-0.109334,0.707353,0.013511,-0.803231,1.366991,0.101854,0.041165,-0.058314,0.189247,-0.411190,0.115620,0.865479,-0.261728,1.438360,19.803003,0.000000,1,0.023998,-5.828364,30.981937,55.928484,1.603242,54.691564,0.000001
12.708333,7.333333,1,-0.792193,1.430155,0.293776,-0.307168,-0.283114,0.152823,-0.895622,0.335106,0.036867,0.004476,-0.114128,0.397442,0.735172,0.537156,-0.396875,-0.880523,0.259169,0.699086,-0.107006,0.706986,0.018998,-0.803231,1.366991,0.101854,0.040812,-0.057885,0.189550,-0.411176,0.117769,0.865358,-0.261190,0.880305,19.802886,0.000000,1,0.024466,-5.850520,30.955122,55.866482,1.607390,54.669918,0.000001
12.741667,7.366667,1,-0.792165,1.429630,0.293942,-0.309233,-0.282825,0.152936,-0.894984,0.335507,0.037203,0.004646,-0.112948,0.399163,0.734559,0.536968,-0.397816,-0.879039,0.262741,0.698699,-0.104669,0.707717,0.016522,-0.803231,1.366991,0.101854,0.040364,-0.057616,0.189724,-0.411848,0.119747,0.864899,-0.260752,0.733528,19.646249,0.000000,1,0.024743,-5.897686,30.945420,55.811319,1.618050,54.647031,0.000001
12.775000,7.400000,1,-0.791964,1.429262,0.293950,-0.310303,-0.283610,0.152758,-0.894395,0.335681,0.037585,0.004657,-0.113176,0.400474,0.734117,0.536548,-0.398615,-0.878426,0.263579,0.697131,-0.103473,0.709438,0.012594,-0.803231,1.366991,0.101854,0.039947,-0.057566,0.189725,-0.413027,0.120355,0.864300,-0.260594,0.672564,19.687373,0.000000,1,0.024704,-5.955619,30.955395,55.776282,1.631364,54.629053,0.000001
12.808333,7.433333,1,-0.791777,1.429023,0.293901,-0.310635,-0.284243,0.152764,-0.894078,0.335759,0.037879,0.004611,-0.113594,0.401054,0.733834,0.536414,-0.398713,-0.878392,0.263544,0.696162,-0.102831,0.710481,0.009232,-0.803231,1.366991,0.101854,0.039645,-0.057578,0.189669,-0.413732,0.120366,0.864013,-0.260420,0.762784,19.704781,0.000000,1,0.024504,-6.001317,30.971045,55.752662,1.641386,54.615283,0.000001
12.841667,7.466667,1,-0.791705,1.428892,0.293933,-0.310627,-0.284435,0.152827,-0.894009,0.335820,0.038015,0.004644,-0.113770,0.401133,0.733744,0.536441,-0.398576,-0.878494,0.263413,0.695946,-0.102647,0.710720,0.004573,-0.803231,1.366991,0.101854,0.039496,-0.057563,0.189698,-0.413896,0.120270,0.863976,-0.260328,0.562298,19.644435,0.000000,1,0.023532,-6.022308,30.969359,55.742378,1.644874,54.613225,0.000001
12.875000,7.500000,1,-0.791746,1.428876,0.294036,-0.310711,-0.284304,0.152727,-0.894038,0.335858,0.037991,0.004748,-0.113615,0.401150,0.733815,0.536364,-0.398811,-0.878336,0.263580,0.696030,-0.102785,0.710618,0.003394,-0.803231,1.366991,0.101854,0.039504,-0.057527,0.189805,-0.413821,0.120408,0.863961,-0.260431,0.370853,19.503852,0.000000,1,0.098642,-6.022308,30.969359,55.742378,1.644874,54.613225,0.000001
12.908333,7.533333,1,-0.791829,1.428951,0.294104,-0.310550,-0.283964,0.152600,-0.894224,0.335848,0.037878,0.004814,-0.113383,0.400853,0.734037,0.536332,-0.398985,-0.878274,0.263525,0.696474,-0.103331,0.710103,0.003932,-0.803231,1.366991,0.101854,0.039612,-0.057507,0.189876,-0.413453,0.120419,0.864073,-0.260641,0.389631,19.360026,0.000000,1,0.021790,-6.000781,30.937154,55.755952,1.637094,54.631998,0.000001
12.941667,7.566667,1,-0.791878,1.429084,0.294112,-0.309851,-0.283724,0.152541,-0.894553,0.335771,0.037760,0.004822,-0.113480,0.400119,0.734354,0.536425,-0.398741,-0.878662,0.262599,0.697041,-0.104306,0.709404,0.004240,-0.803231,1.366991,0.101854,0.039748,-0.057545,0.189885,-0.412929,0.119903,0.864327,-0.260868,0.367542,19.270613,0.000000,1,0.022439,-5.983813,30.931229,55.770423,1.630591,54.643523,0.000001
12.975000,7.600000,1,-0.791913,1.429232,0.294108,-0.309189,-0.283409,0.152589,-0.894873,0.335674,0.037642,0.004816,-0.113493,0.399384,0.734616,0.536611,-0.398336,-0.879060,0.261881,0.697752,-0.105082,0.708591,0.004569,-0.803231,1.366991,0.101854,0.039889,-0.057601,0.189881,-0.412352,0.119451,0.864626,-0.260997,0.368216,19.212807,0.000000,1,0.022400,-5.967308,30.926822,55.786844,1.624324,54.655468,0.000001
13.008333,7.633333,1,-0.792028,1.429368,0.294165,-0.308998,-0.282852,0.152599,-0.895114,0.335634,0.037468,0.004871,-0.113079,0.398964,0.734825,0.536725,-0.398280,-0.879026,0.262081,0.698568,-0.105509,0.707722,0.005602,-0.803231,1.366991,0.101854,0.040066,-0.057590,0.189942,-0.411776,0.119531,0.864853,-0.261116,0.359819,19.217157,0.000000,1,0.022123,-5.940882,30.913308,55.800970,1.615587,54.668598,0.000001
13.041667,7.666667,1,-0.792259,1.429441,0.294313,-0.308981,-0.281752,0.152509,-0.895482,0.335715,0.037238,0.005017,-0.112102,0.398456,0.735192,0.536804,-0.398550,-0.878643,0.262952,0.699973,-0.106150,0.706237,0.008530,-0.803231,1.366991,0.101854,0.040255,-0.057453,0.190103,-0.410803,0.120014,0.865166,-0.261391,0.775856,19.132964,0.000000,1,0.021998,-5.903609,30.887694,55.805729,1.604167,54.680065,0.000001
13.075000,7.700000,1,-0.792480,1.429348,0.294569,-0.307883,-0.280340,0.152226,-0.896351,0.335922,0.037116,0.005272,-0.111328,0.396840,0.736089,0.536934,-0.398617,-0.878821,0.262258,0.702103,-0.108441,0.703770,0.010515,-0.803231,1.366991,0.101854,0.040300,-0.057237,0.190375,-0.409074,0.119675,0.865817,-0.262102,1.668146,18.930677,0.000000,1,0.022023,-5.881216,30.847777,55.799043,1.596861,54.689604,0.000001
13.108333,7.733333,1,-0.792532,1.429101,0.294889,-0.304834,-0.279232,0.151963,-0.897782,0.336150,0.037219,0.005594,-0.111696,0.393610,0.737472,0.537337,-0.397586,-0.880471,0.258257,0.704612,-0.112681,0.700589,0.012230,-0.803231,1.366991,0.101854,0.040122,-0.057073,0.190703,-0.406733,0.117450,0.866923,-0.263095,2.085993,18.681758,0.000000,1,0.021920,-5.893950,30.797304,55.791331,1.598920,54.701750,0.000001
13.141667,7.766667,1,-0.792492,1.428927,0.295143,-0.303564,-0.279207,0.151515,-0.898296,0.336264,0.037354,0.005849,-0.112241,0.392458,0.738126,0.537167,-0.397706,-0.881094,0.255935,0.704894,-0.114855,0.699952,0.009302,-0.803231,1.366991,0.101854,0.039951,-0.057022,0.190957,-0.406151,0.116333,0.867144,-0.263761,2.226752,18.491180,0.000000,1,0.021705,-5.913478,30.754208,55.794778,1.602724,54.717546,0.000001
13.175000,7.800000,1,-0.792423,1.428828,0.295393,-0.303468,-0.279611,0.150994,-0.898290,0.336302,0.037466,0.006100,-0.112648,0.392552,0.738353,0.536701,-0.398525,-0.880990,0.255018,0.704109,-0.115711,0.700601,0.008330,-0.803231,1.366991,0.101854,0.039825,-0.057036,0.191204,-0.406477,0.116075,0.866887,-0.264214,2.263178,18.306753,0.000000,1,0.021155,-5.930655,30.707588,55.810692,1.605891,54.740747,0.000001
13.208333,7.833333,1,-0.792346,1.428651,0.295859,-0.301112,-0.279000,0.150957,-0.899279,0.336397,0.037630,0.006568,-0.113151,0.390166,0.739243,0.537110,-0.397419,-0.882405,0.251832,0.705814,-0.118567,0.698404,0.015147,-0.803231,1.366991,0.101854,0.039625,-0.057027,0.191667,-0.404879,0.114242,0.867708,-0.264774,2.651850,18.052025,0.000000,1,0.019842,-5.954984,30.621718,55.837478,1.611026,54.780848,0.000000
13.241667,7.866667,1,-0.792265,1.428424,0.296586,-0.297307,-0.277648,0.151327,-0.900900,0.336528,0.037824,0.007297,-0.113635,0.386152,0.740509,0.538164,-0.394933,-0.884791,0.247331,0.709271,-0.122532,0.694205,0.022958,-0.803231,1.366991,0.101854,0.039376,-0.057009,0.192391,-0.401964,0.111438,0.869260,-0.265317,3.254347,17.689620,0.000000,1,0.018063,-5.983242,30.486651,55.883010,1.617243,54.844790,0.000000
13.275000,7.900000,1,-0.792287,1.428443,0.297299,-0.300148,-0.277994,0.150754,-0.899947,0.336526,0.037789,0.008009,-0.112680,0.388851,0.739925,0.537223,-0.397389,-0.882642,0.251049,0.707378,-0.120372,0.696510,0.021410,-0.803231,1.366991,0.101854,0.039388,-0.057048,0.193103,-0.403564,0.113838,0.868210,-0.265309,3.781669,17.144977,0.000000,1,0.016616,-5.977653,30.345770,55.952898,1.614454,54.922726,0.000000
13.308333,7.933333,1,-0.792344,1.428555,0.298056,-0.307992,-0.279778,0.149374,-0.896969,0.336469,0.037668,0.008766,-0.110788,0.396678,0.737914,0.534654,-0.403742,-0.876952,0.260667,0.701163,-0.113583,0.703896,0.023035,-0.803231,1.366991,0.101854,0.039495,-0.057116,0.193860,-0.408708,0.120087,0.865072,-0.264928,4.436903,16.565152,0.000000,1,0.015504,-5.959391,30.192788,56.037130,1.608377,55.011348,0.000000
13.341667,7.966667,1,-0.792162,1.428247,0.299198,-0.307964,-0.280535,0.148715,-0.896851,0.336605,0.037988,0.009911,-0.111481,0.396990,0.738104,0.534016,-0.404797,-0.876833,0.259429,0.699805,-0.114451,0.705106,0.035894,-0.803231,1.366991,0.101854,0.039113,-0.057160,0.194993,-0.409379,0.119733,0.864646,-0.265442,5.237094,15.872504,0.000000,1,0.014759,-6.006787,29.976423,56.119533,1.620017,55.117567,0.000000
13.375000,8.000000,1,-0.792034,1.427915,0.300274,-0.308725,-0.281347,0.147483,-0.896539,0.336792,0.038280,0.010989,-0.111875,0.398033,0.738379,0.532776,-0.407268,-0.875841,0.258913,0.697721,-0.115439,0.707007,0.033991,-0.803231,1.366991,0.101854,0.038743,-0.057142,0.196064,-0.410471,0.120074,0.863801,-0.266354,6.061764,15.181976,0.000000,1,0.015073,-6.049162,29.775399,56.187501,1.630545,55.211537,0.000000
13.408333,8.033333,1,-0.792125,1.427838,0.301073,-0.316025,-0.283111,0.145225,-0.893804,0.336908,0.038246,0.011788,-0.110211,0.405362,0.736975,0.529531,-0.414901,-0.869853,0.266858,0.691151,-0.110557,0.714204,0.024238,-0.803231,1.366991,0.101854,0.038715,-0.057075,0.196869,-0.415374,0.125866,0.860464,-0.266879,6.558803,14.512006,0.000000,1,0.015437,-6.041700,29.623549,56.245883,1.627908,55.285676,0.000000
13.441667,8.066667,1,-0.792130,1.427689,0.302046,-0.320597,-0.284165,0.143785,-0.892073,0.337028,0.038322,0.012762,-0.109123,0.409929,0.736091,0.527467,-0.419742,-0.865992,0.271798,0.687061,-0.107475,0.718607,0.029541,-0.803231,1.366991,0.101854,0.038574,-0.057049,0.197843,-0.418398,0.129517,0.858347,-0.267223,6.928596,13.833444,0.000000,1,0.014249,-6.051229,29.438624,56.317640,1.629849,55.376435,0.000000
13.475000,8.100000,1,-0.792000,1.427373,0.303223,-0.323069,-0.284842,0.142809,-0.891121,0.337201,0.038605,0.013942,-0.108632,0.412446,0.735686,0.526168,-0.422692,-0.863799,0.274194,0.684580,-0.106070,0.721179,0.036761,-0.803231,1.366991,0.101854,0.038213,-0.057048,0.199014,-0.420134,0.131448,0.857096,-0.267574,7.739693,13.188558,0.000000,1,0.013507,-6.092068,29.217604,56.395966,1.640260,55.481250,0.000000
13.508333,8.133333,1,-0.791798,1.426910,0.304418,-0.325397,-0.285927,0.141587,-0.890121,0.337448,0.039034,0.015142,-0.108571,0.415016,0.735349,0.524629,-0.425954,-0.861688,0.275784,0.681453,-0.105052,0.724283,0.038938,-0.803231,1.366991,0.101854,0.037692,-0.057023,0.200202,-0.422169,0.133070,0.855675,-0.268116,8.644932,12.415335,0.000000,1,0.013890,-6.154396,28.997494,56.461097,1.656612,55.578915,0.000000
13.541667,8.166667,1,-0.791550,1.426386,0.305461,-0.327156,-0.286911,0.140262,-0.889369,0.337716,0.039537,0.016190,-0.108675,0.417030,0.735277,0.523109,-0.429094,-0.859901,0.276492,0.678619,-0.104886,0.726963,0.035785,-0.803231,1.366991,0.101854,0.037097,-0.056990,0.201236,-0.423863,0.134230,0.854416,-0.268880,9.693786,11.750652,0.000000,1,0.014792,-6.228087,28.809242,56.506398,1.676166,55.656844,0.000000
13.575000,8.200000,1,-0.791289,1.425891,0.306367,-0.327649,-0.287579,0.139438,-0.889101,0.337953,0.040034,0.017101,-0.109056,0.417770,0.735408,0.522255,-0.430713,-0.859262,0.275963,0.677020,-0.105436,0.728373,0.031930,-0.803231,1.366991,0.101854,0.036523,-0.056975,0.202132,-0.424695,0.134389,0.853795,-0.269460,10.602946,11.196798,0.000000,1,0.015173,-6.301253,28.646446,56.543520,1.695637,55.722965,0.000000
13.608333,8.233333,1,-0.791037,1.425500,0.307169,-0.327507,-0.288239,0.139452,-0.888938,0.338114,0.040463,0.017907,-0.109710,0.417938,0.735256,0.522197,-0.430548,-0.859602,0.275161,0.676194,-0.105277,0.729163,0.027826,-0.803231,1.366991,0.101854,0.036040,-0.057006,0.202923,-0.425211,0.133963,0.853636,-0.269361,11.180804,10.763627,0.000000,1,0.014983,-6.365025,28.499580,56.584294,1.712573,55.786237,0.000000
13.641667,8.266667,1,-0.790786,1.425190,0.307838,-0.327340,-0.288955,0.139660,-0.888734,0.338209,0.040844,0.018580,-0.110425,0.418109,0.734981,0.522296,-0.430026,-0.860096,0.274433,0.675416,-0.104783,0.729954,0.023388,-0.803231,1.366991,0.101854,0.035626,-0.057075,0.203580,-0.425760,0.133486,0.853529,-0.269070,11.663816,10.477250,0.000000,1,0.015146,-6.422551,28.375047,56.623858,1.727857,55.842242,0.000000
13.675000,8.300000,1,-0.790536,1.424929,0.308572,-0.327432,-0.289601,0.139821,-0.888465,0.338267,0.041194,0.019317,-0.110962,0.418481,0.734670,0.522323,-0.429733,-0.860341,0.274123,0.674599,-0.104105,0.730807,0.024516,-0.803231,1.366991,0.101854,0.035252,-0.057175,0.204300,-0.426365,0.133273,0.853349,-0.268786,12.100756,10.133354,0.000000,1,0.014273,-6.475598,28.235944,56.675693,1.741928,55.908951,0.000000
13.708333,8.333333,1,-0.790352,1.424660,0.309580,-0.327877,-0.290145,0.139793,-0.888127,0.338370,0.041493,0.020328,-0.111251,0.419124,0.734384,0.522148,-0.429968,-0.860171,0.274288,0.673659,-0.103392,0.731775,0.031795,-0.803231,1.366991,0.101854,0.034903,-0.057235,0.205299,-0.427045,0.133427,0.853034,-0.268632,12.479459,8.513995,0.000000,1,0.012564,-6.519820,28.045367,56.745831,1.753666,56.000394,0.000000
13.741667,8.366667,1,-0.790274,1.424386,0.310780,-0.329593,-0.291047,0.139370,-0.887263,0.338541,0.041708,0.021531,-0.111296,0.421065,0.733808,0.521386,-0.431539,-0.858920,0.275735,0.671469,-0.101721,0.734018,0.037008,-0.803231,1.366991,0.101854,0.034607,-0.057218,0.206496,-0.428622,0.134567,0.852090,-0.268546,13.532124,7.571083,0.000000,1,0.011476,-6.549676,27.820614,56.823452,1.761654,56.105752,0.000000
13.775000,8.400000,1,-0.790203,1.423979,0.312054,-0.332017,-0.292134,0.138719,-0.886104,0.338821,0.041998,0.022808,-0.111192,0.423723,0.733074,0.520287,-0.433876,-0.857046,0.277891,0.668588,-0.099521,0.736944,0.040177,-0.803231,1.366991,0.101854,0.034205,-0.057124,0.207770,-0.430685,0.136263,0.850792,-0.268506,14.518909,6.695777,0.000000,1,0.011652,-6.588967,27.588065,56.888004,1.772378,56.206616,0.000000
13.808333,8.433333,1,-0.790069,1.423337,0.313434,-0.333898,-0.292692,0.138031,-0.885320,0.339252,0.042478,0.024193,-0.110856,0.425657,0.732689,0.519321,-0.436034,-0.855374,0.279659,0.666627,-0.098244,0.738889,0.045828,-0.803231,1.366991,0.101854,0.033572,-0.056951,0.209150,-0.432041,0.137712,0.849811,-0.268696,15.608008,5.479620,0.000000,1,0.012297,-6.654938,27.345050,56.932831,1.790481,56.300439,0.000000
13.841667,8.466667,1,-0.789939,1.422522,0.314971,-0.336015,-0.293199,0.137017,-0.884508,0.339822,0.043058,0.025736,-0.110371,0.427781,0.732425,0.518050,-0.438886,-0.853295,0.281546,0.664436,-0.097257,0.740990,0.052335,-0.803231,1.366991,0.101854,0.032797,-0.056687,0.210690,-0.433467,0.139403,0.848662,-0.269159,16.697696,4.671858,0.000000,1,0.012568,-6.733777,27.080841,56.965541,1.812160,56.394355,0.000000
13.875000,8.500000,1,-0.789833,1.421647,0.316559,-0.339758,-0.293800,0.135743,-0.883074,0.340456,0.043654,0.027330,-0.109247,0.431403,0.731728,0.516267,-0.443068,-0.849792,0.285560,0.661274,-0.094721,0.744140,0.054474,-0.803231,1.366991,0.101854,0.031985,-0.056371,0.212283,-0.435713,0.142516,0.846877,-0.269523,18.087941,4.135600,0.000000,1,0.012612,-6.813606,26.811451,56.990529,1.834120,56.485846,0.000000
13.908333,8.533333,1,-0.789683,1.420702,0.318071,-0.343641,-0.293632,0.134908,-0.881755,0.341119,0.044328,0.028850,-0.107370,0.434807,0.730937,0.514923,-0.446653,-0.846123,0.290823,0.659382,-0.091594,0.746208,0.053700,-0.803231,1.366991,0.101854,0.031093,-0.056045,0.213800,-0.437333,0.146092,0.845418,-0.269566,19.595841,3.858914,0.000000,1,0.013035,-6.904683,26.559770,57.001050,1.859100,56.564614,0.000000
13.941667,8.566667,1,-0.789517,1.419688,0.319508,-0.346976,-0.293179,0.134160,-0.880712,0.341828,0.045057,0.030294,-0.105482,0.437594,0.730352,0.513781,-0.449806,-0.842799,0.295577,0.658165,-0.089082,0.747585,0.052987,-0.803231,1.366991,0.101854,0.030136,-0.055688,0.215241,-0.438454,0.149304,0.844239,-0.269678,20.894995,3.817299,0.000000,1,0.013574,-7.003132,26.327166,56.994741,1.886046,56.628979,0.000000
13.975000,8.600000,1,-0.789366,1.418644,0.320918,-0.350778,-0.293281,0.132873,-0.879367,0.342569,0.045792,0.031712,-0.103885,0.441045,0.729739,0.512023,-0.454081,-0.838922,0.300033,0.655651,-0.086623,0.750079,0.052823,-0.803231,1.366991,0.101854,0.029165,-0.055300,0.216658,-0.440287,0.152696,0.842541,-0.270105,22.277299,3.657545,0.000000,1,0.013768,-7.101521,26.102844,56.979217,1.912885,56.686126,0.000000
14.008333,8.633333,1,-0.789279,1.417614,0.322305,-0.355062,-0.293914,0.131364,-0.877661,0.343338,0.046469,0.033107,-0.102549,0.445166,0.728907,0.509907,-0.458957,-0.834652,0.304489,0.652046,-0.083644,0.753551,0.051912,-0.803231,1.366991,0.101854,0.028241,-0.054866,0.218055,-0.442808,0.156286,0.840419,-0.270540,23.639957,3.063819,0.000000,1,0.013787,-7.189992,25.885461,56.956844,1.936949,56.737624,0.000000
14.041667,8.666667,1,-0.789244,1.416524,0.323715,-0.358483,-0.294196,0.130410,-0.876317,0.344186,0.047139,0.034523,-0.101282,0.448359,0.728146,0.508449,-0.462443,-0.831271,0.308439,0.649629,-0.080908,0.755934,0.053459,-0.803231,1.366991,0.101854,0.027299,-0.054357,0.219480,-0.444618,0.159249,0.838861,-0.270677,25.147718,2.717138,0.000000,1,0.014123,-7.275723,25.669794,56.922144,1.960205,56.782205,0.000000
14.075000,8.700000,1,-0.789306,1.415069,0.325509,-0.353063,-0.293825,0.133036,-0.878245,0.345384,0.047948,0.036327,-0.103353,0.443338,0.728675,0.511667,-0.455031,-0.837318,0.303062,0.654037,-0.083297,0.751863,0.069328,-0.803231,1.366991,0.101854,0.026107,-0.053582,0.221301,-0.441787,0.154497,0.841660,-0.269376,26.537061,2.781525,0.000000,1,0.015741,-7.375143,25.404393,56.857114,1.987244,56.825972,0.000000
14.108333,8.733333,1,-0.789668,1.412841,0.328284,-0.325900,-0.291625,0.143556,-0.887770,0.347377,0.048973,0.039114,-0.113442,0.418023,0.732378,0.525367,-0.422241,-0.864377,0.273066,0.674692,-0.098493,0.731498,0.107311,-0.803231,1.366991,0.101854,0.024433,-0.052182,0.224136,-0.427353,0.130906,0.854361,-0.265142,27.976598,2.830924,0.000000,1,0.022218,-7.490905,25.005343,56.733747,2.019035,56.879421,0.000000
14.141667,8.766667,1,-0.789983,1.410662,0.331061,-0.300319,-0.289100,0.152745,-0.896046,0.349305,0.050006,0.041903,-0.122541,0.393981,0.735566,0.537314,-0.392555,-0.887017,0.243109,0.693902,-0.112146,0.711283,0.106321,-0.803231,1.366991,0.101854,0.022773,-0.050847,0.226968,-0.413357,0.108932,0.865387,-0.261485,29.486625,2.885981,0.000000,1,0.021639,-7.607768,24.608489,56.614058,2.050478,56.934221,0.000000
14.175000,8.800000,1,-0.789995,1.409019,0.333157,-0.291770,-0.288396,0.155255,-0.898662,0.350622,0.050965,0.044010,-0.125710,0.386009,0.736747,0.540739,-0.383598,-0.893825,0.232227,0.699724,-0.117198,0.704734,0.079900,-0.803231,1.366991,0.101854,0.021391,-0.050024,0.229091,-0.408814,0.101543,0.868678,-0.260688,30.966219,2.814147,0.000000,1,0.016353,-7.724709,24.305268,56.537991,2.080819,56.983919,0.000000
14.208333,8.833333,1,-0.789946,1.407584,0.334852,-0.290145,-0.288494,0.155544,-0.899107,0.351737,0.051851,0.045715,-0.126520,0.384596,0.737009,0.541199,-0.382193,-0.895055,0.229793,0.700418,-0.118379,0.703847,0.066648,-0.803231,1.366991,0.101854,0.020153,-0.049345,0.230806,-0.408159,0.100037,0.869165,-0.260674,32.219714,2.812455,0.000000,1,0.015340,-7.834424,24.065874,56.463839,2.108802,57.015438,0.000000
14.241667,8.866667,1,-0.789888,1.406136,0.336304,-0.289745,-0.288762,0.155902,-0.899088,0.352857,0.052756,0.047175,-0.126937,0.384359,0.736831,0.541512,-0.381302,-0.895585,0.229208,0.700427,-0.118065,0.703891,0.061533,-0.803231,1.366991,0.101854,0.018904,-0.048651,0.232277,-0.408204,0.099550,0.869296,-0.260352,33.917899,2.895250,0.000000,1,0.016127,-7.946337,23.875288,56.367524,2.137194,57.020646,0.000000
14.275000,8.900000,1,-0.789798,1.404661,0.337576,-0.289971,-0.289459,0.156189,-0.898741,0.353980,0.053703,0.048458,-0.127459,0.384874,0.736394,0.541617,-0.380810,-0.895800,0.229188,0.699576,-0.117045,0.704907,0.058488,-0.803231,1.366991,0.101854,0.017619,-0.047955,0.233568,-0.408911,0.099432,0.869108,-0.259916,34.767961,2.967116,0.000000,1,0.016945,-8.064044,23.721258,56.254107,2.166862,57.005933,0.000000
14.308333,8.933333,1,-0.789728,1.403261,0.338796,-0.289491,-0.289970,0.156520,-0.898674,0.355054,0.054590,0.049687,-0.128130,0.384673,0.736185,0.541887,-0.379883,-0.896434,0.228244,0.699281,-0.116771,0.705245,0.055741,-0.803231,1.366991,0.101854,0.016408,-0.047283,0.234807,-0.409135,0.098764,0.869176,-0.259591,35.711518,2.929876,0.000000,1,0.016717,-8.173188,23.575109,56.144496,2.193905,56.990878,0.000000
14.341667,8.966667,1,-0.789690,1.401982,0.339949,-0.288852,-0.290221,0.156510,-0.898800,0.356051,0.055379,0.050849,-0.128639,0.384213,0.736300,0.541936,-0.379515,-0.896905,0.227004,0.699206,-0.117371,0.705220,0.051682,-0.803231,1.366991,0.101854,0.015315,-0.046650,0.235978,-0.409068,0.098080,0.869262,-0.259668,36.508454,2.733616,0.000000,1,0.016233,-8.268984,23.436724,56.043728,2.217086,56.978133,0.000000
14.375000,9.000000,1,-0.789712,1.400771,0.341030,-0.287980,-0.290215,0.156487,-0.899085,0.357031,0.056080,0.051939,-0.129023,0.383429,0.736562,0.542045,-0.379081,-0.897441,0.225604,0.699556,-0.118340,0.704710,0.048718,-0.803231,1.366991,0.101854,0.014315,-0.046004,0.237082,-0.408670,0.097301,0.869485,-0.259841,37.315148,2.604739,0.000000,1,0.016239,-8.351736,23.310800,55.941852,2.236633,56.961014,0.000000
14.408333,9.033333,1,-0.789783,1.399586,0.342055,-0.287138,-0.290450,0.156763,-0.899231,0.358019,0.056726,0.052971,-0.129607,0.382780,0.736565,0.542359,-0.378098,-0.898188,0.224279,0.699744,-0.118653,0.704472,0.047038,-0.803231,1.366991,0.101854,0.013365,-0.045328,0.238131,-0.408489,0.096436,0.869715,-0.259678,38.258924,2.562756,0.000000,1,0.016500,-8.425899,23.196980,55.834542,2.253760,56.937367,0.000000
14.441667,9.066667,1,-0.789889,1.398438,0.343053,-0.286751,-0.291006,0.157052,-0.899124,0.358998,0.057323,0.053975,-0.130276,0.382682,0.736340,0.542573,-0.377286,-0.898745,0.223412,0.699328,-0.118337,0.704937,0.045743,-0.803231,1.366991,0.101854,0.012466,-0.044644,0.239155,-0.408795,0.095833,0.869730,-0.259369,39.077464,2.485123,0.000000,1,0.016540,-8.492799,23.088414,55.726858,2.268779,56.911936,0.000000
14.475000,9.100000,1,-0.789979,1.397328,0.344014,-0.286301,-0.291289,0.157395,-0.899116,0.359938,0.057910,0.054943,-0.130729,0.382407,0.736178,0.542878,-0.376386,-0.899293,0.222722,0.699327,-0.118096,0.704978,0.044148,-0.803231,1.366991,0.101854,0.011590,-0.043991,0.240141,-0.408832,0.095295,0.869862,-0.259066,39.934637,2.446691,0.000000,1,0.016459,-8.558685,22.984722,55.622488,2.283267,56.886836,0.000000
14.508333,9.133333,1,-0.789985,1.396241,0.344909,-0.285389,-0.291246,0.157670,-0.899372,0.360809,0.058550,0.055845,-0.131095,0.381571,0.736280,0.543240,-0.375410,-0.899997,0.221523,0.699909,-0.118589,0.704318,0.042234,-0.803231,1.366991,0.101854,0.010686,-0.043417,0.241055,-0.408375,0.094493,0.870195,-0.258963,41.424271,2.129869,0.000000,1,0.016429,-8.633689,22.889938,55.522697,2.299800,56.861612,0.000000
14.541667,9.166667,1,-0.789908,1.395142,0.345726,-0.285115,-0.291376,0.157476,-0.899450,0.361639,0.059266,0.056670,-0.131335,0.381383,0.736436,0.543102,-0.375583,-0.900098,0.220820,0.699742,-0.119174,0.704385,0.041148,-0.803231,1.366991,0.101854,0.009725,-0.042899,0.241886,-0.408371,0.094192,0.870166,-0.259175,42.403540,1.686696,0.000000,1,0.016741,-8.720181,22.808206,55.421452,2.319043,56.831853,0.000000
14.575000,9.200000,1,-0.789848,1.394016,0.346512,-0.285423,-0.291968,0.157050,-0.899235,0.362502,0.059983,0.057463,-0.131729,0.381923,0.736436,0.542627,-0.376406,-0.899842,0.220463,0.698600,-0.119381,0.705483,0.041227,-0.803231,1.366991,0.101854,0.008754,-0.042348,0.242687,-0.409043,0.094210,0.869772,-0.259433,43.182570,1.661363,0.000000,1,0.017253,-8.805939,22.735861,55.311447,2.337986,56.794687,0.000000
14.608333,9.233333,1,-0.789880,1.392914,0.347281,-0.285748,-0.292717,0.156803,-0.898931,0.363400,0.060614,0.058239,-0.132257,0.382549,0.736277,0.542273,-0.376896,-0.899716,0.220137,0.697338,-0.119192,0.706763,0.040330,-0.803231,1.366991,0.101854,0.007855,-0.041736,0.243477,-0.409855,0.094167,0.869378,-0.259487,43.972867,1.825169,0.000000,1,0.017539,-8.878011,22.669405,55.195685,2.353328,56.752634,0.000000
14.641667,9.266667,1,-0.789986,1.391840,0.348007,-0.286151,-0.293217,0.156566,-0.898682,0.364321,0.061168,0.058972,-0.132525,0.383133,0.736162,0.541952,-0.377450,-0.899478,0.220159,0.696379,-0.118995,0.707740,0.039023,-0.803231,1.366991,0.101854,0.007023,-0.041077,0.244229,-0.410483,0.094307,0.869045,-0.259560,44.679516,1.848121,0.000000,1,0.017889,-8.938286,22.612714,55.074414,2.365540,56.704676,0.000000
14.675000,9.300000,1,-0.790130,1.390708,0.348710,-0.286117,-0.293146,0.156492,-0.898728,0.365311,0.061728,0.059681,-0.132477,0.383071,0.736236,0.541907,-0.377574,-0.899439,0.220108,0.696446,-0.119188,0.707642,0.040197,-0.803231,1.366991,0.101854,0.006166,-0.040352,0.244960,-0.410407,0.094311,0.869053,-0.259650,45.434638,1.764780,0.000000,1,0.018731,-8.997590,22.566732,54.938898,2.377420,56.645983,0.000000
14.708333,9.333333,1,-0.790279,1.389529,0.349393,-0.285246,-0.292753,0.156683,-0.899100,0.366342,0.062312,0.060371,-0.132513,0.382115,0.736479,0.542242,-0.376827,-0.899971,0.219212,0.697430,-0.119923,0.706548,0.041133,-0.803231,1.366991,0.101854,0.005274,-0.039594,0.245674,-0.409664,0.093705,0.869460,-0.259683,46.133529,1.662266,0.000000,1,0.019425,-9.059174,22.528912,54.793460,2.389706,56.579641,0.000000
14.741667,9.366667,1,-0.790389,1.388330,0.349982,-0.284344,-0.292054,0.157113,-0.899538,0.367365,0.062940,0.060966,-0.132287,0.380994,0.736674,0.542821,-0.375690,-0.900566,0.218719,0.698964,-0.120377,0.704953,0.040201,-0.803231,1.366991,0.101854,0.004346,-0.038850,0.246291,-0.408629,0.093204,0.870042,-0.259541,47.064032,1.665835,0.000000,1,0.020148,-9.127068,22.509690,54.640600,2.403325,56.503912,0.000000
14.775000,9.400000,1,-0.790437,1.387066,0.350491,-0.283941,-0.291476,0.157457,-0.899793,0.368403,0.063657,0.061484,-0.131948,0.380375,0.736746,0.543241,-0.374958,-0.900840,0.218847,0.700082,-0.120409,0.703837,0.040913,-0.803231,1.366991,0.101854,0.003330,-0.038114,0.246826,-0.407929,0.093096,0.870431,-0.259376,47.872216,1.666118,0.000000,1,0.021147,-9.207149,22.508331,54.476330,2.419750,56.416969,0.000000
14.808333,9.433333,1,-0.790484,1.385728,0.351011,-0.283558,-0.291240,0.157341,-0.900010,0.369499,0.064421,0.062012,-0.131907,0.379926,0.736990,0.543234,-0.374996,-0.900945,0.218348,0.700485,-0.121108,0.703316,0.043094,-0.803231,1.366991,0.101854,0.002252,-0.037338,0.247373,-0.407552,0.092863,0.870568,-0.259594,48.755392,1.370182,0.000000,1,0.022027,-9.292056,22.511375,54.300614,2.437156,56.322745,0.000000
14.841667,9.466667,1,-0.790604,1.384319,0.351585,-0.282600,-0.290632,0.157211,-0.900530,0.370696,0.065166,0.062594,-0.131790,0.378795,0.737508,0.543348,-0.374808,-0.901291,0.217242,0.701605,-0.122574,0.701945,0.045766,-0.803231,1.366991,0.101854,0.001159,-0.036464,0.247980,-0.406589,0.092283,0.870963,-0.259986,49.794838,1.244626,0.000000,1,0.022956,-9.371722,22.513536,54.110998,2.453080,56.221405,0.000000
14.875000,9.500000,1,-0.790739,1.382802,0.352205,-0.281424,-0.289757,0.157508,-0.901129,0.371988,0.065966,0.063223,-0.131530,0.377350,0.737905,0.543879,-0.373792,-0.901926,0.216352,0.703396,-0.123606,0.699968,0.049341,-0.803231,1.366991,0.101854,-0.000016,-0.035518,0.248636,-0.405280,0.091619,0.871624,-0.260048,50.946821,1.197103,0.000000,1,0.024130,-9.456421,22.517164,53.905459,2.470011,56.111255,0.000000
14.908333,9.533333,1,-0.790858,1.381206,0.352838,-0.280247,-0.289594,0.157856,-0.901487,0.373334,0.066826,0.063866,-0.131907,0.376223,0.738064,0.544351,-0.372565,-0.902785,0.214884,0.704280,-0.124276,0.698960,0.051645,-0.803231,1.366991,0.101854,-0.001265,-0.034541,0.249306,-0.404596,0.090632,0.872079,-0.259936,52.019046,1.209336,0.000000,1,0.025147,-9.547808,22.525011,53.688691,2.488244,55.993990,0.000000
14.941667,9.566667,1,-0.790964,1.379594,0.353448,-0.279068,-0.289692,0.157897,-0.901814,0.374684,0.067705,0.064486,-0.132520,0.375209,0.738333,0.544537,-0.371836,-0.903545,0.212943,0.704654,-0.125395,0.698383,0.051793,-0.803231,1.366991,0.101854,-0.002533,-0.033564,0.249951,-0.404149,0.089531,0.872358,-0.260077,52.696040,1.219441,0.000000,1,0.025815,-9.641306,22.539581,53.467642,2.506560,55.872532,0.000000
14.975000,9.600000,1,-0.791025,1.377977,0.353956,-0.278291,-0.289469,0.157888,-0.902127,0.376011,0.068624,0.065004,-0.132666,0.374413,0.738614,0.544669,-0.371471,-0.903944,0.211884,0.705255,-0.126301,0.697612,0.050867,-0.803231,1.366991,0.101854,-0.003830,-0.032614,0.250493,-0.403602,0.088937,0.872619,-0.260254,53.998658,1.241085,0.000000,1,0.026659,-9.740491,22.572711,53.241434,2.525801,55.742991,0.000000
15.008333,9.633333,1,-0.791011,1.376283,0.354421,-0.277977,-0.289500,0.158187,-0.902161,0.377356,0.069651,0.065480,-0.132834,0.374147,0.738510,0.544952,-0.370764,-0.904304,0.211586,0.705506,-0.126082,0.697398,0.052725,-0.803231,1.366991,0.101854,-0.005232,-0.031677,0.250988,-0.403480,0.088635,0.872778,-0.260011,55.121305,1.258598,0.000000,1,0.027859,-9.853645,22.618105,53.004784,2.547993,55.604507,0.000000
15.041667,9.666667,1,-0.790977,1.374517,0.354891,-0.278017,-0.290135,0.158160,-0.901950,0.378745,0.070736,0.065962,-0.133384,0.374467,0.738334,0.544836,-0.370724,-0.904438,0.211082,0.704646,-0.125856,0.698308,0.054815,-0.803231,1.366991,0.101854,-0.006703,-0.030716,0.251487,-0.404057,0.088385,0.872563,-0.259922,56.127323,1.359235,0.000000,1,0.028997,-9.973244,22.668796,52.757685,2.571317,55.459060,0.000000
15.075000,9.700000,1,-0.790956,1.372750,0.355377,-0.277507,-0.290323,0.158215,-0.902037,0.380143,0.071811,0.066460,-0.133780,0.374093,0.738385,0.544926,-0.370317,-0.904823,0.210145,0.704639,-0.126219,0.698250,0.054979,-0.803231,1.366991,0.101854,-0.008169,-0.029745,0.252004,-0.403990,0.087842,0.872649,-0.259922,57.267592,1.402497,0.000000,1,0.029568,-10.090407,22.718983,52.508994,2.593567,55.312978,0.000000
15.108333,9.733333,1,-0.790900,1.371078,0.355926,-0.275798,-0.289910,0.159037,-0.902549,0.381444,0.072857,0.067021,-0.134168,0.372379,0.738469,0.545891,-0.368004,-0.906169,0.208399,0.706324,-0.126674,0.696462,0.052824,-0.803231,1.366991,0.101854,-0.009579,-0.028861,0.252580,-0.402832,0.086483,0.873451,-0.259480,58.432448,1.427086,0.000000,1,0.028793,-10.205044,22.750471,52.281370,2.614532,55.183594,0.000000
15.141667,9.766667,1,-0.790805,1.369438,0.356470,-0.274322,-0.289680,0.159715,-0.902953,0.382697,0.073915,0.067576,-0.134617,0.370955,0.738520,0.546680,-0.366039,-0.907342,0.206753,0.707594,-0.127067,0.695100,0.051929,-0.803231,1.366991,0.101854,-0.010985,-0.028026,0.253147,-0.401945,0.085252,0.874092,-0.259105,59.404759,1.513928,0.000000,1,0.028901,-10.321757,22.780246,52.060470,2.635494,55.058357,0.000000
15.175000,9.800000,1,-0.790722,1.367790,0.356981,-0.274013,-0.290016,0.159659,-0.902949,0.383962,0.074967,0.068098,-0.135056,0.370828,0.738541,0.546630,-0.365912,-0.907582,0.205923,0.707252,-0.127365,0.695394,0.051802,-0.803231,1.366991,0.101854,-0.012389,-0.027176,0.253682,-0.402103,0.084824,0.874047,-0.259153,60.389195,1.538478,0.000000,1,0.029665,-10.436857,22.818235,51.834363,2.655743,54.928004,0.000000
15.208333,9.833333,1,-0.790668,1.366184,0.357465,-0.274267,-0.290306,0.159601,-0.902789,0.385212,0.075973,0.068593,-0.135203,0.371185,0.738425,0.546507,-0.366101,-0.907480,0.206036,0.706738,-0.127103,0.695964,0.050377,-0.803231,1.366991,0.101854,-0.013743,-0.026324,0.254192,-0.402474,0.084922,0.873877,-0.259119,61.457775,1.500323,0.000000,1,0.030026,-10.545234,22.860293,51.609632,2.674040,54.797201,0.000000
15.241667,9.866667,1,-0.790600,1.364568,0.357919,-0.274227,-0.290300,0.159769,-0.902773,0.386460,0.076995,0.069058,-0.135214,0.371148,0.738336,0.546650,-0.365781,-0.907592,0.206109,0.706855,-0.126845,0.695893,0.050377,-0.803231,1.366991,0.101854,-0.015112,-0.025476,0.254671,-0.402446,0.084886,0.873939,-0.258963,62.284864,1.446945,0.000000,1,0.030741,-10.655299,22.909285,51.381587,2.692380,54.662707,0.000000
15.275000,9.900000,1,-0.790515,1.362970,0.358325,-0.273838,-0.290383,0.159651,-0.902885,0.387685,0.078021,0.069475,-0.135463,0.370836,0.738487,0.546596,-0.365766,-0.907777,0.205320,0.706839,-0.127427,0.695802,0.049522,-0.803231,1.366991,0.101854,-0.016474,-0.024649,0.255100,-0.402347,0.084502,0.873973,-0.259127,63.227487,1.416994,0.000000,1,0.031313,-10.765785,22.966198,51.153373,2.710433,54.525924,0.000000
15.308333,9.933333,1,-0.790453,1.361403,0.358682,-0.273073,-0.290111,0.159766,-0.903184,0.388899,0.079010,0.069843,-0.135560,0.370029,0.738700,0.546832,-0.365197,-0.908211,0.204411,0.707567,-0.128107,0.694937,0.048260,-0.803231,1.366991,0.101854,-0.017798,-0.023818,0.255481,-0.401759,0.083938,0.874280,-0.259188,64.189614,1.388988,0.000000,1,0.031896,-10.870989,23.031349,50.924146,2.726934,54.386271,0.000000
15.341667,9.966667,1,-0.790415,1.359809,0.358986,-0.271856,-0.289183,0.160327,-0.903749,0.390149,0.079997,0.070157,-0.135269,0.368524,0.738948,0.547584,-0.363708,-0.908972,0.203683,0.709573,-0.128683,0.692782,0.048697,-0.803231,1.366991,0.101854,-0.019128,-0.022948,0.255812,-0.400378,0.083257,0.875034,-0.259001,65.124457,1.421788,0.000000,1,0.033083,-10.974450,23.110283,50.684263,2.742787,54.237068,0.000000
15.375000,10.000000,1,-0.790457,1.358188,0.359179,-0.270888,-0.288774,0.160668,-0.904110,0.391469,0.080937,0.070361,-0.135332,0.367474,0.739114,0.548050,-0.362652,-0.909605,0.202736,0.710681,-0.129208,0.691548,0.049004,-0.803231,1.366991,0.101854,-0.020431,-0.021990,0.256039,-0.399571,0.082568,0.875498,-0.258898,66.103585,1.420288,0.000000,1,0.034855,-11.069340,23.215733,50.425237,2.756514,54.070147,0.000000
15.408333,10.033333,1,-0.790617,1.356491,0.359268,-0.270528,-0.288512,0.160919,-0.904257,0.392920,0.081830,0.070460,-0.135257,0.367034,0.739131,0.548340,-0.362059,-0.909878,0.202574,0.711302,-0.129219,0.690907,0.051200,-0.803231,1.366991,0.101854,-0.021727,-0.020887,0.256170,-0.399170,0.082359,0.875742,-0.258759,67.311220,1.421060,0.000000,1,0.037343,-11.154109,23.352327,50.136561,2.767843,53.878631,0.000000
15.441667,10.066667,1,-0.790821,1.354684,0.359249,-0.270672,-0.288346,0.161118,-0.904231,0.394486,0.082754,0.070452,-0.135044,0.367090,0.739020,0.548505,-0.361810,-0.909859,0.203101,0.711566,-0.128774,0.690718,0.054548,-0.803231,1.366991,0.101854,-0.023083,-0.019676,0.256198,-0.399084,0.082558,0.875818,-0.258570,68.398007,0.764909,0.000000,1,0.040095,-11.239739,23.520702,49.817829,2.779123,53.662326,0.000000
15.475000,10.100000,1,-0.790949,1.352840,0.359215,-0.270645,-0.288105,0.161628,-0.904225,0.396036,0.083761,0.070428,-0.134837,0.366959,0.738786,0.548958,-0.360927,-0.910085,0.203658,0.712166,-0.127972,0.690248,0.055458,-0.803231,1.366991,0.101854,-0.024514,-0.018505,0.256207,-0.398845,0.082633,0.876053,-0.258121,69.568847,0.854666,0.000000,1,0.041214,-11.336239,23.693569,49.496273,2.792201,53.443641,0.000000
15.508333,10.133333,1,-0.790978,1.350929,0.359148,-0.270227,-0.287578,0.162285,-0.904400,0.397580,0.084889,0.070374,-0.134549,0.366350,0.738647,0.549623,-0.359623,-0.910538,0.203941,0.713370,-0.127405,0.689109,0.057362,-0.803231,1.366991,0.101854,-0.026055,-0.017374,0.256178,-0.398175,0.082483,0.876513,-0.257641,70.770993,0.788587,0.000000,1,0.042683,-11.448140,23.875100,49.167929,2.808076,53.219362,0.000000
15.541667,10.166667,1,-0.790931,1.348931,0.358919,-0.269906,-0.286812,0.162649,-0.904674,0.399148,0.086131,0.070159,-0.134005,0.365721,0.738726,0.550068,-0.358936,-0.910716,0.204356,0.714683,-0.127348,0.687758,0.060360,-0.803231,1.366991,0.101854,-0.027708,-0.016244,0.255985,-0.397346,0.082534,0.876935,-0.257469,71.874507,0.841722,0.000000,1,0.045355,-11.573917,24.091046,48.818689,2.826475,52.974844,0.000000
15.575000,10.200000,1,-0.790834,1.346844,0.358524,-0.270000,-0.285864,0.162716,-0.904934,0.400757,0.087468,0.069778,-0.133114,0.365380,0.738928,0.550239,-0.359036,-0.910449,0.205370,0.715900,-0.127469,0.686468,0.063807,-0.803231,1.366991,0.101854,-0.029459,-0.015092,0.255623,-0.396552,0.083045,0.877222,-0.257549,73.022396,0.981703,0.000000,1,0.048371,-11.710384,24.343646,48.445490,2.846652,52.707951,0.000000
15.608333,10.233333,1,-0.790697,1.344658,0.358055,-0.270069,-0.285168,0.162891,-0.905101,0.402420,0.088897,0.069324,-0.132459,0.365132,0.738999,0.550467,-0.358881,-0.910319,0.206212,0.716860,-0.127330,0.685492,0.067186,-0.803231,1.366991,0.101854,-0.031312,-0.013911,0.255187,-0.395966,0.083418,0.877470,-0.257485,74.177391,1.616463,0.000000,1,0.051088,-11.856444,24.617904,48.051793,2.868265,52.424799,0.000000
15.641667,10.266667,1,-0.790440,1.342444,0.357460,-0.269898,-0.284313,0.163108,-0.905382,0.404035,0.090441,0.068745,-0.131768,0.364596,0.739151,0.550783,-0.358550,-0.910309,0.206834,0.718140,-0.127415,0.684135,0.069217,-0.803231,1.366991,0.101854,-0.033254,-0.012804,0.254619,-0.395130,0.083647,0.877836,-0.257446,75.277141,1.569294,0.000000,1,0.053248,-12.017751,24.913465,47.651881,2.892250,52.133324,0.000000
