time_take_s,time_episode_s,tool_tracked,tool_world_x_m,tool_world_y_m,tool_world_z_m,tool_world_qx,tool_world_qy,tool_world_qz,tool_world_qw,tcp_robot_x_m,tcp_robot_y_m,tcp_robot_z_m,tcp_robot_qx,tcp_robot_qy,tcp_robot_qz,tcp_robot_qw,tcp_robot_rot6d_r00,tcp_robot_rot6d_r01,tcp_robot_rot6d_r02,tcp_robot_rot6d_r10,tcp_robot_rot6d_r11,tcp_robot_rot6d_r12,tcp_speed_m_s,box_world_x_m,box_world_y_m,box_world_z_m,tool_in_box_x_m,tool_in_box_y_m,tool_in_box_z_m,tool_in_box_qx,tool_in_box_qy,tool_in_box_qz,tool_in_box_qw,flap_left_deg,flap_right_deg,gripper,ik_reachable,ik_pos_err_mm,q1_deg,q2_deg,q3_deg,q4_deg,q5_deg,q6_deg
12.658333,0.000000,1,-0.784905,1.511488,0.475406,0.119865,0.277003,-0.184220,0.935396,0.266057,-0.008077,0.184918,-0.190899,0.227536,0.756214,0.583031,-0.247264,-0.968666,-0.023399,0.794920,-0.216603,0.566732,0.000000,-0.802892,1.370033,0.101585,0.091948,-0.123221,0.369373,-0.319660,-0.039002,0.916534,-0.237195,0.396303,0.051177,0.000000,1,0.072863,1.774858,-9.436193,76.697681,0.081988,83.160436,0.079311
12.691666,0.033333,1,-0.785238,1.511364,0.473866,0.120345,0.276849,-0.183996,0.935424,0.266354,-0.008253,0.183376,-0.190548,0.227896,0.756340,0.582841,-0.247975,-0.968503,-0.022584,0.794802,-0.216718,0.566853,0.047400,-0.802892,1.370033,0.101585,0.092090,-0.122790,0.367860,-0.319738,-0.038499,0.916475,-0.237400,0.410006,0.054368,0.000000,1,0.058048,1.788377,-9.091234,76.629905,0.032140,82.986702,0.075345
12.725000,0.066667,1,-0.785626,1.511196,0.472309,0.120995,0.276248,-0.184373,0.935443,0.266719,-0.008446,0.181816,-0.189719,0.228211,0.756190,0.583183,-0.247808,-0.968587,-0.020750,0.795403,-0.215634,0.566424,0.048400,-0.802892,1.370033,0.101585,0.092232,-0.122288,0.366333,-0.319478,-0.037661,0.916687,-0.237068,0.394631,0.057051,0.000000,1,0.056767,1.805617,-8.735193,76.548574,-0.016864,82.796608,0.071578
12.758333,0.100000,1,-0.786108,1.511009,0.470767,0.121555,0.275051,-0.185363,0.935528,0.267156,-0.008703,0.180271,-0.188393,0.228181,0.755823,0.584101,-0.246669,-0.968928,-0.018222,0.796978,-0.213520,0.565009,0.048802,-0.802892,1.370033,0.101585,0.092416,-0.121700,0.364828,-0.318629,-0.036657,0.917239,-0.236229,0.383589,0.094831,0.000000,1,0.055836,1.834875,-8.376590,76.454609,-0.068807,82.595164,0.067999
12.791666,0.133333,1,-0.786678,1.510851,0.469302,0.122033,0.273667,-0.186376,0.935670,0.267622,-0.009048,0.178801,-0.186937,0.227993,0.755496,0.585063,-0.245511,-0.969267,-0.015679,0.798786,-0.211440,0.563236,0.047397,-0.802892,1.370033,0.101585,0.092675,-0.121067,0.363404,-0.317579,-0.035646,0.917856,-0.235401,0.374922,0.149466,0.000000,1,0.055611,1.880444,-8.031579,76.355496,-0.125652,82.394713,0.064599
12.825000,0.166667,1,-0.787281,1.510713,0.467909,0.123043,0.272668,-0.187014,0.935702,0.268094,-0.009433,0.177404,-0.185589,0.228453,0.755242,0.585642,-0.245161,-0.969399,-0.012746,0.799805,-0.209666,0.562452,0.045717,-0.802892,1.370033,0.101585,0.092968,-0.120423,0.362054,-0.317113,-0.034316,0.918211,-0.234840,0.385015,0.184359,0.000000,1,0.055487,1.933850,-7.701776,76.255689,-0.183726,82.198528,0.061369
12.858333,0.200000,1,-0.787872,1.510557,0.466508,0.124540,0.271957,-0.187479,0.935618,0.268572,-0.009797,0.175999,-0.184283,0.229477,0.754963,0.586013,-0.245256,-0.969414,-0.009301,0.800258,-0.207858,0.562478,0.045859,-0.802892,1.370033,0.101585,0.093239,-0.119777,0.360695,-0.317122,-0.032670,0.918389,-0.234365,0.394967,0.151074,0.000000,1,0.054690,1.984050,-7.371129,76.154715,-0.238270,81.998240,0.058301
12.891666,0.233333,1,-0.788435,1.510353,0.465017,0.125671,0.271311,-0.187977,0.935554,0.269072,-0.010109,0.174503,-0.183199,0.230203,0.754686,0.586424,-0.245090,-0.969478,-0.006523,0.800786,-0.206227,0.562327,0.048214,-0.802892,1.370033,0.101585,0.093458,-0.119119,0.359246,-0.317027,-0.031381,0.918591,-0.233878,0.386545,0.113432,0.000000,1,0.053102,2.025667,-7.022316,76.049680,-0.287057,81.783616,0.055386
12.925000,0.266667,1,-0.788939,1.510140,0.463437,0.126532,0.271092,-0.188651,0.935366,0.269543,-0.010367,0.172920,-0.182616,0.230878,0.754220,0.586940,-0.244305,-0.969688,-0.004442,0.801040,-0.204393,0.562636,0.050160,-0.802892,1.370033,0.101585,0.093635,-0.118496,0.357704,-0.317190,-0.030524,0.918743,-0.233174,0.391956,0.135180,0.000000,1,0.051682,2.058369,-6.659687,75.948414,-0.330059,81.561069,0.052616
12.958333,0.300000,1,-0.789360,1.509970,0.461868,0.127942,0.271175,-0.188934,0.935093,0.269929,-0.010586,0.171348,-0.182061,0.232179,0.753856,0.587068,-0.244411,-0.969670,-0.001886,0.800587,-0.202889,0.563823,0.048998,-0.802892,1.370033,0.101585,0.093796,-0.117966,0.356167,-0.317872,-0.029296,0.918651,-0.232765,0.407390,0.102208,0.000000,1,0.051386,2.085142,-6.307604,75.861017,-0.368701,81.348481,0.049986
12.991666,0.333333,1,-0.789736,1.509822,0.460308,0.129716,0.271231,-0.188766,0.934866,0.270271,-0.010780,0.169786,-0.181321,0.233793,0.753735,0.586811,-0.245551,-0.969383,0.001048,0.799817,-0.201988,0.565237,0.048337,-0.802892,1.370033,0.101585,0.093945,-0.117486,0.354637,-0.318701,-0.027719,0.918411,-0.232772,0.410499,0.095517,0.000000,1,0.050933,2.108564,-5.962073,75.780593,-0.404247,81.140577,0.047486
13.025000,0.366667,1,-0.790093,1.509643,0.458669,0.131005,0.271112,-0.188772,0.934720,0.270626,-0.010942,0.168145,-0.180640,0.234894,0.753607,0.586746,-0.246196,-0.969214,0.003383,0.799489,-0.201107,0.566015,0.050602,-0.802892,1.370033,0.101585,0.094062,-0.116996,0.353027,-0.319158,-0.026507,0.918313,-0.232675,0.394829,0.048923,0.000000,1,0.049415,2.126487,-5.600738,75.696742,-0.435892,80.920887,0.045112
13.058333,0.400000,1,-0.790405,1.509413,0.456984,0.132172,0.270890,-0.188935,0.934587,0.270995,-0.011036,0.166458,-0.179920,0.235839,0.753419,0.586829,-0.246520,-0.969121,0.005685,0.799392,-0.200022,0.566536,0.051869,-0.802892,1.370033,0.101585,0.094111,-0.116508,0.351369,-0.319464,-0.025363,0.918296,-0.232446,0.397572,0.079274,0.000000,1,0.048173,2.132943,-5.230023,75.609519,-0.461161,80.692822,0.042856
13.091666,0.433333,1,-0.790765,1.509117,0.455288,0.133959,0.270366,-0.188951,0.934481,0.271445,-0.011129,0.164760,-0.178654,0.237206,0.753323,0.586789,-0.247523,-0.968838,0.009211,0.799327,-0.198824,0.567050,0.052771,-0.802892,1.370033,0.101585,0.094138,-0.115941,0.349704,-0.319778,-0.023526,0.918259,-0.232354,0.408530,0.076723,0.000000,1,0.046971,2.138871,-4.851040,75.507640,-0.484917,80.451299,0.040714
13.125000,0.466667,1,-0.791189,1.508736,0.453597,0.135904,0.269787,-0.189050,0.934348,0.272002,-0.011221,0.163068,-0.177268,0.238688,0.753166,0.586809,-0.248462,-0.968553,0.013104,0.799306,-0.197366,0.567589,0.053524,-0.802892,1.370033,0.101585,0.094136,-0.115272,0.348050,-0.320108,-0.021526,0.918239,-0.232173,0.394954,0.043913,0.000000,1,0.045792,2.144549,-4.465320,75.387170,-0.507353,80.195118,0.038678
13.158333,0.500000,1,-0.791555,1.508302,0.451963,0.137093,0.269166,-0.189428,0.934276,0.272566,-0.011235,0.161432,-0.176180,0.239477,0.752936,0.587110,-0.248525,-0.968495,0.015894,0.799731,-0.195905,0.567496,0.051905,-0.802892,1.370033,0.101585,0.094055,-0.114620,0.346450,-0.320064,-0.020193,0.918382,-0.231787,0.400447,0.058850,0.000000,1,0.045445,2.136897,-4.091584,75.266020,-0.522875,79.942848,0.036744
13.191666,0.533333,1,-0.791811,1.507861,0.450350,0.138729,0.268974,-0.189669,0.934041,0.273071,-0.011158,0.159819,-0.175279,0.240857,0.752624,0.587215,-0.248911,-0.968339,0.019032,0.799471,-0.194332,0.568403,0.050760,-0.802892,1.370033,0.101585,0.093901,-0.114051,0.344864,-0.320601,-0.018641,0.918317,-0.231432,0.396157,0.057077,0.000000,1,0.045063,2.113770,-3.728354,75.155057,-0.530653,79.699466,0.034907
13.225000,0.566667,1,-0.791994,1.507383,0.448729,0.140301,0.268523,-0.189658,0.933938,0.273560,-0.011000,0.158199,-0.174174,0.242063,0.752543,0.587152,-0.249831,-0.968037,0.022110,0.799393,-0.193315,0.568859,0.050979,-0.802892,1.370033,0.101585,0.093674,-0.113517,0.343266,-0.320885,-0.017029,0.918265,-0.231370,0.413212,0.057883,0.000000,1,0.044246,2.077069,-3.366084,75.046167,-0.531656,79.456280,0.033161
13.258333,0.600000,1,-0.792120,1.506851,0.447208,0.141429,0.267869,-0.189574,0.933973,0.274058,-0.010766,0.156679,-0.173085,0.242781,0.752614,0.587087,-0.250740,-0.967744,0.024534,0.799656,-0.192772,0.568672,0.048491,-0.802892,1.370033,0.101585,0.093367,-0.113001,0.341766,-0.320797,-0.015728,0.918300,-0.231447,0.413893,0.053799,0.000000,1,0.044306,2.027039,-3.024080,74.937353,-0.526124,79.221918,0.031503
13.291666,0.633333,1,-0.792196,1.506295,0.445790,0.142960,0.267723,-0.189479,0.933801,0.274546,-0.010477,0.155263,-0.172272,0.244086,0.752509,0.586920,-0.251695,-0.967423,0.027246,0.799226,-0.191894,0.569574,0.045758,-0.802892,1.370033,0.101585,0.093007,-0.112515,0.340366,-0.321337,-0.014283,0.918140,-0.231424,0.415426,0.049944,0.000000,1,0.044511,1.967909,-2.704577,74.831864,-0.515938,78.999242,0.029928
13.325000,0.666667,1,-0.792235,1.505748,0.444404,0.144780,0.267807,-0.189500,0.933492,0.275004,-0.010166,0.153880,-0.171536,0.245754,0.752230,0.586797,-0.252490,-0.967123,0.030346,0.798501,-0.190550,0.571040,0.044714,-0.802892,1.370033,0.101585,0.092632,-0.112066,0.338994,-0.322205,-0.012681,0.917910,-0.231224,0.397601,0.045679,0.000000,1,0.044218,1.905395,-2.394624,74.731696,-0.503577,78.783061,0.028432
13.358333,0.700000,1,-0.792243,1.505225,0.443052,0.146554,0.267590,-0.189537,0.933270,0.275424,-0.009843,0.152530,-0.170551,0.247246,0.752022,0.586724,-0.253334,-0.966795,0.033614,0.798123,-0.189248,0.572001,0.043491,-0.802892,1.370033,0.101585,0.092255,-0.111659,0.337655,-0.322784,-0.010989,0.917771,-0.231055,0.403655,0.069121,0.000000,1,0.044007,1.841468,-2.095008,74.637865,-0.489927,78.574408,0.027010
13.391666,0.733333,1,-0.792224,1.504718,0.441730,0.148046,0.266969,-0.189514,0.933217,0.275816,-0.009511,0.151211,-0.169329,0.248304,0.751989,0.586673,-0.254284,-0.966434,0.036679,0.798253,-0.188320,0.572125,0.042468,-0.802892,1.370033,0.101585,0.091875,-0.111283,0.336344,-0.322882,-0.009375,0.917760,-0.231031,0.418392,0.067467,0.000000,1,0.043747,1.776265,-1.804144,74.548777,-0.475100,78.371810,0.025660
13.425000,0.766667,1,-0.792158,1.504210,0.440381,0.149101,0.266231,-0.189403,0.933283,0.276179,-0.009139,0.149865,-0.168199,0.248917,0.752100,0.586596,-0.255227,-0.966093,0.039023,0.798622,-0.187889,0.571752,0.043293,-0.802892,1.370033,0.101585,0.091465,-0.110944,0.335003,-0.322688,-0.008103,0.917811,-0.231150,0.412181,0.077415,0.000000,1,0.042959,1.704686,-1.510432,74.463251,-0.457009,78.169155,0.024377
13.458333,0.800000,1,-0.791999,1.503701,0.438921,0.150635,0.266034,-0.189057,0.933163,0.276488,-0.008691,0.148409,-0.167339,0.250202,0.752152,0.586228,-0.256669,-0.965603,0.041622,0.798128,-0.187471,0.572579,0.046623,-0.802892,1.370033,0.101585,0.090999,-0.110670,0.333546,-0.323190,-0.006628,0.917589,-0.231376,0.400771,0.061360,0.000000,1,0.041467,1.620288,-1.199224,74.383680,-0.433015,77.960728,0.023158
13.491666,0.833333,1,-0.791768,1.503221,0.437355,0.152548,0.265949,-0.188455,0.932998,0.276730,-0.008201,0.146848,-0.166413,0.251875,0.752281,0.585610,-0.258735,-0.964917,0.044622,0.797256,-0.187239,0.573868,0.049628,-0.802892,1.370033,0.101585,0.090516,-0.110464,0.331977,-0.323965,-0.004856,0.917220,-0.231799,0.411137,0.050745,0.000000,1,0.040008,1.529273,-0.871744,74.311502,-0.405774,77.747998,0.022000
13.525000,0.866667,1,-0.791482,1.502814,0.435638,0.154000,0.265293,-0.187792,0.933080,0.276880,-0.007711,0.145135,-0.165181,0.252879,0.752654,0.585047,-0.260871,-0.964217,0.047244,0.797133,-0.187545,0.573939,0.053637,-0.802892,1.370033,0.101585,0.090060,-0.110338,0.330253,-0.324031,-0.003251,0.917049,-0.232409,0.396479,0.049591,0.000000,1,0.038148,1.438651,-0.520428,74.249001,-0.378239,77.528679,0.020900
13.558333,0.900000,1,-0.791124,1.502461,0.433837,0.155431,0.264930,-0.187181,0.933068,0.276944,-0.007194,0.143339,-0.164220,0.253996,0.752922,0.584488,-0.262810,-0.963571,0.049626,0.796725,-0.187718,0.574448,0.056096,-0.802892,1.370033,0.101585,0.089604,-0.110296,0.328440,-0.324348,-0.001792,0.916810,-0.232927,0.404328,0.077716,0.000000,1,0.036827,1.344032,-0.158214,74.196734,-0.348629,77.309365,0.019855
13.591666,0.933333,1,-0.790769,1.502161,0.432065,0.156200,0.264343,-0.186708,0.933201,0.276966,-0.006712,0.141572,-0.163353,0.254421,0.753253,0.584120,-0.264240,-0.963101,0.051132,0.796858,-0.188148,0.574123,0.054959,-0.802892,1.370033,0.101585,0.089192,-0.110286,0.326655,-0.324173,-0.000835,0.916752,-0.233404,0.414949,0.059307,0.000000,1,0.036567,1.255833,0.195899,74.149914,-0.321311,77.096725,0.018862
13.625000,0.966667,1,-0.790463,1.501942,0.430337,0.156078,0.263113,-0.186356,0.933640,0.276955,-0.006319,0.139847,-0.162307,0.253760,0.753798,0.583996,-0.265211,-0.962804,0.051696,0.798056,-0.189110,0.572140,0.053056,-0.802892,1.370033,0.101585,0.088872,-0.110289,0.324916,-0.323033,-0.000405,0.917017,-0.233943,0.402600,0.057867,0.000000,1,0.036511,1.183405,0.539427,74.107864,-0.300152,76.891659,0.017919
13.658333,1.000000,1,-0.790206,1.501789,0.428668,0.156166,0.261821,-0.186033,0.934052,0.276920,-0.006005,0.138182,-0.161112,0.253259,0.754308,0.583885,-0.266242,-0.962465,0.052693,0.799253,-0.189875,0.570212,0.050852,-0.802892,1.370033,0.101585,0.088634,-0.110297,0.323238,-0.321929,0.000241,0.917278,-0.234440,0.405719,0.043175,0.000000,1,0.036596,1.125164,0.869905,74.069572,-0.284485,76.694857,0.017023
13.691666,1.033333,1,-0.789987,1.501680,0.426957,0.156936,0.260539,-0.185825,0.934323,0.276873,-0.005748,0.136473,-0.159621,0.253375,0.754643,0.583812,-0.267368,-0.962027,0.054933,0.800251,-0.189929,0.568792,0.051878,-0.802892,1.370033,0.101585,0.088455,-0.110300,0.321518,-0.321129,0.001495,0.917477,-0.234755,0.417417,0.047222,0.000000,1,0.035560,1.077126,1.208904,74.030293,-0.272657,76.493778,0.016172
13.725000,1.066667,1,-0.789799,1.501620,0.425075,0.158171,0.259206,-0.185748,0.934501,0.276804,-0.005542,0.134593,-0.157877,0.253884,0.754837,0.583814,-0.268473,-0.961534,0.058099,0.801203,-0.189409,0.567624,0.056768,-0.802892,1.370033,0.101585,0.088337,-0.110299,0.319629,-0.320481,0.003188,0.917661,-0.234902,0.407912,0.046368,0.000000,1,0.033139,1.038414,1.581764,73.987023,-0.264301,76.275053,0.015363
13.758333,1.100000,1,-0.789612,1.501643,0.423039,0.159202,0.257672,-0.185660,0.934767,0.276670,-0.005386,0.132559,-0.156044,0.254121,0.755115,0.583845,-0.269551,-0.961048,0.061072,0.802431,-0.189096,0.565992,0.061317,-0.802892,1.370033,0.101585,0.088289,-0.110338,0.317586,-0.319566,0.004784,0.917921,-0.235107,0.398612,0.067570,0.000000,1,0.030879,1.008825,1.982486,73.946812,-0.259322,76.045208,0.014595
13.791666,1.133333,1,-0.789378,1.501745,0.420889,0.159952,0.255910,-0.185746,0.935107,0.276445,-0.005240,0.130411,-0.154130,0.254005,0.755378,0.584063,-0.270229,-0.960676,0.063857,0.804077,-0.188704,0.563783,0.064961,-0.802892,1.370033,0.101585,0.088277,-0.110456,0.315424,-0.318320,0.006223,0.918322,-0.235200,0.498557,0.091814,0.000000,1,0.028980,0.981266,2.401609,73.914981,-0.254806,75.811495,0.013865
13.825000,1.166667,1,-0.789112,1.501884,0.418622,0.161078,0.254345,-0.185732,0.935343,0.276170,-0.005087,0.128146,-0.152227,0.254313,0.755596,0.584146,-0.271201,-0.960183,0.067069,0.805330,-0.188196,0.562161,0.068607,-0.802892,1.370033,0.101585,0.088277,-0.110615,0.313143,-0.317417,0.007918,0.918589,-0.235323,0.495566,0.096261,0.000000,1,0.026894,0.952956,2.842654,73.884050,-0.249642,75.568522,0.013172
13.858333,1.200000,1,-0.788859,1.502055,0.416307,0.162806,0.253052,-0.185266,0.935487,0.275878,-0.004965,0.125832,-0.150300,0.255281,0.755935,0.583783,-0.273213,-0.959343,0.070823,0.805868,-0.188057,0.561437,0.070049,-0.802892,1.370033,0.101585,0.088313,-0.110780,0.310814,-0.317031,0.010045,0.918582,-0.235791,0.514162,0.097936,0.000000,1,0.025519,0.930085,3.293852,73.851024,-0.246397,75.320263,0.012514
13.891666,1.233333,1,-0.788563,1.502213,0.413960,0.164127,0.251783,-0.184698,0.935711,0.275569,-0.004800,0.123488,-0.148576,0.255894,0.756391,0.583366,-0.275219,-0.958545,0.073796,0.806466,-0.188406,0.560461,0.071119,-0.802892,1.370033,0.101585,0.088312,-0.110970,0.308451,-0.316490,0.011797,0.918592,-0.236396,0.559850,0.081289,0.000000,1,0.024295,0.899737,3.751825,73.816219,-0.239789,75.068491,0.011888
13.925000,1.266667,1,-0.788134,1.502305,0.411653,0.165389,0.250830,-0.183980,0.935886,0.275235,-0.004490,0.121183,-0.147163,0.256596,0.756871,0.582793,-0.277389,-0.957722,0.076317,0.806676,-0.189021,0.559951,0.070465,-0.802892,1.370033,0.101585,0.088177,-0.111225,0.306120,-0.316210,0.013363,0.918484,-0.237108,0.412209,0.097852,0.000000,1,0.023875,0.843786,4.201082,73.784330,-0.222434,74.822775,0.011294
13.958333,1.300000,1,-0.787567,1.502310,0.409435,0.167287,0.250469,-0.183142,0.935809,0.274886,-0.004017,0.118971,-0.145997,0.258131,0.757183,0.582003,-0.279916,-0.956738,0.079373,0.805992,-0.189283,0.560846,0.068677,-0.802892,1.370033,0.101585,0.087887,-0.111542,0.303871,-0.316737,0.015247,0.918097,-0.237789,0.373504,0.095894,0.000000,1,0.024055,0.758805,4.631662,73.755947,-0.192998,74.587991,0.010729
13.991666,1.333333,1,-0.786927,1.502210,0.407398,0.169396,0.250397,-0.182110,0.935651,0.274578,-0.003426,0.116940,-0.144996,0.259984,0.757510,0.581001,-0.282827,-0.955622,0.082429,0.804836,-0.189692,0.562367,0.064132,-0.802892,1.370033,0.101585,0.087464,-0.111863,0.301800,-0.317619,0.017199,0.917548,-0.238597,0.398381,0.086317,0.000000,1,0.025230,0.652192,5.028328,73.725989,-0.154582,74.368432,0.010192
14.025000,1.366667,1,-0.786312,1.502040,0.405606,0.170579,0.250022,-0.181175,0.935718,0.274340,-0.002815,0.115154,-0.144136,0.260872,0.757991,0.580189,-0.285210,-0.954759,0.084202,0.804355,-0.190652,0.562730,0.057062,-0.802892,1.370033,0.101585,0.086996,-0.112137,0.299977,-0.317824,0.018446,0.917231,-0.239446,0.419701,0.068779,0.000000,1,0.027111,0.541622,5.379158,73.693106,-0.114457,74.168761,0.009683
14.058333,1.400000,1,-0.785805,1.501845,0.404082,0.171559,0.249319,-0.180272,0.935900,0.274188,-0.002278,0.113636,-0.143073,0.261432,0.758560,0.579457,-0.287519,-0.953914,0.085918,0.804298,-0.191765,0.562433,0.048518,-0.802892,1.370033,0.101585,0.086569,-0.112325,0.298429,-0.317648,0.019653,0.917036,-0.240328,0.390660,0.067991,0.000000,1,0.029192,0.443978,5.680126,73.656405,-0.079532,73.990265,0.009199
14.091666,1.433333,1,-0.785413,1.501623,0.402734,0.172107,0.248503,-0.179902,0.936088,0.274128,-0.001818,0.112293,-0.142100,0.261556,0.758892,0.579205,-0.288658,-0.953443,0.087313,0.804774,-0.192219,0.561596,0.042647,-0.802892,1.370033,0.101585,0.086185,-0.112417,0.297063,-0.317170,0.020508,0.917073,-0.240747,0.374621,0.073554,0.000000,1,0.030202,0.359861,5.950325,73.611785,-0.050030,73.822157,0.008739
14.125000,1.466667,1,-0.785141,1.501400,0.401474,0.171881,0.247295,-0.179786,0.936472,0.274140,-0.001453,0.111037,-0.141118,0.260813,0.759283,0.579268,-0.289068,-0.953268,0.087864,0.806046,-0.192850,0.559553,0.039246,-0.802892,1.370033,0.101585,0.085872,-0.112420,0.295793,-0.315998,0.020832,0.917391,-0.241051,0.374621,0.077869,0.000000,1,0.030349,0.292779,6.206709,73.558359,-0.027360,73.656314,0.008302
14.158333,1.500000,1,-0.784936,1.501224,0.400292,0.171411,0.245650,-0.179559,0.937034,0.274156,-0.001172,0.109857,-0.139855,0.259656,0.759881,0.579311,-0.289680,-0.953042,0.088296,0.807785,-0.193956,0.556654,0.036372,-0.802892,1.370033,0.101585,0.085636,-0.112403,0.294604,-0.314333,0.021127,0.917825,-0.241549,0.386079,0.077130,0.000000,1,0.030641,0.240786,6.447436,73.507151,-0.010700,73.499234,0.007887
14.191666,1.533333,1,-0.784707,1.501066,0.399093,0.171338,0.244101,-0.179429,0.937477,0.274142,-0.000882,0.108661,-0.138501,0.258896,0.760331,0.579386,-0.290260,-0.952764,0.089389,0.809334,-0.194570,0.554184,0.036930,-0.802892,1.370033,0.101585,0.085399,-0.112415,0.293396,-0.312924,0.021735,0.918201,-0.241897,0.384087,0.070121,0.000000,1,0.030103,0.187292,6.690222,73.458907,0.006721,73.343395,0.007492
14.225000,1.566667,1,-0.784413,1.500946,0.397782,0.171835,0.243138,-0.179310,0.937659,0.274059,-0.000561,0.107353,-0.137417,0.258911,0.760546,0.579354,-0.290930,-0.952409,0.090978,0.810093,-0.194627,0.553055,0.040487,-0.802892,1.370033,0.101585,0.085155,-0.112494,0.292071,-0.312286,0.022604,0.918345,-0.242093,0.399056,0.046694,0.000000,1,0.028734,0.128315,6.952740,73.415391,0.026507,73.181874,0.007118
14.258333,1.600000,1,-0.784045,1.500893,0.396364,0.172800,0.242131,-0.178897,0.937821,0.273878,-0.000221,0.105939,-0.136086,0.259324,0.760876,0.579050,-0.292363,-0.951752,0.093233,0.810590,-0.194904,0.552228,0.043962,-0.802892,1.370033,0.101585,0.084921,-0.112667,0.290635,-0.311819,0.023920,0.918354,-0.242534,0.403283,0.059806,0.000000,1,0.027445,0.065935,7.232470,73.381002,0.047793,73.018106,0.006762
14.291666,1.633333,1,-0.783617,1.500823,0.394836,0.174090,0.241100,-0.178010,0.938017,0.273673,0.000178,0.104415,-0.134592,0.260015,0.761449,0.578336,-0.294826,-0.950738,0.095782,0.810755,-0.195840,0.551655,0.047657,-0.802892,1.370033,0.101585,0.084641,-0.112870,0.289084,-0.311485,0.025548,0.918192,-0.243407,0.403422,0.099440,0.000000,1,0.025767,-0.007042,7.534575,73.343367,0.073489,72.843439,0.006424
14.325000,1.666667,1,-0.783216,1.500738,0.393286,0.175490,0.240954,-0.177175,0.937952,0.273498,0.000565,0.102869,-0.133840,0.261200,0.761769,0.577554,-0.297035,-0.949844,0.097804,0.810008,-0.196411,0.552548,0.048100,-0.802892,1.370033,0.101585,0.084365,-0.113041,0.287514,-0.311986,0.026889,0.917800,-0.244098,0.421150,0.130593,0.000000,1,0.024857,-0.078084,7.843575,73.298279,0.098492,72.662538,0.006103
14.358333,1.700000,1,-0.782938,1.500656,0.391817,0.176924,0.240905,-0.176571,0.937809,0.273394,0.000851,0.101403,-0.133159,0.262460,0.761917,0.576946,-0.298804,-0.949067,0.099937,0.809272,-0.196497,0.553596,0.044905,-0.802892,1.370033,0.101585,0.084165,-0.113121,0.286033,-0.312582,0.028215,0.917439,-0.244544,0.414315,0.126537,0.000000,1,0.024926,-0.131001,8.140146,73.244364,0.116246,72.483177,0.005797
14.391666,1.733333,1,-0.782826,1.500538,0.390454,0.177612,0.239676,-0.176547,0.937998,0.273418,0.001025,0.100042,-0.131752,0.262527,0.762096,0.577002,-0.299420,-0.948638,0.102142,0.810284,-0.196297,0.552184,0.041176,-0.802892,1.370033,0.101585,0.084036,-0.113056,0.284668,-0.311788,0.029370,0.917642,-0.244659,0.418699,0.083174,0.000000,1,0.025014,-0.163699,8.421772,73.174490,0.125938,72.302720,0.005508
14.425000,1.766667,1,-0.782890,1.500395,0.389232,0.177667,0.238450,-0.177010,0.938213,0.273569,0.001073,0.098820,-0.130628,0.262029,0.762078,0.577507,-0.298845,-0.948667,0.103550,0.811754,-0.195653,0.550250,0.036958,-0.802892,1.370033,0.101585,0.083990,-0.112845,0.283455,-0.310706,0.029943,0.918069,-0.244363,0.418288,0.064473,0.000000,1,0.025359,-0.173554,8.680792,73.090953,0.126545,72.125647,0.005232
14.458333,1.800000,1,-0.783115,1.500244,0.388099,0.178944,0.238115,-0.177454,0.937972,0.273823,0.000995,0.097686,-0.129757,0.263025,0.761668,0.577791,-0.298642,-0.948429,0.106284,0.811912,-0.193951,0.550620,0.034962,-0.802892,1.370033,0.101585,0.084036,-0.112507,0.282341,-0.310952,0.031231,0.918084,-0.243836,0.421382,0.081701,0.000000,1,0.025201,-0.160676,8.926722,72.995064,0.118158,71.948436,0.004971
14.491666,1.833333,1,-0.783477,1.500117,0.387023,0.180626,0.237734,-0.178111,0.937621,0.274141,0.000793,0.096607,-0.128664,0.264364,0.761067,0.578216,-0.298223,-0.948151,0.109875,0.812095,-0.191555,0.551188,0.034270,-0.802892,1.370033,0.101585,0.084182,-0.112078,0.281292,-0.311327,0.032900,0.918104,-0.243060,0.411894,0.193524,0.000000,1,0.024862,-0.125401,9.163998,72.891575,0.100968,71.771590,0.004722
14.525000,1.866667,1,-0.783935,1.500006,0.385984,0.180970,0.236640,-0.179195,0.937625,0.274503,0.000504,0.095565,-0.127527,0.264186,0.760585,0.579183,-0.296568,-0.948417,0.112034,0.813654,-0.189506,0.549595,0.034214,-0.802892,1.370033,0.101585,0.084400,-0.111587,0.280286,-0.310473,0.033664,0.918618,-0.242104,0.419265,0.153461,0.000000,1,0.024410,-0.074353,9.395795,72.782538,0.077691,71.594788,0.004486
14.558333,1.900000,1,-0.784429,1.499899,0.384920,0.181185,0.235293,-0.180165,0.937736,0.274884,0.000185,0.094497,-0.126221,0.263780,0.760249,0.580095,-0.295117,-0.948622,0.114116,0.815444,-0.187820,0.547517,0.035346,-0.802892,1.370033,0.101585,0.084643,-0.111069,0.279256,-0.309340,0.034424,0.919182,-0.241306,0.421593,0.211730,0.000000,1,0.023522,-0.017880,9.633922,72.668411,0.052507,71.413182,0.004262
14.591666,1.933333,1,-0.784864,1.499841,0.383767,0.182464,0.234340,-0.180993,0.937568,0.275191,-0.000116,0.093340,-0.124794,0.264502,0.759731,0.580753,-0.294306,-0.948448,0.117601,0.816415,-0.185530,0.546851,0.037021,-0.802892,1.370033,0.101585,0.084891,-0.110620,0.278134,-0.309025,0.035975,0.919445,-0.240479,0.416345,0.194466,0.000000,1,0.022501,0.035472,9.886810,72.560261,0.028828,71.228933,0.004049
14.625000,1.966667,1,-0.785107,1.499848,0.382513,0.183782,0.233493,-0.181647,0.937395,0.275330,-0.000302,0.092084,-0.123447,0.265306,0.759288,0.581254,-0.293811,-0.948180,0.120958,0.817175,-0.183514,0.546395,0.038312,-0.802892,1.370033,0.101585,0.085074,-0.110358,0.276897,-0.308827,0.037518,0.919627,-0.239803,0.410526,0.194398,0.000000,1,0.021746,0.068038,10.152205,72.472123,0.013654,71.050352,0.003846
14.658333,2.000000,1,-0.785104,1.499862,0.381147,0.184842,0.232810,-0.181566,0.937372,0.275314,-0.000294,0.090718,-0.122362,0.265950,0.759306,0.581165,-0.294551,-0.947648,0.123301,0.817479,-0.183037,0.546100,0.040992,-0.802892,1.370033,0.101585,0.085116,-0.110287,0.275533,-0.308681,0.038773,0.919610,-0.239856,0.402760,0.181568,0.000000,1,0.020686,0.066080,10.433274,72.400947,0.012358,70.874573,0.003654
14.691666,2.033333,1,-0.784960,1.499816,0.379640,0.185750,0.231942,-0.181191,0.937480,0.275262,-0.000136,0.089212,-0.121182,0.266374,0.759571,0.580871,-0.295807,-0.946985,0.125366,0.817867,-0.183267,0.545442,0.045434,-0.802892,1.370033,0.101585,0.085027,-0.110282,0.274022,-0.308312,0.039976,0.919582,-0.240237,0.408456,0.185644,0.000000,1,0.018768,0.037182,10.741908,72.326392,0.021842,70.686056,0.003471
14.725000,2.066667,1,-0.784800,1.499725,0.378125,0.186872,0.230802,-0.180788,0.937617,0.275236,0.000062,0.087700,-0.119662,0.266868,0.759874,0.580563,-0.297255,-0.946178,0.128011,0.818442,-0.183456,0.544515,0.045772,-0.802892,1.370033,0.101585,0.084893,-0.110262,0.272502,-0.307794,0.041491,0.919579,-0.240657,0.420560,0.171782,0.000000,1,0.017963,0.000882,11.053829,72.245690,0.034308,70.493679,0.003298
14.758333,2.100000,1,-0.784642,1.499588,0.376673,0.188468,0.229655,-0.180590,0.937617,0.275248,0.000285,0.086250,-0.117925,0.267784,0.759966,0.580377,-0.298513,-0.945290,0.131593,0.818977,-0.182910,0.543895,0.044022,-0.802892,1.370033,0.101585,0.084723,-0.110215,0.271045,-0.307471,0.043432,0.919554,-0.240821,0.414416,0.179886,0.000000,1,0.017849,-0.039860,11.354818,72.161289,0.048565,70.304705,0.003133
14.791666,2.133333,1,-0.784449,1.499376,0.375187,0.189995,0.228574,-0.180824,0.937528,0.275299,0.000582,0.084766,-0.116275,0.268669,0.759785,0.580537,-0.298913,-0.944646,0.135257,0.819688,-0.181586,0.543266,0.045401,-0.802892,1.370033,0.101585,0.084472,-0.110148,0.269554,-0.307166,0.045275,0.919636,-0.240559,0.400152,0.179208,0.000000,1,0.016743,-0.093927,11.664559,72.067678,0.068099,70.108014,0.002976
14.825000,2.166667,1,-0.784233,1.499114,0.373715,0.191217,0.227886,-0.180940,0.937425,0.275376,0.000926,0.083297,-0.115114,0.269456,0.759644,0.580589,-0.299331,-0.944118,0.137995,0.820045,-0.180620,0.543049,0.045330,-0.802892,1.370033,0.101585,0.084168,-0.110069,0.268076,-0.307080,0.046673,0.919638,-0.240395,0.386507,0.206012,0.000000,1,0.016138,-0.156619,11.972854,71.969274,0.091018,69.910187,0.002827
14.858333,2.200000,1,-0.784014,1.498872,0.372278,0.192117,0.227280,-0.181091,0.937358,0.275436,0.001261,0.081864,-0.114170,0.269992,0.759519,0.580689,-0.299531,-0.943739,0.140135,0.820439,-0.179809,0.542723,0.044206,-0.802892,1.370033,0.101585,0.083877,-0.110007,0.266633,-0.306928,0.047745,0.919679,-0.240223,0.402014,0.208863,0.000000,1,0.015946,-0.217579,12.273037,71.874701,0.113223,69.718479,0.002686
14.891666,2.233333,1,-0.783794,1.498633,0.370838,0.192802,0.226074,-0.181074,0.937513,0.275491,0.001595,0.080427,-0.112784,0.270066,0.759664,0.580736,-0.300051,-0.943247,0.142318,0.821410,-0.179620,0.541315,0.044291,-0.802892,1.370033,0.101585,0.083587,-0.109949,0.265187,-0.306150,0.048888,0.919853,-0.240315,0.399996,0.214561,0.000000,1,0.015322,-0.278490,12.573809,71.779268,0.135380,69.526844,0.002552
14.925000,2.266667,1,-0.783588,1.498355,0.369356,0.193848,0.224776,-0.180909,0.937641,0.275587,0.001942,0.078948,-0.111156,0.270422,0.759853,0.580636,-0.301011,-0.942515,0.145110,0.822279,-0.179466,0.540045,0.045648,-0.802892,1.370033,0.101585,0.083277,-0.109852,0.263700,-0.305452,0.050399,0.919949,-0.240524,0.397408,0.200030,0.000000,1,0.014130,-0.341525,12.885232,71.673681,0.158341,69.326319,0.002424
14.958333,2.300000,1,-0.783372,1.498064,0.367701,0.196243,0.224316,-0.181056,0.937224,0.275687,0.002306,0.077296,-0.109676,0.272363,0.759423,0.580573,-0.301811,-0.941546,0.149671,0.822059,-0.177506,0.541028,0.050830,-0.802892,1.370033,0.101585,0.082954,-0.109744,0.262040,-0.306080,0.052756,0.919703,-0.240161,0.393801,0.202226,0.000000,1,0.011679,-0.407780,13.233298,71.554797,0.182518,69.104650,0.002303
14.991666,2.333333,1,-0.783146,1.497811,0.365982,0.199331,0.223884,-0.180965,0.936693,0.275750,0.002656,0.075581,-0.107914,0.274936,0.759000,0.580245,-0.303342,-0.940150,0.155246,0.821473,-0.175453,0.542585,0.052556,-0.802892,1.370033,0.101585,0.082657,-0.109665,0.260316,-0.307040,0.055732,0.919264,-0.239945,0.390399,0.212815,0.000000,1,0.010420,-0.471473,13.593503,71.435587,0.205633,68.878732,0.002188
15.025000,2.366667,1,-0.782853,1.497529,0.364428,0.200356,0.222479,-0.180827,0.936836,0.275797,0.003076,0.074031,-0.106199,0.275224,0.759190,0.580176,-0.304235,-0.939385,0.158106,0.822470,-0.175295,0.541123,0.048197,-0.802892,1.370033,0.101585,0.082291,-0.109629,0.258752,-0.306235,0.057269,0.919388,-0.240138,0.396168,0.197757,0.000000,1,0.011496,-0.547844,13.918607,71.328031,0.233615,68.674075,0.002078
15.058333,2.400000,1,-0.782494,1.497178,0.362964,0.199421,0.220385,-0.180726,0.937550,0.275859,0.003588,0.072572,-0.104741,0.273451,0.759863,0.580398,-0.304335,-0.939329,0.158242,0.824763,-0.176726,0.537153,0.046423,-0.802892,1.370033,0.101585,0.081828,-0.109610,0.257275,-0.303965,0.057338,0.920013,-0.240610,0.409016,0.215080,0.000000,1,0.011761,-0.640910,14.225183,71.222929,0.267995,68.479082,0.001974
15.091666,2.433333,1,-0.782108,1.496831,0.361488,0.199780,0.219214,-0.180356,0.937819,0.275901,0.004119,0.071102,-0.103534,0.273247,0.760268,0.580181,-0.305342,-0.938766,0.159639,0.825605,-0.177452,0.535618,0.046924,-0.802892,1.370033,0.101585,0.081353,-0.109613,0.255785,-0.303086,0.058179,0.920128,-0.241077,0.424487,0.222652,0.000000,1,0.011154,-0.737543,14.533400,71.118869,0.303647,68.284829,0.001876
15.125000,2.466667,1,-0.781677,1.496445,0.360006,0.200855,0.218788,-0.179891,0.937779,0.275948,0.004712,0.069625,-0.102675,0.274017,0.760442,0.579741,-0.306716,-0.937989,0.161562,0.825450,-0.177629,0.535798,0.047745,-0.802892,1.370033,0.101585,0.080819,-0.109628,0.254286,-0.303185,0.059342,0.919921,-0.241461,0.431212,0.206379,0.000000,1,0.010521,-0.845158,14.843321,71.012035,0.343431,68.089333,0.001782
15.158333,2.500000,1,-0.781266,1.495991,0.358550,0.201741,0.218229,-0.179436,0.937806,0.276061,0.005327,0.068175,-0.101781,0.274559,0.760671,0.579342,-0.308007,-0.937267,0.163284,0.825488,-0.177960,0.535631,0.047382,-0.802892,1.370033,0.101585,0.080243,-0.109587,0.252816,-0.303084,0.060394,0.919778,-0.241872,0.413123,0.210201,0.000000,1,0.009965,-0.956962,15.150567,70.895383,0.384714,67.890697,0.001693
15.191666,2.533333,1,-0.780951,1.495523,0.357190,0.202985,0.217377,-0.178954,0.937827,0.276243,0.005874,0.066820,-0.100465,0.275291,0.760908,0.578913,-0.309532,-0.936314,0.165849,0.825685,-0.178149,0.535263,0.044181,-0.802892,1.370033,0.101585,0.079713,-0.109467,0.251447,-0.302877,0.061896,0.919633,-0.242302,0.411571,0.209870,0.000000,1,0.010017,-1.056142,15.440770,70.773521,0.421012,67.697018,0.001608
15.225000,2.566667,1,-0.780730,1.495025,0.355986,0.203700,0.216505,-0.178890,0.937886,0.276506,0.006363,0.065621,-0.099366,0.275541,0.760990,0.578876,-0.310057,-0.935797,0.167776,0.826279,-0.177958,0.534410,0.039640,-0.802892,1.370033,0.101585,0.079212,-0.109264,0.250241,-0.302412,0.062922,0.919693,-0.242388,0.410081,0.194192,0.000000,1,0.010592,-1.144491,15.701344,70.649383,0.453042,67.514762,0.001528
15.258333,2.600000,1,-0.780602,1.494510,0.354883,0.203702,0.215574,-0.179439,0.937995,0.276838,0.006786,0.064521,-0.098530,0.275129,0.760840,0.579413,-0.309146,-0.935897,0.168896,0.827463,-0.177170,0.532837,0.036720,-0.802892,1.370033,0.101585,0.078753,-0.108983,0.249142,-0.301569,0.063317,0.920055,-0.241963,0.409069,0.214060,0.000000,1,0.010693,-1.220607,15.943507,70.521190,0.480289,67.338472,0.001451
15.291666,2.633333,1,-0.780565,1.494050,0.353844,0.204318,0.214625,-0.179830,0.938004,0.277182,0.007102,0.063485,-0.097403,0.275258,0.760673,0.579760,-0.308781,-0.935638,0.170983,0.828394,-0.176222,0.531704,0.034113,-0.802892,1.370033,0.101585,0.078392,-0.108668,0.248111,-0.300979,0.064278,0.920271,-0.241622,0.408702,0.210644,0.000000,1,0.010732,-1.277316,16.172746,70.395517,0.500030,67.169331,0.001379
15.325000,2.666667,1,-0.780570,1.493695,0.352832,0.205842,0.213843,-0.179833,0.937849,0.277467,0.007322,0.062475,-0.096025,0.276273,0.760537,0.579686,-0.309486,-0.934804,0.174243,0.828687,-0.175273,0.531560,0.032152,-0.802892,1.370033,0.101585,0.078138,-0.108386,0.247108,-0.300944,0.065993,0.920185,-0.241532,0.397881,0.209031,0.000000,1,0.010786,-1.316760,16.393775,70.280638,0.513115,67.009744,0.001310
15.358333,2.700000,1,-0.780555,1.493409,0.351837,0.206894,0.213073,-0.179858,0.937788,0.277685,0.007516,0.061481,-0.094866,0.276872,0.760473,0.579675,-0.309955,-0.934186,0.176704,0.829123,-0.174638,0.531090,0.031086,-0.802892,1.370033,0.101585,0.077926,-0.108163,0.246119,-0.300714,0.067276,0.920182,-0.241474,0.400333,0.198213,0.000000,1,0.010791,-1.351798,16.608887,70.176772,0.524473,66.858912,0.001244
15.391666,2.733333,1,-0.780505,1.493163,0.350760,0.207389,0.212208,-0.180074,0.937833,0.277849,0.007715,0.060406,-0.093870,0.276929,0.760417,0.579883,-0.309847,-0.933897,0.178413,0.829916,-0.174091,0.530030,0.033172,-0.802892,1.370033,0.101585,0.077726,-0.107988,0.245046,-0.300151,0.068095,0.920349,-0.241307,0.396341,0.205582,0.000000,1,0.009858,-1.387908,16.838833,70.074456,0.536207,66.703830,0.001182
15.425000,2.766667,1,-0.780385,1.493012,0.349585,0.208674,0.211776,-0.180046,0.937651,0.277896,0.007914,0.059233,-0.092910,0.277887,0.760270,0.579772,-0.310464,-0.933204,0.180949,0.829930,-0.173286,0.530272,0.035703,-0.802892,1.370033,0.101585,0.077561,-0.107920,0.243869,-0.300325,0.069444,0.920212,-0.241231,0.399591,0.221810,0.000000,1,0.009020,-1.424440,17.084750,69.982274,0.548047,66.548545,0.001123
15.458333,2.800000,1,-0.780094,1.492928,0.348349,0.210417,0.210923,-0.179771,0.937507,0.277786,0.008209,0.058000,-0.091371,0.279066,0.760269,0.579452,-0.311773,-0.932076,0.184478,0.830082,-0.172714,0.530221,0.038190,-0.802892,1.370033,0.101585,0.077347,-0.108023,0.242618,-0.300329,0.071393,0.920020,-0.241391,0.404602,0.215153,0.000000,1,0.008745,-1.478957,17.337831,69.908064,0.566597,66.400595,0.001067
15.491666,2.833333,1,-0.779601,1.492777,0.347086,0.211589,0.209354,-0.179487,0.937649,0.277608,0.008706,0.056742,-0.089445,0.279414,0.760523,0.579252,-0.312934,-0.931053,0.187652,0.831084,-0.172791,0.528623,0.040936,-0.802892,1.370033,0.101585,0.076956,-0.108244,0.241330,-0.299445,0.073138,0.920085,-0.241715,0.405670,0.225598,0.000000,1,0.008668,-1.570406,17.593985,69.840584,0.599005,66.255757,0.001014
15.525000,2.866667,1,-0.778978,1.492547,0.345840,0.212454,0.208071,-0.179426,0.937751,0.277415,0.009355,0.055503,-0.087910,0.279615,0.760641,0.579235,-0.313518,-0.930341,0.190189,0.832017,-0.172606,0.527214,0.042343,-0.802892,1.370033,0.101585,0.076422,-0.108519,0.240053,-0.298678,0.074478,0.920199,-0.241822,0.406336,0.240585,0.000000,1,0.008820,-1.689500,17.846067,69.774878,0.641750,66.114187,0.000963
15.558333,2.900000,1,-0.778349,1.492256,0.344566,0.213544,0.206867,-0.179375,0.937779,0.277266,0.010045,0.054236,-0.086346,0.280053,0.760690,0.579193,-0.314159,-0.929537,0.193044,0.832811,-0.172211,0.526089,0.043524,-0.802892,1.370033,0.101585,0.075837,-0.108761,0.238747,-0.298079,0.075987,0.920255,-0.241880,0.406096,0.228398,0.000000,1,0.008259,-1.816084,18.106249,69.698719,0.687261,65.964825,0.000915
15.591666,2.933333,1,-0.777832,1.491915,0.343206,0.214552,0.205110,-0.179475,0.937916,0.277226,0.010677,0.052882,-0.084324,0.280170,0.760767,0.579334,-0.314524,-0.928726,0.196322,0.834226,-0.171754,0.523992,0.044830,-0.802892,1.370033,0.101585,0.075283,-0.108878,0.237364,-0.296947,0.077658,0.920485,-0.241865,0.407955,0.223500,0.000000,1,0.006932,-1.931823,18.388617,69.598394,0.728671,65.795162,0.000869
15.625000,2.966667,1,-0.777391,1.491572,0.341799,0.215939,0.203285,-0.179639,0.937963,0.277232,0.011249,0.051481,-0.082071,0.280598,0.760737,0.579490,-0.314911,-0.927737,0.200339,0.835621,-0.170911,0.522041,0.045401,-0.802892,1.370033,0.101585,0.074776,-0.108931,0.235939,-0.295917,0.079702,0.920674,-0.241745,0.429472,0.221632,0.000000,1,0.006205,-2.036600,18.682838,69.486114,0.765883,65.615562,0.000826
15.658333,3.000000,1,-0.776923,1.491220,0.340368,0.217555,0.201724,-0.179622,0.937930,0.277229,0.011849,0.050055,-0.079953,0.281348,0.760717,0.579449,-0.315692,-0.926582,0.204410,0.836604,-0.170164,0.520709,0.046406,-0.802892,1.370033,0.101585,0.074245,-0.108999,0.234488,-0.295226,0.081840,0.920709,-0.241741,0.425571,0.225806,0.000000,1,0.006150,-2.146451,18.982190,69.371775,0.804858,65.433812,0.000784
15.691666,3.033333,1,-0.776385,1.490887,0.339029,0.218532,0.200683,-0.179375,0.937974,0.277169,0.012493,0.048723,-0.078586,0.281756,0.760867,0.579240,-0.316611,-0.925733,0.206822,0.837165,-0.170189,0.519798,0.044426,-0.802892,1.370033,0.101585,0.073685,-0.109139,0.233125,-0.294727,0.083179,0.920686,-0.241981,0.430452,0.210472,0.000000,1,0.006812,-2.264591,19.260286,69.271802,0.846743,65.268426,0.000745
15.725000,3.066667,1,-0.775878,1.490607,0.337840,0.219496,0.200121,-0.178755,0.937987,0.277086,0.013078,0.047540,-0.077656,0.282367,0.761158,0.578686,-0.318183,-0.924798,0.208587,0.837088,-0.170782,0.519728,0.039666,-0.802892,1.370033,0.101585,0.073182,-0.109295,0.231912,-0.294661,0.084306,0.920459,-0.242532,0.427903,0.187512,0.000000,1,0.007383,-2.372426,19.506221,69.186555,0.884643,65.123535,0.000708
15.758333,3.100000,1,-0.775537,1.490293,0.336706,0.220719,0.199489,-0.178378,0.937906,0.277130,0.013551,0.046411,-0.076546,0.283178,0.761257,0.578307,-0.319404,-0.923832,0.210985,0.837128,-0.170742,0.519677,0.036766,-0.802892,1.370033,0.101585,0.072751,-0.109304,0.230765,-0.294638,0.085693,0.920263,-0.242820,0.447843,0.109850,0.000000,1,0.006860,-2.459242,19.744985,69.086519,0.914728,64.974290,0.000672
15.791666,3.133333,1,-0.775373,1.489937,0.335564,0.221416,0.198363,-0.178853,0.937891,0.277314,0.013907,0.045272,-0.075226,0.283301,0.761030,0.578718,-0.318853,-0.923467,0.213404,0.838221,-0.169652,0.518270,0.036198,-0.802892,1.370033,0.101585,0.072397,-0.109146,0.229622,-0.293923,0.086802,0.920500,-0.242394,0.444608,0.109678,0.000000,1,0.006026,-2.523682,19.990066,68.964559,0.936522,64.811935,0.000639
15.825000,3.166667,1,-0.775259,1.489625,0.334465,0.221833,0.197056,-0.179529,0.937938,0.277493,0.014197,0.044176,-0.073867,0.283093,0.760769,0.579338,-0.317823,-0.923307,0.215621,0.839662,-0.168452,0.516325,0.034446,-0.802892,1.370033,0.101585,0.072106,-0.108979,0.228524,-0.292920,0.087734,0.920880,-0.241827,0.440436,0.142142,0.000000,1,0.005993,-2.576123,20.226213,68.846493,0.953771,64.655620,0.000607
15.858333,3.200000,1,-0.775118,1.489340,0.333348,0.222794,0.196108,-0.179822,0.937853,0.277633,0.014493,0.043061,-0.072588,0.283531,0.760564,0.579555,-0.317694,-0.922739,0.218227,0.840415,-0.167453,0.515425,0.034854,-0.802892,1.370033,0.101585,0.071821,-0.108850,0.227405,-0.292483,0.089009,0.920976,-0.241525,0.430522,0.175125,0.000000,1,0.005997,-2.629774,20.464878,68.731947,0.971371,64.500914,0.000576
15.891666,3.233333,1,-0.774984,1.489027,0.332144,0.223320,0.195317,-0.180139,0.937832,0.277801,0.014800,0.041860,-0.071645,0.283650,0.760404,0.579824,-0.317341,-0.922445,0.219977,0.841157,-0.166693,0.514459,0.037522,-0.802892,1.370033,0.101585,0.071521,-0.108691,0.226201,-0.291997,0.089822,0.921127,-0.241236,0.434750,0.177178,0.000000,1,0.005845,-2.685277,20.722492,68.605360,0.989618,64.333672,0.000548
15.925000,3.266667,1,-0.774964,1.488734,0.330835,0.223567,0.194555,-0.180600,0.937843,0.278021,0.015006,0.040553,-0.070851,0.283532,0.760206,0.580238,-0.316608,-0.922378,0.221309,0.842024,-0.165867,0.513307,0.040249,-0.802892,1.370033,0.101585,0.071307,-0.108449,0.224899,-0.291412,0.090366,0.921363,-0.240837,0.433205,0.270347,0.000000,1,0.005795,-2.722198,21.004016,68.461680,1.001011,64.149449,0.000520
15.958333,3.300000,1,-0.775081,1.488484,0.329427,0.224677,0.193915,-0.180888,0.937655,0.278289,0.015077,0.039145,-0.069782,0.284241,0.759912,0.580406,-0.316519,-0.921785,0.223894,0.842445,-0.164672,0.513001,0.043056,-0.802892,1.370033,0.101585,0.071215,-0.108119,0.223505,-0.291315,0.091642,0.921360,-0.240484,0.457511,0.296704,0.000000,1,0.006203,-2.734277,21.308045,68.302352,1.003284,63.949601,0.000494
15.991666,3.333333,1,-0.775234,1.488244,0.328025,0.226272,0.193275,-0.181041,0.937374,0.278571,0.015113,0.037743,-0.068498,0.285384,0.759597,0.580410,-0.316864,-0.920852,0.227219,0.842660,-0.163360,0.513068,0.042906,-0.802892,1.370033,0.101585,0.071152,-0.107767,0.222121,-0.291432,0.093357,0.921226,-0.240198,0.442734,0.348523,0.000000,1,0.006610,-2.739838,21.611168,68.140415,1.003146,63.749627,0.000470
16.025000,3.366667,1,-0.775391,1.487958,0.326626,0.227569,0.192662,-0.181554,0.937087,0.278891,0.015174,0.036343,-0.067369,0.286275,0.759115,0.580734,-0.316418,-0.920261,0.230218,0.843116,-0.161588,0.512878,0.043115,-0.802892,1.370033,0.101585,0.071055,-0.107385,0.220739,-0.291435,0.094785,0.921236,-0.239594,0.087676,0.177850,0.000000,1,0.007254,-2.749531,21.915056,67.971751,1.004506,63.546833,0.000446
16.058333,3.400000,1,-0.775580,1.487653,0.325286,0.228751,0.192414,-0.182421,0.936682,0.279247,0.015219,0.035003,-0.066617,0.287226,0.758369,0.581325,-0.315246,-0.919987,0.232903,0.843450,-0.159124,0.513100,0.041620,-0.802892,1.370033,0.101585,0.070962,-0.106968,0.219419,-0.291703,0.095943,0.921286,-0.238615,0.075233,0.421908,0.000000,1,0.007505,-2.756207,22.207503,67.801937,1.004742,63.348510,0.000424
16.091666,3.433333,1,-0.775835,1.487352,0.324115,0.230245,0.192481,-0.183169,0.936156,0.279638,0.015208,0.033832,-0.066009,0.288597,0.757571,0.581756,-0.314405,-0.919544,0.235773,0.843343,-0.156543,0.514069,0.037058,-0.802892,1.370033,0.101585,0.070908,-0.106513,0.218271,-0.292392,0.097248,0.921174,-0.237675,0.063692,0.355931,0.000000,1,0.007059,-2.752234,22.465573,67.640994,1.001088,63.168020,0.000403
16.125000,3.466667,1,-0.776184,1.487071,0.323020,0.232181,0.192299,-0.183797,0.935592,0.280071,0.015111,0.032735,-0.064981,0.290253,0.756794,0.582060,-0.313968,-0.918720,0.239534,0.843276,-0.153920,0.514969,0.035496,-0.802892,1.370033,0.101585,0.070924,-0.106000,0.217205,-0.293053,0.099063,0.920990,-0.236821,0.056584,0.197102,0.000000,1,0.007062,-2.732228,22.708838,67.480574,0.991664,62.993837,0.000382
16.158333,3.500000,1,-0.776550,1.486852,0.321936,0.233186,0.191341,-0.184936,0.935314,0.280464,0.014960,0.031649,-0.063672,0.290729,0.756038,0.582948,-0.312235,-0.918485,0.242684,0.844440,-0.151296,0.513840,0.034954,-0.802892,1.370033,0.101585,0.071002,-0.105512,0.216150,-0.292603,0.100365,0.921286,-0.235673,0.064222,0.154807,0.000000,1,0.007238,-2.703086,22.948468,67.326891,0.978942,62.825168,0.000363
16.191666,3.533333,1,-0.776774,1.486645,0.320870,0.233360,0.190083,-0.185951,0.935325,0.280763,0.014917,0.030582,-0.062464,0.290327,0.755593,0.583856,-0.310420,-0.918585,0.244623,0.846045,-0.149644,0.511678,0.033246,-0.802892,1.370033,0.101585,0.071000,-0.105145,0.215105,-0.291529,0.101050,0.921777,-0.234790,0.054203,0.210896,0.000000,1,0.007471,-2.693988,23.181090,67.187650,0.973351,62.667289,0.000345
16.225000,3.566667,1,-0.776781,1.486417,0.319824,0.234289,0.189405,-0.185840,0.935253,0.280947,0.015059,0.029537,-0.061443,0.290855,0.755580,0.583719,-0.310995,-0.917834,0.246704,0.846349,-0.149352,0.511260,0.032119,-0.802892,1.370033,0.101585,0.070849,-0.104937,0.214065,-0.291330,0.102186,0.921699,-0.234851,0.062767,0.273100,0.000000,1,0.007859,-2.719225,23.405990,67.065367,0.979933,62.521752,0.000328
16.258333,3.600000,1,-0.776593,1.486220,0.318772,0.235743,0.189061,-0.185057,0.935112,0.280990,0.015338,0.028488,-0.060490,0.292002,0.755808,0.582949,-0.313022,-0.916522,0.249006,0.845869,-0.149810,0.511920,0.032600,-0.802892,1.370033,0.101585,0.070603,-0.104901,0.213007,-0.291674,0.103665,0.921269,-0.235465,0.059779,0.282102,0.000000,1,0.008361,-2.770409,23.627631,66.962148,0.995630,62.387974,0.000312
16.291666,3.633333,1,-0.776252,1.486046,0.317673,0.236674,0.188490,-0.184467,0.935109,0.280922,0.015726,0.027393,-0.059567,0.292578,0.756070,0.582415,-0.314489,-0.915550,0.250729,0.845838,-0.150381,0.511805,0.034915,-0.802892,1.370033,0.101585,0.070283,-0.104998,0.211892,-0.291584,0.104765,0.921040,-0.235983,0.058351,0.255179,0.000000,1,0.009149,-2.842280,23.855606,66.870001,1.018585,62.258364,0.000296
16.325000,3.666667,1,-0.775768,1.485805,0.316580,0.237173,0.188302,-0.184111,0.935091,0.280821,0.016269,0.026305,-0.059178,0.292940,0.756215,0.582086,-0.315349,-0.915035,0.251530,0.845692,-0.150725,0.511944,0.036595,-0.802892,1.370033,0.101585,0.069822,-0.105166,0.210776,-0.291643,0.105304,0.920882,-0.236287,0.072057,0.259862,0.000000,1,0.009925,-2.942467,24.081514,66.781214,1.051537,62.131895,0.000281
16.358333,3.700000,1,-0.775173,1.485463,0.315602,0.237842,0.188644,-0.183553,0.934962,0.280735,0.016960,0.025334,-0.059188,0.293690,0.756352,0.581529,-0.316643,-0.914446,0.252044,0.844915,-0.151142,0.513104,0.035832,-0.802892,1.370033,0.101585,0.069211,-0.105367,0.209770,-0.292252,0.105770,0.920528,-0.236707,0.083321,0.238885,0.000000,1,0.010167,-3.069369,24.283851,66.698752,1.093899,62.017603,0.000267
16.391666,3.733333,1,-0.774563,1.485049,0.314755,0.238360,0.188601,-0.182923,0.934962,0.280698,0.017704,0.024495,-0.058921,0.294133,0.756635,0.580963,-0.318021,-0.913815,0.252598,0.844492,-0.151936,0.513564,0.033671,-0.802892,1.370033,0.101585,0.068531,-0.105543,0.208894,-0.292456,0.106270,0.920263,-0.237261,0.061203,0.269780,0.000000,1,0.010062,-3.205548,24.460390,66.619855,1.139489,61.914684,0.000254
16.425000,3.766667,1,-0.774042,1.484615,0.314023,0.238328,0.188138,-0.182700,0.935107,0.280730,0.018389,0.023770,-0.058522,0.293896,0.756863,0.580826,-0.318433,-0.913610,0.252819,0.844813,-0.152533,0.512860,0.029949,-0.802892,1.370033,0.101585,0.067886,-0.105645,0.208139,-0.292034,0.106446,0.920305,-0.237537,0.090176,0.215984,0.000000,1,0.009702,-3.330377,24.615066,66.541109,1.181025,61.819828,0.000241
16.458333,3.800000,1,-0.773633,1.484160,0.313357,0.238643,0.187737,-0.182699,0.935107,0.280846,0.018996,0.023110,-0.058022,0.293999,0.756864,0.580823,-0.318556,-0.913324,0.253693,0.845091,-0.152419,0.512435,0.027124,-0.802892,1.370033,0.101585,0.067292,-0.105649,0.207457,-0.291813,0.106906,0.920322,-0.237539,0.088719,0.224096,0.000000,1,0.009504,-3.440188,24.758282,66.456257,1.217241,61.726099,0.000229
16.491666,3.833333,1,-0.773287,1.483673,0.312726,0.239403,0.187591,-0.182676,0.934947,0.281025,0.019572,0.022484,-0.057553,0.294615,0.756733,0.580728,-0.318885,-0.912824,0.255078,0.845000,-0.151914,0.512735,0.026072,-0.802892,1.370033,0.101585,0.066710,-0.105586,0.206815,-0.292013,0.107656,0.920187,-0.237473,0.104417,0.241990,0.000000,1,0.009571,-3.543513,24.896157,66.365019,1.251129,61.631250,0.000218
16.525000,3.866667,1,-0.772938,1.483215,0.312158,0.240024,0.187497,-0.182536,0.934834,0.281180,0.020132,0.021922,-0.057192,0.295128,0.756697,0.580550,-0.319382,-0.912359,0.256119,0.844843,-0.151722,0.513051,0.024268,-0.802892,1.370033,0.101585,0.066147,-0.105546,0.206235,-0.292202,0.108261,0.920040,-0.237537,0.114346,0.257564,0.000000,1,0.009507,-3.644248,25.020073,66.283054,1.283967,61.546380,0.000207
16.558333,3.900000,1,-0.772568,1.482837,0.311637,0.240319,0.187264,-0.182233,0.934863,0.281259,0.020660,0.021405,-0.056853,0.295288,0.756859,0.580291,-0.320060,-0.911973,0.256646,0.844820,-0.152135,0.512966,0.022284,-0.802892,1.370033,0.101585,0.065635,-0.105575,0.205698,-0.292130,0.108635,0.919946,-0.237819,0.170535,0.221678,0.000000,1,0.009453,-3.739858,25.132177,66.216774,1.314844,61.473996,0.000196
16.591666,3.933333,1,-0.772185,1.482543,0.311097,0.240680,0.187376,-0.181674,0.934857,0.281262,0.021148,0.020870,-0.056795,0.295659,0.757105,0.579787,-0.321243,-0.911502,0.256839,0.844335,-0.152866,0.513547,0.021723,-0.802892,1.370033,0.101585,0.065181,-0.105665,0.205141,-0.292401,0.108923,0.919699,-0.238307,0.539050,0.250188,0.000000,1,0.009617,-3.829105,25.245786,66.160095,1.343390,61.406288,0.000187
16.625000,3.966667,1,-0.771857,1.482311,0.310543,0.241697,0.187936,-0.180946,0.934624,0.281249,0.021556,0.020321,-0.056846,0.296817,0.757227,0.579030,-0.322985,-0.910660,0.257642,0.843168,-0.153247,0.515347,0.020527,-0.802892,1.370033,0.101585,0.064810,-0.105748,0.204572,-0.293361,0.109611,0.919178,-0.238822,0.607224,0.231769,0.000000,1,0.009647,-3.904112,25.361716,66.105200,1.366938,61.338852,0.000177
16.658333,4.000000,1,-0.771625,1.482118,0.310078,0.242505,0.188632,-0.180608,0.934339,0.281263,0.021862,0.019859,-0.057110,0.297852,0.757128,0.578601,-0.323918,-0.910171,0.258196,0.842130,-0.153010,0.517112,0.016622,-0.802892,1.370033,0.101585,0.064526,-0.105785,0.204098,-0.294342,0.110045,0.918775,-0.238966,0.465291,0.259286,0.000000,1,0.009227,-3.960427,25.459953,66.055376,1.383976,61.280207,0.000168
16.691666,4.033333,1,-0.771485,1.481935,0.309724,0.242869,0.189247,-0.180944,0.934055,0.281324,0.022087,0.019507,-0.057497,0.298454,0.756728,0.578777,-0.323423,-0.910274,0.258457,0.841632,-0.151885,0.518253,0.012678,-0.802892,1.370033,0.101585,0.064305,-0.105763,0.203739,-0.295040,0.110099,0.918662,-0.238517,0.381849,0.244460,0.000000,1,0.008784,-4.001498,25.536457,66.009811,1.395742,61.231282,0.000160
16.725000,4.066667,1,-0.771441,1.481760,0.309441,0.243282,0.189319,-0.181787,0.933770,0.281437,0.022230,0.019225,-0.057375,0.298859,0.756097,0.579403,-0.322000,-0.910465,0.259557,0.841876,-0.149950,0.518420,0.010076,-0.802892,1.370033,0.101585,0.064146,-0.105673,0.203457,-0.295261,0.110424,0.918783,-0.237623,0.377746,0.352729,0.000000,1,0.008461,-4.026996,25.599440,65.964046,1.402151,61.186902,0.000152
16.758333,4.100000,1,-0.771431,1.481580,0.309167,0.244037,0.188691,-0.183085,0.933446,0.281574,0.022350,0.018952,-0.056472,0.299260,0.755230,0.580415,-0.319858,-0.910494,0.262091,0.842895,-0.147123,0.517575,0.009836,-0.802892,1.370033,0.101585,0.064004,-0.105554,0.203186,-0.294994,0.111354,0.919095,-0.236312,0.438691,0.352738,0.000000,1,0.008457,-4.047839,25.661052,65.915885,1.407004,61.141823,0.000144
16.791666,4.133333,1,-0.771344,1.481354,0.308862,0.244821,0.188140,-0.184308,0.933111,0.281702,0.022558,0.018649,-0.055625,0.299721,0.754386,0.581356,-0.317862,-0.910478,0.264563,0.843790,-0.144386,0.516886,0.011678,-0.802892,1.370033,0.101585,0.063779,-0.105466,0.202881,-0.294809,0.112278,0.919363,-0.235060,0.456337,0.316995,0.000000,1,0.008854,-4.084705,25.728953,65.865133,1.417474,61.093459,0.000137
16.825000,4.166667,1,-0.771165,1.481049,0.308482,0.245527,0.187765,-0.184882,0.932888,0.281837,0.022888,0.018272,-0.054972,0.300188,0.753932,0.581767,-0.317051,-0.910228,0.266388,0.844220,-0.142869,0.516605,0.015576,-0.802892,1.370033,0.101585,0.063438,-0.105398,0.202495,-0.294765,0.113068,0.919439,-0.234437,0.430843,0.305283,0.000000,1,0.009560,-4.143448,25.812900,65.804756,1.435596,61.034900,0.000130
16.858333,4.200000,1,-0.770942,1.480711,0.308015,0.245887,0.187086,-0.185032,0.932900,0.281972,0.023274,0.017809,-0.054204,0.300207,0.753875,0.581902,-0.316905,-0.909907,0.267656,0.844818,-0.142532,0.515721,0.018529,-0.802892,1.370033,0.101585,0.063046,-0.105339,0.202022,-0.294312,0.113686,0.919539,-0.234315,0.418192,0.333071,0.000000,1,0.010240,-4.212292,25.914933,65.735283,1.457226,60.965706,0.000124
16.891666,4.233333,1,-0.770707,1.480388,0.307504,0.245798,0.186221,-0.185229,0.933057,0.282088,0.023662,0.017301,-0.053468,0.299741,0.753925,0.582145,-0.316497,-0.909841,0.268364,0.845735,-0.142525,0.514217,0.019468,-0.802892,1.370033,0.101585,0.062658,-0.105295,0.201503,-0.293495,0.113978,0.919786,-0.234228,0.434144,0.313899,0.000000,1,0.010639,-4.281763,26.025789,65.664049,1.479020,60.892814,0.000118
16.925000,4.266667,1,-0.770489,1.480068,0.306935,0.245964,0.185641,-0.185402,0.933094,0.282212,0.024034,0.016736,-0.052874,0.299632,0.753881,0.582313,-0.316231,-0.909675,0.269239,0.846304,-0.142263,0.513352,0.020642,-0.802892,1.370033,0.101585,0.062285,-0.105237,0.200928,-0.293045,0.114378,0.919913,-0.234098,0.441637,0.388882,0.000000,1,0.011132,-4.348360,26.148947,65.586118,1.499794,60.812485,0.000112
16.958333,4.300000,1,-0.770307,1.479750,0.306278,0.246953,0.185603,-0.185564,0.932809,0.282355,0.024377,0.016082,-0.052399,0.300502,0.753556,0.582328,-0.316296,-0.909126,0.271010,0.846142,-0.141185,0.513916,0.022560,-0.802892,1.370033,0.101585,0.061939,-0.105147,0.200267,-0.293435,0.115284,0.919751,-0.233804,0.436874,0.365187,0.000000,1,0.011845,-4.409400,26.291059,65.496824,1.518635,60.720070,0.000106
16.991666,4.333333,1,-0.770177,1.479463,0.305539,0.248968,0.185886,-0.185657,0.932198,0.282505,0.024661,0.015345,-0.051755,0.302434,0.752978,0.582134,-0.316883,-0.907972,0.274174,0.845363,-0.139307,0.515709,0.024131,-0.802892,1.370033,0.101585,0.061649,-0.105028,0.199526,-0.294560,0.116979,0.919280,-0.233398,0.439889,0.406563,0.000000,1,0.012527,-4.459871,26.450660,65.398790,1.533790,60.617453,0.000101
17.025000,4.366667,1,-0.770108,1.479198,0.304769,0.250985,0.186232,-0.185848,0.931550,0.282674,0.024884,0.014577,-0.051166,0.304396,0.752321,0.582011,-0.317289,-0.906869,0.277338,0.844570,-0.137211,0.517566,0.024517,-0.802892,1.370033,0.101585,0.061415,-0.104875,0.198758,-0.295737,0.118646,0.918818,-0.232885,0.419261,0.357769,0.000000,1,0.012953,-4.499016,26.617110,65.295528,1.545003,60.510087,0.000096
17.058333,4.400000,1,-0.770131,1.478908,0.304007,0.251317,0.185955,-0.186640,0.931357,0.282918,0.025047,0.013817,-0.050767,0.304573,0.751797,0.582632,-0.315926,-0.906966,0.278575,0.845117,-0.135551,0.517111,0.024446,-0.802892,1.370033,0.101585,0.061219,-0.104634,0.198005,-0.295613,0.119051,0.919007,-0.232088,0.425236,0.381200,0.000000,1,0.013314,-4.526340,26.783886,65.182194,1.552166,60.397673,0.000091
17.091666,4.433333,1,-0.770295,1.478585,0.303266,0.251121,0.185040,-0.187584,0.931403,0.283274,0.025118,0.013076,-0.050032,0.303992,0.751412,0.583494,-0.314063,-0.907308,0.279566,0.846471,-0.134247,0.515233,0.024752,-0.802892,1.370033,0.101585,0.061081,-0.104262,0.197281,-0.294686,0.119254,0.919481,-0.231285,0.422821,0.340327,0.000000,1,0.013713,-4.535548,26.949528,65.055075,1.553153,60.278752,0.000086
17.125000,4.466667,1,-0.770555,1.478283,0.302574,0.251798,0.184082,-0.188154,0.931295,0.283670,0.025099,0.012382,-0.048869,0.304173,0.751061,0.583950,-0.313229,-0.906894,0.281836,0.847435,-0.132963,0.513979,0.023960,-0.802892,1.370033,0.101585,0.061018,-0.103831,0.196611,-0.294109,0.120273,0.919673,-0.230731,0.417395,0.312963,0.000000,1,0.013723,-4.527920,27.106227,64.927533,1.548328,60.162881,0.000082
17.158333,4.500000,1,-0.770815,1.478070,0.301926,0.253334,0.183507,-0.188606,0.930900,0.283996,0.025026,0.011734,-0.047669,0.305293,0.750512,0.584171,-0.312943,-0.905961,0.285135,0.847749,-0.131080,0.513946,0.021889,-0.802892,1.370033,0.101585,0.061024,-0.103456,0.195986,-0.294249,0.121902,0.919564,-0.230128,0.109220,0.285977,0.000000,1,0.013380,-4.511619,27.251466,64.815017,1.540399,60.058917,0.000078
17.191666,4.533333,1,-0.770993,1.477919,0.301330,0.254777,0.183468,-0.189059,0.930422,0.284222,0.024980,0.011137,-0.046989,0.306571,0.749887,0.584359,-0.312634,-0.905218,0.287821,0.847595,-0.129078,0.514705,0.019213,-0.802892,1.370033,0.101585,0.061028,-0.103188,0.195404,-0.294828,0.123214,0.919367,-0.229477,0.088873,0.310170,0.000000,1,0.012996,-4.501463,27.383288,64.721760,1.534428,59.969721,0.000074
17.225000,4.566667,1,-0.771097,1.477783,0.300792,0.255791,0.183617,-0.189354,0.930054,0.284393,0.024985,0.010598,-0.046671,0.307548,0.749431,0.584457,-0.312464,-0.904727,0.289544,0.847313,-0.127649,0.515526,0.016935,-0.802892,1.370033,0.101585,0.060997,-0.102990,0.194876,-0.295393,0.124059,0.919185,-0.229023,0.037905,0.748710,0.000000,1,0.012744,-4.501117,27.501281,64.641832,1.531731,59.892295,0.000070
17.258333,4.600000,1,-0.771189,1.477634,0.300288,0.256251,0.183293,-0.189566,0.929948,0.284567,0.025007,0.010094,-0.046175,0.307815,0.749243,0.584597,-0.312229,-0.904436,0.290703,0.847583,-0.126993,0.515244,0.016016,-0.802892,1.370033,0.101585,0.060947,-0.102796,0.194381,-0.295296,0.124611,0.919201,-0.228782,0.050407,1.106645,0.000000,1,0.012774,-4.503788,27.612263,64.564470,1.530079,59.818696,0.000067
17.291666,4.633333,1,-0.771298,1.477438,0.299750,0.256639,0.182330,-0.189761,0.929991,0.284788,0.025043,0.009556,-0.045139,0.307733,0.749193,0.584785,-0.311978,-0.904015,0.292280,0.848451,-0.126654,0.513896,0.017498,-0.802892,1.370033,0.101585,0.060872,-0.102557,0.193855,-0.294599,0.125378,0.919357,-0.228638,0.053079,1.654448,0.000000,1,0.013409,-4.508391,27.731577,64.476464,1.529168,59.736991,0.000064
17.325000,4.666667,1,-0.771463,1.477246,0.299144,0.257064,0.180829,-0.190257,0.930065,0.285039,0.025033,0.008950,-0.043604,0.307445,0.749035,0.585255,-0.311151,-0.903564,0.294546,0.849941,-0.125909,0.511613,0.019674,-0.802892,1.370033,0.101585,0.060835,-0.102274,0.193264,-0.293430,0.126406,0.919686,-0.228247,0.040249,2.237063,0.000000,1,0.014166,-4.504438,27.865578,64.377789,1.525420,59.645049,0.000060
17.358333,4.700000,1,-0.771687,1.477113,0.298476,0.257573,0.179123,-0.191360,0.930028,0.285279,0.024941,0.008280,-0.041845,0.307142,0.748507,0.586216,-0.309198,-0.903279,0.297461,0.851869,-0.124028,0.508857,0.021526,-0.802892,1.370033,0.101585,0.060883,-0.101976,0.192613,-0.292098,0.127587,0.920190,-0.227267,0.039405,2.815127,0.000000,1,0.014754,-4.485927,28.012431,64.275224,1.516768,59.547000,0.000057
17.391666,4.733333,1,-0.771921,1.476990,0.297821,0.258135,0.178185,-0.192717,0.929772,0.285517,0.024835,0.007624,-0.040750,0.307232,0.747672,0.587311,-0.306810,-0.903271,0.299947,0.853193,-0.121348,0.507284,0.021178,-0.802892,1.370033,0.101585,0.060944,-0.101677,0.191977,-0.291468,0.128478,0.920592,-0.225943,0.055151,3.328133,0.000000,1,0.014927,-4.464909,28.156388,64.174126,1.507282,59.450903,0.000054
17.425000,4.766667,1,-0.772140,1.476851,0.297230,0.258487,0.177692,-0.193841,0.929535,0.285759,0.024748,0.007031,-0.040148,0.307331,0.746958,0.588208,-0.304798,-0.903411,0.301573,0.854057,-0.119117,0.506358,0.019381,-0.802892,1.370033,0.101585,0.060983,-0.101383,0.191403,-0.291150,0.128989,0.920893,-0.224832,0.116997,3.865348,0.000000,1,0.014785,-4.447290,28.287406,64.078307,1.498941,59.362039,0.000052
17.458333,4.800000,1,-0.772330,1.476697,0.296684,0.258920,0.177023,-0.194615,0.929381,0.285996,0.024695,0.006484,-0.039353,0.307423,0.746474,0.588828,-0.303465,-0.903286,0.303287,0.854894,-0.117544,0.505312,0.017951,-0.802892,1.370033,0.101585,0.060990,-0.101106,0.190872,-0.290720,0.129657,0.921120,-0.224073,0.115917,4.414254,0.000000,1,0.014741,-4.435787,28.408814,63.987245,1.492649,59.279021,0.000049
17.491666,4.833333,1,-0.772394,1.476490,0.296125,0.259641,0.176556,-0.194775,0.929235,0.286199,0.024774,0.005926,-0.038613,0.307862,0.746274,0.588902,-0.303408,-0.902739,0.304969,0.855189,-0.116832,0.504977,0.017975,-0.802892,1.370033,0.101585,0.060879,-0.100895,0.190323,-0.290611,0.130509,0.921086,-0.223859,0.098664,5.066117,0.000000,1,0.015175,-4.448160,28.531886,63.898240,1.494327,59.196862,0.000047
17.525000,4.866667,1,-0.772320,1.476242,0.295580,0.260322,0.176937,-0.194523,0.929025,0.286351,0.024988,0.005384,-0.038653,0.308641,0.746202,0.588582,-0.304154,-0.902262,0.305636,0.854543,-0.116623,0.506117,0.018083,-0.802892,1.370033,0.101585,0.060651,-0.100770,0.189779,-0.291253,0.130962,0.920793,-0.223968,0.116162,5.778568,0.000000,1,0.015399,-4.485511,28.650685,63.816447,1.504284,59.120173,0.000044
17.558333,4.900000,1,-0.772256,1.475969,0.295131,0.260718,0.177677,-0.194243,0.928831,0.286531,0.025208,0.004935,-0.039140,0.309325,0.746158,0.588247,-0.304867,-0.902064,0.305510,0.853636,-0.116567,0.507659,0.015915,-0.802892,1.370033,0.101585,0.060406,-0.100625,0.189331,-0.292093,0.131003,0.920486,-0.224109,0.122849,6.246035,0.000000,1,0.015055,-4.523441,28.750704,63.739767,1.514423,59.052381,0.000042
17.591666,4.933333,1,-0.772338,1.475666,0.294749,0.261097,0.177565,-0.194220,0.928751,0.286821,0.025329,0.004555,-0.038871,0.309615,0.746097,0.588189,-0.305045,-0.901763,0.306221,0.853623,-0.116344,0.507733,0.014811,-0.802892,1.370033,0.101585,0.060226,-0.100353,0.188961,-0.292157,0.131395,0.920415,-0.224087,0.141259,6.612600,0.000000,1,0.014989,-4.542202,28.839389,63.654915,1.518265,58.984001,0.000040
17.625000,4.966667,1,-0.772495,1.475344,0.294355,0.261460,0.176840,-0.194561,0.928716,0.287172,0.025401,0.004161,-0.038058,0.309617,0.745913,0.588474,-0.304499,-0.901469,0.307627,0.854335,-0.115670,0.506688,0.015972,-0.802892,1.370033,0.101585,0.060077,-0.100008,0.188584,-0.291658,0.132032,0.920559,-0.223773,0.131657,7.170761,0.000000,1,0.015460,-4.551232,28.932317,63.560366,1.518921,58.909266,0.000038
17.658333,5.000000,1,-0.772590,1.475024,0.293876,0.261564,0.176262,-0.194998,0.928704,0.287484,0.025522,0.003683,-0.037493,0.309454,0.745707,0.588858,-0.303682,-0.901436,0.308531,0.855026,-0.114970,0.505681,0.017508,-0.802892,1.370033,0.101585,0.059894,-0.099709,0.188117,-0.291175,0.132370,0.920757,-0.223386,0.154947,7.755674,0.000000,1,0.016252,-4.569689,29.041802,63.462292,1.522651,58.827566,0.000036
17.691666,5.033333,1,-0.772561,1.474730,0.293314,0.261569,0.176012,-0.195192,0.928709,0.287701,0.025728,0.003123,-0.037266,0.309348,0.745624,0.589033,-0.303303,-0.901451,0.308859,0.855338,-0.114688,0.505216,0.019061,-0.802892,1.370033,0.101585,0.059656,-0.099518,0.187560,-0.290949,0.132480,0.920853,-0.223219,0.174137,8.406418,0.000000,1,0.016937,-4.604524,29.165975,63.368472,1.531685,58.743628,0.000034
17.725000,5.066667,1,-0.772471,1.474441,0.292726,0.261490,0.175964,-0.195247,0.928729,0.287876,0.025980,0.002537,-0.037258,0.309256,0.745617,0.589090,-0.303168,-0.901517,0.308798,0.855427,-0.114667,0.505070,0.019839,-0.802892,1.370033,0.101585,0.059387,-0.099377,0.186973,-0.290871,0.132428,0.920895,-0.223182,0.177465,9.163721,0.000000,1,0.017361,-4.648094,29.294434,63.277413,1.543531,58.659995,0.000033
17.758333,5.100000,1,-0.772444,1.474116,0.292128,0.262009,0.176094,-0.195305,0.928546,0.288118,0.026203,0.001940,-0.037143,0.309779,0.745430,0.589060,-0.303258,-0.901218,0.309582,0.855193,-0.114091,0.505596,0.020441,-0.802892,1.370033,0.101585,0.059128,-0.099164,0.186380,-0.291210,0.132840,0.920764,-0.223034,0.172950,9.801967,0.000000,1,0.017932,-4.685702,29.426817,63.175588,1.553452,58.569679,0.000031
17.791666,5.133333,1,-0.772509,1.473756,0.291475,0.263274,0.176249,-0.195534,0.928111,0.288444,0.026374,0.001289,-0.036718,0.310982,0.744944,0.589068,-0.303302,-0.900482,0.311674,0.854807,-0.112578,0.506587,0.022448,-0.802892,1.370033,0.101585,0.058899,-0.098852,0.185739,-0.291890,0.133911,0.920498,-0.222603,0.165831,10.557048,0.000000,1,0.018931,-4.712766,29.572749,63.056260,1.559958,58.466118,0.000029
17.825000,5.166667,1,-0.772625,1.473394,0.290747,0.264548,0.176166,-0.195978,0.927670,0.288802,0.026507,0.000561,-0.036075,0.312089,0.744357,0.589264,-0.302933,-0.899762,0.314101,0.854728,-0.110736,0.507126,0.024658,-0.802892,1.370033,0.101585,0.058700,-0.098496,0.185026,-0.292356,0.135089,0.920327,-0.221983,0.176706,11.337857,0.000000,1,0.019987,-4.732693,29.735305,62.924568,1.564103,58.351101,0.000028
17.858333,5.200000,1,-0.772728,1.473058,0.290049,0.265352,0.175841,-0.196583,0.927374,0.289131,0.026634,-0.000136,-0.035424,0.312666,0.743824,0.589670,-0.302069,-0.899373,0.316041,0.855070,-0.109058,0.506915,0.023446,-0.802892,1.370033,0.101585,0.058514,-0.098166,0.184342,-0.292398,0.135946,0.920353,-0.221298,0.119369,12.104880,0.000000,1,0.020008,-4.751815,29.890916,62.799815,1.567858,58.242243,0.000027
17.891666,5.233333,1,-0.772783,1.472740,0.289452,0.265598,0.175491,-0.197303,0.927217,0.289418,0.026787,-0.000732,-0.034998,0.312733,0.743362,0.590242,-0.300778,-0.899418,0.317143,0.855637,-0.107624,0.506263,0.020336,-0.802892,1.370033,0.101585,0.058311,-0.097893,0.183756,-0.292172,0.136306,0.920543,-0.220584,0.136823,12.768450,0.000000,1,0.019405,-4.776132,30.024332,62.691327,1.573159,58.149202,0.000025
17.925000,5.266667,1,-0.772786,1.472418,0.288893,0.265974,0.175174,-0.197767,0.927071,0.289676,0.026984,-0.001289,-0.034545,0.312930,0.743024,0.590590,-0.300021,-0.899266,0.318290,0.856025,-0.106557,0.505833,0.019354,-0.802892,1.370033,0.101585,0.058071,-0.097660,0.183204,-0.292039,0.136775,0.920631,-0.220100,0.168926,13.342512,0.000000,1,0.019368,-4.808683,30.149125,62.590225,1.581049,58.062992,0.000024
17.958333,5.300000,1,-0.772759,1.472114,0.288292,0.267056,0.174806,-0.197776,0.926827,0.289901,0.027195,-0.001889,-0.033734,0.313735,0.742806,0.590484,-0.300380,-0.898398,0.320395,0.856064,-0.105797,0.505927,0.020224,-0.802892,1.370033,0.101585,0.057829,-0.097459,0.182608,-0.292179,0.137913,0.920449,-0.219968,0.215519,15.373876,0.000000,1,0.019901,-4.844043,30.281636,62.489340,1.589792,57.974658,0.000023
17.991666,5.333333,1,-0.772709,1.471862,0.287672,0.268662,0.174649,-0.197595,0.926431,0.290071,0.027392,-0.002507,-0.032878,0.315103,0.742538,0.590140,-0.301307,-0.897124,0.323083,0.855684,-0.104889,0.506758,0.020143,-0.802892,1.370033,0.101585,0.057614,-0.097307,0.181990,-0.292739,0.139437,0.920052,-0.219921,0.203176,16.484542,0.000000,1,0.020141,-4.877934,30.416540,62.394468,1.597978,57.888864,0.000022
18.025000,5.366667,1,-0.772606,1.471599,0.287076,0.270148,0.174931,-0.197390,0.925989,0.290218,0.027639,-0.003101,-0.032470,0.316560,0.742242,0.589756,-0.302266,-0.896041,0.325186,0.854926,-0.103954,0.508227,0.019787,-0.802892,1.370033,0.101585,0.057357,-0.097192,0.181393,-0.293639,0.140661,0.919591,-0.219869,0.157821,16.922290,0.000000,1,0.020248,-4.920745,30.545836,62.304745,1.608999,57.807740,0.000021
18.058333,5.400000,1,-0.772472,1.471298,0.286497,0.271347,0.175556,-0.197328,0.925534,0.290377,0.027933,-0.003677,-0.032495,0.317914,0.741869,0.589496,-0.302876,-0.895319,0.326603,0.853996,-0.102850,0.510012,0.019971,-0.802892,1.370033,0.101585,0.057051,-0.097078,0.180814,-0.294718,0.141474,0.919166,-0.219683,0.194012,17.358192,0.000000,1,0.020532,-4.971785,30.671767,62.214221,1.622671,57.727470,0.000020
18.091666,5.433333,1,-0.772382,1.470976,0.285936,0.272390,0.176113,-0.197464,0.925093,0.290579,0.028204,-0.004235,-0.032530,0.319098,0.741419,0.589421,-0.303050,-0.894775,0.327929,0.853255,-0.101520,0.511517,0.019587,-0.802892,1.370033,0.101585,0.056755,-0.096918,0.180254,-0.295663,0.142171,0.918839,-0.219329,0.209610,17.856546,0.000000,1,0.020814,-5.018077,30.795309,62.119373,1.634827,57.645824,0.000019
18.125000,5.466667,1,-0.772358,1.470664,0.285434,0.273033,0.176308,-0.197965,0.924758,0.290813,0.028416,-0.004736,-0.032416,0.319764,0.740900,0.589719,-0.302362,-0.894576,0.329107,0.853114,-0.099966,0.512059,0.017757,-0.802892,1.370033,0.101585,0.056505,-0.096716,0.179757,-0.296103,0.142658,0.918769,-0.218713,0.181011,18.504521,0.000000,1,0.020664,-5.053299,30.907665,62.026489,1.643406,57.568761,0.000018
18.158333,5.500000,1,-0.772338,1.470351,0.284944,0.272887,0.176040,-0.199092,0.924611,0.291051,0.028626,-0.005224,-0.032237,0.319517,0.740263,0.590661,-0.300161,-0.895089,0.329725,0.853888,-0.098057,0.511135,0.017457,-0.802892,1.370033,0.101585,0.056257,-0.096511,0.179272,-0.295769,0.142621,0.919136,-0.217646,0.184464,19.172279,0.000000,1,0.020844,-5.088071,31.017417,61.934396,1.651811,57.493037,0.000017
18.191666,5.533333,1,-0.772240,1.470042,0.284404,0.272683,0.175618,-0.200126,0.924528,0.291237,0.028895,-0.005762,-0.031946,0.319150,0.739725,0.591548,-0.298100,-0.895558,0.330322,0.854775,-0.096428,0.509961,0.018884,-0.802892,1.370033,0.101585,0.055966,-0.096367,0.178733,-0.295276,0.142601,0.919522,-0.216695,0.224170,19.901121,0.000000,1,0.021425,-5.134066,31.136083,61.843601,1.663744,57.415411,0.000016
18.225000,5.566667,1,-0.772063,1.469767,0.283842,0.273183,0.175572,-0.200457,0.924318,0.291349,0.029208,-0.006321,-0.031681,0.319578,0.739391,0.591749,-0.297660,-0.895317,0.331370,0.854818,-0.095407,0.510081,0.019506,-0.802892,1.370033,0.101585,0.055653,-0.096304,0.178167,-0.295443,0.143066,0.919490,-0.216295,0.367420,20.381793,0.000000,1,0.021695,-5.188914,31.257237,61.760602,1.678409,57.341249,0.000015
18.258333,5.600000,1,-0.771892,1.469550,0.283377,0.273791,0.175854,-0.200668,0.924038,0.291420,0.029479,-0.006783,-0.031662,0.320250,0.739050,0.591812,-0.297512,-0.895038,0.332256,0.854478,-0.094396,0.510838,0.016235,-0.802892,1.370033,0.101585,0.055388,-0.096278,0.177696,-0.295952,0.143490,0.919339,-0.215962,0.469699,20.543763,0.000000,1,0.020949,-5.237135,31.357356,61.694351,1.690874,57.282341,0.000014
18.291666,5.633333,1,-0.771820,1.469375,0.283098,0.274164,0.175836,-0.201244,0.923806,0.291516,0.029645,-0.007061,-0.031478,0.320578,0.738587,0.592223,-0.296563,-0.894998,0.333209,0.854634,-0.093003,0.510834,0.010127,-0.802892,1.370033,0.101585,0.055212,-0.096210,0.177415,-0.296082,0.143823,0.919392,-0.215334,0.535361,20.714798,0.000000,1,0.019548,-5.266037,31.419769,61.645383,1.697177,57.243921,0.000014
18.325000,5.666667,1,-0.771852,1.469221,0.282961,0.274492,0.175579,-0.201896,0.923615,0.291657,0.029713,-0.007198,-0.031099,0.320760,0.738126,0.592719,-0.295434,-0.894953,0.334331,0.855052,-0.091594,0.510389,0.006244,-0.802892,1.370033,0.101585,0.055113,-0.096083,0.177284,-0.295977,0.144220,0.919521,-0.214663,0.487987,20.798156,0.000000,1,0.018534,-5.276875,31.453735,61.606416,1.697791,57.219234,0.000013
18.358333,5.700000,1,-0.771908,1.469111,0.282862,0.274801,0.175470,-0.202404,0.923432,0.291778,0.029736,-0.007296,-0.030863,0.320990,0.737737,0.593091,-0.294581,-0.894904,0.335215,0.855277,-0.090417,0.510222,0.004728,-0.802892,1.370033,0.101585,0.055063,-0.095966,0.177191,-0.296000,0.144536,0.919590,-0.214122,0.435503,20.740615,0.000000,1,0.018137,-5.279876,31.478971,61.575410,1.695953,57.201135,0.000012
18.391666,5.733333,1,-0.771914,1.469067,0.282743,0.275219,0.175475,-0.202881,0.923202,0.291817,0.029759,-0.007415,-0.030679,0.321369,0.737320,0.593414,-0.293837,-0.894791,0.336168,0.855353,-0.089164,0.510314,0.003827,-0.802892,1.370033,0.101585,0.055034,-0.095927,0.177073,-0.296172,0.144903,0.919602,-0.213582,0.439436,20.698731,0.000000,1,0.018036,-5.284235,31.506077,61.554383,1.694560,57.187442,0.000012
18.425000,5.766667,1,-0.771856,1.469067,0.282625,0.275999,0.175656,-0.203281,0.922847,0.291783,0.029806,-0.007533,-0.030493,0.322150,0.736827,0.593612,-0.293389,-0.894426,0.337528,0.855132,-0.087688,0.510940,0.003935,-0.802892,1.370033,0.101585,0.055002,-0.095965,0.176952,-0.296660,0.145521,0.919472,-0.213044,0.526408,20.688010,0.000000,1,0.017845,-5.293930,31.530776,61.544129,1.694900,57.179903,0.000011
18.458333,5.800000,1,-0.771758,1.469072,0.282558,0.276610,0.175997,-0.203610,0.922526,0.291719,0.029882,-0.007599,-0.030525,0.322851,0.736397,0.593763,-0.293028,-0.894201,0.338437,0.854780,-0.086425,0.511743,0.003583,-0.802892,1.370033,0.101585,0.054948,-0.096042,0.176878,-0.297220,0.145919,0.919334,-0.212586,0.535590,20.713025,0.000000,1,0.017432,-5.309128,31.544245,61.543216,1.697074,57.180483,0.000011
18.491666,5.833333,1,-0.771639,1.469041,0.282511,0.276924,0.176316,-0.204153,0.922251,0.291672,0.029996,-0.007644,-0.030668,0.323277,0.735911,0.594127,-0.292146,-0.894277,0.338997,0.854620,-0.085010,0.512249,0.003924,-0.802892,1.370033,0.101585,0.054852,-0.096114,0.176825,-0.297626,0.146054,0.919325,-0.211963,0.561585,20.732375,0.000000,1,0.017417,-5.330642,31.553736,61.541700,1.701410,57.181777,0.000010
18.525000,5.866667,1,-0.771506,1.468927,0.282486,0.277448,0.176638,-0.204874,0.921872,0.291683,0.030172,-0.007668,-0.030721,0.323894,0.735253,0.594602,-0.291009,-0.894267,0.340001,0.854465,-0.083081,0.512823,0.005338,-0.802892,1.370033,0.101585,0.054680,-0.096148,0.176793,-0.298122,0.146373,0.919305,-0.211130,0.513443,20.744945,0.000000,1,0.017606,-5.362213,31.560531,61.533126,1.709125,57.180090,0.000010
18.558333,5.900000,1,-0.771339,1.468666,0.282576,0.277916,0.177253,-0.205521,0.921469,0.291791,0.030461,-0.007575,-0.031062,0.324590,0.734608,0.595002,-0.290015,-0.894351,0.340628,0.854022,-0.081226,0.513857,0.009665,-0.802892,1.370033,0.101585,0.054370,-0.096125,0.176878,-0.298855,0.146515,0.919224,-0.210348,0.535061,20.782349,0.000000,1,0.017324,-5.412025,31.546459,61.520939,1.722793,57.182916,0.000009
18.591666,5.933333,1,-0.771129,1.468272,0.282797,0.278176,0.178584,-0.205700,0.921094,0.291980,0.030864,-0.007350,-0.032137,0.325419,0.734197,0.595000,-0.289885,-0.894610,0.340059,0.852777,-0.080155,0.516087,0.014960,-0.802892,1.370033,0.101585,0.053924,-0.096062,0.177093,-0.300151,0.146167,0.918939,-0.209987,0.534204,20.769819,0.000000,1,0.016886,-5.480425,31.507875,61.509014,1.742459,57.193398,0.000009
18.625000,5.966667,1,-0.770934,1.467810,0.283041,0.278543,0.180427,-0.205518,0.920664,0.292232,0.031294,-0.007103,-0.033624,0.326572,0.733900,0.594652,-0.290517,-0.894792,0.339040,0.850869,-0.079479,0.519332,0.016706,-0.802892,1.370033,0.101585,0.053435,-0.095948,0.177332,-0.301961,0.145701,0.918438,-0.209912,0.567850,20.678359,0.000000,1,0.017017,-5.552638,31.466398,61.489881,1.763418,57.200868,0.000008
18.658333,6.000000,1,-0.770818,1.467329,0.283248,0.279123,0.182029,-0.205324,0.920216,0.292546,0.031674,-0.006892,-0.034801,0.327807,0.733593,0.594284,-0.291231,-0.894741,0.338561,0.849109,-0.078739,0.522316,0.016093,-0.802892,1.370033,0.101585,0.052978,-0.095757,0.177540,-0.303647,0.145531,0.917925,-0.209840,0.478402,20.561054,0.000000,1,0.017457,-5.614761,31.434086,61.458314,1.781250,57.198813,0.000008
18.691666,6.033333,1,-0.770760,1.466863,0.283425,0.279560,0.183457,-0.205237,0.919819,0.292884,0.032000,-0.006713,-0.035886,0.328837,0.733283,0.594033,-0.291674,-0.894789,0.338051,0.847587,-0.077983,0.524895,0.015058,-0.802892,1.370033,0.101585,0.052570,-0.095529,0.177721,-0.305113,0.145306,0.917506,-0.209703,0.421808,20.504792,0.000000,1,0.017711,-5.666820,31.408831,61.420824,1.795892,57.191295,0.000007
18.725000,6.066667,1,-0.770688,1.466419,0.283606,0.279369,0.184900,-0.205231,0.919590,0.293196,0.032323,-0.006529,-0.037263,0.329310,0.733083,0.593932,-0.291713,-0.895346,0.336541,0.846261,-0.077600,0.527087,0.014548,-0.802892,1.370033,0.101585,0.052171,-0.095324,0.177905,-0.306319,0.144504,0.917259,-0.209580,0.464876,20.496555,0.000000,1,0.017590,-5.718674,31.382097,61.387465,1.810393,57.186266,0.000007
18.758333,6.100000,1,-0.770586,1.465920,0.283884,0.278446,0.186647,-0.205271,0.919508,0.293533,0.032701,-0.006248,-0.039239,0.329264,0.732994,0.593941,-0.291388,-0.896550,0.333603,0.844871,-0.077639,0.529307,0.017408,-0.802892,1.370033,0.101585,0.051707,-0.095116,0.178185,-0.307478,0.142908,0.917141,-0.209492,0.554487,20.426544,0.000000,1,0.017102,-5.779726,31.336350,61.359612,1.827758,57.189919,0.000007
18.791666,6.133333,1,-0.770491,1.465258,0.284287,0.277930,0.189167,-0.205406,0.919119,0.294005,0.033172,-0.005840,-0.041724,0.329929,0.732590,0.593900,-0.291083,-0.897703,0.330756,0.842639,-0.076858,0.532966,0.023441,-0.802892,1.370033,0.101585,0.051116,-0.094810,0.178594,-0.309501,0.141343,0.916780,-0.209157,0.552679,20.277355,0.000000,1,0.016972,-5.854340,31.268977,61.323647,1.849469,57.196022,0.000006
18.825000,6.166667,1,-0.770417,1.464450,0.284669,0.277942,0.191588,-0.206079,0.918463,0.294607,0.033714,-0.005454,-0.043885,0.331025,0.731710,0.594220,-0.289954,-0.898647,0.329181,0.840539,-0.074651,0.536583,0.026909,-0.802892,1.370033,0.101585,0.050422,-0.094396,0.178985,-0.311649,0.140287,0.916429,-0.208212,0.424823,20.099383,0.000000,1,0.017913,-5.938839,31.210168,61.264883,1.874358,57.187629,0.000006
18.858333,6.200000,1,-0.770364,1.463555,0.284887,0.277519,0.193129,-0.206899,0.918083,0.295290,0.034292,-0.005231,-0.045451,0.331338,0.731008,0.594792,-0.288314,-0.899714,0.327704,0.839476,-0.072876,0.538488,0.027675,-0.802892,1.370033,0.101585,0.049678,-0.093903,0.179216,-0.312819,0.139218,0.916403,-0.207286,0.310722,20.040498,0.000000,1,0.019679,-6.028156,31.187896,61.175830,1.900746,57.152259,0.000006
18.891666,6.233333,1,-0.770275,1.462638,0.284960,0.277625,0.194428,-0.207098,0.917732,0.295969,0.034914,-0.005153,-0.046566,0.332014,0.730609,0.594819,-0.288045,-0.900081,0.326932,0.838238,-0.071915,0.540541,0.027719,-0.802892,1.370033,0.101585,0.048896,-0.093417,0.179299,-0.314018,0.138744,0.916147,-0.206922,0.368836,20.127719,0.000000,1,0.020962,-6.124991,31.196011,61.070961,1.929287,57.099460,0.000005
18.925000,6.266667,1,-0.770072,1.461691,0.284968,0.278807,0.196144,-0.206635,0.917113,0.296604,0.035646,-0.005139,-0.047578,0.333839,0.730271,0.594131,-0.289488,-0.899521,0.327199,0.835987,-0.071119,0.544120,0.029061,-0.802892,1.370033,0.101585,0.048024,-0.092997,0.179312,-0.316073,0.139075,0.915373,-0.207000,0.505528,20.252444,0.000000,1,0.021623,-6.241282,31.216758,60.963464,1.963591,57.041738,0.000005
18.958333,6.300000,1,-0.769830,1.460790,0.284983,0.280323,0.198674,-0.205958,0.916258,0.297178,0.036381,-0.005118,-0.049171,0.336326,0.729822,0.593151,-0.291509,-0.898863,0.327212,0.832714,-0.070115,0.549247,0.027995,-0.802892,1.370033,0.101585,0.047163,-0.092637,0.179328,-0.319005,0.139358,0.914280,-0.207139,0.576134,20.387842,0.000000,1,0.021493,-6.359054,31.234722,60.865133,1.997975,56.989816,0.000005
18.991666,6.333333,1,-0.769710,1.459981,0.285004,0.281482,0.200883,-0.205531,0.915517,0.297750,0.036964,-0.005091,-0.050634,0.338351,0.729360,0.592443,-0.292894,-0.898473,0.327046,0.829945,-0.069059,0.553554,0.024521,-0.802892,1.370033,0.101585,0.046450,-0.092239,0.179357,-0.321489,0.139453,0.913400,-0.207121,0.608182,20.404951,0.000000,1,0.021324,-6.449991,31.251081,60.770010,2.023760,56.939947,0.000005
19.025000,6.366667,1,-0.769714,1.459197,0.284972,0.283462,0.202387,-0.205465,0.914589,0.298379,0.037433,-0.005120,-0.051100,0.340797,0.728572,0.591970,-0.293920,-0.897415,0.329023,0.827756,-0.066857,0.557091,0.023548,-0.802892,1.370033,0.101585,0.045833,-0.091754,0.179338,-0.323689,0.140590,0.912545,-0.206693,0.508146,20.425579,0.000000,1,0.022000,-6.520065,31.280228,60.662738,2.042964,56.879774,0.000004
19.058333,6.400000,1,-0.769689,1.458425,0.284898,0.286139,0.204225,-0.205194,0.913407,0.298980,0.037918,-0.005190,-0.051555,0.344017,0.727651,0.591200,-0.295648,-0.895847,0.331739,0.824904,-0.064268,0.561608,0.023272,-0.802892,1.370033,0.101585,0.045209,-0.091296,0.179277,-0.326494,0.142216,0.911379,-0.206311,0.468909,20.472382,0.000000,1,0.022404,-6.593174,31.317351,60.554614,2.062866,56.816890,0.000004
19.091666,6.433333,0,-0.769596,1.457757,0.284840,0.287752,0.206081,-0.204527,0.912633,0.299459,0.038395,-0.005243,-0.052502,0.346290,0.727268,0.590261,-0.297672,-0.894917,0.332437,0.822194,-0.063352,0.565670,0.020328,-0.802892,1.370033,0.101585,0.044625,-0.090957,0.179226,-0.328865,0.142880,0.910382,-0.206491,0.564917,20.502635,0.000000,1,0.021839,-6.667066,31.347427,60.466391,2.082629,56.766639,0.000004
19.125000,6.466667,0,-0.769428,1.457103,0.284857,0.287677,0.207581,-0.203902,0.912456,0.299879,0.038922,-0.005222,-0.053880,0.346891,0.727393,0.589629,-0.298870,-0.895165,0.330691,0.820403,-0.064009,0.568191,0.020247,-0.802892,1.370033,0.101585,0.044005,-0.090690,0.179244,-0.330188,0.142172,0.909911,-0.206944,0.672291,20.537019,0.000000,1,0.021260,-6.750505,31.360684,60.393503,2.105076,56.729643,0.000004
19.158333,6.500000,1,-0.769151,1.456387,0.285036,0.286468,0.209431,-0.203497,0.912504,0.300285,0.039573,-0.005037,-0.056077,0.346633,0.727618,0.589299,-0.299164,-0.896445,0.326937,0.818693,-0.065144,0.570525,0.023658,-0.802892,1.370033,0.101585,0.043265,-0.090481,0.179418,-0.331326,0.140282,0.909705,-0.207317,0.700577,20.590856,0.000000,1,0.020370,-6.855079,31.340837,60.337375,2.133803,56.711644,0.000004
19.191666,6.533333,1,-0.768834,1.455698,0.285307,0.285118,0.212379,-0.202772,0.912407,0.300645,0.040238,-0.004760,-0.059320,0.346739,0.727857,0.588623,-0.300007,-0.898005,0.321844,0.815730,-0.066589,0.574588,0.024158,-0.802892,1.370033,0.101585,0.042520,-0.090325,0.179682,-0.333392,0.137793,0.909199,-0.207892,0.521169,20.636924,0.000000,1,0.019598,-6.962628,31.300660,60.297248,2.163259,56.708111,0.000003
19.225000,6.566667,1,-0.768590,1.455086,0.285542,0.284865,0.215984,-0.201646,0.911889,0.300988,0.040799,-0.004520,-0.062666,0.348119,0.727906,0.587400,-0.302068,-0.898774,0.317742,0.811514,-0.067548,0.580416,0.020987,-0.802892,1.370033,0.101585,0.041881,-0.090157,0.179912,-0.336528,0.136019,0.908148,-0.208603,0.538266,20.660265,0.000000,1,0.019590,-7.052616,31.267032,60.257867,2.187311,56.702690,0.000003
19.258333,6.600000,1,-0.768409,1.454462,0.285753,0.285915,0.219169,-0.200680,0.911013,0.301377,0.041316,-0.004304,-0.065054,0.350481,0.727567,0.586155,-0.304381,-0.898534,0.316210,0.807333,-0.067171,0.586261,0.020491,-0.802892,1.370033,0.101585,0.041273,-0.089930,0.180123,-0.339849,0.135602,0.906884,-0.208991,0.616359,20.698991,0.000000,1,0.019927,-7.133981,31.239688,60.209702,2.208795,56.690603,0.000003
19.291666,6.633333,1,-0.768249,1.453855,0.285957,0.287192,0.220971,-0.199976,0.910331,0.301766,0.041807,-0.004096,-0.066102,0.352429,0.727280,0.585225,-0.306286,-0.897837,0.316351,0.804652,-0.066612,0.589998,0.019788,-0.802892,1.370033,0.101585,0.040690,-0.089697,0.180327,-0.342026,0.135988,0.905946,-0.209252,0.731231,20.752296,0.000000,1,0.019982,-7.210581,31.213998,60.161249,2.228788,56.677733,0.000003
19.325000,6.666667,1,-0.768084,1.453295,0.286171,0.287650,0.222406,-0.199287,0.909988,0.302115,0.042274,-0.003878,-0.067186,0.353478,0.727287,0.584459,-0.307787,-0.897637,0.315461,0.802642,-0.066921,0.592695,0.018667,-0.802892,1.370033,0.101585,0.040141,-0.089497,0.180541,-0.343522,0.135791,0.905311,-0.209678,0.777161,20.750900,0.000000,1,0.019725,-7.283727,31.184916,60.120145,2.247631,56.669596,0.000003
19.358333,6.700000,1,-0.767862,1.452705,0.286358,0.288112,0.224752,-0.198496,0.909438,0.302452,0.042805,-0.003686,-0.069084,0.354939,0.727156,0.583515,-0.309476,-0.897654,0.313755,0.799572,-0.067058,0.596815,0.019738,-0.802892,1.370033,0.101585,0.039534,-0.089323,0.180724,-0.345835,0.135205,0.904424,-0.210084,0.646618,20.796005,0.000000,1,0.020066,-7.367866,31.161173,60.076550,2.269797,56.658559,0.000003
19.391666,6.733333,1,-0.767618,1.452135,0.286438,0.288907,0.227135,-0.197867,0.908731,0.302761,0.043342,-0.003601,-0.070866,0.356714,0.726815,0.582643,-0.311010,-0.897506,0.312660,0.796389,-0.066564,0.601110,0.018747,-0.802892,1.370033,0.101585,0.038933,-0.089171,0.180799,-0.348320,0.134900,0.903473,-0.210267,0.529860,20.857990,0.000000,1,0.020814,-7.453580,31.158423,60.025947,2.292426,56.637452,0.000003
19.425000,6.766667,1,-0.767474,1.451706,0.286415,0.289239,0.228745,-0.197338,0.908336,0.303016,0.043715,-0.003621,-0.072163,0.357730,0.726703,0.582000,-0.312138,-0.897512,0.311516,0.794253,-0.066611,0.603925,0.013583,-0.802892,1.370033,0.101585,0.038506,-0.089021,0.180775,-0.349914,0.134511,0.902855,-0.210524,0.638849,21.108414,0.000000,1,0.021078,-7.512652,31.174328,59.975862,2.306933,56.610651,0.000002
19.458333,6.800000,1,-0.767379,1.451367,0.286441,0.288466,0.230774,-0.196767,0.908192,0.303230,0.043995,-0.003592,-0.074326,0.357943,0.726833,0.581435,-0.312818,-0.898421,0.308196,0.792003,-0.067620,0.606761,0.010601,-0.802892,1.370033,0.101585,0.038179,-0.088889,0.180801,-0.351404,0.132942,0.902409,-0.210949,0.955896,21.213440,0.000000,1,0.020412,-7.556459,31.178597,59.938836,2.316742,56.593982,0.000002
19.491666,6.833333,1,-0.767252,1.450988,0.286594,0.287838,0.233457,-0.196301,0.907807,0.303457,0.044322,-0.003436,-0.077010,0.358578,0.726701,0.580859,-0.313344,-0.899450,0.304640,0.788993,-0.068049,0.610622,0.012838,-0.802892,1.370033,0.101585,0.037798,-0.088767,0.180953,-0.353537,0.131218,0.901780,-0.211153,1.315745,21.301561,0.000000,1,0.019676,-7.607969,31.157547,59.912233,2.328878,56.590409,0.000002
19.525000,6.866667,1,-0.767177,1.450626,0.286647,0.289880,0.234764,-0.195937,0.906898,0.303701,0.044600,-0.003380,-0.077273,0.360991,0.726063,0.580127,-0.314963,-0.898207,0.306631,0.786627,-0.066276,0.613861,0.011204,-0.802892,1.370033,0.101585,0.037465,-0.088608,0.181008,-0.355594,0.132504,0.900818,-0.211004,1.314937,21.342612,0.000000,1,0.020415,-7.650565,31.157169,59.873799,2.338457,56.574215,0.000002
19.558333,6.900000,1,-0.767122,1.450288,0.286600,0.291868,0.235582,-0.195770,0.906084,0.303937,0.044848,-0.003426,-0.077121,0.363139,0.725419,0.579612,-0.316204,-0.896934,0.309069,0.784912,-0.064360,0.616255,0.010388,-0.802892,1.370033,0.101585,0.037165,-0.088441,0.180963,-0.357187,0.133951,0.900038,-0.210730,0.934371,21.381893,0.000000,1,0.021155,-7.688439,31.176984,59.826565,2.346684,56.547217,0.000002
19.591666,6.933333,1,-0.766993,1.449886,0.286579,0.291277,0.237095,-0.196073,0.905814,0.304181,0.045192,-0.003443,-0.078738,0.363287,0.725044,0.579770,-0.315333,-0.897928,0.307069,0.783510,-0.063778,0.618098,0.012659,-0.802892,1.370033,0.101585,0.036769,-0.088296,0.180942,-0.358272,0.132753,0.899880,-0.210321,0.813470,21.312814,0.000000,1,0.021297,-7.742281,31.192094,59.778947,2.359727,56.521596,0.000002
19.625000,6.966667,1,-0.766858,1.449462,0.286553,0.291012,0.238309,-0.196464,0.905496,0.304438,0.045556,-0.003466,-0.079943,0.363594,0.724587,0.579984,-0.314455,-0.898632,0.305907,0.782365,-0.062835,0.619642,0.013393,-0.802892,1.370033,0.101585,0.036351,-0.088141,0.180915,-0.359229,0.131979,0.899731,-0.209810,1.113814,21.320382,0.000000,1,0.021550,-7.799041,31.208955,59.728100,2.373668,56.493787,0.000002
19.658333,7.000000,1,-0.766798,1.449081,0.286521,0.291446,0.239097,-0.196781,0.905080,0.304706,0.045834,-0.003496,-0.080454,0.364336,0.724078,0.580084,-0.314059,-0.898677,0.306181,0.781428,-0.061524,0.620955,0.011591,-0.802892,1.370033,0.101585,0.036015,-0.087954,0.180886,-0.360109,0.132023,0.899488,-0.209315,1.347305,21.482386,0.000000,1,0.021556,-7.840912,31.227177,59.676933,2.383141,56.465240,0.000002
19.691666,7.033333,1,-0.766879,1.448815,0.286465,0.291638,0.239109,-0.197291,0.904904,0.304968,0.045929,-0.003551,-0.080378,0.364515,0.723693,0.580462,-0.313207,-0.898751,0.306837,0.781555,-0.060385,0.620907,0.008535,-0.802892,1.370033,0.101585,0.035855,-0.087723,0.180840,-0.360190,0.132182,0.899558,-0.208774,1.384710,21.555167,0.000000,1,0.021423,-7.852201,31.249277,59.628072,2.383443,56.436385,0.000002
19.725000,7.066667,1,-0.767072,1.448607,0.286416,0.291699,0.238323,-0.197866,0.904966,0.305249,0.045901,-0.003601,-0.079644,0.364220,0.723490,0.581001,-0.312190,-0.898713,0.307981,0.782681,-0.059563,0.619567,0.008618,-0.802892,1.370033,0.101585,0.035810,-0.087441,0.180807,-0.359500,0.132567,0.899887,-0.208301,1.191070,21.570828,0.000000,1,0.021307,-7.842054,31.270212,59.579718,2.377372,56.407892,0.000002
19.758333,7.100000,1,-0.767263,1.448383,0.286408,0.291568,0.237825,-0.198197,0.905066,0.305544,0.045883,-0.003610,-0.079256,0.363882,0.723431,0.581341,-0.311523,-0.898798,0.308407,0.783440,-0.059266,0.618635,0.008855,-0.802892,1.370033,0.101585,0.035750,-0.087152,0.180815,-0.358991,0.132658,0.900132,-0.208062,1.013377,21.503731,0.000000,1,0.021153,-7.833234,31.283450,59.533367,2.371725,56.382741,0.000001
19.791666,7.133333,1,-0.767415,1.448056,0.286520,0.291022,0.238486,-0.198316,0.905042,0.305897,0.045957,-0.003498,-0.080090,0.363689,0.723356,0.581440,-0.311026,-0.899432,0.307059,0.782920,-0.059316,0.619288,0.011332,-0.802892,1.370033,0.101585,0.035582,-0.086838,0.180942,-0.359341,0.131875,0.900135,-0.207944,1.059339,21.417552,0.000000,1,0.020782,-7.838535,31.274950,59.488507,2.370347,56.365020,0.000001
19.825000,7.166667,1,-0.767636,1.447538,0.286792,0.290039,0.238908,-0.199077,0.905080,0.306444,0.046090,-0.003226,-0.080903,0.362999,0.723047,0.582143,-0.309129,-0.900568,0.305641,0.783097,-0.058684,0.619125,0.018752,-0.802892,1.370033,0.101585,0.035301,-0.086364,0.181236,-0.359271,0.130788,0.900472,-0.207292,1.208111,21.369024,0.000000,1,0.020818,-7.849045,31.241410,59.429592,2.370733,56.347519,0.000001
19.858333,7.200000,1,-0.767895,1.446854,0.287133,0.288670,0.238247,-0.200686,0.905336,0.307146,0.046292,-0.002883,-0.080915,0.361483,0.722550,0.583698,-0.305498,-0.902002,0.305063,0.785004,-0.057253,0.616839,0.024202,-0.802892,1.370033,0.101585,0.034911,-0.085762,0.181605,-0.358047,0.129806,0.901395,-0.206007,1.203260,21.281578,0.000000,1,0.021417,-7.867634,31.199981,59.352711,2.373643,56.323071,0.000001
19.891666,7.233333,1,-0.768062,1.446082,0.287421,0.287460,0.238406,-0.201676,0.905459,0.307864,0.046620,-0.002593,-0.081593,0.360474,0.722214,0.584643,-0.303070,-0.903300,0.303641,0.785651,-0.056502,0.616084,0.025237,-0.802892,1.370033,0.101585,0.034396,-0.085174,0.181917,-0.357639,0.128624,0.901911,-0.205198,0.976781,20.977963,0.000000,1,0.022193,-7.907004,31.170999,59.264724,2.382622,56.289294,0.000001
19.925000,7.266667,1,-0.768191,1.445307,0.287515,0.287414,0.239151,-0.201707,0.905271,0.308561,0.046982,-0.002497,-0.082281,0.360765,0.722034,0.584590,-0.302969,-0.903555,0.302981,0.784820,-0.056206,0.617170,0.023737,-0.802892,1.370033,0.101585,0.033860,-0.084604,0.182032,-0.358282,0.128259,0.901737,-0.205073,0.757883,20.897642,0.000000,1,0.023645,-7.952745,31.180942,59.159095,2.393362,56.234733,0.000001
19.958333,7.300000,1,-0.768275,1.444643,0.287376,0.288361,0.239687,-0.201215,0.904937,0.309141,0.047316,-0.002633,-0.082340,0.361852,0.721960,0.584000,-0.304327,-0.902840,0.303751,0.783660,-0.056013,0.618659,0.020487,-0.802892,1.370033,0.101585,0.033390,-0.084123,0.181911,-0.359182,0.128893,0.901229,-0.205333,0.711757,21.043741,0.000000,1,0.024841,-7.996440,31.233749,59.047636,2.403221,56.164375,0.000001
19.991666,7.333333,1,-0.768253,1.444234,0.287140,0.289006,0.240594,-0.200506,0.904648,0.309454,0.047582,-0.002866,-0.082868,0.362833,0.722023,0.583239,-0.305931,-0.902358,0.303571,0.782090,-0.056370,0.620611,0.014181,-0.802892,1.370033,0.101585,0.033059,-0.083876,0.181682,-0.360288,0.129095,0.900650,-0.205807,0.689276,21.271485,0.000000,1,0.024269,-8.035032,31.295922,58.967977,2.411036,56.107898,0.000001
20.025000,7.366667,1,-0.768255,1.444167,0.286930,0.288368,0.241056,-0.200061,0.904827,0.309508,0.047623,-0.003076,-0.083568,0.362466,0.722381,0.582924,-0.306432,-0.902767,0.301846,0.781606,-0.057635,0.621105,0.006624,-0.802892,1.370033,0.101585,0.033011,-0.083821,0.181473,-0.360437,0.128326,0.900590,-0.206290,0.798558,21.466500,0.000000,1,0.022543,-8.042051,31.341962,58.935372,2.409135,56.080507,0.000001
20.058333,7.400000,1,-0.768411,1.444402,0.286762,0.287161,0.240232,-0.200002,0.905443,0.309414,0.047358,-0.003247,-0.083367,0.361016,0.722951,0.583146,-0.305980,-0.903366,0.300509,0.782979,-0.059216,0.619224,0.009878,-0.802892,1.370033,0.101585,0.033298,-0.083831,0.181311,-0.359182,0.127593,0.901110,-0.206661,0.844653,21.507721,0.000000,1,0.020984,-8.001324,31.372181,58.936780,2.393122,56.074981,0.000001
20.091666,7.433333,1,-0.768636,1.444723,0.286679,0.286409,0.239135,-0.200032,0.905965,0.309294,0.046986,-0.003333,-0.082719,0.359851,0.723398,0.583403,-0.305596,-0.903599,0.300199,0.784533,-0.060295,0.617149,0.011998,-0.802892,1.370033,0.101585,0.033690,-0.083845,0.181236,-0.357879,0.127389,0.901601,-0.206906,0.863886,21.478570,0.000000,1,0.019951,-7.943139,31.383364,58.953647,2.372147,56.082832,0.000001
20.125000,7.466667,1,-0.768754,1.444934,0.286706,0.285952,0.238589,-0.200219,0.906212,0.309195,0.046765,-0.003309,-0.082433,0.359198,0.723532,0.583680,-0.305044,-0.903843,0.300028,0.785404,-0.060588,0.616011,0.007309,-0.802892,1.370033,0.101585,0.033929,-0.083884,0.181267,-0.357189,0.127209,0.901909,-0.206869,0.820586,21.396141,0.000000,1,0.019424,-7.909138,31.373877,58.975158,2.358511,56.099316,0.000001
20.158333,7.500000,1,-0.768686,1.444962,0.286762,0.285684,0.238613,-0.200491,0.906230,0.309133,0.046802,-0.003252,-0.082573,0.358969,0.723426,0.583933,-0.304408,-0.904147,0.299757,0.785582,-0.060327,0.615810,0.002768,-0.802892,1.370033,0.101585,0.033908,-0.083957,0.181318,-0.357087,0.126951,0.902038,-0.206638,0.794631,21.342196,0.000000,1,0.084344,-7.909138,31.373877,58.975158,2.358511,56.099316,0.000001
20.191666,7.533333,1,-0.768535,1.444786,0.286823,0.285779,0.239451,-0.200575,0.905960,0.309182,0.047028,-0.003189,-0.083281,0.359430,0.723150,0.583891,-0.304272,-0.904349,0.299286,0.784614,-0.059764,0.617097,0.007201,-0.802892,1.370033,0.101585,0.033674,-0.083973,0.181373,-0.357873,0.126671,0.901815,-0.206425,0.729451,21.315738,0.000000,1,0.020181,-7.953944,31.351282,58.982458,2.368351,56.112929,0.000001
20.225000,7.566667,1,-0.768396,1.444470,0.286832,0.286558,0.240608,-0.200633,0.905394,0.309351,0.047329,-0.003177,-0.083971,0.360646,0.722625,0.583693,-0.304504,-0.904149,0.299654,0.783014,-0.058475,0.619250,0.010340,-0.802892,1.370033,0.101585,0.033340,-0.083889,0.181379,-0.359240,0.126873,0.901322,-0.206080,0.694692,21.288812,0.000000,1,0.021884,-8.001108,31.357621,58.950238,2.379381,56.097191,0.000001
20.258333,7.600000,1,-0.768259,1.444115,0.286811,0.287659,0.241692,-0.200830,0.904713,0.309552,0.047652,-0.003196,-0.084450,0.362118,0.721935,0.583566,-0.304638,-0.903754,0.300705,0.781431,-0.056643,0.621416,0.011427,-0.802892,1.370033,0.101585,0.032976,-0.083779,0.181355,-0.360676,0.127395,0.900795,-0.205554,0.835696,21.408865,0.000000,1,0.022406,-8.051232,31.371726,58.909127,2.391379,56.074509,0.000001
20.291666,7.633333,1,-0.768108,1.443831,0.286813,0.288671,0.242861,-0.201079,0.904021,0.309688,0.047944,-0.003191,-0.085046,0.363549,0.721212,0.583483,-0.304631,-0.903466,0.301577,0.779793,-0.054760,0.623638,0.009668,-0.802892,1.370033,0.101585,0.032659,-0.083724,0.181353,-0.362149,0.127798,0.900278,-0.204976,0.966613,21.553856,0.000000,1,0.021950,-8.097571,31.378664,58.880744,2.402158,56.060556,0.000001
20.325000,7.666667,1,-0.767939,1.443667,0.286797,0.290096,0.243820,-0.201378,0.903240,0.309717,0.048178,-0.003205,-0.085269,0.365256,0.720388,0.583402,-0.304744,-0.902842,0.303328,0.778261,-0.052461,0.625745,0.007080,-0.802892,1.370033,0.101585,0.032426,-0.083756,0.181329,-0.363611,0.128665,0.899717,-0.204309,1.067906,21.624761,0.000000,1,0.021535,-8.136713,31.384760,58.868265,2.410722,56.055019,0.000001
20.358333,7.700000,1,-0.767754,1.443595,0.286812,0.291228,0.244563,-0.201792,0.902583,0.309664,0.048369,-0.003187,-0.085429,0.366605,0.719622,0.583478,-0.304511,-0.902405,0.304858,0.777130,-0.050309,0.627327,0.005985,-0.802892,1.370033,0.101585,0.032255,-0.083858,0.181335,-0.364751,0.129358,0.899315,-0.203606,1.143262,21.721644,0.000000,1,0.020872,-8.170628,31.380942,58.872658,2.417720,56.061091,0.000001
20.391666,7.733333,1,-0.767544,1.443602,0.286839,0.291417,0.245161,-0.202437,0.902215,0.309531,0.048532,-0.003159,-0.085879,0.367045,0.719008,0.583893,-0.303388,-0.902689,0.305135,0.776604,-0.048695,0.628104,0.006347,-0.802892,1.370033,0.101585,0.032132,-0.084030,0.181348,-0.365348,0.129258,0.899259,-0.202847,1.147671,21.725988,0.000000,1,0.020408,-8.201565,31.371749,58.890867,2.423881,56.075801,0.000001
20.425000,7.766667,1,-0.767308,1.443693,0.286759,0.291094,0.245054,-0.203286,0.902157,0.309317,0.048666,-0.003237,-0.085924,0.366710,0.718576,0.584627,-0.301656,-0.903217,0.305292,0.777180,-0.047469,0.627485,0.007942,-0.802892,1.370033,0.101585,0.032062,-0.084267,0.181252,-0.365090,0.128995,0.899576,-0.202070,1.101375,21.738317,0.000000,1,0.020836,-8.229735,31.380436,58.911552,2.429364,56.086274,0.000001
20.458333,7.800000,1,-0.767159,1.443859,0.286502,0.290823,0.243376,-0.204045,0.902527,0.309094,0.048688,-0.003493,-0.084539,0.365719,0.718562,0.585466,-0.300165,-0.903223,0.306740,0.779553,-0.046957,0.624574,0.010213,-0.802892,1.370033,0.101585,0.032108,-0.084471,0.180984,-0.363457,0.129464,0.900277,-0.201594,1.015897,21.736951,0.000000,1,0.021947,-8.239645,31.423971,58.918024,2.429790,56.078603,0.000001
20.491666,7.833333,1,-0.767257,1.444119,0.286094,0.290483,0.239973,-0.204923,0.903349,0.308944,0.048457,-0.003903,-0.081639,0.363897,0.718894,0.586605,-0.298460,-0.902830,0.309548,0.783998,-0.046948,0.618986,0.014821,-0.802892,1.370033,0.101585,0.032383,-0.084528,0.180578,-0.360254,0.130617,0.901474,-0.201250,0.992634,21.704389,0.000000,1,0.023011,-8.205716,31.499988,58.903387,2.417726,56.049701,0.000000
20.525000,7.866667,1,-0.767595,1.444449,0.285639,0.290274,0.235787,-0.206082,0.904254,0.308884,0.047993,-0.004363,-0.077979,0.361841,0.719174,0.588030,-0.296280,-0.902223,0.313386,0.789360,-0.046584,0.612161,0.019661,-0.802892,1.370033,0.101585,0.032861,-0.084436,0.180139,-0.356401,0.132223,0.902892,-0.200703,0.898464,21.672308,0.000000,1,0.023529,-8.130780,31.588023,58.875521,2.393913,56.009900,0.000000
20.558333,7.900000,1,-0.767942,1.444731,0.285280,0.290417,0.232478,-0.206858,0.904888,0.308867,0.047550,-0.004726,-0.074949,0.360492,0.719386,0.588993,-0.294941,-0.901463,0.316820,0.793389,-0.046266,0.606954,0.017202,-0.802892,1.370033,0.101585,0.033305,-0.084314,0.179797,-0.353493,0.133774,0.903883,-0.200355,0.919149,21.617506,0.000000,1,0.023085,-8.057896,31.658782,58.849962,2.370810,55.976536,0.000000
20.591666,7.933333,1,-0.768071,1.444868,0.285177,0.289553,0.231401,-0.207199,0.905362,0.308835,0.047366,-0.004831,-0.074367,0.359238,0.719652,0.589507,-0.293901,-0.901911,0.316509,0.795049,-0.046859,0.604733,0.006432,-0.802892,1.370033,0.101585,0.033495,-0.084290,0.179700,-0.352151,0.133454,0.904466,-0.200302,0.914684,21.628833,0.000000,1,0.021418,-8.028199,31.678407,58.847200,2.360304,55.970763,0.000000
20.625000,7.966667,1,-0.768033,1.444869,0.285307,0.287886,0.231737,-0.207321,0.905780,0.308811,0.047394,-0.004701,-0.075410,0.357895,0.719965,0.589809,-0.292877,-0.903262,0.313594,0.795306,-0.048073,0.604299,0.004043,-0.802892,1.370033,0.101585,0.033469,-0.084328,0.179827,-0.351726,0.131799,0.904850,-0.200408,0.835935,21.625494,0.000000,1,0.020064,-8.033646,31.652108,58.862626,2.360103,55.988429,0.000000
20.658333,8.000000,1,-0.768018,1.444747,0.285607,0.286910,0.232197,-0.207343,0.905967,0.308901,0.047476,-0.004400,-0.076256,0.357225,0.720120,0.589917,-0.292366,-0.904103,0.311640,0.795141,-0.048775,0.604460,0.009738,-0.802892,1.370033,0.101585,0.033357,-0.084283,0.180128,-0.351713,0.130716,0.904996,-0.200484,0.644265,21.582419,0.000000,1,0.019324,-8.045416,31.595468,58.877735,2.361957,56.014885,0.000000
20.691666,8.033333,1,-0.768093,1.444472,0.286160,0.286321,0.232525,-0.207547,0.906022,0.309166,0.047576,-0.003846,-0.076812,0.356845,0.720077,0.590128,-0.291698,-0.904695,0.310547,0.795055,-0.048821,0.604570,0.018665,-0.802892,1.370033,0.101585,0.033172,-0.084089,0.180689,-0.351746,0.130036,0.905115,-0.200332,0.574747,21.413926,0.000000,1,0.018285,-8.055825,31.494506,58.891837,2.363627,56.053852,0.000000
20.725000,8.066667,1,-0.768251,1.444034,0.286954,0.285364,0.233003,-0.207992,0.906100,0.309612,0.047706,-0.003052,-0.077664,0.356203,0.719945,0.590565,-0.290402,-0.905677,0.308894,0.795020,-0.048705,0.604624,0.027607,-0.802892,1.370033,0.101585,0.032904,-0.083744,0.181499,-0.351745,0.128955,0.905347,-0.199979,0.568527,21.055264,0.000000,1,0.017521,-8.066823,31.351944,58.902584,2.365652,56.103306,0.000000
20.758333,8.100000,1,-0.768408,1.443565,0.287656,0.284992,0.233234,-0.208449,0.906052,0.310082,0.047856,-0.002349,-0.078036,0.355974,0.719698,0.590955,-0.289366,-0.906175,0.308405,0.795060,-0.048110,0.604619,0.025755,-0.802892,1.370033,0.101585,0.032612,-0.083375,0.182218,-0.351778,0.128509,0.905492,-0.199552,0.982429,20.644988,0.000000,1,0.018159,-8.080620,31.229069,58.899401,2.368572,56.139457,0.000000
20.791666,8.133333,1,-0.768407,1.443222,0.288058,0.284957,0.233792,-0.208490,0.905910,0.310356,0.048059,-0.001945,-0.078550,0.356193,0.719554,0.590931,-0.289262,-0.906371,0.307928,0.794454,-0.047855,0.605436,0.015870,-0.802892,1.370033,0.101585,0.032331,-0.083190,0.182626,-0.352259,0.128235,0.905369,-0.199441,1.173460,20.361603,0.000000,1,0.019175,-8.108053,31.159297,58.894044,2.375304,56.158591,0.000000
20.825000,8.166667,1,-0.768335,1.443037,0.288266,0.284632,0.234542,-0.208291,0.905864,0.310461,0.048226,-0.001736,-0.079368,0.356236,0.719602,0.590736,-0.289463,-0.906738,0.306656,0.793642,-0.048254,0.606468,0.008625,-0.802892,1.370033,0.101585,0.032135,-0.083146,0.182831,-0.352793,0.127619,0.905215,-0.199591,1.259104,20.628353,0.000000,1,0.019643,-8.133660,31.122315,58.895206,2.381343,56.171204,0.000000
20.858333,8.200000,1,-0.768359,1.442969,0.288395,0.284381,0.234536,-0.208145,0.905978,0.310530,0.048246,-0.001607,-0.079475,0.356009,0.719768,0.590657,-0.289615,-0.906860,0.306151,0.793685,-0.048764,0.606372,0.004432,-0.802892,1.370033,0.101585,0.032094,-0.083093,0.182963,-0.352683,0.127398,0.905247,-0.199778,1.252754,20.728241,0.000000,1,0.019678,-8.135609,31.099050,58.897293,2.380488,56.179876,0.000000
20.891666,8.233333,1,-0.768483,1.442950,0.288579,0.283333,0.234160,-0.208164,0.906399,0.310620,0.048157,-0.001424,-0.079604,0.354901,0.720131,0.590864,-0.289086,-0.907502,0.304745,0.794495,-0.049850,0.605221,0.006682,-0.802892,1.370033,0.101585,0.032150,-0.082995,0.183155,-0.351894,0.126613,0.905620,-0.199979,1.372804,20.833688,0.000000,1,0.019081,-8.119021,31.065106,58.904153,2.374275,56.193970,0.000000
20.925000,8.266667,1,-0.768676,1.442904,0.288948,0.280937,0.233807,-0.208612,0.907133,0.310773,0.048027,-0.001056,-0.080354,0.352598,0.720577,0.591597,-0.287112,-0.909248,0.301389,0.795917,-0.051376,0.603222,0.012567,-0.802892,1.370033,0.101585,0.032223,-0.082837,0.183536,-0.350532,0.124591,0.906432,-0.199965,1.780857,20.761795,0.000000,1,0.017846,-8.093836,30.996262,58.921138,2.365615,56.223604,0.000000
20.958333,8.300000,1,-0.768881,1.442822,0.289511,0.278424,0.232941,-0.209539,0.907916,0.310964,0.047907,-0.000495,-0.080694,0.349961,0.720852,0.592780,-0.284200,-0.911093,0.298563,0.798134,-0.052277,0.600208,0.018130,-0.802892,1.370033,0.101585,0.032270,-0.082658,0.184112,-0.348647,0.122677,0.907509,-0.199557,2.208642,20.184237,0.000000,1,0.016521,-8.069266,30.889865,58.951907,2.357166,56.271538,0.000000
20.991666,8.333333,1,-0.769018,1.442717,0.290183,0.276272,0.231941,-0.210491,0.908609,0.311130,0.047854,0.000177,-0.080754,0.347589,0.721035,0.593944,-0.281420,-0.912647,0.296444,0.800370,-0.052826,0.597174,0.020827,-0.802892,1.370033,0.101585,0.032255,-0.082527,0.184793,-0.346799,0.121147,0.908527,-0.199081,2.770462,19.599146,0.000000,1,0.015589,-8.056287,30.760443,58.995949,2.352106,56.333236,0.000000
21.025000,8.366667,1,-0.769099,1.442519,0.290933,0.273935,0.231292,-0.211247,0.909307,0.311338,0.047900,0.000927,-0.081210,0.345207,0.721310,0.594936,-0.278912,-0.914335,0.293597,0.802198,-0.053766,0.594633,0.023385,-0.802892,1.370033,0.101585,0.032131,-0.082387,0.185550,-0.345189,0.119303,0.909450,-0.198778,3.532794,18.963389,0.000000,1,0.015308,-8.058709,30.617492,59.039151,2.351691,56.398531,0.000000
21.058333,8.400000,1,-0.769173,1.442236,0.291770,0.271824,0.230890,-0.211745,0.909926,0.311611,0.048004,0.001764,-0.081788,0.343138,0.721632,0.595663,-0.276993,-0.915828,0.290746,0.803569,-0.054885,0.592675,0.026606,-0.802892,1.370033,0.101585,0.031932,-0.082206,0.186395,-0.343904,0.117559,0.910189,-0.198663,4.375152,18.143302,0.000000,1,0.014994,-8.069063,30.459807,59.079859,2.353742,56.466871,0.000000
21.091666,8.433333,1,-0.769203,1.441948,0.292655,0.270910,0.231258,-0.211702,0.910115,0.311860,0.048143,0.002650,-0.082525,0.342483,0.721818,0.595713,-0.276632,-0.916519,0.288906,0.803466,-0.055664,0.592743,0.027923,-0.802892,1.370033,0.101585,0.031702,-0.082059,0.187285,-0.343837,0.116574,0.910311,-0.198799,5.129038,17.383335,0.000000,1,0.014458,-8.085880,30.291869,59.127663,2.357697,56.541912,0.000000
21.125000,8.466667,1,-0.769206,1.441660,0.293711,0.269717,0.232538,-0.211582,0.910171,0.312093,0.048304,0.003708,-0.084203,0.341986,0.721921,0.595639,-0.276248,-0.917601,0.285825,0.802416,-0.056519,0.594083,0.032847,-0.802892,1.370033,0.101585,0.031451,-0.081943,0.188344,-0.344465,0.114942,0.910252,-0.198931,5.788096,16.575226,0.000000,1,0.013207,-8.106301,30.088972,59.194183,2.362680,56.637147,0.000000
21.158333,8.500000,1,-0.769272,1.441362,0.295040,0.265931,0.233383,-0.212523,0.910850,0.312373,0.048417,0.005037,-0.086643,0.338975,0.722094,0.596798,-0.272649,-0.920629,0.279471,0.803150,-0.057855,0.592961,0.040902,-0.802892,1.370033,0.101585,0.031225,-0.081789,0.189680,-0.343554,0.111136,0.911172,-0.198457,6.562524,15.792990,0.000000,1,0.011647,-8.117466,29.832925,59.281318,2.365003,56.758947,0.000000
21.191666,8.533333,1,-0.769399,1.441018,0.296541,0.261099,0.233006,-0.214058,0.911984,0.312727,0.048508,0.006539,-0.088453,0.334482,0.722404,0.598691,-0.267491,-0.924165,0.272706,0.805821,-0.059382,0.589174,0.046369,-0.802892,1.370033,0.101585,0.030994,-0.081568,0.191192,-0.341085,0.106903,0.912769,-0.197702,7.596943,14.904214,0.000000,1,0.010923,-8.123147,29.545043,59.373962,2.365892,56.893072,0.000000
21.225000,8.566667,1,-0.769488,1.440607,0.298090,0.259393,0.232346,-0.214577,0.912517,0.313111,0.048669,0.008089,-0.088619,0.332661,0.722640,0.599395,-0.265744,-0.925254,0.270711,0.807334,-0.060124,0.587024,0.048137,-0.802892,1.370033,0.101585,0.030687,-0.081340,0.192750,-0.339743,0.105638,0.913454,-0.197526,8.954980,13.835193,0.000000,1,0.010799,-8.139444,29.249416,59.463993,2.370062,57.028196,0.000000
21.258333,8.600000,1,-0.769527,1.440020,0.299661,0.258762,0.232170,-0.214572,0.912742,0.313606,0.048975,0.009663,-0.088743,0.332016,0.722841,0.599492,-0.265467,-0.925603,0.269788,0.807747,-0.060748,0.586391,0.050346,-0.802892,1.370033,0.101585,0.030209,-0.081043,0.194332,-0.339313,0.105144,0.913644,-0.197648,10.506406,12.841295,0.000000,1,0.011267,-8.177121,28.955047,59.534503,2.380798,57.152917,0.000000
21.291666,8.633333,1,-0.769496,1.439171,0.301228,0.255086,0.232132,-0.215202,0.913638,0.314268,0.049496,0.011233,-0.090343,0.328708,0.723346,0.600467,-0.262555,-0.928083,0.264057,0.809297,-0.062782,0.584035,0.053458,-0.802892,1.370033,0.101585,0.029482,-0.080643,0.195908,-0.337670,0.101827,0.914647,-0.197565,11.690181,11.491914,0.000000,1,0.012231,-8.245918,28.670689,59.572453,2.400989,57.257903,0.000000
21.325000,8.666667,1,-0.769416,1.438273,0.302662,0.251900,0.232403,-0.215772,0.914318,0.314939,0.050085,0.012672,-0.092003,0.325977,0.723688,0.601290,-0.259971,-0.930275,0.258850,0.810311,-0.064378,0.582452,0.050816,-0.802892,1.370033,0.101585,0.028689,-0.080242,0.197350,-0.336516,0.098821,0.915432,-0.197424,12.733638,10.764357,0.000000,1,0.012731,-8.325713,28.414741,59.592865,2.424410,57.345191,0.000000
21.358333,8.700000,1,-0.769292,1.437613,0.303910,0.253191,0.233559,-0.215435,0.913746,0.315394,0.050569,0.013925,-0.092465,0.327649,0.723336,0.600734,-0.261137,-0.929657,0.259894,0.808473,-0.063528,0.585094,0.042522,-0.802892,1.370033,0.101585,0.028062,-0.080011,0.198600,-0.338115,0.099491,0.914771,-0.197419,13.759214,10.029399,0.000000,1,0.012183,-8.393119,28.186723,59.630288,2.443811,57.432727,0.000000
21.391666,8.733333,1,-0.769297,1.436964,0.305206,0.253980,0.234890,-0.214959,0.913298,0.315917,0.050942,0.015223,-0.093307,0.328949,0.723154,0.600113,-0.262318,-0.929334,0.259863,0.806561,-0.063315,0.587750,0.043470,-0.802892,1.370033,0.101585,0.027522,-0.079687,0.199905,-0.339655,0.099635,0.914145,-0.197600,14.619883,9.298247,0.000000,1,0.011824,-8.440652,27.952057,59.663437,2.457438,57.519926,0.000000
21.425000,8.766667,1,-0.769455,1.436171,0.306593,0.252881,0.235094,-0.214954,0.913552,0.316647,0.051279,0.016613,-0.093979,0.328056,0.723379,0.600225,-0.261796,-0.930041,0.257850,0.806720,-0.064219,0.587434,0.048167,-0.802892,1.370033,0.101585,0.026959,-0.079161,0.201314,-0.339361,0.098554,0.914341,-0.197739,15.724865,8.840856,0.000000,1,0.012138,-8.477167,27.708955,59.672800,2.468081,57.597244,0.000000
21.458333,8.800000,1,-0.769583,1.435328,0.307936,0.251188,0.234298,-0.215381,0.914123,0.317399,0.051671,0.017959,-0.094018,0.326185,0.723690,0.600863,-0.260248,-0.931012,0.255904,0.808343,-0.065134,0.585098,0.047721,-0.802892,1.370033,0.101585,0.026338,-0.078625,0.202677,-0.337907,0.097362,0.915024,-0.197664,16.746540,8.203392,0.000000,1,0.012362,-8.522028,27.477040,59.671914,2.481093,57.665919,0.000000
21.491666,8.833333,1,-0.769644,1.434458,0.309213,0.249077,0.233366,-0.216023,0.914787,0.318133,0.052133,0.019240,-0.094122,0.323878,0.723987,0.601736,-0.258108,-0.932267,0.253492,0.810330,-0.066032,0.582241,0.046410,-0.802892,1.370033,0.101585,0.025658,-0.078120,0.203971,-0.336144,0.095847,0.915879,-0.197451,18.080906,7.200881,0.000000,1,0.012531,-8.578486,27.258747,59.664766,2.497341,57.727326,0.000000
21.525000,8.866667,1,-0.769773,1.433417,0.310596,0.247028,0.233027,-0.216441,0.915330,0.319045,0.052642,0.020627,-0.094729,0.321892,0.724277,0.602358,-0.256382,-0.933533,0.250568,0.811562,-0.067100,0.580400,0.052082,-0.802892,1.370033,0.101585,0.024880,-0.077464,0.205378,-0.334942,0.094135,0.916514,-0.197371,19.331839,6.695914,0.000000,1,0.012996,-8.638156,27.029136,59.637196,2.514598,57.781694,0.000000
21.558333,8.900000,1,-0.769927,1.432277,0.312052,0.245936,0.233129,-0.216433,0.915600,0.320049,0.053191,0.022087,-0.095308,0.320959,0.724518,0.602474,-0.255882,-0.934187,0.248635,0.811827,-0.068020,0.579923,0.055657,-0.802892,1.370033,0.101585,0.024039,-0.076733,0.206861,-0.334560,0.093104,0.916726,-0.197521,20.461246,6.377867,0.000000,1,0.013217,-8.701469,26.791228,59.598981,2.532784,57.833217,0.000000
21.591666,8.933333,1,-0.769980,1.431089,0.313505,0.245558,0.232871,-0.216154,0.915833,0.321033,0.053849,0.023544,-0.095245,0.320504,0.724849,0.602329,-0.256257,-0.934247,0.248021,0.812141,-0.068954,0.579372,0.056327,-0.802892,1.370033,0.101585,0.023098,-0.076051,0.208336,-0.334174,0.092881,0.916810,-0.197889,21.909328,5.704476,0.000000,1,0.013219,-8.782613,26.555186,59.559277,2.555829,57.883690,0.000000
21.625000,8.966667,1,-0.769896,1.429853,0.314888,0.246704,0.232563,-0.215126,0.915845,0.321971,0.054645,0.024934,-0.094463,0.321390,0.725321,0.601410,-0.258765,-0.933150,0.249542,0.811712,-0.070029,0.579844,0.055678,-0.802892,1.370033,0.101585,0.022037,-0.075444,0.209732,-0.334425,0.094069,0.916401,-0.198795,23.340385,5.066499,0.000000,1,0.013432,-8.886633,26.333147,59.515164,2.585176,57.927885,0.000000
21.658333,9.000000,1,-0.769745,1.428641,0.316220,0.250408,0.233321,-0.213239,0.915088,0.322850,0.055482,0.026273,-0.093499,0.325040,0.725504,0.599376,-0.264013,-0.930480,0.253975,0.808917,-0.070195,0.583717,0.054229,-0.802892,1.370033,0.101585,0.020955,-0.074901,0.211074,-0.336757,0.097121,0.914955,-0.200051,24.879132,4.699514,0.000000,1,0.013370,-8.998077,26.119795,59.473149,2.616291,57.970708,0.000000
21.691666,9.033333,1,-0.769659,1.427419,0.317650,0.255916,0.234512,-0.210713,0.913844,0.323777,0.056272,0.027710,-0.092120,0.330498,0.725544,0.596549,-0.271286,-0.926536,0.260642,0.804754,-0.069800,0.589491,0.056497,-0.802892,1.370033,0.101585,0.019902,-0.074306,0.212518,-0.340273,0.101629,0.912819,-0.201613,26.458930,4.580775,0.000000,1,0.013133,-9.100182,25.890521,59.431904,2.644469,58.018921,0.000000
21.725000,9.066667,1,-0.769705,1.426130,0.319222,0.261171,0.235337,-0.208121,0.912739,0.324837,0.056995,0.029287,-0.090528,0.335566,0.725735,0.593724,-0.278593,-0.922529,0.267069,0.801016,-0.069774,0.594562,0.061007,-0.802892,1.370033,0.101585,0.018874,-0.073575,0.214113,-0.343355,0.106068,0.910781,-0.203310,28.134276,4.641032,0.000000,1,0.013195,-9.187818,25.641120,59.382072,2.668381,58.068867,0.000000
21.758333,9.100000,1,-0.769824,1.424728,0.320879,0.264121,0.235444,-0.206513,0.912227,0.326031,0.057727,0.030950,-0.089316,0.338252,0.726008,0.592049,-0.283003,-0.920086,0.270835,0.799241,-0.070129,0.596905,0.065218,-0.802892,1.370033,0.101585,0.017799,-0.072722,0.215800,-0.344772,0.108718,0.909676,-0.204456,29.725889,4.724898,0.000000,1,0.013672,-9.272868,25.383984,59.316004,2.691457,58.112798,0.000000
21.791666,9.133333,1,-0.769913,1.423182,0.322531,0.263951,0.235418,-0.206337,0.912323,0.327322,0.058570,0.032608,-0.089369,0.338087,0.726171,0.591934,-0.283255,-0.920120,0.270456,0.799262,-0.070623,0.596818,0.067917,-0.802892,1.370033,0.101585,0.016592,-0.071805,0.217481,-0.344679,0.108579,0.909682,-0.204661,31.446602,4.603963,0.000000,1,0.014450,-9.372380,25.136343,59.228657,2.718503,58.142885,0.000000
21.825000,9.166667,1,-0.769895,1.421522,0.324175,0.260978,0.235481,-0.207102,0.912988,0.328639,0.059567,0.034260,-0.090747,0.335454,0.726413,0.592925,-0.280411,-0.922299,0.265959,0.800533,-0.071822,0.594969,0.070094,-0.802892,1.370033,0.101585,0.015230,-0.070902,0.219151,-0.343428,0.105850,0.910549,-0.204336,33.393815,4.515468,0.000000,1,0.014956,-9.494744,24.895550,59.129526,2.751693,58.165021,0.000000
21.858333,9.200000,1,-0.769792,1.419789,0.325810,0.256469,0.235821,-0.207772,0.914026,0.329964,0.060675,0.035905,-0.093057,0.331568,0.727025,0.594002,-0.277004,-0.925418,0.258594,0.801999,-0.074449,0.592668,0.071546,-0.802892,1.370033,0.101585,0.013758,-0.070020,0.220807,-0.341760,0.101615,0.911669,-0.204291,35.131537,4.384275,0.000000,1,0.015319,-9.633477,24.660596,59.022603,2.789075,58.181547,0.000000
21.891666,9.233333,1,-0.769747,1.417985,0.327438,0.252279,0.236430,-0.208262,0.914923,0.331380,0.061781,0.037541,-0.095467,0.328087,0.727593,0.594855,-0.274067,-0.928268,0.251407,0.802982,-0.077012,0.591006,0.072915,-0.802892,1.370033,0.101585,0.012265,-0.069049,0.222461,-0.340474,0.097556,0.912583,-0.204333,36.265609,4.310400,0.000000,1,0.016038,-9.768410,24.434950,58.897843,2.825050,58.185883,0.000000
21.925000,9.266667,1,-0.769834,1.416131,0.329025,0.248934,0.236650,-0.209035,0.915605,0.332916,0.062811,0.039137,-0.097152,0.325192,0.727846,0.595862,-0.271019,-0.930578,0.246117,0.804206,-0.078396,0.589158,0.073265,-0.802892,1.370033,0.101585,0.010815,-0.067941,0.224084,-0.339201,0.094423,0.913458,-0.204014,36.956164,4.272013,0.000000,1,0.017015,-9.887477,24.226447,58.749995,2.856243,58.172671,0.000000
21.958333,9.300000,1,-0.769994,1.414274,0.330544,0.245884,0.236361,-0.209847,0.916318,0.334498,0.063785,0.040663,-0.098248,0.322333,0.728109,0.596914,-0.268081,-0.932574,0.241740,0.805900,-0.079589,0.586678,0.072125,-0.802892,1.370033,0.101585,0.009409,-0.066769,0.225643,-0.337599,0.091778,0.914395,-0.203679,37.754267,4.257055,0.000000,1,0.017639,-9.995910,24.036700,58.588059,2.883962,58.146169,0.000000
21.991666,9.333333,1,-0.770157,1.412362,0.331972,0.243230,0.236336,-0.210438,0.916897,0.336125,0.064791,0.042099,-0.099406,0.319946,0.728352,0.597710,-0.265723,-0.934295,0.237664,0.807076,-0.080756,0.584899,0.071764,-0.802892,1.370033,0.101585,0.007964,-0.065556,0.227113,-0.336410,0.089380,0.915118,-0.203467,40.244608,4.181219,0.000000,1,0.018567,-10.107255,23.870658,58.407985,2.912000,58.102847,0.000000
22.025000,9.366667,1,-0.770329,1.410371,0.333294,0.240828,0.236605,-0.210892,0.917357,0.337820,0.065839,0.043428,-0.100715,0.317916,0.728552,0.598329,-0.263717,-0.935866,0.233685,0.807790,-0.081863,0.583759,0.071876,-0.802892,1.370033,0.101585,0.006464,-0.064281,0.228479,-0.335596,0.087086,0.915672,-0.203313,41.785487,4.026713,0.000000,1,0.019868,-10.222405,23.733040,58.204612,2.940610,58.038537,0.000000
22.058333,9.400000,1,-0.770611,1.408380,0.334547,0.238310,0.236640,-0.211510,0.917863,0.339582,0.066799,0.044689,-0.101866,0.315678,0.728719,0.599116,-0.261367,-0.937488,0.229792,0.808861,-0.082815,0.582139,0.071085,-0.802892,1.370033,0.101585,0.005033,-0.062915,0.229783,-0.334518,0.084785,0.916343,-0.203040,43.501285,3.840939,0.000000,1,0.020838,-10.321511,23.615149,57.985243,2.964226,57.959558,0.000000
22.091666,9.433333,1,-0.771016,1.406394,0.335709,0.235748,0.236513,-0.212529,0.918322,0.341413,0.067659,0.045856,-0.102889,0.313329,0.728664,0.600240,-0.258252,-0.939222,0.226202,0.810269,-0.083074,0.580140,0.070067,-0.802892,1.370033,0.101585,0.003683,-0.061451,0.231003,-0.333266,0.082507,0.917150,-0.202391,45.117660,3.727025,0.000000,1,0.021976,-10.402978,23.521545,57.748204,2.982451,57.863594,0.000000
22.125000,9.466667,1,-0.771464,1.404423,0.336748,0.233706,0.236671,-0.213681,0.918536,0.343259,0.068477,0.046900,-0.103937,0.311575,0.728333,0.601373,-0.255095,-0.940767,0.223345,0.811231,-0.082543,0.578870,0.068196,-0.802892,1.370033,0.101585,0.002374,-0.059953,0.232103,-0.332490,0.080573,0.917800,-0.201497,46.529268,3.691013,0.000000,1,0.022880,-10.477177,23.454956,57.498491,2.998037,57.752568,0.000000
22.158333,9.500000,1,-0.771908,1.402525,0.337673,0.232295,0.236589,-0.214508,0.918723,0.345044,0.069255,0.047830,-0.104490,0.310277,0.728125,0.602199,-0.252876,-0.941794,0.221534,0.812111,-0.082168,0.577689,0.064725,-0.802892,1.370033,0.101585,0.001124,-0.058496,0.233088,-0.331783,0.079318,0.918302,-0.200873,48.004709,3.689119,0.000000,1,0.023065,-10.546715,23.408624,57.249409,3.011550,57.635636,0.000000
22.191666,9.533333,1,-0.772334,1.400659,0.338524,0.231126,0.236501,-0.215093,0.918903,0.346791,0.070029,0.048687,-0.104929,0.309193,0.728020,0.602807,-0.251228,-0.942598,0.219986,0.812825,-0.082048,0.576701,0.062836,-0.802892,1.370033,0.101585,-0.000111,-0.057070,0.233997,-0.331181,0.078290,0.918699,-0.200457,49.342915,3.653428,0.000000,1,0.023420,-10.616194,23.376393,56.999214,3.024321,57.513845,0.000000
22.225000,9.566667,1,-0.772790,1.398691,0.339468,0.226763,0.236343,-0.216309,0.919745,0.348639,0.070840,0.049636,-0.106727,0.305218,0.728212,0.604283,-0.246902,-0.945243,0.213436,0.814943,-0.083368,0.573513,0.066905,-0.802892,1.370033,0.101585,-0.001410,-0.055562,0.235003,-0.329113,0.074396,0.919898,-0.199843,50.616769,3.562060,0.000000,1,0.024518,-10.687886,23.336262,56.736797,3.037197,57.388080,0.000000
22.258333,9.600000,1,-0.773333,1.396571,0.340533,0.218311,0.235740,-0.218635,0.921393,0.350660,0.071672,0.050707,-0.109944,0.297385,0.728613,0.607122,-0.238630,-0.950106,0.200885,0.819323,-0.085929,0.566856,0.073011,-0.802892,1.370033,0.101585,-0.002779,-0.053900,0.236138,-0.324844,0.066985,0.922231,-0.198695,51.757054,3.290046,0.000000,1,0.026357,-10.757212,23.288477,56.452184,3.049075,57.252900,0.000000
22.291666,9.633333,1,-0.773879,1.394643,0.341426,0.213930,0.235573,-0.220235,0.922082,0.352530,0.072387,0.051603,-0.111741,0.293392,0.728497,0.608873,-0.233574,-0.952693,0.194471,0.821557,-0.086388,0.563543,0.065800,-0.802892,1.370033,0.101585,-0.003990,-0.052343,0.237097,-0.322749,0.063073,0.923461,-0.197671,52.851352,2.888975,0.000000,1,0.025725,-10.813119,23.264672,56.181393,3.056459,57.117588,0.000000
22.325000,9.666667,1,-0.774470,1.392921,0.342184,0.212971,0.235666,-0.221136,0.922065,0.354263,0.072944,0.052364,-0.112248,0.292577,0.728076,0.609676,-0.231392,-0.953463,0.193304,0.822098,-0.085388,0.562907,0.059174,-0.802892,1.370033,0.101585,-0.005008,-0.050868,0.237921,-0.322390,0.062150,0.923819,-0.196875,53.851501,2.950791,0.000000,1,0.025083,-10.849359,23.256623,55.927348,3.057881,56.986153,0.000000
22.358333,9.700000,1,-0.775122,1.391272,0.342835,0.212294,0.235258,-0.222025,0.922112,0.355973,0.073409,0.053017,-0.112181,0.291792,0.727717,0.610492,-0.229429,-0.953998,0.193001,0.823064,-0.084313,0.561656,0.056680,-0.802892,1.370033,0.101585,-0.005928,-0.049384,0.238641,-0.321708,0.061700,0.924247,-0.196123,55.033964,3.159492,0.000000,1,0.025625,-10.872789,23.267661,55.671079,3.055514,56.847656,0.000000
22.391666,9.733333,1,-0.775754,1.389642,0.343388,0.211058,0.234669,-0.222536,0.922422,0.357656,0.073879,0.053573,-0.112203,0.290423,0.727760,0.611089,-0.227961,-0.954626,0.191635,0.824280,-0.084449,0.559849,0.054988,-0.802892,1.370033,0.101585,-0.006843,-0.047921,0.239262,-0.320632,0.060830,0.924738,-0.195844,56.079931,3.322907,0.000000,1,0.026273,-10.897811,23.296937,55.411040,3.053109,56.701737,0.000000
22.425000,9.766667,1,-0.776335,1.388022,0.343833,0.210785,0.234631,-0.222920,0.922402,0.359300,0.074386,0.054020,-0.112289,0.290164,0.727569,0.611425,-0.227103,-0.954871,0.191431,0.824543,-0.083930,0.559540,0.053348,-0.802892,1.370033,0.101585,-0.007779,-0.046498,0.239772,-0.320469,0.060594,0.924883,-0.195497,57.060579,3.413050,0.000000,1,0.026990,-10.929040,23.345931,55.147034,3.051845,56.547946,0.000000
22.458333,9.800000,1,-0.776899,1.386410,0.344178,0.211098,0.234908,-0.223367,0.922151,0.360928,0.074902,0.054368,-0.112396,0.290569,0.727147,0.611713,-0.226348,-0.954929,0.192033,0.824294,-0.082753,0.560082,0.052267,-0.802892,1.370033,0.101585,-0.008716,-0.045087,0.240180,-0.320839,0.060747,0.924856,-0.194972,58.356052,3.532013,0.000000,1,0.027880,-10.961978,23.414112,54.877257,3.050617,56.385486,0.000000
22.491666,9.833333,1,-0.777390,1.384815,0.344408,0.211196,0.234688,-0.223547,0.922141,0.362497,0.075467,0.054601,-0.112155,0.290560,0.727058,0.611868,-0.226077,-0.954903,0.192481,0.824552,-0.082384,0.559756,0.050537,-0.802892,1.370033,0.101585,-0.009682,-0.043737,0.240468,-0.320681,0.060928,0.924933,-0.194809,59.434863,3.550611,0.000000,1,0.028598,-11.003526,23.501754,54.606055,3.051088,56.216714,0.000000
22.525000,9.866667,1,-0.777758,1.383116,0.344575,0.210652,0.234105,-0.223665,0.922385,0.364076,0.076195,0.054772,-0.111874,0.289812,0.727220,0.612082,-0.225679,-0.955082,0.192063,0.825392,-0.082729,0.558466,0.052393,-0.802892,1.370033,0.101585,-0.010804,-0.042418,0.240688,-0.319921,0.060688,0.925206,-0.194836,60.353353,3.531265,0.000000,1,0.029978,-11.067858,23.605405,54.322281,3.056913,56.036959,0.000000
22.558333,9.900000,1,-0.777986,1.381339,0.344696,0.210128,0.233739,-0.223610,0.922611,0.365632,0.077081,0.054900,-0.111781,0.289178,0.727443,0.612133,-0.225596,-0.955234,0.191403,0.825935,-0.083337,0.557571,0.053868,-0.802892,1.370033,0.101585,-0.012073,-0.041157,0.240855,-0.319369,0.060375,0.925382,-0.195005,61.318101,3.495665,0.000000,1,0.031091,-11.154881,23.719728,54.032194,3.067907,55.851173,0.000000
22.591666,9.933333,1,-0.778129,1.379522,0.344738,0.210869,0.234061,-0.222958,0.922518,0.367170,0.078059,0.054950,-0.111741,0.289984,0.727654,0.611508,-0.227144,-0.954739,0.192037,0.825126,-0.083934,0.558678,0.054680,-0.802892,1.370033,0.101585,-0.013422,-0.039935,0.240939,-0.319997,0.060916,0.925020,-0.195524,62.473405,3.515046,0.000000,1,0.032323,-11.254867,23.849991,53.735245,3.081618,55.657455,0.000000
22.625000,9.966667,1,-0.778234,1.377557,0.344768,0.210818,0.234149,-0.222395,0.922643,0.368802,0.079157,0.054988,-0.111845,0.289975,0.728018,0.611060,-0.228192,-0.954590,0.191535,0.824862,-0.085039,0.558902,0.059050,-0.802892,1.370033,0.101585,-0.014912,-0.038651,0.241011,-0.320068,0.060842,0.924881,-0.196084,63.554293,3.449372,0.000000,1,0.034445,-11.368594,23.993514,53.415497,3.098398,55.448189,0.000000
22.658333,10.000000,1,-0.778297,1.375474,0.344823,0.208282,0.233898,-0.221844,0.923415,0.370504,0.080360,0.055052,-0.112751,0.287589,0.728943,0.610918,-0.228132,-0.955502,0.187008,0.825797,-0.088142,0.557036,0.062554,-0.802892,1.370033,0.101585,-0.016522,-0.037329,0.241107,-0.318758,0.058673,0.925283,-0.196984,64.468911,3.701711,0.000000,1,0.036178,-11.494195,24.141396,53.080386,3.117602,55.229943,0.000000
22.691666,10.033333,1,-0.778463,1.373455,0.344748,0.207680,0.233695,-0.221470,0.923692,0.372217,0.081443,0.054985,-0.112839,0.286957,0.729355,0.610708,-0.228606,-0.955606,0.185895,0.826086,-0.089382,0.556410,0.060816,-0.802892,1.370033,0.101585,-0.018014,-0.035957,0.241079,-0.318325,0.058225,0.925359,-0.197460,65.719737,3.791855,0.000000,1,0.037560,-11.601717,24.314080,52.736757,3.131879,55.000122,0.000000
22.725000,10.066667,1,-0.778774,1.371561,0.344508,0.210360,0.233780,-0.221284,0.923108,0.373916,0.082337,0.054752,-0.111722,0.289396,0.728927,0.610273,-0.230169,-0.954353,0.190347,0.825026,-0.087633,0.558259,0.058028,-0.802892,1.370033,0.101585,-0.019316,-0.034539,0.240893,-0.319571,0.060610,0.924809,-0.197305,66.879117,3.640137,0.000000,1,0.038814,-11.682731,24.514389,52.389058,3.139235,54.760267,0.000000
22.758333,10.100000,1,-0.779166,1.369697,0.344289,0.213229,0.233745,-0.221365,0.922439,0.375640,0.083148,0.054538,-0.110412,0.291951,0.728304,0.610039,-0.231323,-0.953057,0.195376,0.824117,-0.085234,0.559970,0.057514,-0.802892,1.370033,0.101585,-0.020544,-0.033076,0.240732,-0.320784,0.063213,0.924307,-0.196869,68.011921,3.493419,0.000000,1,0.039688,-11.750876,24.712974,52.040376,3.143002,54.520668,0.000000
22.791666,10.133333,1,-0.779563,1.367753,0.344176,0.213587,0.233228,-0.221827,0.922376,0.377431,0.084002,0.054431,-0.109788,0.292042,0.728042,0.610421,-0.230666,-0.952949,0.196676,0.824698,-0.084196,0.559271,0.059619,-0.802892,1.370033,0.101585,-0.021835,-0.031566,0.240679,-0.320466,0.063752,0.924474,-0.196431,69.110770,3.480103,0.000000,1,0.040834,-11.822630,24.900013,51.684885,3.147157,54.281188,0.000000
22.825000,10.166667,1,-0.779929,1.365762,0.344080,0.213805,0.232837,-0.222057,0.922369,0.379241,0.084909,0.054341,-0.109340,0.292064,0.727932,0.610621,-0.230374,-0.952850,0.197497,0.825114,-0.083681,0.558735,0.060801,-0.802892,1.370033,0.101585,-0.023183,-0.030053,0.240642,-0.320205,0.064115,0.924583,-0.196224,70.164858,3.524829,0.000000,1,0.042069,-11.900576,25.087986,51.323982,3.152226,54.039020,0.000000
22.858333,10.200000,1,-0.780419,1.363889,0.343723,0.220050,0.233414,-0.221489,0.920890,0.381032,0.085648,0.053989,-0.107076,0.297914,0.726890,0.609437,-0.234242,-0.949786,0.207454,0.822188,-0.079668,0.563613,0.059066,-0.802892,1.370033,0.101585,-0.024355,-0.028498,0.240350,-0.323447,0.069511,0.923128,-0.195922,71.228680,3.524767,0.000000,1,0.044058,-11.955664,25.320435,50.952522,3.151539,53.778839,0.000000
22.891666,10.233333,1,-0.780958,1.362023,0.343195,0.228947,0.233974,-0.219992,0.918936,0.382845,0.086345,0.053465,-0.103620,0.306129,0.725847,0.607202,-0.241139,-0.944913,0.221341,0.818029,-0.075182,0.570242,0.060368,-0.802892,1.370033,0.101585,-0.025487,-0.026899,0.239890,-0.327849,0.077328,0.920896,-0.196181,72.493130,3.507223,0.000000,1,0.046461,-12.004268,25.586710,50.564634,3.148962,53.500882,0.000000
22.925000,10.266667,1,-0.781237,1.359971,0.342804,0.232268,0.233726,-0.218472,0.918528,0.384652,0.087362,0.053082,-0.101923,0.308988,0.726174,0.605648,-0.245604,-0.942598,0.226249,0.816625,-0.075433,0.572218,0.063235,-0.802892,1.370033,0.101585,-0.026930,-0.025400,0.239554,-0.329110,0.080463,0.919939,-0.197292,73.696953,3.520646,0.000000,1,0.047571,-12.095988,25.834634,50.173835,3.155520,53.227615,0.000000
22.958333,10.300000,1,-0.781405,1.357952,0.342401,0.233907,0.233332,-0.217663,0.918404,0.386365,0.088447,0.052687,-0.100843,0.310277,0.726429,0.604863,-0.247944,-0.941359,0.228840,0.816202,-0.075738,0.572781,0.061978,-0.802892,1.370033,0.101585,-0.028414,-0.024007,0.239199,-0.329492,0.082130,0.919517,-0.197933,74.872946,3.377584,0.000000,1,0.048066,-12.198871,26.079638,49.794182,3.163785,52.961820,0.000000
22.991666,10.333333,1,-0.781645,1.356217,0.341817,0.238247,0.232801,-0.217220,0.917528,0.387893,0.089305,0.052109,-0.098436,0.313927,0.725859,0.604060,-0.250843,-0.938729,0.236361,0.815122,-0.073122,0.574656,0.055365,-0.802892,1.370033,0.101585,-0.029625,-0.022721,0.238663,-0.330913,0.086288,0.918643,-0.197853,76.286469,3.264147,0.000000,1,0.047806,-12.275678,26.338168,49.441393,3.165399,52.706905,0.000000
23.025000,10.366667,1,-0.781873,1.354556,0.341283,0.241013,0.232168,-0.217518,0.916895,0.389356,0.090128,0.051581,-0.096636,0.316123,0.725169,0.604034,-0.251609,-0.937152,0.241743,0.814957,-0.070418,0.575227,0.052791,-0.802892,1.370033,0.101585,-0.030786,-0.021493,0.238173,-0.331540,0.089055,0.918282,-0.197255,77.612766,2.864530,0.000000,1,0.047753,-12.349161,26.582235,49.104179,3.165728,52.464790,0.000000
23.058333,10.400000,1,-0.782279,1.352300,0.341445,0.223543,0.229881,-0.223946,0.920343,0.391403,0.091160,0.051750,-0.102347,0.299473,0.725308,0.611367,-0.231512,-0.948159,0.217709,0.825558,-0.073094,0.559563,0.068963,-0.802892,1.370033,0.101585,-0.032325,-0.019801,0.238401,-0.321745,0.074153,0.923878,-0.193470,78.838167,2.637164,0.000000,1,0.051514,-12.433012,26.757341,48.705452,3.168865,52.209209,0.000000
23.091666,10.433333,1,-0.782673,1.349748,0.341876,0.192906,0.226163,-0.233965,0.925688,0.393679,0.092376,0.052190,-0.112633,0.270404,0.725483,0.622793,-0.198886,-0.964563,0.173383,0.842737,-0.078023,0.532641,0.078530,-0.802892,1.370033,0.101585,-0.034111,-0.017954,0.238902,-0.304843,0.047936,0.932504,-0.187641,80.226231,2.579534,0.000000,1,0.054771,-12.533699,26.911495,48.275850,3.175408,51.943319,0.000000
23.125000,10.466667,1,-0.782719,1.347804,0.341391,0.180877,0.223548,-0.238365,0.927627,0.395259,0.093514,0.051714,-0.115636,0.258477,0.725197,0.627620,-0.185443,-0.970075,0.156732,0.850518,-0.078566,0.520044,0.060132,-0.802892,1.370033,0.101585,-0.035608,-0.016698,0.238456,-0.297156,0.038144,0.935980,-0.184889,81.617784,2.794983,0.000000,1,0.053129,-12.643614,27.168683,47.903433,3.182245,51.680673,0.000000
23.158333,10.500000,1,-0.782769,1.346096,0.340013,0.185280,0.222341,-0.238229,0.927083,0.396650,0.094516,0.050343,-0.112594,0.261880,0.724786,0.627238,-0.187791,-0.968198,0.165309,0.850254,-0.075984,0.520860,0.065858,-0.802892,1.370033,0.101585,-0.036895,-0.015531,0.237114,-0.297999,0.042641,0.935557,-0.184693,82.922687,2.511256,0.000000,1,0.059078,-12.741052,27.565798,47.502956,3.186055,51.366067,0.000000
23.191666,10.533333,1,-0.782917,1.344018,0.338110,0.193112,0.222062,-0.235130,0.926342,0.398396,0.095668,0.048450,-0.108864,0.268759,0.725537,0.624110,-0.197271,-0.964146,0.177500,0.847113,-0.076511,0.525876,0.084642,-0.802892,1.370033,0.101585,-0.038403,-0.014028,0.235262,-0.301244,0.049883,0.933706,-0.186967,84.363260,2.768463,0.000000,1,0.070034,-12.848041,28.093002,46.989886,3.192398,50.957975,0.000000
23.225000,10.566667,1,-0.783163,1.341628,0.336014,0.199718,0.221558,-0.230944,0.926115,0.400450,0.096930,0.046363,-0.105484,0.274434,0.727228,0.620241,-0.208349,-0.960010,0.187009,0.844216,-0.079974,0.530004,0.095647,-0.802892,1.370033,0.101585,-0.040091,-0.012245,0.233229,-0.303783,0.056138,0.931817,-0.190477,85.763352,2.635788,0.000000,1,0.078243,-12.959892,28.687898,46.396013,3.199601,50.490797,0.000000
23.258333,10.600000,1,-0.783455,1.339194,0.333789,0.205366,0.220352,-0.227139,0.926109,0.402565,0.098184,0.044147,-0.101900,0.278939,0.728940,0.616811,-0.218321,-0.956084,0.195547,0.842388,-0.083474,0.532367,0.099315,-0.802892,1.370033,0.101585,-0.041784,-0.010392,0.231070,-0.305267,0.061829,0.930289,-0.193781,87.440826,2.497259,0.000000,1,0.082945,-13.068092,29.314081,45.775197,3.205074,50.003374,0.000000
23.291666,10.633333,1,-0.783669,1.336883,0.331467,0.211246,0.219279,-0.223702,0.925878,0.404537,0.099427,0.041834,-0.098332,0.283713,0.730288,0.613610,-0.227627,-0.952020,0.204558,0.840428,-0.085979,0.535059,0.098487,-0.802892,1.370033,0.101585,-0.043425,-0.008668,0.228809,-0.306959,0.067665,0.928723,-0.196647,89.054183,2.399058,0.000000,1,0.084931,-13.178212,29.945986,45.167649,3.209472,49.524166,0.000000
23.325000,10.666667,1,-0.783913,1.334837,0.329343,0.212279,0.217131,-0.223812,0.926121,0.406314,0.100484,0.039717,-0.095947,0.283679,0.730454,0.613805,-0.228075,-0.951149,0.208078,0.842277,-0.085539,0.532215,0.088790,-0.802892,1.370033,0.101585,-0.044842,-0.007096,0.226740,-0.305489,0.069529,0.929064,-0.196678,91.023324,2.309184,0.000000,1,0.082292,-13.269085,30.522438,44.613993,3.208418,49.090280,0.000000
23.358333,10.700000,1,-0.784206,1.332750,0.327211,0.211373,0.214079,-0.225128,0.926720,0.408154,0.101529,0.037593,-0.093613,0.281507,0.730390,0.615240,-0.225433,-0.951436,0.209642,0.846025,-0.084466,0.526409,0.089947,-0.802892,1.370033,0.101585,-0.046263,-0.005459,0.224668,-0.302337,0.070014,0.930233,-0.195848,92.942487,2.049819,0.000000,1,0.085402,-13.355889,31.106586,44.045286,3.205850,48.648499,0.000000
23.391666,10.733333,1,-0.784385,1.330648,0.324903,0.212110,0.211801,-0.225324,0.927027,0.409937,0.102673,0.035293,-0.091244,0.281150,0.730574,0.615541,-0.225568,-0.950703,0.212798,0.848090,-0.084128,0.523130,0.093798,-0.802892,1.370033,0.101585,-0.047760,-0.003893,0.222414,-0.300620,0.071666,0.930666,-0.195839,94.854344,2.028756,0.000000,1,0.089626,-13.456707,31.720747,43.463196,3.205149,48.194418,0.000000
23.425000,10.766667,1,-0.784389,1.328593,0.322513,0.213810,0.210741,-0.224720,0.927024,0.411577,0.103931,0.032913,-0.089538,0.282197,0.730845,0.614990,-0.227539,-0.949460,0.216220,0.848391,-0.084303,0.522615,0.094554,-0.802892,1.370033,0.101585,-0.049325,-0.002488,0.220067,-0.300429,0.073673,0.930460,-0.196362,96.938254,1.934858,0.000000,1,0.091986,-13.575484,32.340459,42.889945,3.206786,47.746303,0.000000
23.458333,10.800000,1,-0.784309,1.326556,0.320188,0.215762,0.210272,-0.223762,0.926911,0.413151,0.105243,0.030599,-0.088252,0.283732,0.731177,0.614075,-0.230248,-0.948075,0.219409,0.847915,-0.084817,0.523303,0.092756,-0.802892,1.370033,0.101585,-0.050929,-0.001165,0.217778,-0.300885,0.075656,0.929990,-0.197135,98.901842,1.982462,0.000000,1,0.093314,-13.702291,32.945431,42.326063,3.208952,47.309334,0.000000
23.491666,10.833333,1,-0.784285,1.324448,0.317936,0.218111,0.209279,-0.222524,0.926884,0.414818,0.106554,0.028358,-0.086321,0.285388,0.731713,0.612943,-0.233699,-0.946266,0.223528,0.847726,-0.085710,0.523464,0.092553,-0.802892,1.370033,0.101585,-0.052557,0.000242,0.215568,-0.301054,0.078231,0.929496,-0.198201,101.066373,2.295879,0.000000,1,0.096190,-13.825079,33.547894,41.746219,3.209727,46.866696,0.000000
23.525000,10.866667,1,-0.784397,1.322353,0.315837,0.219687,0.207564,-0.221722,0.927089,0.416555,0.107746,0.026268,-0.084085,0.286030,0.732256,0.612305,-0.236024,-0.944830,0.227131,0.848626,-0.086538,0.521866,0.089017,-0.802892,1.370033,0.101585,-0.054094,0.001739,0.213518,-0.300230,0.080415,0.929403,-0.199010,103.153518,2.356651,0.000000,1,0.097474,-13.929878,34.129216,41.166404,3.206429,46.431265,0.000000
23.558333,10.900000,1,-0.784624,1.320372,0.313892,0.221336,0.206120,-0.221607,0.927047,0.418271,0.108776,0.024330,-0.082058,0.286861,0.732271,0.612173,-0.237021,-0.943632,0.231039,0.849475,-0.085910,0.520587,0.083581,-0.802892,1.370033,0.101585,-0.055476,0.003247,0.211627,-0.299660,0.082533,0.929385,-0.199086,105.268134,2.508891,0.000000,1,0.097384,-14.014191,34.679210,40.606836,3.198522,46.016064,0.000000
23.591666,10.933333,1,-0.784912,1.318458,0.311963,0.222804,0.205155,-0.221619,0.926906,0.419969,0.109718,0.022409,-0.080540,0.287744,0.732144,0.612113,-0.237663,-0.942659,0.234331,0.849960,-0.085042,0.519939,0.081958,-0.802892,1.370033,0.101585,-0.056767,0.004761,0.209755,-0.299436,0.084278,0.929319,-0.199000,108.320123,2.704453,0.000000,1,0.099122,-14.087319,35.223940,40.052382,3.187944,45.606627,0.000000
23.625000,10.966667,1,-0.785231,1.316577,0.310094,0.223760,0.204021,-0.221818,0.926879,0.421661,0.110614,0.020546,-0.079098,0.288095,0.732031,0.612271,-0.237736,-0.941977,0.236981,0.850827,-0.084252,0.518647,0.080141,-0.802892,1.370033,0.101585,-0.058014,0.006277,0.207943,-0.298834,0.085631,0.929430,-0.198811,109.951179,2.561049,0.000000,1,0.061760,-14.158956,35.768309,39.486460,3.147740,45.209846,0.000000
23.658333,11.000000,1,-0.785585,1.314819,0.308358,0.224003,0.202130,-0.222591,0.927049,0.423275,0.111407,0.018815,-0.077293,0.287470,0.731834,0.613030,-0.236439,-0.941711,0.239324,0.852833,-0.083110,0.515527,0.074871,-0.802892,1.370033,0.101585,-0.059147,0.007736,0.206264,-0.297231,0.086658,0.929973,-0.198227,111.528516,2.399955,0.000000,1,0.099592,-14.214901,36.263011,38.973221,3.134077,44.836457,0.000000
23.691666,11.033333,1,-0.785831,1.313169,0.306695,0.224682,0.200455,-0.223331,0.927070,0.424738,0.112220,0.017158,-0.075488,0.287333,0.731520,0.613693,-0.235364,-0.941239,0.242226,0.854477,-0.081641,0.513033,0.070669,-0.802892,1.370033,0.101585,-0.060261,0.009040,0.204650,-0.296012,0.087986,0.930372,-0.197592,113.355071,1.381091,0.000000,1,0.099834,-14.277326,36.738314,38.482722,3.120882,44.481345,0.000000
23.725000,11.066667,1,-0.785909,1.311579,0.305113,0.226820,0.200355,-0.223155,0.926613,0.426052,0.113130,0.015582,-0.074446,0.289203,0.731199,0.613325,-0.236581,-0.939985,0.245880,0.853865,-0.080389,0.514249,0.067325,-0.802892,1.370033,0.101585,-0.061432,0.010170,0.203104,-0.296854,0.089964,0.929934,-0.197501,115.410231,1.706451,0.000000,1,0.099564,-14.355652,37.187812,38.020507,3.109768,44.148873,0.000000
23.758333,11.100000,1,-0.785947,1.310005,0.303501,0.228782,0.200507,-0.222730,0.926200,0.427330,0.114063,0.013978,-0.073710,0.291027,0.731028,0.612755,-0.238196,-0.938785,0.248888,0.852978,-0.079669,0.515831,0.067607,-0.802892,1.370033,0.101585,-0.062615,0.011260,0.201527,-0.297854,0.091677,0.929415,-0.197651,117.086527,1.960869,0.000000,1,0.069033,-14.441744,37.649825,37.543633,3.071797,43.825056,0.000000
23.791666,11.133333,1,-0.786056,1.308486,0.301862,0.231480,0.200800,-0.222250,0.925581,0.428606,0.114906,0.012345,-0.072773,0.293574,0.730700,0.612043,-0.240215,-0.937168,0.253009,0.851711,-0.078436,0.518108,0.067104,-0.802892,1.370033,0.101585,-0.063710,0.012374,0.199925,-0.299299,0.093994,0.928701,-0.197738,118.387709,2.349952,0.000000,1,0.070848,-14.516024,38.109294,37.073961,3.034153,43.504961,0.000000
23.825000,11.166667,1,-0.786149,1.307042,0.300306,0.234683,0.201421,-0.221434,0.924835,0.429813,0.115716,0.010795,-0.071905,0.296717,0.730412,0.610973,-0.243084,-0.935194,0.257532,0.849852,-0.077343,0.521315,0.063759,-0.802892,1.370033,0.101585,-0.064758,0.013425,0.198404,-0.301265,0.096631,0.927727,-0.198053,121.439792,2.732972,0.000000,1,0.072584,-14.587319,38.546941,36.624969,2.998057,43.200342,0.000000
23.858333,11.200000,1,-0.786244,1.305652,0.298774,0.236508,0.201154,-0.221100,0.924509,0.430977,0.116493,0.009269,-0.070854,0.298232,0.730275,0.610521,-0.244487,-0.933958,0.260669,0.849435,-0.076643,0.522097,0.062118,-0.802892,1.370033,0.101585,-0.065763,0.014442,0.196906,-0.301827,0.098402,0.927333,-0.198171,123.172938,2.959557,0.000000,1,0.074314,-14.655080,38.975833,36.186241,2.963391,42.902674,0.000000
23.891666,11.233333,1,-0.786428,1.304347,0.297246,0.237462,0.200488,-0.221279,0.924366,0.432128,0.117146,0.007745,-0.069832,0.298789,0.730069,0.610612,-0.244552,-0.933308,0.262925,0.849849,-0.075755,0.521554,0.060545,-0.802892,1.370033,0.101585,-0.066645,0.015479,0.195416,-0.301642,0.099550,0.927320,-0.197940,125.166064,3.021655,0.000000,1,0.076041,-14.707603,39.400452,35.754706,2.928181,42.609260,0.000000
23.925000,11.266667,1,-0.786489,1.303045,0.295714,0.239102,0.200590,-0.220451,0.924119,0.433202,0.117897,0.006219,-0.069195,0.300301,0.730225,0.609757,-0.246818,-0.932078,0.265165,0.848960,-0.076033,0.522959,0.060353,-0.802892,1.370033,0.101585,-0.067601,0.016416,0.193914,-0.302466,0.101002,0.926767,-0.198533,127.168472,3.215693,0.000000,1,0.077768,-14.773620,39.821383,35.330509,2.896827,42.320484,0.000000
23.958333,11.300000,1,-0.786362,1.301783,0.294341,0.242129,0.201764,-0.218758,0.923477,0.434132,0.118772,0.004854,-0.068905,0.303532,0.730422,0.607951,-0.251295,-0.929951,0.268406,0.846292,-0.076527,0.527194,0.056070,-0.802892,1.370033,0.101585,-0.068644,0.017171,0.192560,-0.304874,0.103256,0.925484,-0.199672,129.245118,3.411285,0.000000,1,0.079323,-14.858163,40.202087,34.942679,2.869852,42.059936,0.000000
23.991666,11.333333,1,-0.786156,1.300595,0.293115,0.245050,0.203155,-0.217951,0.922592,0.434954,0.119663,0.003635,-0.068851,0.306768,0.730006,0.606831,-0.254030,-0.928224,0.271789,0.843738,-0.075298,0.531447,0.051575,-0.802892,1.370033,0.101585,-0.069680,0.017809,0.191345,-0.307403,0.105305,0.924366,-0.199907,131.312840,3.486881,0.000000,1,0.080748,-14.947223,40.545705,34.588872,2.845134,41.825218,0.000000
24.025000,11.366667,1,-0.785928,1.299522,0.291904,0.246193,0.203125,-0.218764,0.922102,0.435673,0.120503,0.002432,-0.068313,0.307782,0.729209,0.607337,-0.252951,-0.927802,0.274225,0.843699,-0.072825,0.531853,0.049012,-0.802892,1.370033,0.101585,-0.070639,0.018359,0.190142,-0.307850,0.106335,0.924308,-0.198935,133.401909,3.603404,0.000000,1,0.082113,-15.032604,40.874476,34.259126,2.821478,41.605874,0.000000
24.058333,11.400000,1,-0.785856,1.298637,0.290802,0.246680,0.202294,-0.219674,0.921938,0.436335,0.121104,0.001335,-0.067348,0.307850,0.728656,0.608073,-0.251423,-0.927619,0.276243,0.844686,-0.070951,0.530539,0.042464,-0.802892,1.370033,0.101585,-0.071356,0.018910,0.189053,-0.307294,0.107120,0.924592,-0.198053,135.376098,3.519235,0.000000,1,0.083324,-15.090365,41.171032,33.964240,2.795207,41.411084,0.000000
24.091666,11.433333,1,-0.785920,1.297808,0.289784,0.248641,0.202456,-0.219312,0.921462,0.437033,0.121562,0.000320,-0.066621,0.309679,0.728400,0.607531,-0.252935,-0.926314,0.279225,0.843789,-0.070010,0.532089,0.039424,-0.802892,1.370033,0.101585,-0.071948,0.019529,0.188056,-0.308299,0.108828,0.924044,-0.198118,137.791225,2.798339,0.000000,1,0.084521,-15.129357,41.452406,33.677863,2.767835,41.223049,0.000000
24.125000,11.466667,1,-0.785820,1.296971,0.288758,0.250675,0.202848,-0.219281,0.920832,0.437640,0.122156,-0.000701,-0.066067,0.311676,0.727859,0.607218,-0.253843,-0.925122,0.282336,0.842756,-0.068288,0.533946,0.039843,-0.802892,1.370033,0.101585,-0.072647,0.020024,0.187042,-0.309531,0.110495,0.923500,-0.197811,140.081926,2.644948,0.000000,1,0.085706,-15.187090,41.729553,33.400896,2.744854,41.040343,0.000000
24.158333,11.500000,1,-0.785653,1.296152,0.287833,0.251687,0.202597,-0.220242,0.920381,0.438192,0.122792,-0.001620,-0.065388,0.312474,0.727031,0.607874,-0.252428,-0.924750,0.284812,0.843022,-0.065699,0.533852,0.037406,-0.802892,1.370033,0.101585,-0.073375,0.020449,0.186123,-0.309719,0.111501,0.923547,-0.196732,141.941885,3.008918,0.000000,1,0.086796,-15.250981,41.983662,33.142763,2.724255,40.871945,0.000000
24.191666,11.533333,1,-0.785605,1.295358,0.287155,0.252922,0.202652,-0.221019,0.919844,0.438796,0.123315,-0.002295,-0.064884,0.313608,0.726209,0.608326,-0.251460,-0.924240,0.287313,0.842847,-0.063179,0.534432,0.031365,-0.802892,1.370033,0.101585,-0.074016,0.020938,0.185457,-0.310282,0.112578,0.923432,-0.195768,143.410647,3.184356,0.000000,1,0.087752,-15.299147,42.195019,32.906158,2.702766,40.723138,0.000000
24.225000,11.566667,1,-0.785590,1.294545,0.286578,0.254808,0.203759,-0.221301,0.919011,0.439436,0.123821,-0.002867,-0.065035,0.315795,0.725348,0.608205,-0.251713,-0.923397,0.289790,0.841246,-0.060720,0.537232,0.029886,-0.802892,1.370033,0.101585,-0.074653,0.021459,0.184896,-0.312079,0.113795,0.922823,-0.195079,144.958770,3.138936,0.000000,1,0.088703,-15.343781,42.391193,32.673952,2.682206,40.578863,0.000000
24.258333,11.600000,1,-0.785511,1.293739,0.285995,0.257279,0.205827,-0.221266,0.917869,0.440031,0.124375,-0.003446,-0.065786,0.318933,0.724359,0.607666,-0.252829,-0.922299,0.292305,0.838374,-0.058047,0.541996,0.029953,-0.802892,1.370033,0.101585,-0.075326,0.021925,0.184323,-0.314995,0.115129,0.921787,-0.194504,146.723854,3.047990,0.000000,1,0.089650,-15.395167,42.585462,32.446923,2.663944,40.436881,0.000000
24.291666,11.633333,1,-0.785325,1.292989,0.285356,0.260243,0.207805,-0.221145,0.916616,0.440517,0.124981,-0.004079,-0.066238,0.322473,0.723310,0.606998,-0.254331,-0.920815,0.295660,0.835375,-0.055129,0.546909,0.030077,-0.802892,1.370033,0.101585,-0.076017,0.022276,0.183688,-0.318047,0.116949,0.920627,-0.193948,148.530474,3.112887,0.000000,1,0.090562,-15.455830,42.779612,32.233249,2.648208,40.301325,0.000000
24.325000,11.666667,1,-0.785020,1.292359,0.284646,0.262033,0.208351,-0.221590,0.915875,0.440835,0.125612,-0.004783,-0.065928,0.324323,0.722457,0.607062,-0.254258,-0.919916,0.298508,0.834388,-0.052580,0.548664,0.029907,-0.802892,1.370033,0.101585,-0.076685,0.022463,0.182972,-0.319296,0.118321,0.920183,-0.193168,150.758748,3.194694,0.000000,1,0.091388,-15.524327,42.968994,32.045014,2.634708,40.179694,0.000000
24.358333,11.700000,1,-0.784705,1.291911,0.283968,0.261663,0.207957,-0.222893,0.915754,0.441002,0.126139,-0.005456,-0.065736,0.323821,0.721764,0.608174,-0.251606,-0.920489,0.298987,0.835343,-0.050529,0.547402,0.026142,-0.802892,1.370033,0.101585,-0.077216,0.022530,0.182284,-0.318749,0.118134,0.920649,-0.191962,152.499094,3.158406,0.000000,1,0.092035,-15.585148,43.132504,31.897575,2.621213,40.084437,0.000000
24.391666,11.733333,1,-0.784484,1.291652,0.283463,0.260841,0.208019,-0.224028,0.915697,0.441076,0.126477,-0.005958,-0.066153,0.323116,0.721204,0.609167,-0.249078,-0.921418,0.298244,0.835917,-0.049022,0.546662,0.018285,-0.802892,1.370033,0.101585,-0.077544,0.022545,0.181771,-0.318417,0.117343,0.921078,-0.190937,153.731658,3.132804,0.000000,1,0.099164,-15.624599,43.244898,31.804860,2.616478,40.019763,0.000000
24.425000,11.766667,1,-0.784312,1.291536,0.283192,0.260897,0.208622,-0.224423,0.915448,0.441065,0.126686,-0.006227,-0.066668,0.323437,0.720806,0.609412,-0.248346,-0.921661,0.298104,0.835410,-0.048012,0.547527,0.010229,-0.802892,1.370033,0.101585,-0.077734,0.022497,0.181492,-0.318968,0.117124,0.921014,-0.190458,154.547616,3.145970,0.000000,1,0.095781,-15.651386,43.302407,31.760745,2.609917,39.992481,0.000000
24.458333,11.800000,1,-0.784236,1.291532,0.283164,0.261825,0.208897,-0.224319,0.915145,0.441022,0.126750,-0.006254,-0.066501,0.324392,0.720587,0.609182,-0.248950,-0.921081,0.299388,0.834792,-0.047335,0.548527,0.002449,-0.802892,1.370033,0.101585,-0.077784,0.022441,0.181459,-0.319619,0.117845,0.920711,-0.190391,154.902112,3.144466,0.000000,1,0.092616,-15.661735,43.306702,31.758745,2.601177,39.998464,0.000000
24.491666,11.833333,1,-0.784282,1.291679,0.283316,0.262218,0.208540,-0.224105,0.915167,0.440933,0.126623,-0.006104,-0.066007,0.324583,0.720702,0.608997,-0.249530,-0.920660,0.300198,0.834962,-0.047536,0.548251,0.006501,-0.802892,1.370033,0.101585,-0.077643,0.022378,0.181611,-0.319476,0.118359,0.920653,-0.190591,154.789651,3.151915,0.000000,1,0.089660,-15.650772,43.266172,31.798120,2.589663,40.035287,0.000000
24.525000,11.866667,1,-0.784382,1.292007,0.283618,0.261663,0.207820,-0.223937,0.915530,0.440731,0.126343,-0.005804,-0.065610,0.323763,0.721098,0.609008,-0.249609,-0.920793,0.299726,0.835825,-0.048573,0.546844,0.013721,-0.802892,1.370033,0.101585,-0.077329,0.022237,0.181913,-0.318598,0.118173,0.920910,-0.190930,154.073007,3.150611,0.000000,1,0.086345,-15.625070,43.180321,31.886733,2.576348,40.107176,0.000000
24.558333,11.900000,1,-0.784475,1.292439,0.284155,0.261173,0.207278,-0.223489,0.915902,0.440443,0.126003,-0.005270,-0.065345,0.323080,0.721627,0.608772,-0.250252,-0.920836,0.299056,0.836390,-0.050031,0.545847,0.020868,-0.802892,1.370033,0.101585,-0.076943,0.022014,0.182447,-0.317915,0.117975,0.921050,-0.191519,153.150762,3.143416,0.000000,1,0.082759,-15.594715,43.039363,32.022825,2.562806,40.215244,0.000000
24.591666,11.933333,1,-0.784483,1.292915,0.285012,0.261258,0.208177,-0.222950,0.915805,0.440069,0.125702,-0.004415,-0.066113,0.323557,0.721784,0.608250,-0.251321,-0.920833,0.298168,0.835268,-0.050685,0.547502,0.029391,-0.802892,1.370033,0.101585,-0.076583,0.021678,0.183293,-0.318769,0.117671,0.920706,-0.191939,151.589587,3.120037,0.000000,1,0.078740,-15.571247,42.830850,32.209338,2.550788,40.363725,0.000000
24.625000,11.966667,1,-0.784338,1.293445,0.286166,0.261016,0.209711,-0.222816,0.915557,0.439560,0.125487,-0.003263,-0.067595,0.324025,0.721625,0.608027,-0.251469,-0.921339,0.296474,0.833729,-0.050623,0.549848,0.038353,-0.802892,1.370033,0.101585,-0.076280,0.021169,0.184427,-0.320036,0.116788,0.920382,-0.191922,149.372088,3.153070,0.000000,1,0.074596,-15.561832,42.554863,32.450939,2.541413,40.555102,0.000000
24.658333,12.000000,1,-0.784143,1.294076,0.287498,0.260445,0.210424,-0.222427,0.915651,0.438940,0.125250,-0.001932,-0.068489,0.323830,0.721882,0.607725,-0.251959,-0.921769,0.294717,0.833054,-0.051608,0.550779,0.044597,-0.802892,1.370033,0.101585,-0.075932,0.020549,0.185732,-0.320435,0.115969,0.920266,-0.192311,146.834102,3.015996,0.000000,1,0.071217,-15.553025,42.233219,32.735274,2.532934,40.777967,0.000000
24.691666,12.033333,1,-0.783980,1.294956,0.288885,0.259967,0.210803,-0.221485,0.915928,0.438143,0.124836,-0.000547,-0.069045,0.323568,0.722549,0.607008,-0.253548,-0.921868,0.293040,0.832505,-0.053690,0.551410,0.049521,-0.802892,1.370033,0.101585,-0.075369,0.019800,0.187091,-0.320592,0.115390,0.920080,-0.193281,142.837849,2.987487,0.000000,1,0.067606,-15.528827,41.876699,33.071501,2.523008,41.034814,0.000000
24.725000,12.066667,1,-0.783761,1.296183,0.290264,0.258868,0.211592,-0.220903,0.916197,0.437033,0.124260,0.000827,-0.070243,0.322934,0.723048,0.606615,-0.254169,-0.922591,0.290214,0.831855,-0.055465,0.552214,0.055761,-0.802892,1.370033,0.101585,-0.074566,0.018793,0.188431,-0.320836,0.114064,0.920024,-0.193931,140.450971,2.963789,0.000000,1,0.063436,-15.494883,41.483332,33.478713,2.512399,41.336434,0.000000
24.758333,12.100000,1,-0.783452,1.297619,0.291589,0.257139,0.211879,-0.220928,0.916612,0.435702,0.123629,0.002148,-0.071270,0.321512,0.723402,0.606828,-0.253360,-0.923789,0.287092,0.832133,-0.056779,0.551662,0.059351,-0.802892,1.370033,0.101585,-0.073651,0.017590,0.189708,-0.320342,0.112376,0.920363,-0.194126,137.708645,2.952701,0.000000,1,0.060498,-15.461223,41.074968,33.926777,2.502913,41.662157,0.000000
24.791666,12.133333,1,-0.783139,1.299169,0.292968,0.256836,0.212670,-0.220220,0.916684,0.434277,0.122932,0.003523,-0.072115,0.321592,0.723783,0.606231,-0.254567,-0.923943,0.285527,0.831176,-0.058125,0.552963,0.062957,-0.802892,1.370033,0.101585,-0.072650,0.016312,0.191037,-0.320936,0.111773,0.920091,-0.194783,134.894975,3.363052,0.000000,1,0.057728,-15.422238,40.646016,34.400815,2.493874,42.005306,0.000000
24.825000,12.166667,1,-0.782769,1.300819,0.294377,0.257091,0.214152,-0.219551,0.916428,0.432740,0.122220,0.004927,-0.073332,0.322481,0.723858,0.605524,-0.255927,-0.923922,0.284375,0.829329,-0.058695,0.555669,0.066019,-0.802892,1.370033,0.101585,-0.071605,0.014926,0.192391,-0.322387,0.111371,0.919537,-0.195232,132.908680,3.312828,0.000000,1,0.055077,-15.384584,40.200651,34.898897,2.486292,42.364135,0.000000
24.858333,12.200000,1,-0.782365,1.302587,0.295695,0.257135,0.215578,-0.218951,0.916225,0.431086,0.121466,0.006240,-0.074591,0.323155,0.723948,0.604902,-0.257060,-0.924044,0.282954,0.827626,-0.059329,0.558136,0.067257,-0.802892,1.370033,0.101585,-0.070486,0.013445,0.193648,-0.323694,0.110802,0.919057,-0.195650,131.504882,2.986073,0.000000,1,0.053044,-15.345236,39.760080,35.410505,2.479757,42.728422,0.000000
24.891666,12.233333,1,-0.781967,1.304490,0.296951,0.257775,0.216789,-0.218189,0.915941,0.429329,0.120626,0.007490,-0.075393,0.324267,0.724040,0.604096,-0.258767,-0.923675,0.282602,0.825885,-0.059837,0.560655,0.069441,-0.802892,1.370033,0.101585,-0.069255,0.011892,0.194843,-0.325072,0.110868,0.918452,-0.196167,130.813630,2.782707,0.000000,1,0.050865,-15.298343,39.319353,35.938250,2.473304,43.100726,0.000000
24.925000,12.266667,1,-0.781612,1.306494,0.298022,0.257782,0.216963,-0.218340,0.915862,0.427517,0.119693,0.008555,-0.075546,0.324352,0.723903,0.604196,-0.258480,-0.923766,0.282569,0.825752,-0.059485,0.560888,0.068990,-0.802892,1.370033,0.101585,-0.067914,0.010321,0.195854,-0.325227,0.110796,0.918444,-0.195993,131.001938,2.531606,0.000000,1,0.049735,-15.241563,38.906046,36.460532,2.466633,43.463354,0.000000
24.958333,12.300000,1,-0.781196,1.308562,0.298688,0.258260,0.216694,-0.218374,0.915783,0.425616,0.118774,0.009215,-0.075091,0.324660,0.723818,0.604189,-0.258634,-0.923404,0.283607,0.825887,-0.059103,0.560729,0.066367,-0.802892,1.370033,0.101585,-0.066549,0.008687,0.196455,-0.325192,0.111345,0.918404,-0.195922,131.535050,2.228091,0.000000,1,0.050393,-15.188953,38.559736,36.956602,2.461992,43.796421,0.000000
24.991666,12.333333,1,-0.780663,1.310731,0.298957,0.259993,0.216724,-0.217636,0.915461,0.423563,0.117891,0.009478,-0.074349,0.326223,0.723867,0.603380,-0.260810,-0.922042,0.286035,0.825024,-0.059022,0.562006,0.067476,-0.802892,1.370033,0.101585,-0.065167,0.006923,0.196651,-0.325990,0.112911,0.917828,-0.196401,131.947080,2.234653,0.000000,1,0.051363,-15.145358,38.273982,37.438308,2.459983,44.107799,0.000000
25.025000,12.366667,1,-0.780092,1.313053,0.298865,0.262399,0.218143,-0.216178,0.914783,0.421365,0.116951,0.009380,-0.074554,0.329009,0.723924,0.601772,-0.264626,-0.920331,0.288034,0.822216,-0.059249,0.566083,0.071791,-0.802892,1.370033,0.101585,-0.063679,0.005057,0.196482,-0.328337,0.114496,0.916596,-0.197323,132.314070,2.296869,0.000000,1,0.052422,-15.099095,38.040661,37.913320,2.458583,44.403352,0.000000
25.058333,12.400000,1,-0.779595,1.315511,0.298459,0.265758,0.220355,-0.214651,0.913642,0.419102,0.115873,0.008967,-0.075044,0.333002,0.723605,0.599895,-0.268988,-0.918153,0.290929,0.818195,-0.058471,0.571960,0.076226,-0.802892,1.370033,0.101585,-0.062030,0.003184,0.196002,-0.331806,0.116599,0.914921,-0.198063,132.081586,2.227404,0.000000,1,0.053677,-15.037595,37.857989,38.374448,2.455676,44.679510,0.000000
25.091666,12.433333,1,-0.779292,1.318091,0.297890,0.269307,0.222669,-0.213394,0.912335,0.416858,0.114568,0.008388,-0.075540,0.337212,0.723018,0.598186,-0.272934,-0.915945,0.294197,0.814053,-0.056923,0.577995,0.079773,-0.802892,1.370033,0.101585,-0.060163,0.001400,0.195369,-0.335440,0.118824,0.913217,-0.198482,131.470084,2.340123,0.000000,1,0.054038,-14.946669,37.705566,38.824071,2.448722,44.942131,0.000000
25.125000,12.466667,1,-0.779253,1.320771,0.297252,0.273118,0.225403,-0.213012,0.910618,0.414694,0.112993,0.007737,-0.076294,0.341849,0.721676,0.597079,-0.275353,-0.913956,0.298102,0.809632,-0.053273,0.584515,0.082650,-0.802892,1.370033,0.101585,-0.058053,-0.000233,0.194681,-0.339538,0.121089,0.911526,-0.197919,130.961430,2.315419,0.000000,1,0.053907,-14.818244,37.570743,39.262314,2.436153,45.194145,0.000000
25.158333,12.500000,1,-0.779518,1.323468,0.296425,0.277045,0.227866,-0.213798,0.908633,0.412698,0.111167,0.006895,-0.076748,0.346472,0.719572,0.596894,-0.275654,-0.912199,0.303163,0.805835,-0.047349,0.590244,0.084991,-0.802892,1.370033,0.101585,-0.055739,-0.001625,0.193824,-0.343410,0.123554,0.910117,-0.196193,130.895469,1.096332,0.000000,1,0.055662,-14.651403,37.484525,39.659291,2.417763,45.412303,0.000000
25.191666,12.533333,1,-0.780080,1.326141,0.295287,0.282378,0.229385,-0.214809,0.906367,0.410899,0.109121,0.005740,-0.075731,0.351935,0.717120,0.596779,-0.276238,-0.909229,0.311440,0.802620,-0.039992,0.595148,0.088784,-0.802892,1.370033,0.101585,-0.053255,-0.002750,0.192675,-0.347044,0.127698,0.908608,-0.194128,131.232699,2.002276,0.000000,1,0.059318,-14.448786,37.472850,39.995825,2.393822,45.580337,0.000000
25.225000,12.566667,1,-0.780740,1.328823,0.293925,0.287799,0.230037,-0.215420,0.904350,0.409152,0.106993,0.004359,-0.073898,0.357087,0.715067,0.596412,-0.277663,-0.905725,0.320259,0.800173,-0.033562,0.598830,0.092390,-0.802892,1.370033,0.101585,-0.050698,-0.003790,0.191308,-0.349951,0.132306,0.907168,-0.192550,131.642567,2.986020,0.000000,1,0.061723,-14.232138,37.510180,40.299671,2.367683,45.719418,0.000000
25.258333,12.600000,1,-0.781315,1.331458,0.292562,0.291023,0.230435,-0.216063,0.903063,0.407392,0.104962,0.002978,-0.072817,0.360158,0.713642,0.596406,-0.277996,-0.903691,0.325669,0.798789,-0.029174,0.600904,0.090648,-0.802892,1.370033,0.101585,-0.048231,-0.004868,0.189936,-0.351682,0.135037,0.906356,-0.191321,131.586152,3.387524,0.000000,1,0.061198,-14.026050,37.553401,40.596411,2.343449,45.853694,0.000000
25.291666,12.633333,1,-0.781802,1.333978,0.291319,0.294816,0.231447,-0.216621,0.901438,0.405671,0.103069,0.001719,-0.072033,0.364012,0.711958,0.596173,-0.278778,-0.901342,0.331460,0.796459,-0.024146,0.604211,0.085551,-0.802892,1.370033,0.101585,-0.045911,-0.005951,0.188680,-0.354208,0.138018,0.905202,-0.189993,131.477586,3.204662,0.000000,1,0.059489,-13.834241,37.585244,40.886981,2.321801,45.987774,0.000000
25.325000,12.666667,1,-0.782252,1.336414,0.290207,0.299600,0.232017,-0.216670,0.899701,0.403994,0.101255,0.000591,-0.070413,0.368555,0.710402,0.595431,-0.281009,-0.897893,0.338854,0.794088,-0.019259,0.607497,0.081470,-0.802892,1.370033,0.101585,-0.043684,-0.007021,0.187555,-0.356781,0.142097,0.903755,-0.189057,131.217261,2.897694,0.000000,1,0.057754,-13.649487,37.601889,41.175418,2.301415,46.124624,0.000000
25.358333,12.700000,1,-0.782591,1.338775,0.289116,0.305555,0.231500,-0.215999,0.897991,0.402311,0.099574,-0.000514,-0.067301,0.373658,0.709195,0.594047,-0.285157,-0.892886,0.348482,0.792296,-0.014975,0.609953,0.078692,-0.802892,1.370033,0.101585,-0.041583,-0.008133,0.186444,-0.358910,0.147722,0.902067,-0.188777,130.902514,2.806693,0.000000,1,0.056984,-13.480435,37.620190,41.457748,2.283874,46.258163,0.000000
25.391666,12.733333,1,-0.782740,1.340910,0.288300,0.311708,0.231835,-0.215236,0.895971,0.400693,0.098179,-0.001341,-0.064864,0.379320,0.707754,0.592446,-0.289600,-0.887821,0.357638,0.789404,-0.010246,0.613788,0.068715,-0.802892,1.370033,0.101585,-0.039785,-0.009275,0.185601,-0.361885,0.153160,0.900044,-0.188419,130.875489,2.657610,0.000000,1,0.053805,-13.344924,37.601896,41.739873,2.272492,46.400809,0.000000
25.425000,12.766667,1,-0.782660,1.342832,0.287902,0.317912,0.234111,-0.213851,0.893528,0.399110,0.097090,-0.001748,-0.064146,0.385894,0.706218,0.590108,-0.295316,-0.882996,0.364836,0.783982,-0.005717,0.620757,0.058929,-0.802892,1.370033,0.101585,-0.038306,-0.010490,0.185164,-0.366628,0.157813,0.897323,-0.188390,131.124598,2.806858,0.000000,1,0.049323,-13.247166,37.517103,42.042308,2.268021,46.570640,0.000000
25.458333,12.800000,1,-0.782323,1.344435,0.287700,0.320083,0.235243,-0.212840,0.892696,0.397627,0.096397,-0.001955,-0.064196,0.388343,0.705937,0.588831,-0.298315,-0.881215,0.366699,0.781494,-0.004936,0.623893,0.049498,-0.802892,1.370033,0.101585,-0.037240,-0.011725,0.184913,-0.368601,0.159306,0.896152,-0.188855,131.317737,2.765296,0.000000,1,0.047724,-13.197514,37.413003,42.328002,2.272758,46.736644,0.000000
25.491666,12.833333,1,-0.781838,1.345726,0.287598,0.319890,0.235518,-0.212250,0.892834,0.396304,0.096008,-0.002059,-0.064531,0.388291,0.706323,0.588365,-0.299325,-0.881266,0.365754,0.781038,-0.006114,0.624453,0.041497,-0.802892,1.370033,0.101585,-0.036513,-0.012891,0.184757,-0.368779,0.159023,0.896005,-0.189444,131.403592,2.690674,0.000000,1,0.047540,-13.182876,37.310554,42.580650,2.284413,46.885024,0.000000
25.525000,12.866667,1,-0.781275,1.346872,0.287411,0.321846,0.235758,-0.211247,0.892305,0.395049,0.095770,-0.002246,-0.063879,0.390147,0.706307,0.587227,-0.302168,-0.879369,0.367973,0.779680,-0.005900,0.626150,0.038719,-0.802892,1.370033,0.101585,-0.035948,-0.014026,0.184516,-0.369864,0.160708,0.895126,-0.190060,131.435411,2.708908,0.000000,1,0.048446,-13.186402,37.233305,42.804995,2.299711,47.012537,0.000000
25.558333,12.900000,1,-0.780752,1.347952,0.287153,0.325167,0.235072,-0.210450,0.891470,0.393871,0.095540,-0.002504,-0.061788,0.392814,0.705927,0.586128,-0.305271,-0.876070,0.373243,0.778985,-0.004301,0.627028,0.036817,-0.802892,1.370033,0.101585,-0.035408,-0.015083,0.184206,-0.370706,0.164028,0.894115,-0.190343,131.251134,2.669235,0.000000,1,0.049049,-13.188794,37.177077,43.006852,2.314894,47.123174,0.000000
25.591666,12.933333,1,-0.780363,1.348899,0.286940,0.328847,0.233524,-0.209888,0.890659,0.392881,0.095283,-0.002718,-0.058766,0.395419,0.705462,0.585247,-0.308065,-0.872213,0.379921,0.779265,-0.002260,0.626691,0.031365,-0.802892,1.370033,0.101585,-0.034892,-0.015957,0.183953,-0.370929,0.168043,0.893257,-0.190436,130.993907,2.808608,0.000000,1,0.049181,-13.181882,37.128299,43.179870,2.328396,47.216812,0.000000
25.625000,12.966667,1,-0.780151,1.349643,0.286847,0.333283,0.232198,-0.209510,0.889445,0.392159,0.095005,-0.002813,-0.055606,0.398800,0.704559,0.584348,-0.310890,-0.867767,0.387722,0.779065,0.001009,0.626943,0.023376,-0.802892,1.370033,0.101585,-0.034431,-0.016574,0.183833,-0.371669,0.172642,0.892129,-0.190165,130.954750,2.786254,0.000000,1,0.049322,-13.164008,37.079407,43.316906,2.339856,47.291516,0.000000
25.658333,13.000000,1,-0.780105,1.350102,0.286857,0.336600,0.230918,-0.209513,0.888528,0.391764,0.094766,-0.002805,-0.052982,0.401202,0.703747,0.583927,-0.312445,-0.864386,0.393973,0.779360,0.003867,0.626565,0.013846,-0.802892,1.370033,0.101585,-0.034097,-0.016892,0.183832,-0.371957,0.176203,0.891410,-0.189707,131.095224,2.598271,0.000000,1,0.050428,-13.141218,37.038696,43.403685,2.350409,47.337772,0.000000
25.691666,13.033333,1,-0.780137,1.350344,0.286970,0.338825,0.229650,-0.209820,0.887938,0.391591,0.094594,-0.002694,-0.050855,0.402630,0.703088,0.583927,-0.312887,-0.862055,0.398702,0.780151,0.006163,0.625561,0.008055,-0.802892,1.370033,0.101585,-0.033889,-0.017021,0.183942,-0.371777,0.178762,0.891095,-0.189147,131.187534,2.553010,0.000000,1,0.051174,-13.120529,36.998375,43.457740,2.361125,47.366937,0.000000
25.725000,13.066667,1,-0.780102,1.350494,0.287210,0.340376,0.228702,-0.210198,0.887500,0.391450,0.094529,-0.002454,-0.049315,0.403598,0.702531,0.584061,-0.312883,-0.860448,0.402162,0.780835,0.008037,0.624686,0.008577,-0.802892,1.370033,0.101585,-0.033797,-0.017156,0.184177,-0.371590,0.180572,0.890924,-0.188599,131.220340,2.321460,0.000000,1,0.050462,-13.113265,36.938862,43.513975,2.373867,47.402472,0.000000
25.758333,13.100000,1,-0.779896,1.350611,0.287565,0.341498,0.228482,-0.210073,0.887155,0.391234,0.094620,-0.002097,-0.048619,0.404505,0.702282,0.583791,-0.313650,-0.859304,0.404005,0.780639,0.008872,0.624920,0.012796,-0.802892,1.370033,0.101585,-0.033840,-0.017411,0.184516,-0.371880,0.181686,0.890589,-0.188537,131.176409,2.141712,0.000000,1,0.049155,-13.129097,36.854637,43.588414,2.390430,47.454280,0.000000
25.791666,13.133333,1,-0.779541,1.350710,0.287944,0.342918,0.228885,-0.209331,0.886679,0.390941,0.094840,-0.001716,-0.048350,0.405956,0.702194,0.582912,-0.315753,-0.857890,0.405371,0.779377,0.009173,0.626488,0.015863,-0.802892,1.370033,0.101585,-0.033988,-0.017774,0.184871,-0.372872,0.182812,0.889856,-0.188951,131.091218,1.933592,0.000000,1,0.048496,-13.164586,36.761926,43.673361,2.410288,47.514209,0.000000
25.825000,13.166667,1,-0.779163,1.350842,0.288366,0.344548,0.229814,-0.208668,0.885963,0.390609,0.095058,-0.001292,-0.048459,0.407830,0.701858,0.581998,-0.317860,-0.856486,0.406690,0.777434,0.010094,0.628884,0.017432,-0.802892,1.370033,0.101585,-0.034124,-0.018178,0.185266,-0.374419,0.183897,0.888935,-0.189171,130.954672,1.780325,0.000000,1,0.047578,-13.201039,36.658005,43.769704,2.429874,47.583186,0.000000
25.858333,13.200000,1,-0.778890,1.350960,0.288827,0.345612,0.230658,-0.208285,0.885419,0.390351,0.095200,-0.000829,-0.048743,0.409160,0.701549,0.581413,-0.319165,-0.855667,0.407391,0.775892,0.010906,0.630771,0.016459,-0.802892,1.370033,0.101585,-0.034209,-0.018493,0.185707,-0.375640,0.184502,0.888282,-0.189232,130.972112,1.716592,0.000000,1,0.047277,-13.225237,36.551270,43.859819,2.446798,47.649622,0.000000
25.891666,13.233333,1,-0.778762,1.351033,0.289202,0.346577,0.230885,-0.208146,0.885015,0.390216,0.095255,-0.000452,-0.048518,0.410126,0.701255,0.581106,-0.319923,-0.854804,0.408608,0.775210,0.011776,0.631593,0.012103,-0.802892,1.370033,0.101585,-0.034238,-0.018661,0.186072,-0.376262,0.185280,0.887874,-0.189152,131.110341,1.632034,0.000000,1,0.048342,-13.234139,36.468897,43.922995,2.460573,47.695808,0.000000
25.925000,13.266667,1,-0.778769,1.351130,0.289395,0.348640,0.230802,-0.208024,0.884255,0.390143,0.095189,-0.000260,-0.047525,0.411939,0.700637,0.580651,-0.321171,-0.852806,0.411789,0.774496,0.013698,0.632430,0.006478,-0.802892,1.370033,0.101585,-0.034162,-0.018727,0.186263,-0.377079,0.187188,0.887184,-0.188879,131.184446,1.522706,0.000000,1,0.049782,-13.225229,36.423747,43.961756,2.470581,47.719949,0.000000
25.958333,13.300000,1,-0.778870,1.351306,0.289391,0.352070,0.230540,-0.207917,0.882988,0.390063,0.095003,-0.000266,-0.045765,0.414896,0.699565,0.579979,-0.323059,-0.849442,0.417231,0.773491,0.017029,0.633578,0.006088,-0.802892,1.370033,0.101585,-0.033961,-0.018755,0.186262,-0.378325,0.190411,0.886082,-0.188342,131.168127,1.458137,0.000000,1,0.050979,-13.200634,36.412970,43.986960,2.477089,47.728606,0.000000
25.991666,13.333333,1,-0.779038,1.351527,0.289260,0.356305,0.230132,-0.207890,0.881401,0.389988,0.094737,-0.000399,-0.043514,0.418510,0.698173,0.579233,-0.325192,-0.845232,0.424068,0.772387,0.021322,0.634794,0.009202,-0.802892,1.370033,0.101585,-0.033681,-0.018750,0.186138,-0.379784,0.194427,0.884747,-0.187576,131.047749,1.431469,0.000000,1,0.051905,-13.165416,36.425250,44.001616,2.481065,47.726262,0.000000
26.025000,13.366667,1,-0.779288,1.351737,0.289132,0.360737,0.229258,-0.207588,0.879896,0.389971,0.094412,-0.000531,-0.040761,0.422091,0.696976,0.578275,-0.327874,-0.840497,0.431351,0.771678,0.025126,0.635517,0.010537,-0.802892,1.370033,0.101585,-0.033358,-0.018673,0.186022,-0.380919,0.198828,0.883381,-0.187098,130.875748,1.497791,0.000000,1,0.052239,-13.120554,36.440995,44.008311,2.482702,47.719148,0.000000
26.058333,13.400000,1,-0.779576,1.351893,0.289118,0.364284,0.227879,-0.207158,0.878893,0.390020,0.094088,-0.000548,-0.037949,0.424654,0.696281,0.577427,-0.330277,-0.836333,0.437567,0.771873,0.027505,0.635182,0.009828,-0.802892,1.370033,0.101585,-0.033059,-0.018540,0.186023,-0.381227,0.202651,0.882402,-0.186988,130.815517,1.563110,0.000000,1,0.051809,-13.073859,36.440791,44.014296,2.483498,47.715953,0.000000
26.091666,13.433333,1,-0.779774,1.352007,0.289250,0.366622,0.226638,-0.207116,0.878252,0.390048,0.093860,-0.000419,-0.035797,0.426195,0.695732,0.577090,-0.331371,-0.833513,0.442096,0.772488,0.029350,0.634351,0.007909,-0.802892,1.370033,0.101585,-0.032851,-0.018462,0.186165,-0.381128,0.205310,0.881888,-0.186715,130.809641,1.387441,0.000000,1,0.050579,-13.040559,36.413334,44.034353,2.486348,47.727398,0.000000
26.125000,13.466667,1,-0.779769,1.352114,0.289505,0.367773,0.226418,-0.207237,0.877799,0.389960,0.093797,-0.000163,-0.035087,0.427129,0.695277,0.576992,-0.331698,-0.832312,0.444110,0.772365,0.030718,0.634435,0.008318,-0.802892,1.370033,0.101585,-0.032775,-0.018547,0.186418,-0.381423,0.206447,0.881565,-0.186384,130.900006,1.551746,0.000000,1,0.048900,-13.032804,36.356220,44.080471,2.493606,47.760480,0.000000
26.158333,13.500000,1,-0.779583,1.352263,0.289786,0.368373,0.226986,-0.206937,0.877471,0.389729,0.093853,0.000118,-0.035329,0.427920,0.695122,0.576578,-0.332619,-0.831820,0.444342,0.771347,0.031115,0.635653,0.011065,-0.802892,1.370033,0.101585,-0.032778,-0.018802,0.186684,-0.382195,0.206750,0.881139,-0.186483,130.981981,1.775306,0.000000,1,0.047704,-13.045381,36.284755,44.149787,2.504366,47.809773,0.000000
26.191666,13.533333,1,-0.779336,1.352511,0.290039,0.369598,0.227538,-0.206188,0.876989,0.389383,0.093898,0.000372,-0.035281,0.429262,0.695031,0.575691,-0.334669,-0.830537,0.445201,0.769957,0.031373,0.637324,0.012934,-0.802892,1.370033,0.101585,-0.032739,-0.019163,0.186916,-0.383234,0.207635,0.880390,-0.186902,130.963385,2.116178,0.000000,1,0.046822,-13.060053,36.209050,44.237248,2.515179,47.869873,0.000000
26.225000,13.566667,1,-0.779169,1.352911,0.290336,0.371219,0.227921,-0.205585,0.876347,0.388963,0.093788,0.000668,-0.034905,0.430885,0.694733,0.574862,-0.336632,-0.828831,0.446898,0.768670,0.032255,0.638831,0.015769,-0.802892,1.370033,0.101585,-0.032532,-0.019558,0.187195,-0.384289,0.208950,0.879574,-0.187114,130.934274,2.460015,0.000000,1,0.045259,-13.056195,36.116392,44.348825,2.522029,47.946839,0.000000
26.258333,13.600000,1,-0.779195,1.353471,0.290794,0.372765,0.227925,-0.205453,0.875720,0.388533,0.093426,0.001124,-0.034221,0.432272,0.694237,0.574460,-0.337650,-0.827209,0.449131,0.768037,0.033727,0.639517,0.021716,-0.802892,1.370033,0.101585,-0.032084,-0.019908,0.187644,-0.384960,0.210353,0.878987,-0.186919,130.846761,2.934742,0.000000,1,0.042960,-13.018691,35.988121,44.488981,2.521980,48.047428,0.000000
26.291666,13.633333,1,-0.779464,1.354118,0.291488,0.374414,0.226627,-0.205889,0.875251,0.388179,0.092815,0.001812,-0.032324,0.433172,0.693626,0.574630,-0.337510,-0.825161,0.452986,0.769154,0.035675,0.638067,0.029579,-0.802892,1.370033,0.101585,-0.031424,-0.020133,0.188341,-0.384500,0.212403,0.878825,-0.186311,130.775058,3.455105,0.000000,1,0.040791,-12.944959,35.817467,44.649225,2.514636,48.168706,0.000000
26.325000,13.666667,1,-0.779925,1.354754,0.292466,0.375208,0.223846,-0.206940,0.875379,0.387950,0.092054,0.002783,-0.029476,0.432644,0.693267,0.575614,-0.335599,-0.823613,0.457203,0.772603,0.037025,0.633809,0.037632,-0.802892,1.370033,0.101585,-0.030663,-0.020218,0.189334,-0.382333,0.214311,0.879486,-0.185465,130.791990,4.217528,0.000000,1,0.038947,-12.846901,35.600766,44.821329,2.502425,48.307290,0.000000
26.358333,13.700000,1,-0.780449,1.355467,0.293801,0.375874,0.221729,-0.207927,0.875398,0.387697,0.091193,0.004110,-0.027280,0.432298,0.692840,0.576495,-0.333819,-0.822424,0.460634,0.775251,0.038457,0.630482,0.048052,-0.802892,1.370033,0.101585,-0.029810,-0.020322,0.190686,-0.380705,0.215816,0.880002,-0.184618,130.894033,5.161451,0.000000,1,0.035699,-12.735556,35.313674,45.036305,2.487290,48.485818,0.000000
26.391666,13.733333,1,-0.780961,1.356386,0.295475,0.377407,0.221570,-0.208134,0.874729,0.387274,0.090215,0.005774,-0.026455,0.433602,0.692155,0.576377,-0.334180,-0.820826,0.463215,0.774943,0.040442,0.630736,0.059305,-0.802892,1.370033,0.101585,-0.028810,-0.020581,0.192371,-0.381216,0.217271,0.879530,-0.184105,130.980709,6.116827,0.000000,1,0.031572,-12.612796,34.947591,45.318316,2.469479,48.719318,0.000000
26.425000,13.766667,1,-0.781444,1.357476,0.297284,0.378065,0.222455,-0.208072,0.874235,0.386698,0.089155,0.007574,-0.026955,0.434588,0.691746,0.576102,-0.334759,-0.820462,0.463442,0.773605,0.041521,0.632307,0.064987,-0.802892,1.370033,0.101585,-0.027696,-0.020976,0.194187,-0.382289,0.217485,0.879052,-0.183908,131.092300,6.976688,0.000000,1,0.028715,-12.483038,34.542369,45.642633,2.450159,48.984803,0.000000
26.458333,13.800000,1,-0.781942,1.358751,0.299190,0.377951,0.223834,-0.208338,0.873869,0.385981,0.087970,0.009470,-0.028239,0.435104,0.691303,0.576184,-0.334430,-0.821209,0.462356,0.772061,0.042606,0.634119,0.070433,-0.802892,1.370033,0.101585,-0.026428,-0.021479,0.196097,-0.383462,0.216778,0.878805,-0.183480,131.029103,7.999759,0.000000,1,0.026138,-12.339827,34.105731,46.004312,2.428106,49.277753,0.000000
26.491666,13.833333,1,-0.782588,1.360267,0.301126,0.377920,0.224739,-0.208978,0.873497,0.385162,0.086523,0.011392,-0.029063,0.435483,0.690687,0.576594,-0.333389,-0.821805,0.462048,0.771180,0.044213,0.635080,0.076251,-0.802892,1.370033,0.101585,-0.024880,-0.022014,0.198041,-0.384238,0.216344,0.878731,-0.182724,130.873090,9.055447,0.000000,1,0.024130,-12.163187,33.651524,46.395030,2.399289,49.590168,0.000000
26.525000,13.866667,1,-0.783360,1.362011,0.302889,0.377493,0.224456,-0.210007,0.873507,0.384237,0.084839,0.013140,-0.028995,0.434978,0.690235,0.577520,-0.331260,-0.822473,0.462391,0.772024,0.045470,0.633964,0.077921,-0.802892,1.370033,0.101585,-0.023071,-0.022578,0.199817,-0.383774,0.216061,0.879190,-0.181821,130.865594,10.096763,0.000000,1,0.022966,-11.956432,33.217611,46.794915,2.364409,49.901958,0.000000
26.558333,13.900000,1,-0.784082,1.363956,0.304468,0.377828,0.223402,-0.210588,0.873493,0.383121,0.083077,0.014703,-0.027900,0.434809,0.689961,0.578028,-0.330211,-0.821895,0.464165,0.773371,0.046351,0.632256,0.078203,-0.802892,1.370033,0.101585,-0.021129,-0.023294,0.201402,-0.382963,0.216812,0.879465,-0.181308,130.887502,11.136852,0.000000,1,0.021371,-11.743030,32.802671,47.211344,2.328174,50.217629,0.000000
26.591666,13.933333,1,-0.784584,1.365916,0.305916,0.378511,0.221565,-0.210737,0.873630,0.381860,0.081482,0.016137,-0.025950,0.434600,0.690014,0.578212,-0.329994,-0.820505,0.466771,0.775394,0.046414,0.629770,0.074643,-0.802892,1.370033,0.101585,-0.019307,-0.024185,0.202843,-0.381614,0.218226,0.879712,-0.181259,130.924904,12.150418,0.000000,1,0.019652,-11.555116,32.404331,47.632169,2.297445,50.531649,0.000000
26.625000,13.966667,1,-0.784710,1.367749,0.307331,0.378725,0.220076,-0.210821,0.873893,0.380474,0.080264,0.017542,-0.024521,0.434127,0.690209,0.578398,-0.329708,-0.819722,0.468347,0.777141,0.046021,0.627642,0.069587,-0.802892,1.370033,0.101585,-0.017814,-0.025293,0.204230,-0.380376,0.219065,0.880026,-0.181326,130.966082,13.818742,0.000000,1,0.017821,-11.421085,32.009021,48.055670,2.278389,50.846917,0.000000
26.658333,14.000000,1,-0.784501,1.369451,0.308869,0.378105,0.220220,-0.210615,0.874175,0.378991,0.079391,0.019074,-0.024926,0.433634,0.690551,0.578342,-0.329797,-0.820368,0.467152,0.777132,0.045037,0.627725,0.069112,-0.802892,1.370033,0.101585,-0.016633,-0.026592,0.205722,-0.380244,0.218444,0.880171,-0.181646,130.945499,15.480481,0.000000,1,0.016086,-11.336388,31.589220,48.492694,2.270190,51.176439,0.000000
26.691666,14.033333,1,-0.784193,1.371020,0.310697,0.376666,0.221444,-0.210769,0.874450,0.377556,0.078675,0.020897,-0.026662,0.432892,0.690726,0.578612,-0.328995,-0.822408,0.464120,0.776240,0.044374,0.628874,0.072846,-0.802892,1.370033,0.101585,-0.015625,-0.027905,0.207499,-0.380713,0.216605,0.880425,-0.181637,130.864737,16.831016,0.000000,1,0.014794,-11.271475,31.121841,48.939933,2.266708,51.524439,0.000000
26.725000,14.066667,1,-0.783978,1.372566,0.312658,0.374944,0.222284,-0.211040,0.874911,0.376195,0.077895,0.022852,-0.028180,0.431724,0.691013,0.579069,-0.327770,-0.824621,0.461050,0.775956,0.043413,0.629291,0.075181,-0.802892,1.370033,0.101585,-0.014580,-0.029138,0.209413,-0.380714,0.214673,0.880901,-0.181620,130.776281,17.801633,0.000000,1,0.013801,-11.195291,30.634710,49.386128,2.261241,51.877486,0.000000
26.758333,14.100000,1,-0.783865,1.374213,0.314556,0.374188,0.222962,-0.210987,0.875075,0.374815,0.076976,0.024744,-0.029124,0.431350,0.691182,0.579100,-0.327591,-0.825652,0.459330,0.775402,0.042839,0.630014,0.075468,-0.802892,1.370033,0.101585,-0.013393,-0.030350,0.211271,-0.380996,0.213694,0.880992,-0.181742,130.824113,19.223184,0.000000,1,0.012410,-11.099487,30.155890,49.832607,2.251784,52.228823,0.000000
26.791666,14.133333,1,-0.783845,1.376023,0.316353,0.373612,0.223436,-0.211340,0.875115,0.373360,0.075885,0.026532,-0.029804,0.431047,0.691059,0.579437,-0.326729,-0.826544,0.458337,0.775157,0.043098,0.630297,0.076511,-0.802892,1.370033,0.101585,-0.012017,-0.031581,0.213031,-0.381162,0.212959,0.881159,-0.181446,130.924966,20.606410,0.000000,1,0.010763,-10.980936,29.688489,50.286565,2.237453,52.581436,0.000000
26.825000,14.166667,1,-0.783974,1.378125,0.318066,0.373489,0.223324,-0.211726,0.875103,0.371761,0.074500,0.028234,-0.029757,0.430887,0.690876,0.579777,-0.325946,-0.826751,0.458521,0.775464,0.043611,0.629884,0.081454,-0.802892,1.370033,0.101585,-0.010317,-0.032869,0.214710,-0.380997,0.212889,0.881318,-0.181100,130.991539,22.544841,0.000000,1,0.008841,-10.823779,29.222451,50.765628,2.214404,52.947301,0.000000
26.858333,14.200000,1,-0.784322,1.380536,0.319623,0.376680,0.223157,-0.211711,0.873780,0.370048,0.072755,0.029775,-0.028187,0.433675,0.689711,0.579163,-0.327551,-0.823359,0.463455,0.774462,0.047008,0.630871,0.086720,-0.802892,1.370033,0.101585,-0.008235,-0.034164,0.216242,-0.382220,0.215856,0.880198,-0.180459,130.969697,23.851233,0.000000,1,0.007858,-10.617568,28.773024,51.260409,2.180134,53.317204,0.000000
26.891666,14.233333,1,-0.784717,1.383154,0.321125,0.380989,0.223092,-0.211420,0.871997,0.368197,0.070849,0.031261,-0.026213,0.437508,0.688263,0.578094,-0.330240,-0.818699,0.469759,0.772825,0.051213,0.632550,0.091327,-0.802892,1.370033,0.101585,-0.005959,-0.035546,0.217718,-0.384021,0.219797,0.878565,-0.179835,130.893098,25.239090,0.000000,1,0.007374,-10.389638,28.322876,51.776142,2.140703,53.698940,0.000000
26.925000,14.266667,1,-0.784747,1.385702,0.322925,0.378994,0.222521,-0.212140,0.872837,0.366182,0.069274,0.033049,-0.026587,0.435467,0.688684,0.579117,-0.327832,-0.820813,0.467752,0.774501,0.050016,0.630592,0.093604,-0.802892,1.370033,0.101585,-0.003969,-0.037190,0.219470,-0.382636,0.218222,0.879606,-0.179618,130.808688,26.544812,0.000000,1,0.007282,-10.210155,27.810610,52.330626,2.112407,54.119759,0.000000
26.958333,14.300000,1,-0.784502,1.388298,0.324855,0.374746,0.222141,-0.212815,0.874602,0.363965,0.067888,0.034969,-0.028134,0.431490,0.689943,0.580520,-0.324411,-0.825330,0.462155,0.776772,0.046374,0.628072,0.097316,-0.802892,1.370033,0.101585,-0.002113,-0.039088,0.221334,-0.380453,0.214523,0.881403,-0.179898,130.802042,27.904040,0.000000,1,0.009141,-10.061040,27.262166,52.921401,2.091229,54.571293,0.000000
26.991666,14.333333,1,-0.784187,1.391058,0.326734,0.371291,0.222026,-0.213185,0.876013,0.361574,0.066460,0.036837,-0.029567,0.428342,0.691027,0.581490,-0.321991,-0.828980,0.457290,0.778320,0.043215,0.626378,0.100609,-0.802892,1.370033,0.101585,-0.000168,-0.041139,0.223140,-0.378856,0.211433,0.882760,-0.180273,130.868648,28.701079,0.000000,1,0.009978,-9.908654,26.710907,53.535338,2.069336,55.037109,0.000000
27.025000,14.366667,1,-0.783995,1.393988,0.328556,0.368022,0.221996,-0.213765,0.877258,0.359122,0.064832,0.038647,-0.030993,0.425400,0.691869,0.582574,-0.319294,-0.832498,0.452767,0.779760,0.040715,0.624753,0.103664,-0.802892,1.370033,0.101585,0.001987,-0.043193,0.224894,-0.377408,0.208471,0.884062,-0.180378,130.998436,31.149790,0.000000,1,0.011027,-9.726799,26.165070,54.157452,2.040414,55.506793,0.000000
27.058333,14.400000,1,-0.784068,1.397076,0.330305,0.365483,0.221236,-0.214932,0.878226,0.356702,0.062897,0.040380,-0.031438,0.422788,0.692201,0.584054,-0.315785,-0.835149,0.450340,0.781983,0.039739,0.622032,0.106493,-0.802892,1.370033,0.101585,0.004432,-0.045131,0.226587,-0.375607,0.206478,0.885407,-0.179834,130.990018,33.853289,0.000000,1,0.012524,-9.496933,25.633694,54.773236,1.999724,55.969940,0.000000
27.091666,14.433333,1,-0.784329,1.400297,0.331927,0.364212,0.220011,-0.215941,0.878814,0.354288,0.060735,0.041984,-0.030903,0.421105,0.692268,0.585219,-0.313128,-0.836283,0.450091,0.784230,0.039621,0.619204,0.108484,-0.802892,1.370033,0.101585,0.007099,-0.046995,0.228164,-0.373941,0.205839,0.886380,-0.179243,130.921084,36.142175,0.000000,1,0.013801,-9.230078,25.126088,55.380028,1.949640,56.422486,0.000000
27.125000,14.466667,1,-0.784594,1.403578,0.333493,0.362845,0.218435,-0.216330,0.879677,0.351830,0.058533,0.043532,-0.030098,0.419175,0.692856,0.585949,-0.311515,-0.837190,0.449523,0.786724,0.038089,0.616129,0.109352,-0.802892,1.370033,0.101585,0.009818,-0.048888,0.229684,-0.371937,0.205277,0.887334,-0.179340,130.887891,36.499019,0.000000,1,0.014989,-8.954678,24.628091,55.986326,1.897051,56.873284,0.000000
27.158333,14.500000,1,-0.784801,1.406985,0.335000,0.360976,0.216827,-0.216932,0.880695,0.349236,0.056302,0.045021,-0.029488,0.416783,0.693486,0.586941,-0.309261,-0.838651,0.448355,0.789491,0.036416,0.612681,0.111936,-0.802892,1.370033,0.101585,0.012603,-0.050900,0.231140,-0.369683,0.204270,0.888510,-0.179327,130.945672,38.303541,0.000000,1,0.016493,-8.674257,24.133808,56.606910,1.842635,57.331972,0.000000
27.191666,14.533333,1,-0.784914,1.410574,0.336389,0.358877,0.215447,-0.218060,0.881612,0.346440,0.054038,0.046392,-0.029182,0.414288,0.693791,0.588360,-0.305961,-0.840578,0.447009,0.792219,0.035606,0.609198,0.115488,-0.802892,1.370033,0.101585,0.015476,-0.053092,0.232468,-0.367519,0.202947,0.889817,-0.178799,131.034867,39.880205,0.000000,1,0.017861,-8.389443,23.650581,57.248250,1.786412,57.799809,0.000000
27.225000,14.566667,1,-0.784931,1.414277,0.337686,0.356217,0.213989,-0.219080,0.882792,0.343495,0.051783,0.047670,-0.029057,0.411256,0.694377,0.589801,-0.302580,-0.842988,0.444765,0.795189,0.033994,0.605408,0.117719,-0.802892,1.370033,0.101585,0.018383,-0.055423,0.233696,-0.365047,0.201150,0.891301,-0.178498,131.033316,42.283655,0.000000,1,0.019099,-8.104589,23.178095,57.902350,1.729536,58.272697,0.000000
27.258333,14.600000,1,-0.784895,1.418054,0.338952,0.353139,0.212643,-0.219794,0.884175,0.340459,0.049526,0.048919,-0.029219,0.407897,0.695279,0.591061,-0.299586,-0.845742,0.441553,0.798069,0.031466,0.601745,0.119513,-0.802892,1.370033,0.101585,0.021317,-0.057840,0.234890,-0.362503,0.198933,0.892822,-0.178568,130.964027,44.521147,0.000000,1,0.020695,-7.816908,22.708800,58.564506,1.671247,58.750476,0.000000
27.291666,14.633333,1,-0.784852,1.421890,0.340192,0.349931,0.211904,-0.220349,0.885489,0.337371,0.047240,0.050141,-0.029982,0.404692,0.696192,0.592150,-0.296918,-0.848768,0.437531,0.800233,0.028836,0.598995,0.120945,-0.802892,1.370033,0.101585,0.024293,-0.060296,0.236055,-0.360447,0.196337,0.894193,-0.178741,130.902796,46.557663,0.000000,1,0.022373,-7.520859,22.244753,59.228964,1.609963,59.229487,0.000000
27.325000,14.666667,1,-0.784823,1.425752,0.341333,0.346517,0.211246,-0.221197,0.886777,0.334271,0.044928,0.051264,-0.030910,0.401341,0.696950,0.593491,-0.293627,-0.852077,0.433299,0.802456,0.026611,0.596118,0.120814,-0.802892,1.370033,0.101585,0.027302,-0.062752,0.237122,-0.358368,0.193514,0.895663,-0.178642,130.880017,48.606653,0.000000,1,0.023363,-7.215978,21.802345,59.883728,1.545473,59.698245,0.000000
27.358333,14.700000,1,-0.784862,1.429734,0.342281,0.343590,0.210052,-0.222942,0.887762,0.331115,0.042490,0.052192,-0.031137,0.398190,0.697037,0.595496,-0.288831,-0.854962,0.430833,0.805368,0.026340,0.592190,0.122819,-0.802892,1.370033,0.101585,0.030452,-0.065216,0.237998,-0.355994,0.191350,0.897279,-0.177605,130.938222,50.749937,0.000000,1,0.024513,-6.887619,21.397142,60.530788,1.473392,60.152616,0.000000
27.391666,14.733333,1,-0.784981,1.433836,0.342959,0.341524,0.208171,-0.225073,0.888464,0.327913,0.039920,0.052850,-0.030364,0.395504,0.696701,0.597715,-0.283631,-0.856874,0.430488,0.808838,0.027373,0.587394,0.124769,-0.802892,1.370033,0.101585,0.033751,-0.067673,0.238609,-0.353367,0.190256,0.898847,-0.176091,131.008119,52.819732,0.000000,1,0.025500,-6.533460,21.045334,61.162797,1.392788,60.583235,0.000000
27.425000,14.766667,1,-0.785129,1.437996,0.343465,0.340147,0.205930,-0.226700,0.889101,0.324680,0.037294,0.053334,-0.028965,0.393274,0.696532,0.599449,-0.279643,-0.857854,0.431146,0.812289,0.028008,0.582582,0.125788,-0.802892,1.370033,0.101585,0.037118,-0.070133,0.239047,-0.350730,0.189953,0.900158,-0.174993,131.019078,55.300405,0.000000,1,0.026521,-6.164437,20.731035,61.782074,1.306586,60.996236,0.000000
27.458333,14.800000,1,-0.785237,1.442167,0.343830,0.338686,0.203928,-0.227927,0.889806,0.321414,0.034694,0.053679,-0.027818,0.391075,0.696604,0.600858,-0.276392,-0.858877,0.431205,0.815362,0.027939,0.578277,0.125663,-0.802892,1.370033,0.101585,0.040473,-0.072624,0.239344,-0.348281,0.189478,0.901346,-0.174280,130.953523,57.694300,0.000000,1,0.027055,-5.793406,20.448291,62.390200,1.218423,61.394252,0.000000
27.491666,14.833333,1,-0.785302,1.446361,0.344114,0.337014,0.202850,-0.228874,0.890444,0.318105,0.032115,0.053942,-0.027594,0.389097,0.696742,0.601990,-0.273692,-0.860338,0.430014,0.817391,0.027578,0.575423,0.126108,-0.802892,1.370033,0.101585,0.043821,-0.075156,0.239556,-0.346573,0.188415,0.902325,-0.173774,130.866938,60.064134,0.000000,1,0.027928,-5.419827,20.185534,62.993298,1.128012,61.784171,0.000000
27.525000,14.866667,1,-0.785342,1.450550,0.344340,0.335547,0.202752,-0.229563,0.890843,0.314783,0.029560,0.054147,-0.028156,0.387741,0.696785,0.602789,-0.271705,-0.861864,0.428215,0.818194,0.027396,0.574289,0.125877,-0.802892,1.370033,0.101585,0.047152,-0.077703,0.239707,-0.345835,0.187116,0.902956,-0.173368,130.833014,61.415926,0.000000,1,0.028709,-5.043346,19.940163,63.588152,1.035156,62.165067,0.000000
27.558333,14.900000,1,-0.785356,1.454684,0.344496,0.334198,0.202597,-0.229987,0.891275,0.311490,0.027060,0.054283,-0.028617,0.386464,0.696977,0.603365,-0.270263,-0.863182,0.426467,0.818945,0.026808,0.573246,0.124089,-0.802892,1.370033,0.101585,0.050424,-0.080232,0.239789,-0.345103,0.185954,0.903505,-0.173213,130.881942,63.459890,0.000000,1,0.028901,-4.668621,19.716770,64.166942,0.941245,62.531193,0.000000
27.591666,14.933333,1,-0.785373,1.458713,0.344545,0.332684,0.202455,-0.230486,0.891745,0.308283,0.024621,0.054312,-0.029161,0.385046,0.697168,0.604025,-0.268607,-0.864671,0.424494,0.819757,0.026213,0.572111,0.120885,-0.802892,1.370033,0.101585,0.053619,-0.082688,0.239767,-0.344310,0.184636,0.904117,-0.173011,130.960606,65.574610,0.000000,1,0.028512,-4.296141,19.525895,64.718077,0.846417,62.872700,0.000000
27.625000,14.966667,1,-0.785415,1.462617,0.344477,0.330901,0.202969,-0.231194,0.892108,0.305190,0.022239,0.054225,-0.030413,0.383680,0.697172,0.604828,-0.266517,-0.866675,0.421714,0.820000,0.026054,0.571771,0.117139,-0.802892,1.370033,0.101585,0.056732,-0.085040,0.239631,-0.343981,0.182785,0.904703,-0.172568,131.018232,67.875303,0.000000,1,0.027871,-3.925187,19.371079,65.236262,0.750409,63.185369,0.000000
27.658333,15.000000,1,-0.785399,1.466403,0.344341,0.328998,0.203998,-0.231923,0.892388,0.302156,0.019974,0.054072,-0.032179,0.382436,0.697092,0.605615,-0.264389,-0.868952,0.418355,0.819726,0.026055,0.572163,0.113679,-0.802892,1.370033,0.101585,0.059719,-0.087363,0.239426,-0.344057,0.180601,0.905209,-0.172059,131.016720,70.208351,0.000000,1,0.027223,-3.567149,19.239176,65.733878,0.656901,63.480108,0.000000
27.691666,15.033333,1,-0.785264,1.470096,0.344092,0.326832,0.205030,-0.232584,0.892776,0.299126,0.017863,0.053806,-0.034065,0.380959,0.697138,0.606390,-0.262262,-0.871429,0.414524,0.819519,0.025677,0.572476,0.111094,-0.802892,1.370033,0.101585,0.062562,-0.089714,0.239103,-0.344026,0.178179,0.905775,-0.171666,130.958466,72.423762,0.000000,1,0.026393,-3.229238,19.136586,66.216213,0.568332,63.757279,0.000000
27.725000,15.066667,1,-0.785061,1.473709,0.343600,0.324561,0.205678,-0.233171,0.893302,0.296116,0.015855,0.053299,-0.035654,0.379215,0.697339,0.607160,-0.260171,-0.873833,0.410763,0.819751,0.024895,0.572179,0.109583,-0.802892,1.370033,0.101585,0.065306,-0.092057,0.238534,-0.343608,0.175830,0.906441,-0.171410,130.949845,74.864471,0.000000,1,0.025243,-2.903606,19.090779,66.671385,0.482179,64.000632,0.000000
27.758333,15.100000,1,-0.784907,1.477249,0.342845,0.322243,0.205368,-0.233870,0.894029,0.293196,0.013856,0.052528,-0.036407,0.377002,0.697667,0.608115,-0.257741,-0.875975,0.407722,0.821074,0.023869,0.570323,0.108666,-0.802892,1.370033,0.101585,0.068027,-0.094300,0.237707,-0.342313,0.173854,0.907358,-0.171165,130.949366,77.148621,0.000000,1,0.024476,-2.573468,19.109484,67.087872,0.392774,64.201000,0.000000
27.791666,15.133333,1,-0.784839,1.480710,0.341893,0.320295,0.204365,-0.234961,0.894673,0.290389,0.011837,0.051560,-0.036371,0.374811,0.697746,0.609380,-0.254665,-0.877650,0.406049,0.823120,0.023656,0.567374,0.107707,-0.802892,1.370033,0.101585,0.070745,-0.096415,0.236690,-0.340547,0.172506,0.908398,-0.170537,130.965215,79.094752,0.000000,1,0.024143,-2.233701,19.180718,67.466428,0.298300,64.362803,0.000000
27.825000,15.166667,1,-0.784889,1.484138,0.340784,0.318665,0.203370,-0.236102,0.895181,0.287680,0.009745,0.050434,-0.036202,0.372910,0.697682,0.610629,-0.251643,-0.879050,0.404903,0.825049,0.023859,0.564557,0.108096,-0.802892,1.370033,0.101585,0.073512,-0.098407,0.235525,-0.338925,0.171442,0.909344,-0.169797,131.011703,81.011852,0.000000,1,0.024671,-1.875244,19.295208,67.812901,0.195498,64.492262,0.000000
27.858333,15.200000,1,-0.785034,1.487541,0.339530,0.317408,0.202455,-0.236807,0.895649,0.285047,0.007594,0.049162,-0.035940,0.371377,0.697778,0.611468,-0.249630,-0.880032,0.404015,0.826644,0.023628,0.562229,0.108901,-0.802892,1.370033,0.101585,0.076320,-0.100301,0.234221,-0.337547,0.170690,0.910068,-0.169421,131.004900,83.078862,0.000000,1,0.025436,-1.500452,19.449680,68.130929,0.085082,64.592360,0.000000
27.891666,15.233333,1,-0.785124,1.490835,0.338204,0.316491,0.201438,-0.237746,0.895954,0.282469,0.005554,0.047820,-0.035434,0.370104,0.697625,0.612444,-0.247315,-0.880740,0.403896,0.828283,0.024128,0.559790,0.106546,-0.802892,1.370033,0.101585,0.079010,-0.102167,0.232844,-0.336217,0.170285,0.910759,-0.168755,130.966553,85.071904,0.000000,1,0.024673,-1.139236,19.627731,68.428637,-0.022303,64.673297,0.000000
27.925000,15.266667,1,-0.785162,1.494005,0.336827,0.315631,0.200504,-0.239155,0.896091,0.279957,0.003629,0.046428,-0.034975,0.368921,0.697113,0.613764,-0.244140,-0.881533,0.404098,0.829920,0.025620,0.557293,0.103704,-0.802892,1.370033,0.101585,0.081573,-0.103995,0.231416,-0.334974,0.169888,0.911506,-0.167592,130.944819,87.015701,0.000000,1,0.023757,-0.793392,19.824985,68.706396,-0.125924,64.736823,0.000000
27.958333,15.300000,1,-0.785177,1.497117,0.335492,0.314693,0.199758,-0.240673,0.896182,0.277480,0.001758,0.045078,-0.034720,0.367753,0.696510,0.615163,-0.240738,-0.882472,0.404090,0.831398,0.027336,0.555005,0.101568,-0.802892,1.370033,0.101585,0.084074,-0.105807,0.230028,-0.333861,0.169335,0.912252,-0.166308,130.931348,88.892078,0.000000,1,0.023648,-0.452470,20.020629,68.977207,-0.229507,64.797372,0.000000
27.991666,15.333333,1,-0.785161,1.500243,0.334213,0.313442,0.198685,-0.242145,0.896462,0.274971,-0.000098,0.043784,-0.034311,0.366158,0.696096,0.616605,-0.237243,-0.883559,0.403782,0.833305,0.028546,0.552076,0.101339,-0.802892,1.370033,0.101585,0.086566,-0.107657,0.228694,-0.332322,0.168644,0.913150,-0.165163,130.955977,90.710375,0.000000,1,0.024400,-0.109769,20.209274,69.252335,-0.335502,64.862799,0.000000
