time_take_s,time_episode_s,tool_tracked,tool_world_x_m,tool_world_y_m,tool_world_z_m,tool_world_qx,tool_world_qy,tool_world_qz,tool_world_qw,tcp_robot_x_m,tcp_robot_y_m,tcp_robot_z_m,tcp_robot_qx,tcp_robot_qy,tcp_robot_qz,tcp_robot_qw,tcp_robot_rot6d_r00,tcp_robot_rot6d_r01,tcp_robot_rot6d_r02,tcp_robot_rot6d_r10,tcp_robot_rot6d_r11,tcp_robot_rot6d_r12,tcp_speed_m_s,box_world_x_m,box_world_y_m,box_world_z_m,tool_in_box_x_m,tool_in_box_y_m,tool_in_box_z_m,tool_in_box_qx,tool_in_box_qy,tool_in_box_qz,tool_in_box_qw,flap_left_deg,flap_right_deg,gripper,ik_reachable,ik_pos_err_mm,q1_deg,q2_deg,q3_deg,q4_deg,q5_deg,q6_deg
6.900000,0.000000,1,-0.894771,1.484114,0.492638,-0.066968,-0.254595,0.164131,-0.950662,0.354468,-0.077838,0.201238,-0.196074,0.173862,0.778050,0.570933,-0.271181,-0.956609,-0.106585,0.820249,-0.287615,0.494437,0.000000,-0.830720,1.359184,0.101525,0.109612,-0.091623,0.390217,-0.282401,-0.036287,0.952168,-0.110949,0.284436,0.046763,0.000000,1,0.038048,11.657300,-2.878312,61.414603,-2.462465,68.827307,0.064599
6.933333,0.033333,1,-0.894707,1.483550,0.488975,-0.072289,-0.255121,0.163337,-0.950268,0.354867,-0.077441,0.197574,-0.194172,0.178858,0.778053,0.570036,-0.274713,-0.956494,-0.098241,0.817578,-0.286138,0.499691,0.111211,-0.830720,1.359184,0.101525,0.109368,-0.090971,0.386576,-0.284456,-0.031321,0.951673,-0.111451,0.262922,0.039907,0.000000,1,0.019963,11.577362,-2.255451,61.348777,-2.488411,68.588183,0.061369
6.966667,0.066667,1,-0.894543,1.483009,0.485452,-0.076466,-0.255662,0.162241,-0.949983,0.355188,-0.076978,0.194052,-0.192792,0.182834,0.778288,0.568920,-0.278322,-0.956066,-0.092060,0.815069,-0.285803,0.503963,0.107016,-0.830720,1.359184,0.101525,0.109048,-0.090402,0.383069,-0.286203,-0.027449,0.951169,-0.112301,0.292105,0.037480,0.000000,1,0.018980,11.491181,-1.657909,61.287541,-2.509592,68.358739,0.058301
7.000000,0.100000,1,-0.894366,1.482480,0.482224,-0.080878,-0.256790,0.160729,-0.949570,0.355492,-0.076513,0.190823,-0.191834,0.187283,0.778596,0.567373,-0.282574,-0.955364,-0.086204,0.811655,-0.286025,0.509319,0.098291,-0.830720,1.359184,0.101525,0.108714,-0.089869,0.379854,-0.288587,-0.023510,0.950413,-0.113493,0.302551,0.026928,0.000000,1,0.018164,11.405804,-1.106999,61.225456,-2.528382,68.144211,0.055386
7.033333,0.133333,1,-0.894205,1.481973,0.479248,-0.084325,-0.257200,0.159687,-0.949335,0.355790,-0.076073,0.187846,-0.190664,0.190549,0.778851,0.566329,-0.285837,-0.954834,-0.081170,0.809511,-0.285924,0.512777,0.090707,-0.830720,1.359184,0.101525,0.108397,-0.089360,0.376890,-0.289998,-0.020300,0.949957,-0.114327,0.316470,0.042061,0.000000,1,0.017883,11.325034,-0.595147,61.161095,-2.546064,67.941132,0.052616
7.066667,0.166667,1,-0.894071,1.481566,0.476420,-0.086815,-0.256347,0.159170,-0.949428,0.356024,-0.075717,0.185019,-0.188790,0.192396,0.779163,0.565904,-0.288223,-0.954507,-0.076440,0.809218,-0.285474,0.513489,0.085796,-0.830720,1.359184,0.101525,0.108154,-0.088927,0.374074,-0.289918,-0.017661,0.949976,-0.114807,0.302462,0.034343,0.000000,1,0.017628,11.258502,-0.111326,61.102408,-2.565457,67.749855,0.049986
7.100000,0.200000,1,-0.893865,1.481185,0.473764,-0.089463,-0.256675,0.158157,-0.949263,0.356195,-0.075318,0.182362,-0.187901,0.194910,0.779468,0.564918,-0.291122,-0.953919,-0.072710,0.807424,-0.285756,0.516150,0.080743,-0.830720,1.359184,0.101525,0.107860,-0.088567,0.371423,-0.291019,-0.015194,0.949579,-0.115655,0.309194,0.037691,0.000000,1,0.017385,11.188444,0.337622,61.054608,-2.581477,67.575703,0.047486
7.133333,0.233333,1,-0.893646,1.480864,0.471278,-0.092433,-0.257925,0.157064,-0.948821,0.356311,-0.074945,0.179877,-0.187696,0.198123,0.779563,0.563736,-0.293943,-0.953310,-0.069263,0.804562,-0.285897,0.520521,0.075469,-0.830720,1.359184,0.101525,0.107582,-0.088273,0.368940,-0.293091,-0.012679,0.948879,-0.116470,0.326894,0.049530,0.000000,1,0.017508,11.124067,0.754150,61.014513,-2.597007,67.416245,0.045112
7.166667,0.266667,1,-0.893563,1.480669,0.468858,-0.095491,-0.258427,0.156430,-0.948487,0.356408,-0.074758,0.177457,-0.186781,0.201083,0.779547,0.563014,-0.296257,-0.952909,-0.064784,0.802675,-0.285162,0.523828,0.072887,-0.830720,1.359184,0.101525,0.107486,-0.088013,0.366526,-0.294464,-0.009876,0.948435,-0.116892,0.348225,0.027917,0.000000,1,0.017599,11.087042,1.163345,60.969545,-2.618585,67.255766,0.042856
7.200000,0.300000,1,-0.893500,1.480546,0.466359,-0.099396,-0.259087,0.155124,-0.948120,0.356459,-0.074629,0.174957,-0.185631,0.204869,0.779803,0.561674,-0.300128,-0.952049,-0.059372,0.799929,-0.285103,0.528043,0.075093,-0.830720,1.359184,0.101525,0.107448,-0.087798,0.364033,-0.296250,-0.006292,0.947782,-0.117923,0.342157,0.029372,0.000000,1,0.016911,11.060342,1.582810,60.927027,-2.641215,67.091718,0.040714
7.233333,0.333333,1,-0.893320,1.480471,0.463752,-0.103553,-0.260696,0.153484,-0.947501,0.356401,-0.074435,0.172351,-0.185217,0.209304,0.779984,0.559921,-0.304367,-0.950992,-0.054545,0.795926,-0.285361,0.533921,0.078421,-0.830720,1.359184,0.101525,0.107344,-0.087680,0.361423,-0.299017,-0.002727,0.946773,-0.119173,0.342816,0.034358,0.000000,1,0.015876,11.027982,2.007691,60.901386,-2.660185,66.933621,0.038678
7.266667,0.366667,1,-0.893138,1.480485,0.461088,-0.106949,-0.261724,0.152335,-0.947025,0.356272,-0.074293,0.169688,-0.184622,0.212800,0.780073,0.558674,-0.307596,-0.950188,-0.050267,0.793038,-0.285200,0.538286,0.080099,-0.830720,1.359184,0.101525,0.107289,-0.087633,0.358755,-0.301000,0.000262,0.946040,-0.120026,0.340085,0.034788,0.000000,1,0.015333,11.005399,2.437022,60.882448,-2.680235,66.776614,0.036744
7.300000,0.400000,1,-0.892946,1.480569,0.458458,-0.109954,-0.261678,0.151598,-0.946812,0.356080,-0.074187,0.167059,-0.183241,0.215467,0.780211,0.557914,-0.310310,-0.949545,-0.045510,0.791616,-0.284613,0.540685,0.079149,-0.830720,1.359184,0.101525,0.107264,-0.087652,0.356116,-0.301840,0.003172,0.945695,-0.120596,0.340238,0.046498,0.000000,1,0.015065,10.989955,2.856663,60.870327,-2.700735,66.625986,0.034907
7.333333,0.433333,1,-0.892716,1.480662,0.455924,-0.113208,-0.261629,0.151001,-0.946537,0.355857,-0.074054,0.164526,-0.181746,0.218356,0.780232,0.557250,-0.312882,-0.948939,-0.040250,0.790198,-0.283586,0.543292,0.076382,-0.830720,1.359184,0.101525,0.107209,-0.087707,0.353572,-0.302743,0.006320,0.945338,-0.121009,0.340262,0.047707,0.000000,1,0.014906,10.972051,3.258128,60.863118,-2.719073,66.483802,0.033161
7.366667,0.466667,1,-0.892442,1.480795,0.453408,-0.116571,-0.261686,0.150146,-0.946249,0.355578,-0.073911,0.162012,-0.180297,0.221389,0.780355,0.556350,-0.315936,-0.948133,-0.035051,0.788470,-0.282923,0.546141,0.076025,-0.830720,1.359184,0.101525,0.107139,-0.087819,0.351041,-0.303786,0.009548,0.944893,-0.121658,0.331965,0.036443,0.000000,1,0.014536,10.954495,3.651747,60.863865,-2.736086,66.348042,0.031503
7.400000,0.500000,1,-0.892047,1.480946,0.450890,-0.119489,-0.262143,0.149038,-0.945934,0.355210,-0.073682,0.159495,-0.179404,0.224202,0.780568,0.555212,-0.319108,-0.947208,-0.031115,0.786316,-0.282946,0.549225,0.076598,-0.830720,1.359184,0.101525,0.106978,-0.088013,0.348500,-0.305087,0.012241,0.944328,-0.122544,0.330831,0.034376,0.000000,1,0.013874,10.927381,4.036193,60.880004,-2.748928,66.223164,0.029928
7.433333,0.533333,1,-0.891602,1.481086,0.448440,-0.122472,-0.262274,0.148013,-0.945677,0.354822,-0.073407,0.157047,-0.178191,0.226929,0.780796,0.554173,-0.322279,-0.946267,-0.026746,0.784520,-0.282790,0.551868,0.074833,-0.830720,1.359184,0.101525,0.106769,-0.088230,0.346024,-0.306096,0.015088,0.943852,-0.123374,0.326695,0.010253,0.000000,1,0.013641,10.894513,4.408143,60.899825,-2.758985,66.104186,0.028432
7.466667,0.566667,1,-0.891180,1.481244,0.446066,-0.126153,-0.262547,0.146943,-0.945284,0.354433,-0.073161,0.154675,-0.176794,0.230343,0.780923,0.553034,-0.325796,-0.945199,-0.021350,0.782307,-0.282192,0.555305,0.072489,-0.830720,1.359184,0.101525,0.106585,-0.088454,0.343625,-0.307440,0.018565,0.943246,-0.124187,0.335605,0.016131,0.000000,1,0.013692,10.865857,4.769479,60.917899,-2.769267,65.987650,0.027010
7.500000,0.600000,1,-0.890707,1.481379,0.443722,-0.130044,-0.263494,0.145688,-0.944688,0.354033,-0.072860,0.152332,-0.175906,0.234245,0.780951,0.551636,-0.329509,-0.944011,-0.016312,0.779191,-0.281654,0.559940,0.071862,-0.830720,1.359184,0.101525,0.106345,-0.088687,0.341253,-0.309488,0.022057,0.942381,-0.125096,0.330700,0.091825,0.000000,1,0.013306,10.829926,5.125207,60.938016,-2.776464,65.873729,0.025660
7.533333,0.633333,1,-0.890221,1.481486,0.441345,-0.133307,-0.264483,0.144442,-0.944148,0.353646,-0.072532,0.149957,-0.175336,0.237604,0.781025,0.550274,-0.332912,-0.942876,-0.012389,0.776235,-0.281486,0.564115,0.072855,-0.830720,1.359184,0.101525,0.106080,-0.088904,0.338849,-0.311396,0.024935,0.941556,-0.126028,0.343330,0.048406,0.000000,1,0.012752,10.789889,5.489171,60.953391,-2.781611,65.753890,0.024377
7.566667,0.666667,1,-0.889787,1.481633,0.438901,-0.136327,-0.264728,0.143297,-0.943822,0.353259,-0.072269,0.147516,-0.174209,0.240414,0.781245,0.549098,-0.336286,-0.941724,-0.008178,0.774196,-0.281385,0.566960,0.074578,-0.830720,1.359184,0.101525,0.105882,-0.089121,0.336380,-0.312526,0.027788,0.940978,-0.126948,0.329849,0.035341,0.000000,1,0.012449,10.759477,5.867836,60.962130,-2.788694,65.624957,0.023158
7.600000,0.700000,1,-0.889370,1.481788,0.436393,-0.139796,-0.264791,0.142479,-0.943421,0.352875,-0.072025,0.145009,-0.172718,0.243545,0.781251,0.548180,-0.339335,-0.940661,-0.002860,0.772403,-0.280370,0.569900,0.076421,-0.830720,1.359184,0.101525,0.105705,-0.089331,0.333848,-0.313601,0.031117,0.940437,-0.127528,0.314821,0.048784,0.000000,1,0.012149,10.731821,6.260571,60.964799,-2.795756,65.487447,0.022000
7.633333,0.733333,1,-0.888952,1.481932,0.433757,-0.143059,-0.265116,0.141330,-0.943013,0.352499,-0.071773,0.142375,-0.171554,0.246607,0.781399,0.546964,-0.342800,-0.939407,0.001667,0.770181,-0.280031,0.573065,0.080198,-0.830720,1.359184,0.101525,0.105526,-0.089525,0.331188,-0.314875,0.034181,0.939784,-0.128420,0.301870,0.056554,0.000000,1,0.011977,10.703230,6.678260,60.959630,-2.801763,65.336554,0.020900
7.666667,0.766667,1,-0.888593,1.482128,0.430885,-0.146119,-0.265266,0.140156,-0.942677,0.352116,-0.071599,0.139505,-0.170323,0.249411,0.781623,0.545756,-0.346280,-0.938112,0.005978,0.768190,-0.279888,0.575801,0.087010,-0.830720,1.359184,0.101525,0.105432,-0.089716,0.328295,-0.315925,0.037102,0.939191,-0.129367,0.303928,0.041360,0.000000,1,0.012964,10.686332,7.140117,60.942341,-2.810365,65.163333,0.019855
7.700000,0.800000,1,-0.888293,1.482401,0.427709,-0.149702,-0.264912,0.139263,-0.942346,0.351707,-0.071518,0.136330,-0.168408,0.252457,0.781725,0.544803,-0.349656,-0.936804,0.011781,0.766740,-0.278910,0.578203,0.096068,-0.830720,1.359184,0.101525,0.105440,-0.089919,0.325099,-0.316638,0.040661,0.938709,-0.130045,0.302884,0.042699,0.000000,1,0.015546,10.684013,7.657560,60.912216,-2.822366,64.963502,0.018862
7.733333,0.833333,1,-0.887888,1.482689,0.424274,-0.153989,-0.265241,0.138106,-0.941733,0.351221,-0.071362,0.132897,-0.166791,0.256438,0.781693,0.543485,-0.353609,-0.935220,0.017983,0.764134,-0.277726,0.582209,0.104129,-0.830720,1.359184,0.101525,0.105378,-0.090178,0.321639,-0.318208,0.044709,0.937881,-0.130861,0.287341,0.051470,0.000000,1,0.017931,10.673351,8.214800,60.883826,-2.831020,64.750401,0.017919
7.766667,0.866667,1,-0.887373,1.482959,0.420646,-0.158801,-0.266180,0.136608,-0.940887,0.350682,-0.071107,0.129272,-0.165486,0.261161,0.781606,0.541757,-0.358227,-0.933319,0.024282,0.760445,-0.276588,0.587556,0.110210,-0.830720,1.359184,0.101525,0.105222,-0.090472,0.317980,-0.320515,0.049096,0.936728,-0.131909,0.268983,0.046656,0.000000,1,0.020298,10.650151,8.802906,60.854808,-2.835241,64.526033,0.017023
7.800000,0.900000,1,-0.886822,1.483190,0.416930,-0.163993,-0.266700,0.135244,-0.940046,0.350153,-0.070800,0.125558,-0.163637,0.266037,0.781463,0.540151,-0.362920,-0.931283,0.031649,0.757149,-0.274922,0.592573,0.112927,-0.830720,1.359184,0.101525,0.105016,-0.090748,0.314232,-0.322530,0.053965,0.935638,-0.132829,0.267172,0.036874,0.000000,1,0.022176,10.619256,9.410910,60.815881,-2.836624,64.289485,0.016172
7.833333,0.933333,1,-0.886290,1.483340,0.413248,-0.169046,-0.267097,0.134221,-0.939184,0.349700,-0.070458,0.121878,-0.161739,0.270734,0.781149,0.538841,-0.366982,-0.929407,0.039081,0.754253,-0.272707,0.597271,0.111686,-0.830720,1.359184,0.101525,0.104780,-0.090947,0.310522,-0.324378,0.058728,0.934627,-0.133425,0.292922,0.047103,0.000000,1,0.022922,10.581340,10.023305,60.759287,-2.835530,64.042176,0.015363
7.866667,0.966667,1,-0.885898,1.483441,0.409748,-0.172912,-0.267321,0.133398,-0.938534,0.349370,-0.070200,0.118379,-0.160216,0.274292,0.780934,0.537807,-0.370189,-0.927876,0.044796,0.752092,-0.271055,0.600739,0.105718,-0.830720,1.359184,0.101525,0.104627,-0.091040,0.307002,-0.325716,0.062396,0.933852,-0.133922,0.321062,0.039283,0.000000,1,0.022293,10.552207,10.619709,60.679444,-2.836587,63.788471,0.014595
7.900000,1.000000,1,-0.885727,1.483465,0.406561,-0.176155,-0.267051,0.132702,-0.938106,0.349237,-0.070072,0.115193,-0.158528,0.277072,0.780862,0.536986,-0.373029,-0.926472,0.049991,0.750777,-0.269753,0.602965,0.095745,-0.830720,1.359184,0.101525,0.104604,-0.090965,0.303812,-0.326404,0.065603,0.933325,-0.134391,0.334773,0.030771,0.000000,1,0.020670,10.536944,11.182393,60.569312,-2.841342,63.530854,0.013865
7.933333,1.033333,1,-0.885663,1.483381,0.403731,-0.178951,-0.266436,0.132086,-0.937839,0.349256,-0.069966,0.112364,-0.156730,0.279299,0.780896,0.536311,-0.375613,-0.925155,0.054802,0.750056,-0.268726,0.604319,0.084941,-0.830720,1.359184,0.101525,0.104599,-0.090762,0.300988,-0.326634,0.068477,0.932972,-0.134848,0.301989,0.030578,0.000000,1,0.018335,10.520781,11.696037,60.443629,-2.845358,63.282300,0.013172
7.966667,1.066667,1,-0.885596,1.483316,0.401153,-0.181156,-0.265960,0.131820,-0.937588,0.349258,-0.069869,0.109786,-0.155321,0.281060,0.780789,0.535956,-0.377253,-0.924247,0.058725,0.749628,-0.267513,0.605388,0.077393,-0.830720,1.359184,0.101525,0.104593,-0.090592,0.298413,-0.326819,0.070737,0.932719,-0.134987,0.289740,0.028177,0.000000,1,0.016397,10.506573,12.163585,60.328599,-2.849059,63.055684,0.012514
8.000000,1.100000,1,-0.885494,1.483309,0.398730,-0.183642,-0.265855,0.131629,-0.937161,0.349194,-0.069778,0.107363,-0.154119,0.283237,0.780492,0.535590,-0.378782,-0.923351,0.062820,0.748743,-0.265841,0.607218,0.072754,-0.830720,1.359184,0.101525,0.104584,-0.090498,0.295990,-0.327433,0.073159,0.932316,-0.134987,0.292020,0.113831,0.000000,1,0.015218,10.495086,12.598007,60.229022,-2.852643,62.849037,0.011888
8.033333,1.133333,1,-0.885438,1.483319,0.396401,-0.185753,-0.265734,0.131419,-0.936809,0.349144,-0.069736,0.105034,-0.153069,0.285071,0.780271,0.535240,-0.380176,-0.922535,0.066292,0.747993,-0.264505,0.608723,0.069892,-0.830720,1.359184,0.101525,0.104622,-0.090399,0.293663,-0.327925,0.075227,0.931972,-0.135038,0.308038,0.037082,0.000000,1,0.015103,10.490429,13.018206,60.127391,-2.857556,62.646593,0.011294
8.066667,1.166667,1,-0.885507,1.483382,0.394030,-0.187962,-0.264911,0.131111,-0.936644,0.349126,-0.069825,0.102663,-0.151347,0.286681,0.780259,0.534887,-0.381980,-0.921477,0.070505,0.747924,-0.263419,0.609278,0.071191,-0.830720,1.359184,0.101525,0.104793,-0.090272,0.291299,-0.327782,0.077591,0.931798,-0.135249,0.310507,0.061939,0.000000,1,0.016487,10.504320,13.451982,60.011281,-2.867208,62.432444,0.010729
8.100000,1.200000,1,-0.885550,1.483448,0.391608,-0.191444,-0.264284,0.130716,-0.936171,0.349091,-0.069894,0.100241,-0.149233,0.289517,0.780011,0.534315,-0.384473,-0.919954,0.076579,0.747132,-0.261375,0.611127,0.072709,-0.830720,1.359184,0.101525,0.104946,-0.090159,0.288883,-0.328189,0.081124,0.931328,-0.135420,0.294574,0.029516,0.000000,1,0.017368,10.516162,13.894222,59.893325,-2.875626,62.214932,0.010192
8.133333,1.233333,1,-0.885449,1.483468,0.389192,-0.195720,-0.264781,0.130044,-0.935240,0.349006,-0.069821,0.097826,-0.147773,0.293564,0.779478,0.533290,-0.387530,-0.918137,0.082738,0.744614,-0.258844,0.615264,0.072534,-0.830720,1.359184,0.101525,0.104953,-0.090087,0.286467,-0.329898,0.085107,0.930332,-0.135675,0.257640,0.040408,0.000000,1,0.017245,10.508652,14.329476,59.786050,-2.877877,62.005802,0.009683
8.166667,1.266667,1,-0.885302,1.483540,0.386868,-0.199563,-0.266161,0.129069,-0.934170,0.348851,-0.069743,0.095502,-0.147294,0.297617,0.778958,0.531933,-0.390704,-0.916381,0.087152,0.741032,-0.256944,0.620364,0.069909,-0.830720,1.359184,0.101525,0.104948,-0.090090,0.284136,-0.332328,0.088433,0.929083,-0.136170,0.260990,0.028522,0.000000,1,0.016638,10.502200,14.743109,59.692627,-2.879746,61.811830,0.009199
8.200000,1.300000,1,-0.885210,1.483671,0.384687,-0.202335,-0.266958,0.128432,-0.933434,0.348683,-0.069744,0.093322,-0.146773,0.300452,0.778585,0.531029,-0.392933,-0.915098,0.090547,0.738706,-0.255475,0.623736,0.065591,-0.830720,1.359184,0.101525,0.105017,-0.090120,0.281951,-0.333891,0.090885,0.928240,-0.136479,0.286885,0.032894,0.000000,1,0.016087,10.507800,15.131448,59.603935,-2.884508,61.629454,0.008739
8.233333,1.333333,1,-0.885187,1.483805,0.382659,-0.204611,-0.266861,0.128452,-0.932963,0.348555,-0.069803,0.091294,-0.145672,0.302445,0.778155,0.530831,-0.393996,-0.914253,0.094385,0.738023,-0.253490,0.625352,0.060991,-0.830720,1.359184,0.101525,0.105140,-0.090124,0.279922,-0.334446,0.093101,0.927852,-0.136270,0.319686,0.025570,0.000000,1,0.015667,10.520869,15.496760,59.512722,-2.891015,61.453977,0.008302
8.266667,1.366667,1,-0.885228,1.483966,0.380798,-0.207547,-0.266926,0.128637,-0.932270,0.348444,-0.069930,0.089433,-0.144421,0.305102,0.777452,0.530682,-0.395038,-0.913286,0.099265,0.737034,-0.250578,0.627688,0.056048,-0.830720,1.359184,0.101525,0.105326,-0.090124,0.278063,-0.335338,0.095902,0.927310,-0.135818,0.311942,0.033869,0.000000,1,0.015127,10.543386,15.834281,59.423711,-2.899767,61.289468,0.007887
8.300000,1.400000,1,-0.885224,1.484175,0.378950,-0.209905,-0.266657,0.128809,-0.931795,0.348269,-0.070049,0.087585,-0.143129,0.307093,0.776950,0.530620,-0.395914,-0.912437,0.103492,0.736622,-0.248273,0.629086,0.055801,-0.830720,1.359184,0.101525,0.105501,-0.090190,0.276212,-0.335749,0.098243,0.926968,-0.135464,0.290572,0.053332,0.000000,1,0.015207,10.566809,16.164536,59.344969,-2.908251,61.133303,0.007492
8.333333,1.433333,1,-0.885053,1.484472,0.376995,-0.211463,-0.265971,0.128713,-0.931652,0.347922,-0.070088,0.085631,-0.141821,0.308181,0.776863,0.530467,-0.396984,-0.911613,0.106609,0.736788,-0.247259,0.629291,0.059544,-0.830720,1.359184,0.101525,0.105589,-0.090414,0.274242,-0.335543,0.099937,0.926858,-0.135493,0.275982,0.056549,0.000000,1,0.015577,10.583112,16.500031,59.290020,-2.914091,60.988458,0.007118
8.366667,1.466667,1,-0.884735,1.484873,0.374975,-0.214117,-0.266075,0.127851,-0.931135,0.347403,-0.070072,0.083614,-0.140729,0.310601,0.776785,0.529459,-0.399737,-0.909973,0.110268,0.735131,-0.246400,0.631561,0.062493,-0.830720,1.359184,0.101525,0.105615,-0.090804,0.272196,-0.336419,0.102480,0.926173,-0.136100,0.298302,0.061470,0.000000,1,0.015780,10.596123,16.833831,59.260120,-2.918465,60.857907,0.006762
8.400000,1.500000,1,-0.884405,1.485336,0.372853,-0.217537,-0.266819,0.126559,-0.930305,0.346827,-0.070083,0.081494,-0.139871,0.313991,0.776621,0.527926,-0.403460,-0.907833,0.114274,0.732160,-0.245408,0.635387,0.065915,-0.830720,1.359184,0.101525,0.105668,-0.091245,0.270044,-0.338133,0.105586,0.925068,-0.136993,0.317013,0.130610,0.000000,1,0.017042,10.614842,17.184020,59.230630,-2.924258,60.722732,0.006424
8.433333,1.533333,1,-0.884225,1.485798,0.370664,-0.220533,-0.267522,0.125479,-0.929544,0.346342,-0.070214,0.079306,-0.139165,0.316983,0.776423,0.526614,-0.406622,-0.905976,0.117753,0.729524,-0.244399,0.638799,0.067331,-0.830720,1.359184,0.101525,0.105848,-0.091598,0.267835,-0.339680,0.108292,0.924080,-0.137716,0.311814,0.115131,0.000000,1,0.018884,10.648900,17.557291,59.175176,-2.934485,60.566905,0.006103
8.466667,1.566667,1,-0.884298,1.486262,0.368513,-0.222957,-0.267308,0.125094,-0.929079,0.346007,-0.070547,0.077156,-0.137892,0.319057,0.776178,0.526057,-0.408499,-0.904619,0.121626,0.728637,-0.242933,0.640368,0.066055,-0.830720,1.359184,0.101525,0.106238,-0.091815,0.265679,-0.340176,0.110694,0.923587,-0.137894,0.299586,0.055674,0.000000,1,0.020348,10.708945,17.939923,59.087119,-2.952117,60.391590,0.005797
8.500000,1.600000,1,-0.884531,1.486718,0.366502,-0.226400,-0.267300,0.124718,-0.928299,0.345776,-0.071004,0.075145,-0.136351,0.322133,0.775648,0.525365,-0.410799,-0.902843,0.126955,0.727151,-0.240443,0.642992,0.062254,-0.830720,1.359184,0.101525,0.106752,-0.091945,0.263673,-0.341156,0.114016,0.922813,-0.137944,0.283468,0.063365,0.000000,1,0.020495,10.784711,18.307268,58.983691,-2.974023,60.213901,0.005508
8.533333,1.633333,1,-0.884869,1.487147,0.364657,-0.230970,-0.267689,0.123918,-0.927168,0.345631,-0.071528,0.073300,-0.134662,0.326395,0.774993,0.524136,-0.414295,-0.900309,0.133427,0.724497,-0.237496,0.647070,0.057712,-0.830720,1.359184,0.101525,0.107332,-0.092005,0.261839,-0.342844,0.118321,0.921598,-0.138259,0.288935,0.078752,0.000000,1,0.020189,10.868119,18.651706,58.872096,-2.997837,60.040027,0.005232
8.566667,1.666667,1,-0.885274,1.487546,0.363084,-0.234575,-0.267794,0.123603,-0.926274,0.345550,-0.072090,0.071725,-0.133149,0.329668,0.774334,0.523448,-0.416547,-0.898437,0.138923,0.722857,-0.234643,0.649939,0.050206,-0.830720,1.359184,0.101525,0.107944,-0.092018,0.260282,-0.343975,0.121767,0.920734,-0.138210,0.225041,0.040021,0.000000,1,0.018931,10.955156,18.951251,58.764036,-3.022328,59.883154,0.004971
8.600000,1.700000,1,-0.885646,1.487839,0.361901,-0.235893,-0.267569,0.124027,-0.925948,0.345536,-0.072562,0.070542,-0.132361,0.330747,0.773852,0.523679,-0.416481,-0.898056,0.141556,0.722945,-0.232732,0.650528,0.038214,-0.830720,1.359184,0.101525,0.108455,-0.091986,0.259115,-0.344124,0.123090,0.920582,-0.137683,0.200140,0.023898,0.000000,1,0.016559,11.026740,19.180956,58.672446,-3.042184,59.757795,0.004722
8.633333,1.733333,1,-0.885943,1.487977,0.360976,-0.235274,-0.266923,0.124862,-0.926179,0.345601,-0.072880,0.069616,-0.132058,0.329907,0.773686,0.524531,-0.414856,-0.898778,0.141750,0.724511,-0.232057,0.649025,0.029441,-0.830720,1.359184,0.101525,0.108809,-0.091881,0.258206,-0.343312,0.122659,0.921047,-0.136982,0.141840,0.016708,0.000000,1,0.015099,11.073246,19.365480,58.589532,-3.054896,59.651634,0.004486
8.666667,1.766667,1,-0.886103,1.488101,0.360026,-0.235257,-0.266455,0.125379,-0.926248,0.345594,-0.073080,0.068666,-0.131647,0.329684,0.773516,0.525025,-0.414036,-0.899033,0.142523,0.725426,-0.231315,0.648268,0.029137,-0.830720,1.359184,0.101525,0.109042,-0.091839,0.257264,-0.342850,0.122765,0.921274,-0.136519,0.132472,0.034291,0.000000,1,0.014884,11.104287,19.547152,58.521005,-3.062937,59.554173,0.004262
8.700000,1.800000,1,-0.886136,1.488221,0.359018,-0.236575,-0.266978,0.125252,-0.925779,0.345515,-0.073177,0.067658,-0.131528,0.331097,0.773154,0.524698,-0.414784,-0.898442,0.144070,0.724248,-0.230133,0.650002,0.030459,-0.830720,1.359184,0.101525,0.109170,-0.091861,0.256257,-0.343724,0.123888,0.920806,-0.136460,0.138120,0.056294,0.000000,1,0.014887,11.122111,19.732677,58.463924,-3.067026,59.461717,0.004049
8.733333,1.833333,1,-0.886124,1.488325,0.357987,-0.237650,-0.267649,0.125003,-0.925344,0.345422,-0.073229,0.066627,-0.131650,0.332358,0.772876,0.524279,-0.415599,-0.897916,0.144998,0.722896,-0.229339,0.651786,0.031111,-0.830720,1.359184,0.101525,0.109252,-0.091892,0.255224,-0.344672,0.124738,0.920327,-0.136529,0.174909,0.043602,0.000000,1,0.015084,11.133758,19.921125,58.408651,-3.069280,59.369524,0.003846
8.766667,1.866667,1,-0.886108,1.488463,0.356944,-0.237908,-0.267126,0.124986,-0.925431,0.345298,-0.073297,0.065584,-0.131066,0.332355,0.772961,0.524302,-0.415857,-0.897652,0.145891,0.723409,-0.229294,0.651232,0.031548,-0.830720,1.359184,0.101525,0.109350,-0.091953,0.254179,-0.344249,0.125135,0.920424,-0.136577,0.205931,0.054898,0.000000,1,0.015359,11.148631,20.109871,58.356474,-3.072260,59.279212,0.003654
8.800000,1.900000,1,-0.886103,1.488576,0.355978,-0.238265,-0.266260,0.124952,-0.925593,0.345202,-0.073359,0.064618,-0.130132,0.332288,0.773119,0.524344,-0.416258,-0.897244,0.147251,0.724278,-0.229296,0.650265,0.029198,-0.830720,1.359184,0.101525,0.109441,-0.091992,0.253210,-0.343530,0.125724,0.920599,-0.136668,0.246994,0.067366,0.000000,1,0.015231,11.161934,20.286508,58.304460,-3.074762,59.193098,0.003471
8.833333,1.933333,1,-0.886204,1.488588,0.355112,-0.239453,-0.265895,0.124838,-0.925407,0.345249,-0.073446,0.063752,-0.129276,0.333189,0.773003,0.524156,-0.417096,-0.896495,0.149425,0.724202,-0.228491,0.650633,0.026134,-0.830720,1.359184,0.101525,0.109561,-0.091895,0.252353,-0.343523,0.126974,0.920425,-0.136702,0.247091,0.077914,0.000000,1,0.015468,11.174654,20.454971,58.234197,-3.077299,59.100182,0.003298
8.866667,1.966667,1,-0.886573,1.488562,0.354337,-0.240791,-0.264919,0.125512,-0.925248,0.345489,-0.073724,0.062975,-0.127805,0.333952,0.772558,0.524687,-0.416740,-0.896063,0.152967,0.725341,-0.226361,0.650109,0.025779,-0.830720,1.359184,0.101525,0.109879,-0.091623,0.251602,-0.342957,0.128524,0.920525,-0.136002,0.271249,0.091664,0.000000,1,0.016540,11.210090,20.623655,58.130981,-3.086282,58.990297,0.003133
8.900000,2.000000,1,-0.887233,1.488541,0.353695,-0.241393,-0.263016,0.127083,-0.925420,0.345901,-0.074237,0.062331,-0.125833,0.333644,0.772007,0.526168,-0.414627,-0.896378,0.156817,0.728444,-0.223658,0.647570,0.027621,-0.830720,1.359184,0.101525,0.110436,-0.091202,0.251003,-0.341278,0.129608,0.921205,-0.134579,0.290623,0.085418,0.000000,1,0.017479,11.275398,20.783492,57.999613,-3.103444,58.868955,0.002976
8.933333,2.033333,1,-0.888028,1.488473,0.353189,-0.242037,-0.261057,0.128705,-0.925582,0.346432,-0.074829,0.061823,-0.123792,0.333350,0.771425,0.527691,-0.412436,-0.896679,0.160819,0.731615,-0.220840,0.644957,0.028341,-0.830720,1.359184,0.101525,0.111075,-0.090675,0.250549,-0.339557,0.130749,0.921894,-0.133105,0.301037,0.090353,0.000000,1,0.017818,11.348872,20.927845,57.854466,-3.122607,58.745607,0.002827
8.966667,2.066667,1,-0.888840,1.488343,0.352748,-0.243211,-0.259306,0.130167,-0.925562,0.347022,-0.075399,0.061379,-0.121701,0.333622,0.770751,0.528988,-0.410722,-0.896640,0.165361,0.734231,-0.217737,0.643036,0.027975,-0.830720,1.359184,0.101525,0.111692,-0.090093,0.250162,-0.338188,0.132343,0.922370,-0.131714,0.289410,0.095781,0.000000,1,0.018033,11.417056,21.063960,57.704550,-3.139952,58.622565,0.002686
9.000000,2.100000,1,-0.889645,1.488197,0.352348,-0.243989,-0.257505,0.131792,-0.925630,0.347623,-0.075953,0.060975,-0.119742,0.333518,0.770084,0.530470,-0.408526,-0.896885,0.169419,0.737141,-0.214735,0.640713,0.027336,-0.830720,1.359184,0.101525,0.112293,-0.089501,0.249816,-0.336654,0.133568,0.922968,-0.130204,0.300740,0.108141,0.000000,1,0.018177,11.482499,21.193116,57.555963,-3.156074,58.502661,0.002552
9.033333,2.133333,1,-0.890285,1.488045,0.351952,-0.244460,-0.256049,0.133055,-0.925729,0.348128,-0.076372,0.060576,-0.118230,0.333292,0.769605,0.531644,-0.406752,-0.897123,0.172406,0.739503,-0.212541,0.638719,0.023043,-0.830720,1.359184,0.101525,0.112754,-0.088997,0.249464,-0.335371,0.134407,0.923476,-0.129046,0.300496,0.110852,0.000000,1,0.017659,11.530816,21.312383,57.428143,-3.166907,58.396898,0.002424
9.066667,2.166667,1,-0.890683,1.487891,0.351507,-0.245084,-0.255036,0.133722,-0.925748,0.348488,-0.076596,0.060130,-0.117044,0.333401,0.769322,0.532248,-0.406026,-0.896985,0.174814,0.740895,-0.211113,0.637578,0.018474,-0.830720,1.359184,0.101525,0.113013,-0.088623,0.249050,-0.334568,0.135281,0.923727,-0.128423,0.312247,0.094835,0.000000,1,0.016981,11.554605,21.426844,57.328042,-3.170511,58.307244,0.002303
9.100000,2.200000,1,-0.890920,1.487718,0.350972,-0.245668,-0.254789,0.133839,-0.925644,0.348768,-0.076681,0.059594,-0.116563,0.333813,0.769177,0.532305,-0.406129,-0.896694,0.176066,0.741054,-0.210441,0.637616,0.018310,-0.830720,1.359184,0.101525,0.113133,-0.088316,0.248536,-0.334495,0.135910,0.923682,-0.128273,0.331888,0.087952,0.000000,1,0.016964,11.560450,21.549866,57.240237,-3.168972,58.221429,0.002188
9.133333,2.233333,1,-0.891106,1.487504,0.350378,-0.246023,-0.255026,0.133753,-0.925497,0.349049,-0.076699,0.058999,-0.116617,0.334237,0.769084,0.532162,-0.406408,-0.896510,0.176360,0.740600,-0.210179,0.638230,0.019745,-0.830720,1.359184,0.101525,0.113187,-0.088000,0.247961,-0.334823,0.136187,0.923518,-0.128297,0.326422,0.098982,0.000000,1,0.017387,11.556494,21.682977,57.150315,-3.164723,58.131442,0.002078
9.166667,2.266667,1,-0.891248,1.487211,0.349739,-0.246280,-0.255069,0.133828,-0.925406,0.349365,-0.076636,0.058359,-0.116540,0.334485,0.768969,0.532188,-0.406388,-0.896435,0.176786,0.740511,-0.209791,0.638460,0.021506,-0.830720,1.359184,0.101525,0.113164,-0.087640,0.247342,-0.334934,0.136420,0.923458,-0.128192,0.332123,0.085282,0.000000,1,0.017912,11.539553,21.825860,57.053999,-3.156997,58.035091,0.001974
9.200000,2.300000,1,-0.891358,1.486829,0.349035,-0.246644,-0.254963,0.134158,-0.925290,0.349734,-0.076492,0.057653,-0.116283,0.334764,0.768719,0.532431,-0.405991,-0.896434,0.177700,0.740724,-0.208900,0.638505,0.024282,-0.830720,1.359184,0.101525,0.113066,-0.087220,0.246657,-0.334928,0.136794,0.923455,-0.127837,0.343983,0.102454,0.000000,1,0.018742,11.509444,21.983676,56.946806,-3.145789,57.928426,0.001876
9.233333,2.333333,1,-0.891536,1.486377,0.348316,-0.246730,-0.254651,0.134537,-0.925298,0.350200,-0.076361,0.056933,-0.115965,0.334703,0.768556,0.532774,-0.405408,-0.896561,0.178391,0.741305,-0.208251,0.638043,0.026014,-0.830720,1.359184,0.101525,0.112987,-0.086703,0.245965,-0.334646,0.136958,0.923582,-0.127481,0.353459,0.105768,0.000000,1,0.019769,11.478493,22.151431,56.821720,-3.134429,57.809446,0.001782
9.266667,2.366667,1,-0.891832,1.485922,0.347603,-0.246864,-0.253908,0.134748,-0.925436,0.350739,-0.076323,0.056219,-0.115241,0.334492,0.768583,0.533024,-0.405211,-0.896440,0.179440,0.742252,-0.208001,0.637022,0.026878,-0.830720,1.359184,0.101525,0.113004,-0.086119,0.245286,-0.333973,0.137293,0.923796,-0.127334,0.365614,0.110159,0.000000,1,0.020750,11.459025,22.325159,56.680916,-3.126066,57.680702,0.001693
9.300000,2.400000,1,-0.892115,1.485482,0.346864,-0.247824,-0.253306,0.134823,-0.925333,0.351258,-0.076282,0.055477,-0.114274,0.335083,0.768457,0.533043,-0.405612,-0.895824,0.181597,0.742659,-0.207169,0.636820,0.027184,-0.830720,1.359184,0.101525,0.113019,-0.085553,0.244579,-0.333671,0.138386,0.923757,-0.127223,0.381031,0.098021,0.000000,1,0.021204,11.439979,22.502600,56.541099,-3.117528,57.551630,0.001608
9.333333,2.433333,1,-0.892303,1.485044,0.346062,-0.248874,-0.253437,0.134735,-0.925028,0.351718,-0.076168,0.054674,-0.113923,0.336081,0.768224,0.532826,-0.406235,-0.895234,0.183109,0.742085,-0.206292,0.637773,0.027981,-0.830720,1.359184,0.101525,0.112959,-0.085037,0.243804,-0.334095,0.139362,0.923462,-0.127190,0.370634,0.099400,0.000000,1,0.021518,11.412024,22.686178,56.408921,-3.106314,57.424910,0.001528
9.366667,2.466667,1,-0.892491,1.484580,0.345119,-0.249449,-0.253517,0.134389,-0.924902,0.352198,-0.076037,0.053729,-0.113738,0.336630,0.768265,0.532459,-0.407103,-0.894714,0.183721,0.741564,-0.206336,0.638364,0.032029,-0.830720,1.359184,0.101525,0.112888,-0.084492,0.242889,-0.334343,0.139900,0.923252,-0.127469,0.375315,0.090650,0.000000,1,0.023075,11.381311,22.897486,56.263382,-3.094302,57.282943,0.001451
9.400000,2.500000,1,-0.892802,1.484093,0.344034,-0.250528,-0.253445,0.134032,-0.924682,0.352770,-0.075990,0.052643,-0.113193,0.337562,0.768227,0.532039,-0.408243,-0.893874,0.185277,0.741035,-0.205971,0.639096,0.036862,-0.830720,1.359184,0.101525,0.112912,-0.083851,0.241841,-0.334590,0.140966,0.922966,-0.127721,0.391297,0.106218,0.000000,1,0.025442,11.360470,23.143622,56.088217,-3.084929,57.115207,0.001379
9.433333,2.533333,1,-0.893186,1.483576,0.342862,-0.252638,-0.253715,0.133609,-0.924095,0.353411,-0.075984,0.051468,-0.112495,0.339571,0.767891,0.531394,-0.409931,-0.892505,0.188125,0.739705,-0.204623,0.641066,0.040151,-0.830720,1.359184,0.101525,0.112983,-0.083138,0.240710,-0.335456,0.142931,0.922324,-0.127898,0.406101,0.124715,0.000000,1,0.027299,11.343793,23.412319,55.892577,-3.076532,56.930334,0.001310
9.466667,2.566667,1,-0.893575,1.482978,0.341539,-0.255332,-0.253765,0.132570,-0.923490,0.354117,-0.075932,0.050143,-0.111339,0.342002,0.767813,0.530190,-0.413006,-0.890329,0.191678,0.738017,-0.203867,0.643249,0.045074,-0.830720,1.359184,0.101525,0.113018,-0.082347,0.239433,-0.336295,0.145533,0.921507,-0.128648,0.436601,0.103367,0.000000,1,0.029608,11.318951,23.713393,55.675361,-3.065881,56.724756,0.001244
9.500000,2.600000,1,-0.893973,1.482390,0.340229,-0.256585,-0.253602,0.132532,-0.923193,0.354822,-0.075893,0.048830,-0.110634,0.343051,0.767564,0.530020,-0.413677,-0.889555,0.193810,0.737743,-0.202789,0.643904,0.044720,-0.830720,1.359184,0.101525,0.113065,-0.081560,0.238168,-0.336496,0.146787,0.921246,-0.128571,0.443443,0.092032,0.000000,1,0.030272,11.296207,24.012590,55.457534,-3.055376,56.520094,0.001182
9.533333,2.633333,1,-0.894371,1.481753,0.339033,-0.257099,-0.254317,0.133665,-0.922690,0.355566,-0.075826,0.047632,-0.111045,0.343832,0.766610,0.530809,-0.411822,-0.890208,0.194761,0.737485,-0.200044,0.645057,0.042346,-0.830720,1.359184,0.101525,0.113081,-0.080740,0.237019,-0.337289,0.147055,0.921088,-0.127313,0.458997,0.081945,0.000000,1,0.030266,11.268236,24.292556,55.241971,-3.043186,56.322950,0.001123
9.566667,2.666667,1,-0.894744,1.480959,0.337847,-0.257569,-0.255249,0.134927,-0.922117,0.356419,-0.075644,0.046443,-0.111671,0.344671,0.765536,0.531682,-0.409689,-0.891023,0.195534,0.737063,-0.197033,0.646464,0.044249,-0.830720,1.359184,0.101525,0.112990,-0.079804,0.235883,-0.338273,0.147217,0.920894,-0.125906,0.498648,0.082998,0.000000,1,0.031559,11.220692,24.576876,55.012019,-3.025883,56.117266,0.001067
9.600000,2.700000,1,-0.895014,1.480082,0.336726,-0.258299,-0.255559,0.135661,-0.921720,0.357279,-0.075330,0.045320,-0.111623,0.345464,0.764853,0.532160,-0.408692,-0.891172,0.196933,0.736925,-0.194921,0.647262,0.043469,-0.830720,1.359184,0.101525,0.112764,-0.078858,0.234809,-0.338754,0.147817,0.920736,-0.125063,0.538786,0.075384,0.000000,1,0.031650,11.154080,24.847421,54.789762,-3.003372,55.920121,0.001014
9.633333,2.733333,1,-0.895176,1.479160,0.335747,-0.259532,-0.255904,0.135680,-0.921275,0.358109,-0.074903,0.044339,-0.111382,0.346722,0.764448,0.531975,-0.409192,-0.890572,0.198603,0.736097,-0.193572,0.648607,0.040631,-0.830720,1.359184,0.101525,0.112419,-0.077945,0.233870,-0.339429,0.148906,0.920337,-0.124878,0.501111,0.069504,0.000000,1,0.030826,11.072037,25.087418,54.586725,-2.976552,55.742517,0.000963
9.666667,2.766667,1,-0.895340,1.478164,0.334939,-0.260467,-0.256266,0.135594,-0.920923,0.359000,-0.074433,0.043528,-0.111291,0.347719,0.764172,0.531740,-0.409734,-0.890077,0.199702,0.735285,-0.192687,0.649790,0.038794,-0.830720,1.359184,0.101525,0.112028,-0.076979,0.233105,-0.340041,0.149705,0.919989,-0.124826,0.448706,0.073813,0.000000,1,0.030537,10.982283,25.299042,54.387617,-2.947639,55.575666,0.000915
9.700000,2.800000,1,-0.895616,1.477096,0.334262,-0.260787,-0.256222,0.136110,-0.920768,0.360017,-0.074010,0.042849,-0.111109,0.347988,0.763803,0.532132,-0.408981,-0.890217,0.200621,0.735559,-0.191480,0.649837,0.038831,-0.830720,1.359184,0.101525,0.111687,-0.075898,0.232480,-0.340075,0.150016,0.919999,-0.124281,0.415279,0.076926,0.000000,1,0.031215,10.896114,25.496031,54.175409,-2.919639,55.406570,0.000869
9.733333,2.833333,1,-0.895968,1.476045,0.333687,-0.261308,-0.256233,0.137057,-0.920477,0.361067,-0.073657,0.042270,-0.110887,0.348461,0.763120,0.532849,-0.407553,-0.890534,0.202114,0.735975,-0.189295,0.650006,0.037473,-0.830720,1.359184,0.101525,0.111414,-0.074796,0.231959,-0.340207,0.150494,0.920007,-0.123278,0.379092,0.084162,0.000000,1,0.031396,10.819573,25.677820,53.962587,-2.893849,55.242037,0.000826
9.766667,2.866667,1,-0.896236,1.475009,0.333085,-0.262512,-0.256651,0.137461,-0.919958,0.362053,-0.073246,0.041665,-0.110725,0.349726,0.762476,0.532976,-0.407354,-0.890208,0.203941,0.735315,-0.187258,0.651342,0.036833,-0.830720,1.359184,0.101525,0.111081,-0.073751,0.231407,-0.340934,0.151527,0.919645,-0.122702,0.362570,0.070200,0.000000,1,0.031562,10.736800,25.859265,53.759829,-2.866216,55.083195,0.000784
9.800000,2.900000,1,-0.896363,1.473956,0.332394,-0.263995,-0.257478,0.137349,-0.919318,0.362968,-0.072712,0.040972,-0.110804,0.351422,0.761955,0.532588,-0.408145,-0.889494,0.205470,0.733738,-0.185706,0.653561,0.037960,-0.830720,1.359184,0.101525,0.110624,-0.072765,0.230759,-0.342142,0.152724,0.919017,-0.122567,0.363496,0.074458,0.000000,1,0.032079,10.638769,26.050165,53.565892,-2.834599,54.926446,0.000745
9.833333,2.933333,1,-0.896465,1.472861,0.331620,-0.265098,-0.258148,0.137563,-0.918781,0.363901,-0.072133,0.040195,-0.110913,0.352708,0.761380,0.532537,-0.408205,-0.889166,0.206765,0.732686,-0.184004,0.655220,0.040362,-0.830720,1.359184,0.101525,0.110126,-0.071753,0.230026,-0.343084,0.153591,0.918574,-0.122164,0.327655,0.078929,0.000000,1,0.033448,10.534123,26.257748,53.363038,-2.801364,54.760430,0.000708
9.866667,2.966667,1,-0.896619,1.471717,0.330689,-0.265954,-0.258087,0.138076,-0.918474,0.364904,-0.071567,0.039262,-0.110476,0.353448,0.760876,0.532858,-0.407715,-0.888973,0.208557,0.732782,-0.182275,0.655596,0.044463,-0.830720,1.359184,0.101525,0.109650,-0.070662,0.229142,-0.343254,0.154423,0.918451,-0.121565,0.314006,0.065031,0.000000,1,0.035963,10.430082,26.500156,53.134606,-2.768408,54.571277,0.000672
9.900000,3.000000,1,-0.896814,1.470550,0.329580,-0.266759,-0.257910,0.138503,-0.918226,0.365949,-0.071018,0.038150,-0.109960,0.354090,0.760463,0.533127,-0.407368,-0.888719,0.210310,0.732976,-0.180791,0.655790,0.048655,-0.830720,1.359184,0.101525,0.109200,-0.069518,0.228084,-0.343302,0.155240,0.918361,-0.121069,0.315530,0.074276,0.000000,1,0.038606,10.328042,26.779929,52.882757,-2.735982,54.359590,0.000639
9.933333,3.033333,1,-0.896981,1.469345,0.328454,-0.267939,-0.259002,0.138497,-0.917576,0.367008,-0.070424,0.037021,-0.110412,0.355633,0.759886,0.532830,-0.407803,-0.888312,0.211183,0.731248,-0.179235,0.658143,0.049732,-0.830720,1.359184,0.101525,0.108706,-0.068358,0.227008,-0.344673,0.156067,0.917738,-0.120831,0.310516,0.073755,0.000000,1,0.039704,10.219702,27.063748,52.627254,-2.701919,54.145392,0.000607
9.966667,3.066667,1,-0.897117,1.468078,0.327411,-0.269274,-0.260127,0.138289,-0.916898,0.368098,-0.069769,0.035976,-0.110825,0.357329,0.759375,0.532338,-0.408668,-0.887690,0.212125,0.729286,-0.177864,0.660686,0.049400,-0.830720,1.359184,0.101525,0.108150,-0.067168,0.226015,-0.346124,0.157038,0.917034,-0.120775,0.342622,0.062908,0.000000,1,0.040100,10.102237,27.333764,52.373855,-2.665554,53.936765,0.000576
10.000000,3.100000,1,-0.897307,1.466749,0.326393,-0.270000,-0.259859,0.138517,-0.916726,0.369270,-0.069119,0.034954,-0.110261,0.357860,0.759118,0.532464,-0.408649,-0.887323,0.213693,0.729491,-0.176836,0.660736,0.050549,-0.830720,1.359184,0.101525,0.107603,-0.065898,0.225052,-0.346069,0.157809,0.916959,-0.120494,0.347569,0.056612,0.000000,1,0.041475,9.984092,27.605757,52.107190,-2.629054,53.721156,0.000548
10.033333,3.133333,1,-0.897599,1.465389,0.325435,-0.271085,-0.259885,0.138945,-0.916334,0.370529,-0.068532,0.033994,-0.109800,0.358843,0.758577,0.532670,-0.408414,-0.886944,0.215705,0.729339,-0.174990,0.661395,0.050662,-0.830720,1.359184,0.101525,0.107122,-0.064549,0.224157,-0.346388,0.158838,0.916733,-0.119945,0.347139,0.043063,0.000000,1,0.042668,9.873381,27.874312,51.827262,-2.594318,53.500191,0.000520
10.066667,3.166667,1,-0.897981,1.464020,0.324582,-0.272362,-0.260672,0.139229,-0.915688,0.371849,-0.068011,0.033136,-0.109936,0.360338,0.757874,0.532633,-0.408432,-0.886566,0.217220,0.728109,-0.172917,0.663293,0.049738,-0.830720,1.359184,0.101525,0.106707,-0.063150,0.223371,-0.347488,0.159840,0.916209,-0.119436,0.371449,0.032131,0.000000,1,0.043320,9.771143,28.129710,51.541969,-2.561492,53.280774,0.000494
10.100000,3.200000,1,-0.898419,1.462678,0.323798,-0.273311,-0.261268,0.139551,-0.915186,0.373181,-0.067553,0.032349,-0.110048,0.361453,0.757282,0.532696,-0.408249,-0.886356,0.218415,0.727248,-0.171173,0.664688,0.048436,-0.830720,1.359184,0.101525,0.106351,-0.061746,0.222657,-0.348313,0.160578,0.915830,-0.118945,0.376260,0.037247,0.000000,1,0.043784,9.677915,28.374392,51.257233,-2.530617,53.065320,0.000470
10.133333,3.233333,1,-0.898873,1.461347,0.323035,-0.273970,-0.261311,0.140151,-0.914885,0.374515,-0.067112,0.031581,-0.109792,0.362064,0.756745,0.533098,-0.407505,-0.886341,0.219861,0.727334,-0.169434,0.665039,0.048013,-0.830720,1.359184,0.101525,0.106013,-0.060343,0.221964,-0.348524,0.161189,0.915731,-0.118266,0.394808,0.056477,0.000000,1,0.044512,9.587787,28.616153,50.972453,-2.500325,52.851249,0.000446
10.166667,3.266667,1,-0.899294,1.460001,0.322208,-0.274048,-0.261245,0.140895,-0.914766,0.375840,-0.066637,0.030751,-0.109699,0.362106,0.756307,0.533710,-0.406241,-0.886741,0.220587,0.727851,-0.168067,0.664820,0.049034,-0.830720,1.359184,0.101525,0.105643,-0.058943,0.221207,-0.348463,0.161267,0.915836,-0.117520,0.388660,0.061451,0.000000,1,0.045810,9.493600,28.869007,50.683853,-2.469008,52.632629,0.000424
10.200000,3.300000,1,-0.899692,1.458728,0.321350,-0.274433,-0.261519,0.141413,-0.914493,0.377093,-0.066187,0.029889,-0.109772,0.362574,0.755831,0.534051,-0.405480,-0.886905,0.221326,0.727703,-0.166661,0.665337,0.047581,-0.830720,1.359184,0.101525,0.105295,-0.057614,0.220415,-0.348817,0.161550,0.915727,-0.116929,0.393538,0.093907,0.000000,1,0.046284,9.405163,29.123161,50.403098,-2.438817,52.418463,0.000403
10.233333,3.333333,1,-0.900131,1.457499,0.320459,-0.275673,-0.261768,0.141961,-0.913964,0.378335,-0.065797,0.028994,-0.109443,0.363795,0.755114,0.534302,-0.405087,-0.886547,0.223469,0.727288,-0.164349,0.666365,0.047395,-0.830720,1.359184,0.101525,0.105006,-0.056298,0.219590,-0.349389,0.162662,0.915403,-0.116216,0.369947,0.112213,0.000000,1,0.047385,9.325836,29.383848,50.118616,-2.410635,52.201214,0.000382
10.266667,3.366667,1,-0.900615,1.456298,0.319554,-0.277727,-0.262116,0.142585,-0.913144,0.379583,-0.065459,0.028085,-0.108840,0.365790,0.754102,0.534491,-0.404946,-0.885748,0.226870,0.726497,-0.161033,0.668035,0.047400,-0.830720,1.359184,0.101525,0.104771,-0.054978,0.218754,-0.350283,0.164530,0.914840,-0.115322,0.372807,0.121574,0.000000,1,0.048520,9.254137,29.648735,49.829268,-2.384133,51.980926,0.000363
10.300000,3.400000,1,-0.901061,1.455144,0.318634,-0.279617,-0.262437,0.143218,-0.912376,0.380770,-0.065119,0.027162,-0.108285,0.367626,0.753133,0.534711,-0.404716,-0.885035,0.230041,0.725800,-0.157869,0.669546,0.046259,-0.830720,1.359184,0.101525,0.104531,-0.053717,0.217899,-0.351104,0.166248,0.914326,-0.114440,0.385230,0.145890,0.000000,1,0.048998,9.183844,29.912131,49.548146,-2.357806,51.766038,0.000345
10.333333,3.433333,1,-0.901414,1.453956,0.317686,-0.280241,-0.263234,0.143732,-0.911874,0.381927,-0.064685,0.026211,-0.108722,0.368541,0.752456,0.534946,-0.404026,-0.885183,0.230682,0.724909,-0.156021,0.670942,0.046795,-0.830720,1.359184,0.101525,0.104196,-0.052479,0.217012,-0.352023,0.166612,0.913990,-0.113769,0.370258,0.172775,0.000000,1,0.049819,9.101500,30.177393,49.271609,-2.328751,51.553570,0.000328
10.366667,3.466667,1,-0.901704,1.452773,0.316811,-0.280876,-0.264354,0.143964,-0.911318,0.383044,-0.064203,0.025332,-0.109441,0.369610,0.751857,0.534904,-0.403801,-0.885243,0.230843,0.723442,-0.154533,0.672868,0.044997,-0.830720,1.359184,0.101525,0.103808,-0.051283,0.216193,-0.353258,0.166903,0.913512,-0.113344,0.362944,0.193085,0.000000,1,0.049674,9.013676,30.425611,49.008932,-2.298413,51.353537,0.000312
10.400000,3.500000,1,-0.901942,1.451639,0.316012,-0.281607,-0.265451,0.144233,-0.910730,0.384090,-0.063709,0.024530,-0.110098,0.370754,0.751213,0.534882,-0.403560,-0.885259,0.231205,0.721982,-0.152886,0.674809,0.042229,-0.830720,1.359184,0.101525,0.103402,-0.050162,0.215445,-0.354499,0.167291,0.913019,-0.112872,0.345295,0.227665,0.000000,1,0.049177,8.926059,30.654273,48.764678,-2.268048,51.168980,0.000296
10.433333,3.533333,1,-0.902229,1.450529,0.315177,-0.282728,-0.266126,0.144755,-0.910103,0.385146,-0.063268,0.023693,-0.110203,0.372060,0.750420,0.535067,-0.403118,-0.885054,0.232756,0.721045,-0.150551,0.676334,0.042550,-0.830720,1.359184,0.101525,0.103051,-0.049031,0.214664,-0.355442,0.168170,0.912580,-0.112147,0.329870,0.276293,0.000000,1,0.050411,8.845958,30.891230,48.513321,-2.239457,50.978943,0.000281
10.466667,3.566667,1,-0.902654,1.449453,0.314323,-0.284712,-0.266885,0.145443,-0.909152,0.386258,-0.062959,0.022835,-0.109999,0.374175,0.749264,0.535254,-0.402807,-0.884411,0.235720,0.719775,-0.146992,0.678467,0.043144,-0.830720,1.359184,0.101525,0.102835,-0.047851,0.213871,-0.356704,0.169853,0.911898,-0.111147,0.306011,0.242319,0.000000,1,0.052081,8.783215,31.138499,48.245493,-2.214806,50.778058,0.000267
10.500000,3.600000,1,-0.903090,1.448422,0.313544,-0.286180,-0.268235,0.145985,-0.908206,0.387341,-0.062685,0.022052,-0.110554,0.376093,0.748179,0.535314,-0.402434,-0.884178,0.237226,0.717863,-0.143987,0.681132,0.040917,-0.830720,1.359184,0.101525,0.102651,-0.046707,0.213152,-0.358385,0.170875,0.911153,-0.110286,0.306540,0.261358,0.000000,1,0.052073,8.726251,31.370617,47.987281,-2.191380,50.586809,0.000254
10.533333,3.633333,1,-0.903337,1.447396,0.312772,-0.286227,-0.269092,0.146085,-0.907922,0.388306,-0.062263,0.021278,-0.111301,0.376517,0.747881,0.535276,-0.402183,-0.884460,0.236601,0.716832,-0.143429,0.682334,0.039209,-0.830720,1.359184,0.101525,0.102311,-0.045672,0.212430,-0.359208,0.170675,0.910890,-0.110087,0.290170,0.269734,0.000000,1,0.051561,8.651477,31.589893,47.754320,-2.164056,50.412600,0.000241
10.566667,3.666667,1,-0.903364,1.446355,0.312118,-0.285622,-0.269686,0.146184,-0.907921,0.389152,-0.061657,0.020622,-0.112103,0.376241,0.747837,0.535365,-0.401634,-0.885087,0.235183,0.716377,-0.143654,0.682765,0.036902,-0.830720,1.359184,0.101525,0.101777,-0.044753,0.211811,-0.359599,0.169922,0.910888,-0.109993,0.289010,0.311879,0.000000,1,0.050037,8.553927,31.775476,47.557729,-2.131828,50.266616,0.000229
10.600000,3.700000,1,-0.903271,1.445263,0.311697,-0.285491,-0.270860,0.146538,-0.907555,0.389966,-0.060925,0.020199,-0.113212,0.376647,0.747354,0.535520,-0.400803,-0.885728,0.234185,0.715164,-0.142710,0.684233,0.035210,-0.830720,1.359184,0.101525,0.101107,-0.043873,0.211419,-0.360666,0.169456,0.910609,-0.109523,0.293125,0.123240,0.000000,1,0.048332,8.439770,31.913480,47.390764,-2.096178,50.148747,0.000218
10.633333,3.733333,1,-0.903187,1.444156,0.311357,-0.286342,-0.272047,0.146988,-0.906859,0.390799,-0.060191,0.019858,-0.113896,0.377940,0.746532,0.535610,-0.400299,-0.885793,0.234803,0.713609,-0.140565,0.686297,0.034844,-0.830720,1.359184,0.101525,0.100433,-0.042979,0.211109,-0.362020,0.169932,0.910065,-0.108842,0.292624,0.047360,0.000000,1,0.048339,8.325164,32.037889,47.227691,-2.060707,50.036485,0.000207
10.666667,3.766667,1,-0.903200,1.443083,0.310890,-0.287859,-0.272881,0.147221,-0.906090,0.391662,-0.059555,0.019389,-0.113968,0.379670,0.745742,0.535473,-0.400561,-0.885189,0.236626,0.712108,-0.138239,0.688325,0.035116,-0.830720,1.359184,0.101525,0.099862,-0.042053,0.210677,-0.363234,0.171153,0.909412,-0.108339,0.351289,0.056767,0.000000,1,0.050223,8.223737,32.189793,47.044651,-2.028377,49.906637,0.000196
10.700000,3.800000,1,-0.903368,1.441985,0.310187,-0.289672,-0.273829,0.147497,-0.905181,0.392637,-0.059027,0.018684,-0.114008,0.381716,0.744807,0.535310,-0.400891,-0.884443,0.238845,0.710368,-0.135472,0.690670,0.039435,-0.830720,1.359184,0.101525,0.099415,-0.041005,0.210021,-0.364636,0.172627,0.908642,-0.107745,0.389114,0.088691,0.000000,1,0.054043,8.135548,32.396538,46.816481,-1.999288,49.738937,0.000187
10.733333,3.833333,1,-0.903724,1.440861,0.309352,-0.291672,-0.274925,0.147999,-0.904124,0.393747,-0.058633,0.017845,-0.114099,0.383996,0.743640,0.535283,-0.400906,-0.883744,0.241395,0.708489,-0.132038,0.693260,0.043361,-0.830720,1.359184,0.101525,0.099115,-0.039825,0.209243,-0.366227,0.174234,0.907797,-0.106884,0.462697,0.123414,0.000000,1,0.057498,8.063666,32.641593,46.547265,-1.973962,49.540091,0.000177
10.766667,3.866667,1,-0.904282,1.439805,0.308438,-0.294645,-0.275684,0.148457,-0.902853,0.394922,-0.058441,0.016927,-0.113455,0.386996,0.742299,0.535121,-0.401547,-0.882252,0.245745,0.706626,-0.127759,0.695958,0.045102,-0.830720,1.359184,0.101525,0.099021,-0.038584,0.208399,-0.367773,0.176877,0.906766,-0.105985,0.509511,0.067045,0.000000,1,0.060031,8.018435,32.909993,46.252075,-1.954325,49.322230,0.000168
10.800000,3.900000,1,-0.904992,1.438824,0.307525,-0.298395,-0.275888,0.149032,-0.901463,0.396130,-0.058417,0.016010,-0.111967,0.390444,0.740799,0.535008,-0.402460,-0.880100,0.251892,0.705233,-0.122640,0.698288,0.045506,-0.830720,1.359184,0.101525,0.099097,-0.037322,0.207561,-0.369007,0.180423,0.905687,-0.104936,0.561023,0.084190,0.000000,1,0.061621,7.995692,33.184052,45.945138,-1.939347,49.097514,0.000160
10.833333,3.933333,1,-0.905683,1.437834,0.306872,-0.299819,-0.276870,0.150252,-0.900486,0.397334,-0.058372,0.015353,-0.112212,0.392159,0.739383,0.535661,-0.400952,-0.880127,0.254193,0.704106,-0.118557,0.700127,0.041160,-0.830720,1.359184,0.101525,0.099143,-0.036079,0.206983,-0.370307,0.181493,0.905116,-0.103428,0.547877,1.404910,0.000000,1,0.060301,7.970106,33.409977,45.661975,-1.923660,48.898247,0.000152
10.866667,3.966667,1,-0.906273,1.436845,0.306439,-0.299222,-0.278976,0.151613,-0.899807,0.398477,-0.058247,0.014915,-0.114364,0.392568,0.738172,0.536576,-0.398013,-0.881962,0.252444,0.702379,-0.115953,0.702295,0.036920,-0.830720,1.359184,0.101525,0.099097,-0.034905,0.206616,-0.372099,0.180295,0.904795,-0.101894,0.615591,2.115952,0.000000,1,0.058584,7.934744,33.589610,45.411535,-1.905865,48.728394,0.000144
10.900000,4.000000,1,-0.906640,1.435938,0.306035,-0.299241,-0.280642,0.152216,-0.899180,0.399421,-0.057994,0.014508,-0.115848,0.393329,0.737345,0.536837,-0.396771,-0.882801,0.251467,0.700535,-0.114197,0.704422,0.031753,-0.830720,1.359184,0.101525,0.098912,-0.033924,0.206264,-0.373668,0.179830,0.904330,-0.101095,0.668225,2.795220,0.000000,1,0.056839,7.885947,33.745299,45.203316,-1.885228,48.587119,0.000137
10.933333,4.033333,1,-0.906728,1.435065,0.305667,-0.300276,-0.281875,0.152207,-0.898451,0.400170,-0.057538,0.014139,-0.116491,0.394805,0.736699,0.536501,-0.397193,-0.882462,0.251989,0.698497,-0.112591,0.706701,0.028544,-0.830720,1.359184,0.101525,0.098512,-0.033128,0.205930,-0.375129,0.180480,0.903624,-0.100838,0.672285,3.463672,0.000000,1,0.054984,7.813241,33.874808,45.039454,-1.859767,48.475884,0.000130
10.966667,4.066667,1,-0.906703,1.434155,0.305320,-0.301839,-0.283218,0.152269,-0.897493,0.400880,-0.056970,0.013791,-0.116998,0.396804,0.735817,0.536126,-0.397760,-0.881832,0.253297,0.696131,-0.110230,0.709402,0.029231,-0.830720,1.359184,0.101525,0.097997,-0.032365,0.205610,-0.376843,0.181607,0.902730,-0.100431,0.495582,3.967459,0.000000,1,0.054866,7.726239,33.995694,44.887491,-1.831682,48.372987,0.000124
11.000000,4.100000,1,-0.906767,1.433192,0.304978,-0.303107,-0.284687,0.152598,-0.896545,0.401687,-0.056441,0.013447,-0.117748,0.398594,0.734825,0.535995,-0.397690,-0.881592,0.254241,0.693857,-0.107664,0.712018,0.030714,-0.830720,1.359184,0.101525,0.097527,-0.031509,0.205303,-0.378583,0.182408,0.901913,-0.099776,0.370823,4.302923,0.000000,1,0.056314,7.643035,34.124461,44.717179,-1.804741,48.258347,0.000118
11.033333,4.133333,1,-0.906908,1.432197,0.304635,-0.304130,-0.286551,0.152723,-0.895583,0.402565,-0.055954,0.013101,-0.118962,0.400342,0.733911,0.535676,-0.397799,-0.881528,0.254292,0.691026,-0.105555,0.715081,0.031873,-0.830720,1.359184,0.101525,0.097102,-0.030584,0.205000,-0.380637,0.182866,0.901007,-0.099308,0.320889,5.054020,0.000000,1,0.057668,7.564363,34.260681,44.531858,-1.779021,48.133910,0.000112
11.066667,4.166667,1,-0.907091,1.431160,0.304230,-0.304978,-0.287794,0.153159,-0.894821,0.403502,-0.055475,0.012694,-0.119698,0.401656,0.733037,0.535724,-0.397344,-0.881567,0.254868,0.689257,-0.103343,0.717108,0.033844,-0.830720,1.359184,0.101525,0.096691,-0.029597,0.204639,-0.382042,0.183323,0.900395,-0.098619,0.321934,5.820183,0.000000,1,0.059442,7.486163,34.413848,44.329229,-1.753694,47.996128,0.000106
11.100000,4.200000,1,-0.907385,1.430086,0.303768,-0.305908,-0.288252,0.154044,-0.894205,0.404535,-0.055063,0.012228,-0.119693,0.402694,0.732092,0.536239,-0.396242,-0.881552,0.256628,0.688753,-0.100570,0.717987,0.036167,-0.830720,1.359184,0.101525,0.096354,-0.028515,0.204229,-0.382713,0.184073,0.900072,-0.097561,0.327030,6.281542,0.000000,1,0.061720,7.415570,34.587449,44.101026,-1.730162,47.839886,0.000101
11.133333,4.233333,1,-0.907733,1.429055,0.303215,-0.306941,-0.288768,0.155104,-0.893500,0.405566,-0.054719,0.011673,-0.119696,0.403852,0.730989,0.536872,-0.394882,-0.881574,0.258640,0.688216,-0.097345,0.718945,0.036608,-0.830720,1.359184,0.101525,0.096088,-0.027433,0.203731,-0.383465,0.184902,0.899718,-0.096305,0.297935,6.864101,0.000000,1,0.063330,7.354513,34.778948,43.862061,-1.708655,47.673814,0.000096
11.166667,4.266667,1,-0.907993,1.428089,0.302530,-0.307303,-0.289124,0.155807,-0.893138,0.406491,-0.054345,0.010985,-0.119854,0.404336,0.730352,0.537339,-0.393805,-0.881815,0.259460,0.687971,-0.095559,0.719420,0.036366,-0.830720,1.359184,0.101525,0.095791,-0.026446,0.203093,-0.383884,0.185137,0.899575,-0.095510,0.274632,8.039232,0.000000,1,0.064209,7.291453,34.985940,43.629962,-1.686824,47.507877,0.000091
11.200000,4.300000,1,-0.908120,1.427168,0.301723,-0.308064,-0.289670,0.156136,-0.892642,0.407300,-0.053891,0.010176,-0.120004,0.405261,0.729762,0.537410,-0.393580,-0.881629,0.260434,0.687097,-0.093908,0.720471,0.036933,-0.830720,1.359184,0.101525,0.095411,-0.025562,0.202324,-0.384607,0.185710,0.899200,-0.095020,0.248433,9.062813,0.000000,1,0.064902,7.219847,35.204429,43.409103,-1.663419,47.345385,0.000086
11.233333,4.333333,1,-0.908159,1.426304,0.300870,-0.310201,-0.290663,0.156219,-0.891564,0.408011,-0.053400,0.009321,-0.119941,0.407617,0.728762,0.536999,-0.394492,-0.880469,0.262963,0.684910,-0.090961,0.722928,0.036454,-0.830720,1.359184,0.101525,0.094992,-0.024772,0.201502,-0.386148,0.187490,0.898219,-0.094552,0.261520,10.036735,0.000000,1,0.065125,7.145218,35.422615,43.202230,-1.639523,47.190734,0.000082
11.266667,4.366667,1,-0.908198,1.425471,0.300067,-0.312589,-0.291517,0.156147,-0.890463,0.408697,-0.052928,0.008517,-0.119642,0.410135,0.727811,0.536438,-0.395840,-0.878990,0.265870,0.682712,-0.088047,0.725363,0.034735,-0.830720,1.359184,0.101525,0.094587,-0.024011,0.200729,-0.387632,0.189553,0.897181,-0.094223,0.275201,10.775220,0.000000,1,0.065181,7.073552,35.629744,43.003619,-1.616340,47.043500,0.000078
11.300000,4.400000,1,-0.908294,1.424599,0.299294,-0.313835,-0.291984,0.156311,-0.889843,0.409448,-0.052479,0.007741,-0.119505,0.411458,0.727184,0.536306,-0.396189,-0.878329,0.267531,0.681644,-0.086156,0.726594,0.035087,-0.830720,1.359184,0.101525,0.094209,-0.023187,0.199991,-0.388420,0.190621,0.896653,-0.093845,0.360848,11.460538,0.000000,1,0.066358,7.004026,35.837716,42.794409,-1.593812,46.890714,0.000074
11.333333,4.433333,1,-0.908487,1.423631,0.298469,-0.313962,-0.292107,0.156776,-0.889676,0.410334,-0.052048,0.006915,-0.119558,0.411628,0.726827,0.536647,-0.395431,-0.878527,0.268001,0.681672,-0.085144,0.726686,0.038580,-0.830720,1.359184,0.101525,0.093858,-0.022227,0.199210,-0.388559,0.190699,0.896628,-0.093346,0.548649,12.234331,0.000000,1,0.069120,6.935116,36.067670,42.553930,-1.571718,46.716298,0.000070
11.366667,4.466667,1,-0.908757,1.422681,0.297673,-0.314528,-0.292008,0.157513,-0.889378,0.411252,-0.051691,0.006116,-0.119218,0.412092,0.726232,0.537173,-0.394465,-0.878481,0.269570,0.681967,-0.083251,0.726630,0.038045,-0.830720,1.359184,0.101525,0.093581,-0.021241,0.198461,-0.388604,0.191258,0.896573,-0.092543,0.488504,13.049989,0.000000,1,0.070189,6.875665,36.296915,42.307107,-1.551548,46.539159,0.000067
11.400000,4.500000,1,-0.909084,1.421818,0.296988,-0.315726,-0.291198,0.158429,-0.889056,0.412136,-0.051432,0.005428,-0.117960,0.412805,0.725534,0.537846,-0.393613,-0.877840,0.272884,0.683063,-0.080627,0.725896,0.034487,-0.830720,1.359184,0.101525,0.093397,-0.020302,0.197825,-0.388148,0.192624,0.896579,-0.091563,0.383023,13.797095,0.000000,1,0.069749,6.829819,36.504178,42.074118,-1.533960,46.375144,0.000064
11.433333,4.533333,1,-0.909459,1.421008,0.296403,-0.316641,-0.290549,0.159088,-0.888826,0.413007,-0.051242,0.004840,-0.116971,0.413335,0.725031,0.538332,-0.393032,-0.877312,0.275407,0.683919,-0.078706,0.725300,0.032019,-0.830720,1.359184,0.101525,0.093277,-0.019387,0.197289,-0.387771,0.193676,0.896587,-0.090858,0.417717,14.602027,0.000000,1,0.069561,6.793453,36.692776,41.851264,-1.518211,46.221347,0.000060
11.466667,4.566667,1,-0.909755,1.420269,0.295818,-0.317636,-0.290656,0.159351,-0.888388,0.413773,-0.051034,0.004253,-0.116623,0.414274,0.724523,0.538370,-0.393113,-0.876751,0.277073,0.683496,-0.077069,0.725875,0.029634,-0.830720,1.359184,0.101525,0.093132,-0.018575,0.196746,-0.388144,0.194601,0.896266,-0.090453,0.521797,14.989463,0.000000,1,0.069195,6.756342,36.871978,41.648034,-1.502371,46.080446,0.000057
11.500000,4.600000,1,-0.909890,1.419624,0.295173,-0.318981,-0.291087,0.159323,-0.887770,0.414367,-0.050752,0.003606,-0.116410,0.415669,0.723983,0.538067,-0.393865,-0.875879,0.278757,0.682326,-0.075406,0.727148,0.027672,-0.830720,1.359184,0.101525,0.092907,-0.017925,0.196130,-0.388932,0.195777,0.895688,-0.090258,0.593583,15.631320,0.000000,1,0.068584,6.712199,37.045727,41.472787,-1.485280,45.955841,0.000054
11.533333,4.633333,1,-0.909893,1.419032,0.294480,-0.319108,-0.291127,0.159362,-0.887704,0.414839,-0.050397,0.002912,-0.116390,0.415801,0.723907,0.538072,-0.393864,-0.875819,0.278951,0.682238,-0.075176,0.727255,0.027325,-0.830720,1.359184,0.101525,0.092604,-0.017391,0.195458,-0.389005,0.195888,0.895638,-0.090197,0.622535,16.380673,0.000000,1,0.068365,6.660354,37.216203,41.317552,-1.466902,45.842709,0.000052
11.566667,4.666667,1,-0.909868,1.418513,0.293827,-0.319209,-0.291565,0.159349,-0.887527,0.415236,-0.050063,0.002259,-0.116737,0.416087,0.723755,0.537981,-0.393898,-0.875878,0.278716,0.681588,-0.074897,0.727893,0.025037,-0.830720,1.359184,0.101525,0.092316,-0.016935,0.194821,-0.389448,0.195862,0.895456,-0.090145,0.597308,17.110574,0.000000,1,0.067829,6.612351,37.372745,41.179674,-1.449382,45.742180,0.000049
11.600000,4.700000,1,-0.909844,1.418085,0.293291,-0.320042,-0.292204,0.158968,-0.887085,0.415562,-0.049786,0.001722,-0.116938,0.417116,0.723531,0.537441,-0.394965,-0.875264,0.279135,0.680157,-0.074342,0.729287,0.020587,-0.830720,1.359184,0.101525,0.092076,-0.016560,0.194299,-0.390299,0.196493,0.894927,-0.090346,0.649731,17.636225,0.000000,1,0.066557,6.572777,37.501708,41.065449,-1.433546,45.660770,0.000047
11.633333,4.733333,1,-0.909826,1.417706,0.292961,-0.320713,-0.292659,0.158431,-0.886788,0.415852,-0.049543,0.001391,-0.117047,0.417920,0.723505,0.536827,-0.396234,-0.874627,0.279333,0.678962,-0.074320,0.730402,0.015091,-0.830720,1.359184,0.101525,0.091862,-0.016236,0.193980,-0.390935,0.197024,0.894492,-0.090746,1.008051,17.847332,0.000000,1,0.064731,6.538247,37.589725,40.977572,-1.418801,45.602912,0.000044
11.666667,4.766667,1,-0.909833,1.417373,0.292784,-0.321010,-0.292978,0.158092,-0.886636,0.416122,-0.049348,0.001214,-0.117200,0.418327,0.723521,0.536455,-0.396961,-0.874328,0.279234,0.678217,-0.074438,0.731082,0.011319,-0.830720,1.359184,0.101525,0.091688,-0.015944,0.193814,-0.391330,0.197227,0.894248,-0.091012,1.480802,17.921669,0.000000,1,0.063453,6.510135,37.647550,40.908369,-1.405446,45.561854,0.000042
11.700000,4.800000,1,-0.909815,1.417107,0.292625,-0.321370,-0.293475,0.157897,-0.886376,0.416323,-0.049173,0.001054,-0.117484,0.418871,0.723376,0.536164,-0.397452,-0.874118,0.279196,0.677275,-0.074152,0.731984,0.009310,-0.830720,1.359184,0.101525,0.091531,-0.015724,0.193662,-0.391908,0.197438,0.893939,-0.091102,1.682159,18.105927,0.000000,1,0.062844,6.485699,37.695744,40.853949,-1.392999,45.530593,0.000040
11.733333,4.833333,1,-0.909759,1.416871,0.292499,-0.321638,-0.294520,0.157695,-0.885968,0.416477,-0.048986,0.000928,-0.118301,0.419576,0.723104,0.535801,-0.397845,-0.874151,0.278531,0.675606,-0.073747,0.733565,0.008200,-0.830720,1.359184,0.101525,0.091357,-0.015552,0.193540,-0.392980,0.197406,0.893471,-0.091145,1.615230,18.132950,0.000000,1,0.062251,6.460245,37.733139,40.812239,-1.380637,45.508250,0.000038
11.766667,4.866667,1,-0.909704,1.416604,0.292454,-0.321824,-0.295617,0.157672,-0.885539,0.416657,-0.048782,0.000883,-0.119201,0.420232,0.722732,0.535588,-0.397874,-0.874357,0.277842,0.673989,-0.073101,0.735116,0.008285,-0.830720,1.359184,0.101525,0.091165,-0.015358,0.193500,-0.394074,0.197277,0.893031,-0.091013,1.425792,18.197640,0.000000,1,0.061902,6.432105,37.757630,40.774271,-1.368107,45.490518,0.000036
11.800000,4.900000,1,-0.909655,1.416335,0.292404,-0.322303,-0.296385,0.157778,-0.885089,0.416842,-0.048581,0.000833,-0.119675,0.421003,0.722284,0.535481,-0.397875,-0.874306,0.278001,0.672772,-0.072032,0.736335,0.008333,-0.830720,1.359184,0.101525,0.090977,-0.015158,0.193456,-0.394933,0.197520,0.892624,-0.090751,1.362903,18.206277,0.000000,1,0.062103,6.404300,37.783345,40.735041,-1.355949,45.471429,0.000034
11.833333,4.933333,1,-0.909494,1.416112,0.292256,-0.323160,-0.297537,0.157468,-0.884445,0.416923,-0.048317,0.000685,-0.120325,0.422284,0.721848,0.534914,-0.398777,-0.873876,0.278059,0.670631,-0.071086,0.738377,0.009380,-0.830720,1.359184,0.101525,0.090723,-0.015053,0.193306,-0.396275,0.198029,0.891910,-0.090813,1.467055,18.170954,0.000000,1,0.062026,6.369771,37.816827,40.707412,-1.342822,45.456279,0.000033
11.866667,4.966667,1,-0.909238,1.415878,0.292072,-0.323518,-0.299214,0.156842,-0.883859,0.416955,-0.047972,0.000501,-0.121667,0.423352,0.721606,0.534092,-0.399885,-0.873825,0.276626,0.667793,-0.071037,0.740949,0.011774,-0.830720,1.359184,0.101525,0.090387,-0.014989,0.193114,-0.397983,0.197915,0.891136,-0.091193,1.593172,18.278926,0.000000,1,0.061933,6.325150,37.851595,40.687336,-1.328150,45.444442,0.000031
11.900000,5.000000,1,-0.909047,1.415540,0.291997,-0.322221,-0.300469,0.156740,-0.883926,0.417110,-0.047615,0.000426,-0.123369,0.422750,0.721714,0.534033,-0.399178,-0.875146,0.273451,0.666530,-0.072182,0.741976,0.011876,-0.830720,1.359184,0.101525,0.090043,-0.014810,0.193037,-0.398811,0.196311,0.891108,-0.091312,1.626197,18.390146,0.000000,1,0.062210,6.277200,37.877326,40.655242,-1.313228,45.427976,0.000029
11.933333,5.033333,1,-0.908932,1.415128,0.292025,-0.319749,-0.301196,0.157507,-0.884440,0.417369,-0.047276,0.000454,-0.125121,0.420864,0.721833,0.534954,-0.396339,-0.877612,0.269652,0.666977,-0.073397,0.741455,0.012853,-0.830720,1.359184,0.101525,0.089717,-0.014533,0.193072,-0.398784,0.193705,0.891746,-0.090771,1.540326,18.495452,0.000000,1,0.062459,6.229967,37.893758,40.613110,-1.298734,45.408033,0.000028
11.966667,5.066667,1,-0.908796,1.414731,0.291994,-0.319348,-0.302250,0.158207,-0.884100,0.417605,-0.046928,0.000423,-0.126244,0.420977,0.721219,0.535429,-0.394757,-0.878614,0.268708,0.666032,-0.072188,0.742422,0.012618,-0.830720,1.359184,0.101525,0.089385,-0.014277,0.193045,-0.399651,0.193007,0.891588,-0.089988,1.459044,18.445496,0.000000,1,0.062850,6.182130,37.918896,40.569809,-1.284356,45.385120,0.000027
12.000000,5.100000,1,-0.908560,1.414302,0.291948,-0.319323,-0.304072,0.158383,-0.883452,0.417805,-0.046482,0.000377,-0.127887,0.421767,0.720564,0.535298,-0.394202,-0.879311,0.267241,0.663556,-0.071136,0.744737,0.014757,-0.830720,1.359184,0.101525,0.088952,-0.014048,0.192998,-0.401367,0.192465,0.890975,-0.089589,1.462899,18.489113,0.000000,1,0.062709,6.121687,37.942497,40.533890,-1.267916,45.366161,0.000025
12.033333,5.133333,1,-0.908215,1.413802,0.291957,-0.317102,-0.306271,0.158232,-0.883520,0.417997,-0.045905,0.000386,-0.130846,0.420761,0.720696,0.535197,-0.392887,-0.881539,0.261780,0.661319,-0.073048,0.746539,0.018237,-0.830720,1.359184,0.101525,0.088387,-0.013824,0.193001,-0.402832,0.189706,0.890888,-0.089756,1.533436,18.522605,0.000000,1,0.062215,6.044298,37.953897,40.507795,-1.248636,45.354930,0.000024
12.066667,5.166667,1,-0.907904,1.413247,0.291935,-0.314637,-0.307929,0.158579,-0.883763,0.418253,-0.045323,0.000364,-0.133429,0.419295,0.720762,0.535621,-0.390613,-0.884003,0.256826,0.660219,-0.074603,0.747359,0.019088,-0.830720,1.359184,0.101525,0.087821,-0.013534,0.192978,-0.403700,0.186853,0.891122,-0.089516,1.602602,18.624242,0.000000,1,0.063185,5.965317,37.976608,40.466745,-1.229329,45.332799,0.000023
12.100000,5.200000,1,-0.907721,1.412701,0.291785,-0.314905,-0.308774,0.159190,-0.883262,0.418578,-0.044847,0.000214,-0.134067,0.419913,0.720044,0.535944,-0.389581,-0.884399,0.257032,0.659213,-0.072874,0.748417,0.017859,-0.830720,1.359184,0.101525,0.087371,-0.013173,0.192833,-0.404559,0.186861,0.890806,-0.088760,1.576816,18.622653,0.000000,1,0.065212,5.899534,38.030836,40.397003,-1.212638,45.287877,0.000022
12.133333,5.233333,1,-0.907517,1.412153,0.291577,-0.315032,-0.310281,0.159429,-0.882645,0.418893,-0.044354,0.000005,-0.135360,0.420700,0.719388,0.535882,-0.389016,-0.884907,0.256138,0.657122,-0.071683,0.750368,0.018624,-0.830720,1.359184,0.101525,0.086904,-0.012818,0.192631,-0.406017,0.186555,0.890252,-0.088314,1.487991,18.715297,0.000000,1,0.065888,5.831678,38.094964,40.323389,-1.195731,45.238481,0.000021
12.166667,5.266667,1,-0.907246,1.411579,0.291395,-0.311314,-0.312330,0.160156,-0.883110,0.419187,-0.043792,-0.000176,-0.138852,0.418288,0.719484,0.536748,-0.385244,-0.888523,0.249227,0.656202,-0.073874,0.750960,0.019816,-0.830720,1.359184,0.101525,0.086365,-0.012480,0.192451,-0.406893,0.182376,0.890769,-0.087796,1.442628,18.817429,0.000000,1,0.065700,5.755011,38.151824,40.257422,-1.177373,45.194754,0.000020
12.200000,5.300000,1,-0.907053,1.411013,0.291197,-0.306513,-0.312848,0.162046,-0.884261,0.419522,-0.043297,-0.000375,-0.141455,0.414227,0.719671,0.538962,-0.379020,-0.892940,0.242903,0.658562,-0.075871,0.748692,0.018886,-0.830720,1.359184,0.101525,0.085897,-0.012105,0.192259,-0.405980,0.177560,0.892291,-0.086427,1.488648,18.953470,0.000000,1,0.066517,5.686753,38.216211,40.180636,-1.160674,45.143477,0.000019
12.233333,5.333333,1,-0.906973,1.410564,0.290888,-0.305673,-0.312077,0.163343,-0.884585,0.419832,-0.042963,-0.000685,-0.141139,0.413134,0.719381,0.540270,-0.376376,-0.893938,0.243342,0.660701,-0.074858,0.746908,0.016525,-0.830720,1.359184,0.101525,0.085592,-0.011758,0.191959,-0.404977,0.176941,0.892976,-0.085319,1.549249,19.096900,0.000000,1,0.067635,5.639958,38.300522,40.094010,-1.147913,45.082390,0.000018
12.266667,5.366667,1,-0.906930,1.410150,0.290586,-0.306877,-0.311561,0.163712,-0.884282,0.420135,-0.042678,-0.000987,-0.140141,0.413981,0.718944,0.540462,-0.376522,-0.893156,0.245976,0.661093,-0.073040,0.746740,0.015435,-0.830720,1.359184,0.101525,0.085336,-0.011420,0.191668,-0.404816,0.178240,0.892835,-0.084862,1.404350,18.689682,0.000000,1,0.067876,5.599767,38.383636,40.007950,-1.136426,45.021951,0.000017
12.300000,5.400000,1,-0.906874,1.409711,0.290358,-0.308419,-0.311671,0.163853,-0.883680,0.420451,-0.042369,-0.001215,-0.139553,0.415411,0.718343,0.540316,-0.377166,-0.892209,0.248414,0.660321,-0.070983,0.747621,0.014918,-0.830720,1.359184,0.101525,0.085053,-0.011073,0.191452,-0.405350,0.179694,0.892333,-0.084512,1.321343,18.704598,0.000000,1,0.067620,5.556222,38.453937,39.927447,-1.124447,44.967464,0.000016
12.333333,5.433333,1,-0.906789,1.409291,0.290155,-0.309807,-0.311784,0.164452,-0.883043,0.420734,-0.042048,-0.001419,-0.139036,0.416705,0.717506,0.540566,-0.376915,-0.891592,0.250995,0.659845,-0.068291,0.748292,0.014230,-0.830720,1.359184,0.101525,0.084756,-0.010759,0.191256,-0.405831,0.180989,0.891928,-0.083718,1.272820,18.721038,0.000000,1,0.067349,5.511566,38.516679,39.855761,-1.112357,44.919408,0.000015
12.366667,5.466667,1,-0.906636,1.408965,0.289919,-0.310770,-0.312366,0.165038,-0.882390,0.420903,-0.041729,-0.001655,-0.139128,0.417827,0.716660,0.540797,-0.376364,-0.891399,0.252504,0.658872,-0.065918,0.749361,0.012922,-0.830720,1.359184,0.101525,0.084455,-0.010558,0.191022,-0.406637,0.181742,0.891481,-0.082930,1.288847,19.417357,0.000000,1,0.066726,5.468599,38.574474,39.803019,-1.100616,44.882545,0.000014
12.400000,5.500000,1,-0.906504,1.408756,0.289640,-0.310920,-0.312875,0.165636,-0.882044,0.420989,-0.041497,-0.001934,-0.139518,0.418190,0.716086,0.541177,-0.375323,-0.891749,0.252817,0.658369,-0.064488,0.749928,0.011182,-0.830720,1.359184,0.101525,0.084239,-0.010441,0.190742,-0.407145,0.181732,0.891315,-0.082242,1.336741,19.494244,0.000000,1,0.066573,5.438043,38.633369,39.760009,-1.091150,44.850583,0.000014
12.433333,5.533333,1,-0.906496,1.408623,0.289301,-0.310206,-0.311781,0.167218,-0.882385,0.421090,-0.041410,-0.002273,-0.138856,0.417066,0.715682,0.542746,-0.372291,-0.892692,0.253968,0.661044,-0.062965,0.747701,0.010931,-0.830720,1.359184,0.101525,0.084169,-0.010314,0.190408,-0.405862,0.181319,0.892110,-0.080872,1.368250,19.530983,0.000000,1,0.067580,5.426213,38.706005,39.705461,-1.085137,44.809300,0.000013
12.466667,5.566667,1,-0.906381,1.408526,0.289015,-0.309471,-0.312007,0.168132,-0.882390,0.421097,-0.041260,-0.002559,-0.139386,0.416510,0.715279,0.543568,-0.370210,-0.893718,0.253403,0.661494,-0.062105,0.747374,0.009707,-0.830720,1.359184,0.101525,0.084030,-0.010280,0.190118,-0.405843,0.180528,0.892356,-0.080011,1.350642,19.563473,0.000000,1,0.066362,5.407198,38.759735,39.675218,-1.077928,44.785269,0.000012
12.500000,5.600000,1,-0.906119,1.408410,0.288872,-0.309406,-0.313930,0.167791,-0.881795,0.421031,-0.040981,-0.002701,-0.141137,0.417309,0.714903,0.542998,-0.370467,-0.894178,0.251397,0.658586,-0.062013,0.749946,0.009593,-0.830720,1.359184,0.101525,0.083753,-0.010321,0.189963,-0.407657,0.179930,0.891640,-0.080121,1.283960,19.689704,0.000000,1,0.064358,5.372213,38.778533,39.676430,-1.067998,44.785871,0.000012
12.533333,5.633333,1,-0.906069,1.408259,0.288822,-0.309907,-0.313610,0.168413,-0.881614,0.421122,-0.040850,-0.002751,-0.140628,0.417617,0.714463,0.543473,-0.369722,-0.894040,0.252980,0.659125,-0.060467,0.749599,0.005019,-0.830720,1.359184,0.101525,0.083629,-0.010219,0.189915,-0.407477,0.180491,0.891667,-0.079469,1.292680,19.667537,0.000000,1,0.065135,5.354542,38.795891,39.654540,-1.061343,44.774355,0.000011
12.566667,5.666667,1,-0.906322,1.408128,0.288814,-0.310612,-0.310327,0.170389,-0.882148,0.421378,-0.040973,-0.002761,-0.137374,0.416787,0.714052,0.545478,-0.367164,-0.893511,0.258511,0.664488,-0.057485,0.745085,0.008544,-0.830720,1.359184,0.101525,0.083767,-0.009971,0.189926,-0.404508,0.182056,0.892848,-0.077794,1.388180,19.670268,0.000000,1,0.066783,5.368201,38.823507,39.600125,-1.060404,44.743110,0.000011
12.600000,5.700000,1,-0.906632,1.408078,0.288819,-0.311212,-0.307131,0.172050,-0.882732,0.421605,-0.041190,-0.002757,-0.134245,0.415901,0.713828,0.547224,-0.365049,-0.892913,0.263525,0.669582,-0.055146,0.740688,0.009418,-0.830720,1.359184,0.101525,0.083996,-0.009758,0.189952,-0.401600,0.183502,0.893981,-0.076436,1.419125,19.697708,0.000000,1,0.066681,5.394452,38.847096,39.550693,-1.061750,44.715401,0.000010
12.633333,5.733333,1,-0.906854,1.408088,0.288844,-0.311077,-0.304780,0.173426,-0.883325,0.421730,-0.041374,-0.002733,-0.132201,0.414734,0.713740,0.548720,-0.362859,-0.892943,0.266431,0.673631,-0.053805,0.737107,0.006716,-0.830720,1.359184,0.101525,0.084185,-0.009645,0.189990,-0.399295,0.184006,0.895001,-0.075351,1.330703,19.687614,0.000000,1,0.065584,5.417503,38.857149,39.523475,-1.062581,44.702516,0.000010
12.666667,5.766667,1,-0.907031,1.408109,0.288928,-0.310755,-0.302540,0.175094,-0.883880,0.421820,-0.041528,-0.002649,-0.130338,0.413449,0.713487,0.550461,-0.360009,-0.893271,0.269186,0.677718,-0.052104,0.733474,0.005904,-0.830720,1.359184,0.101525,0.084341,-0.009569,0.190084,-0.397033,0.184294,0.896063,-0.073976,1.285969,19.702367,0.000000,1,0.064723,5.436985,38.852312,39.510058,-1.062886,44.700227,0.000009
12.700000,5.800000,1,-0.907147,1.408092,0.288979,-0.310998,-0.300718,0.176285,-0.884179,0.421904,-0.041611,-0.002598,-0.128598,0.412856,0.713221,0.551660,-0.358268,-0.893096,0.272074,0.680725,-0.050443,0.730800,0.003848,-0.830720,1.359184,0.101525,0.084426,-0.009494,0.190142,-0.395339,0.185018,0.896745,-0.072962,1.280025,19.669815,0.000000,1,0.064876,5.447279,38.852221,39.496015,-1.061733,44.696259,0.000009
12.733333,5.833333,1,-0.907175,1.408038,0.288981,-0.311489,-0.299429,0.176911,-0.884319,0.421963,-0.041600,-0.002597,-0.127225,0.412722,0.713064,0.552281,-0.357599,-0.892641,0.274437,0.682606,-0.049292,0.729123,0.001808,-0.830720,1.359184,0.101525,0.084419,-0.009434,0.190147,-0.394238,0.185843,0.897103,-0.072422,1.323804,19.689415,0.000000,1,0.064994,5.445656,38.858054,39.483540,-1.058630,44.691520,0.000008
12.766667,5.866667,1,-0.907192,1.407918,0.289018,-0.312563,-0.298213,0.177848,-0.884163,0.422070,-0.041541,-0.002560,-0.125659,0.413142,0.712503,0.553048,-0.356694,-0.891928,0.277910,0.684268,-0.046902,0.727721,0.003798,-0.830720,1.359184,0.101525,0.084365,-0.009327,0.190189,-0.393360,0.187203,0.897281,-0.071483,1.330616,19.684290,0.000000,1,0.065124,5.437206,38.861239,39.466633,-1.054478,44.684836,0.000008
12.800000,5.900000,1,-0.907275,1.407676,0.289147,-0.314769,-0.296445,0.179306,-0.883680,0.422314,-0.041462,-0.002431,-0.123093,0.414331,0.711417,0.554133,-0.355569,-0.890442,0.284048,0.686438,-0.042533,0.725943,0.008617,-0.830720,1.359184,0.101525,0.084295,-0.009088,0.190331,-0.392262,0.189802,0.897338,-0.069936,1.266120,19.649701,0.000000,1,0.065735,5.424313,38.860193,39.432889,-1.049718,44.669990,0.000007
12.833333,5.933333,1,-0.907301,1.407285,0.289442,-0.318336,-0.295209,0.180417,-0.882589,0.422642,-0.041249,-0.002137,-0.120397,0.416973,0.709943,0.554634,-0.355772,-0.887922,0.291585,0.687112,-0.037029,0.725607,0.014697,-0.830720,1.359184,0.101525,0.084090,-0.008766,0.190639,-0.392061,0.193570,0.896731,-0.068499,1.125815,19.596497,0.000000,1,0.065170,5.392888,38.835371,39.402156,-1.041820,44.662017,0.000007
12.866667,5.966667,1,-0.907119,1.406771,0.289848,-0.322916,-0.295625,0.180790,-0.880708,0.422945,-0.040795,-0.001732,-0.118729,0.421259,0.708094,0.554119,-0.357711,-0.884768,0.298712,0.684704,-0.030986,0.728162,0.020398,-0.830720,1.359184,0.101525,0.083640,-0.008464,0.191049,-0.393731,0.197866,0.895138,-0.067474,0.947985,18.732542,0.000000,1,0.063880,5.330413,38.785222,39.392412,-1.028548,44.670736,0.000007
12.900000,6.000000,1,-0.906779,1.406179,0.290256,-0.327155,-0.297550,0.180409,-0.878570,0.423215,-0.040168,-0.001324,-0.118566,0.425911,0.706354,0.552816,-0.360674,-0.881965,0.303402,0.679971,-0.025989,0.732778,0.023856,-0.830720,1.359184,0.101525,0.083015,-0.008185,0.191453,-0.396759,0.201422,0.893036,-0.067069,0.898683,18.940983,0.000000,1,0.063429,5.245832,38.729750,39.392712,-1.011486,44.685674,0.000006
12.933333,6.033333,1,-0.906507,1.405636,0.290638,-0.329801,-0.299571,0.179803,-0.877017,0.423486,-0.039624,-0.000942,-0.119197,0.429180,0.705239,0.551575,-0.363114,-0.880298,0.305325,0.675671,-0.023140,0.736840,0.021527,-0.830720,1.359184,0.101525,0.082474,-0.007907,0.191834,-0.399435,0.203418,0.891388,-0.067086,0.988414,18.997871,0.000000,1,0.063589,5.172144,38.680096,39.388304,-0.996397,44.696534,0.000006
12.966667,6.066667,1,-0.906400,1.405244,0.290935,-0.331528,-0.300600,0.179723,-0.876030,0.423736,-0.039304,-0.000644,-0.119349,0.431184,0.704393,0.551060,-0.364178,-0.879248,0.307079,0.673402,-0.020827,0.738983,0.015109,-0.830720,1.359184,0.101525,0.082158,-0.007658,0.192137,-0.400897,0.204797,0.890436,-0.066809,1.028406,18.898878,0.000000,1,0.064075,5.127796,38.646127,39.375292,-0.986481,44.699070,0.000006
13.000000,6.100000,1,-0.906421,1.404973,0.291065,-0.332978,-0.299995,0.180383,-0.875551,0.423965,-0.039157,-0.000516,-0.118161,0.432213,0.703669,0.551434,-0.363916,-0.878196,0.310381,0.673913,-0.018225,0.738586,0.009034,-0.830720,1.359184,0.101525,0.082020,-0.007429,0.192276,-0.400711,0.206354,0.890219,-0.066018,1.118286,19.463022,0.000000,1,0.065394,5.106409,38.642960,39.346003,-0.980650,44.685742,0.000005
13.033333,6.133333,1,-0.906491,1.404814,0.291016,-0.333654,-0.298527,0.181483,-0.875569,0.424135,-0.039117,-0.000565,-0.116546,0.432164,0.703191,0.552425,-0.362488,-0.877655,0.313568,0.676186,-0.016121,0.736554,0.005429,-0.830720,1.359184,0.101525,0.081991,-0.007255,0.192236,-0.399477,0.207398,0.890607,-0.064989,1.096099,18.963110,0.000000,1,0.066534,5.099687,38.668300,39.308076,-0.977431,44.661223,0.000005
13.066667,6.166667,1,-0.906509,1.404702,0.290921,-0.334197,-0.297913,0.182170,-0.875428,0.424234,-0.039064,-0.000660,-0.115755,0.432379,0.702757,0.552976,-0.361638,-0.877315,0.315495,0.677115,-0.014533,0.735734,0.004417,-0.830720,1.359184,0.101525,0.081948,-0.007147,0.192146,-0.399029,0.208083,0.890699,-0.064292,1.115103,18.945345,0.000000,1,0.066365,5.092105,38.695425,39.279143,-0.974091,44.641096,0.000005
13.100000,6.200000,1,-0.906501,1.404547,0.290962,-0.335094,-0.297811,0.182633,-0.875023,0.424354,-0.038965,-0.000619,-0.115264,0.433136,0.702188,0.553208,-0.361351,-0.876762,0.317354,0.677062,-0.012709,0.735816,0.004832,-0.830720,1.359184,0.101525,0.081854,-0.007024,0.192192,-0.399170,0.208968,0.890470,-0.063713,1.269296,18.967053,0.000000,1,0.065407,5.078131,38.698854,39.260982,-0.969690,44.632155,0.000005
13.133333,6.233333,1,-0.906413,1.404355,0.291049,-0.335885,-0.298041,0.183295,-0.874503,0.424454,-0.038779,-0.000532,-0.115118,0.433948,0.701428,0.553566,-0.360624,-0.876485,0.318944,0.676663,-0.010506,0.736218,0.006856,-0.830720,1.359184,0.101525,0.081670,-0.006919,0.192279,-0.399591,0.209654,0.890177,-0.062904,1.371040,19.556750,0.000000,1,0.064781,5.053121,38.691166,39.252874,-0.963428,44.631022,0.000004
13.166667,6.266667,1,-0.906296,1.404155,0.291096,-0.335252,-0.297599,0.184397,-0.874665,0.424543,-0.038566,-0.000486,-0.115004,0.433187,0.701080,0.554626,-0.358327,-0.877311,0.319260,0.678038,-0.009478,0.734966,0.007070,-0.830720,1.359184,0.101525,0.081461,-0.006820,0.192324,-0.398962,0.209146,0.890647,-0.061922,1.436523,18.877884,0.000000,1,0.065005,5.024735,38.689475,39.243450,-0.956655,44.627691,0.000004
13.200000,6.300000,1,-0.906483,1.404015,0.291115,-0.334421,-0.294820,0.186046,-0.875574,0.424768,-0.038630,-0.000467,-0.112887,0.431206,0.701152,0.556510,-0.355108,-0.877751,0.321639,0.683041,-0.008716,0.730328,0.007043,-0.830720,1.359184,0.101525,0.081538,-0.006601,0.192359,-0.396047,0.209095,0.892044,-0.060695,1.472080,19.554553,0.000000,1,0.066898,5.030909,38.708280,39.199996,-0.956010,44.601559,0.000004
13.233333,6.333333,1,-0.907125,1.404116,0.290916,-0.339993,-0.290918,0.187028,-0.874524,0.425073,-0.039204,-0.000669,-0.106910,0.434454,0.699767,0.556908,-0.356847,-0.872306,0.334277,0.686516,-0.002206,0.727112,0.020395,-0.830720,1.359184,0.101525,0.082134,-0.006318,0.192196,-0.393881,0.215556,0.891551,-0.059407,1.636947,18.766385,0.000000,1,0.070680,5.102283,38.780042,39.109410,-0.966765,44.538391,0.000004
13.266667,6.366667,1,-0.907906,1.404329,0.290666,-0.349302,-0.287349,0.187303,-0.871973,0.425372,-0.039954,-0.000921,-0.099568,0.441193,0.697353,0.555998,-0.361905,-0.863311,0.351736,0.687597,0.007569,0.726053,0.025391,-0.830720,1.359184,0.101525,0.082909,-0.006048,0.191988,-0.393097,0.225548,0.889499,-0.058260,1.650328,18.569349,0.000000,1,0.071871,5.196681,38.862988,39.010555,-0.981490,44.468580,0.000004
13.300000,6.400000,1,-0.908434,1.404366,0.290647,-0.353454,-0.283490,0.189360,-0.871118,0.425660,-0.040399,-0.000942,-0.094263,0.443191,0.695663,0.557449,-0.360730,-0.859146,0.362962,0.692040,0.014335,0.721717,0.015907,-0.830720,1.359184,0.101525,0.083369,-0.005785,0.192000,-0.390540,0.230607,0.889471,-0.056034,1.638436,18.457832,0.000000,1,0.069402,5.251344,38.899863,38.942161,-0.989300,44.425710,0.000003
13.333333,6.433333,1,-0.908684,1.404294,0.290623,-0.356102,-0.279615,0.192691,-0.870561,0.425868,-0.040555,-0.000967,-0.089615,0.443838,0.693671,0.560177,-0.356343,-0.856706,0.372928,0.697608,0.021579,0.716155,0.007832,-0.830720,1.359184,0.101525,0.083538,-0.005586,0.191993,-0.387509,0.234194,0.890063,-0.052713,1.742691,18.403586,0.000000,1,0.068337,5.269576,38.926874,38.894806,-0.990818,44.396254,0.000003
13.366667,6.466667,1,-0.908657,1.404019,0.290714,-0.359022,-0.277872,0.194883,-0.869431,0.426072,-0.040368,-0.000876,-0.086755,0.445678,0.691678,0.561628,-0.354096,-0.854260,0.380598,0.699602,0.028110,0.713980,0.008735,-0.830720,1.359184,0.101525,0.083359,-0.005378,0.192092,-0.386609,0.237466,0.889729,-0.050259,1.963608,18.466553,0.000000,1,0.067041,5.243343,38.928619,38.866630,-0.984708,44.382657,0.000003
13.400000,6.500000,1,-0.908260,1.403397,0.291257,-0.360076,-0.279783,0.195102,-0.868333,0.426332,-0.039677,-0.000333,-0.087996,0.447474,0.690601,0.561332,-0.354326,-0.854065,0.380822,0.696561,0.030654,0.716842,0.027501,-0.830720,1.359184,0.101525,0.082665,-0.005113,0.192628,-0.388709,0.237940,0.888720,-0.049659,2.372120,19.320118,0.000000,1,0.063744,5.151048,38.847677,38.882916,-0.967242,44.411378,0.000003
13.433333,6.533333,1,-0.907455,1.402431,0.292321,-0.356241,-0.284873,0.194141,-0.868475,0.426622,-0.038456,0.000732,-0.094263,0.446311,0.691168,0.560543,-0.353813,-0.858999,0.370049,0.690716,0.026803,0.722629,0.049386,-0.830720,1.359184,0.101525,0.081425,-0.004820,0.193670,-0.392493,0.232817,0.888361,-0.050594,2.623382,19.252092,0.000000,1,0.060349,4.989660,38.668372,38.956008,-0.937876,44.492361,0.000003
13.466667,6.566667,1,-0.906542,1.401319,0.293618,-0.348590,-0.290160,0.193530,-0.869965,0.426966,-0.037060,0.002031,-0.102405,0.441822,0.692784,0.560676,-0.350311,-0.867344,0.353549,0.686365,0.019128,0.727006,0.058124,-0.830720,1.359184,0.101525,0.080006,-0.004478,0.194944,-0.395382,0.223946,0.889298,-0.051673,2.469007,19.028782,0.000000,1,0.059196,4.805155,38.449399,39.044794,-0.904555,44.590213,0.000003
13.500000,6.600000,1,-0.905883,1.400384,0.294612,-0.345654,-0.294006,0.193101,-0.869940,0.427319,-0.035972,0.003025,-0.107157,0.440910,0.692961,0.560287,-0.349192,-0.871007,0.345560,0.682020,0.016645,0.731144,0.045451,-0.830720,1.359184,0.101525,0.078905,-0.004125,0.195924,-0.398219,0.220034,0.888986,-0.052057,2.199684,18.776443,0.000000,1,0.060487,4.660688,38.290508,39.094545,-0.878203,44.652995,0.000003
13.533333,6.633333,1,-0.905459,1.399701,0.295114,-0.348944,-0.297271,0.192264,-0.867700,0.427611,-0.035223,0.003528,-0.108615,0.445309,0.691336,0.558531,-0.352491,-0.869000,0.347259,0.675531,0.020515,0.737046,0.028450,-0.830720,1.359184,0.101525,0.078156,-0.003823,0.196421,-0.402260,0.222308,0.886598,-0.052051,1.978302,18.606544,0.000000,1,0.062963,4.560868,38.219376,39.100863,-0.859621,44.672128,0.000002
13.566667,6.666667,1,-0.905207,1.399219,0.295253,-0.353067,-0.300068,0.191176,-0.865306,0.427845,-0.034732,0.003666,-0.109284,0.450245,0.689685,0.556481,-0.356771,-0.866002,0.350363,0.669185,0.024784,0.742683,0.016845,-0.830720,1.359184,0.101525,0.077674,-0.003570,0.196559,-0.406098,0.225524,0.884022,-0.052230,1.875497,18.608354,0.000000,1,0.065245,4.495202,38.212327,39.077281,-0.846977,44.660484,0.000002
13.600000,6.700000,1,-0.905091,1.398893,0.295245,-0.355607,-0.301979,0.190105,-0.863836,0.428035,-0.034443,0.003658,-0.109864,0.453368,0.688851,0.554862,-0.360116,-0.864052,0.351754,0.664817,0.026829,0.746525,0.010385,-0.830720,1.359184,0.101525,0.077397,-0.003363,0.196554,-0.408651,0.227460,0.882319,-0.052720,1.900173,18.670360,0.000000,1,0.066195,4.456200,38.230140,39.043849,-0.838941,44.637972,0.000002
13.633333,6.733333,1,-0.905011,1.398643,0.295294,-0.357010,-0.303247,0.189242,-0.863002,0.428187,-0.034229,0.003707,-0.110374,0.455188,0.688492,0.553715,-0.362434,-0.862939,0.352106,0.661975,0.027594,0.749018,0.008010,-0.830720,1.359184,0.101525,0.077190,-0.003202,0.196605,-0.410271,0.228475,0.881273,-0.053239,1.946441,18.676395,0.000000,1,0.065444,4.427250,38.234506,39.022233,-0.832622,44.625007,0.000002
13.666667,6.766667,1,-0.904963,1.398354,0.295561,-0.357756,-0.304809,0.188434,-0.862319,0.428390,-0.034017,0.003974,-0.111440,0.456551,0.688245,0.552686,-0.364240,-0.862522,0.351263,0.659010,0.027801,0.751620,0.011900,-0.830720,1.359184,0.101525,0.076981,-0.003004,0.196878,-0.411983,0.228773,0.880365,-0.053759,1.847325,18.558261,0.000000,1,0.064168,4.398144,38.203863,39.012164,-0.826294,44.626330,0.000002
13.700000,6.800000,1,-0.904939,1.397929,0.296086,-0.358176,-0.306972,0.187731,-0.861531,0.428717,-0.033743,0.004498,-0.113191,0.457891,0.687856,0.551704,-0.365621,-0.862644,0.349523,0.655329,0.028083,0.754822,0.020259,-0.830720,1.359184,0.101525,0.076708,-0.002696,0.197413,-0.414171,0.228583,0.879364,-0.054141,1.707192,18.376077,0.000000,1,0.063325,4.359730,38.137453,39.004686,-0.818418,44.637209,0.000002
13.733333,6.833333,1,-0.904850,1.397359,0.296735,-0.358594,-0.308784,0.187166,-0.860832,0.429121,-0.033330,0.005147,-0.114626,0.459072,0.687487,0.550886,-0.366772,-0.862697,0.348184,0.652210,0.028444,0.757504,0.026073,-0.830720,1.359184,0.101525,0.076295,-0.002310,0.198074,-0.416021,0.228488,0.878497,-0.054426,1.439014,18.241141,0.000000,1,0.063093,4.302637,38.054728,38.996368,-0.807384,44.651219,0.000002
13.766667,6.866667,1,-0.904675,1.396717,0.297322,-0.358859,-0.310956,0.186310,-0.860125,0.429530,-0.032805,0.005733,-0.116454,0.460277,0.687241,0.549804,-0.368309,-0.862897,0.346060,0.648493,0.028277,0.760695,0.026604,-0.830720,1.359184,0.101525,0.075773,-0.001909,0.198668,-0.418179,0.228149,0.877526,-0.054981,1.247927,17.987092,0.000000,1,0.063526,4.231244,37.983104,38.982572,-0.793931,44.659546,0.000002
13.800000,6.900000,1,-0.904505,1.396116,0.297735,-0.358659,-0.313233,0.185479,-0.859562,0.429909,-0.032308,0.006146,-0.118582,0.461112,0.687112,0.548809,-0.369494,-0.863545,0.343167,0.644827,0.027631,0.763829,0.022478,-0.830720,1.359184,0.101525,0.075284,-0.001528,0.199089,-0.420304,0.227332,0.876685,-0.055564,1.153938,17.853626,0.000000,1,0.064524,4.163888,37.940864,38.956604,-0.781198,44.654494,0.000002
13.833333,6.933333,1,-0.904387,1.395666,0.297990,-0.358544,-0.314844,0.185160,-0.859090,0.430199,-0.031944,0.006401,-0.120076,0.461727,0.686835,0.548313,-0.369868,-0.864086,0.341398,0.642318,0.027679,0.765939,0.015916,-0.830720,1.359184,0.101525,0.074928,-0.001235,0.199350,-0.421807,0.226774,0.876099,-0.055697,1.114199,17.745189,0.000000,1,0.064874,4.114479,37.920042,38.930416,-0.771530,44.644407,0.000002
13.866667,6.966667,1,-0.904170,1.395417,0.298189,-0.358638,-0.316787,0.184718,-0.858431,0.430268,-0.031621,0.006600,-0.121774,0.462678,0.686447,0.547623,-0.370560,-0.864512,0.339564,0.639145,0.027924,0.768580,0.011573,-0.830720,1.359184,0.101525,0.074602,-0.001159,0.199543,-0.423688,0.226327,0.875296,-0.055881,1.126336,17.625874,0.000000,1,0.063084,4.072459,37.888104,38.941177,-0.763054,44.656657,0.000001
13.900000,7.000000,1,-0.903880,1.395322,0.298473,-0.358065,-0.319213,0.184046,-0.857916,0.430171,-0.031333,0.006884,-0.124202,0.463246,0.686290,0.546793,-0.371183,-0.865590,0.336122,0.635445,0.027159,0.771668,0.012495,-0.830720,1.359184,0.101525,0.074299,-0.001257,0.199812,-0.425845,0.225104,0.874534,-0.056331,1.123005,17.482085,0.000000,1,0.060624,4.036372,37.824099,38.992784,-0.755554,44.698086,0.000001
13.933333,7.033333,1,-0.903771,1.395306,0.298981,-0.356607,-0.321003,0.183725,-0.857924,0.430119,-0.031237,0.007393,-0.126454,0.462740,0.686444,0.546512,-0.370668,-0.867331,0.332178,0.633269,0.025607,0.773508,0.015597,-0.830720,1.359184,0.101525,0.074183,-0.001335,0.200313,-0.427143,0.223199,0.874371,-0.056634,1.175200,16.972015,0.000000,1,0.059125,4.024530,37.724761,39.054905,-0.752269,44.753211,0.000001
13.966667,7.066667,1,-0.903881,1.395293,0.299718,-0.354841,-0.321548,0.183821,-0.858432,0.430198,-0.031318,0.008129,-0.127729,0.461402,0.686857,0.546828,-0.369329,-0.869054,0.329152,0.633317,0.023825,0.773526,0.022356,-0.830720,1.359184,0.101525,0.074243,-0.001307,0.201055,-0.427162,0.221337,0.874829,-0.056720,1.454781,16.430545,0.000000,1,0.058546,4.034246,37.597781,39.111215,-0.752797,44.811473,0.000001
14.000000,7.100000,1,-0.903961,1.395206,0.300597,-0.352981,-0.321920,0.183938,-0.859034,0.430319,-0.031331,0.009008,-0.128891,0.459904,0.687344,0.547205,-0.367907,-0.870791,0.326139,0.633682,0.021890,0.773284,0.026619,-0.830720,1.359184,0.101525,0.074231,-0.001243,0.201940,-0.426990,0.219433,0.875386,-0.056819,1.856150,15.812777,0.000000,1,0.057569,4.034794,37.448478,39.173999,-0.751846,44.878093,0.000001
14.033333,7.133333,1,-0.903879,1.395009,0.301517,-0.351324,-0.322254,0.183784,-0.859621,0.430430,-0.031149,0.009928,-0.129927,0.458569,0.687939,0.547333,-0.367092,-0.872224,0.323216,0.633901,0.019717,0.773162,0.028325,-0.830720,1.359184,0.101525,0.074024,-0.001180,0.202859,-0.426847,0.217741,0.875855,-0.057169,2.224321,15.404093,0.000000,1,0.056686,4.010396,37.289273,39.245390,-0.746689,44.951264,0.000001
14.066667,7.166667,1,-0.903788,1.394713,0.302433,-0.349594,-0.321912,0.183432,-0.860529,0.430615,-0.030900,0.010843,-0.130392,0.456868,0.688908,0.547427,-0.366644,-0.873396,0.320547,0.635109,0.016808,0.772240,0.028988,-0.830720,1.359184,0.101525,0.073753,-0.001039,0.203775,-0.426050,0.216173,0.876589,-0.057819,2.639693,14.788406,0.000000,1,0.057081,3.976683,37.137883,39.302437,-0.740038,45.014658,0.000001
14.100000,7.200000,1,-0.903824,1.394304,0.303454,-0.347264,-0.321121,0.183102,-0.861837,0.430967,-0.030685,0.011863,-0.130721,0.454429,0.690225,0.547719,-0.365831,-0.874905,0.317346,0.637292,0.013004,0.770512,0.033009,-0.830720,1.359184,0.101525,0.073522,-0.000740,0.204809,-0.424657,0.214151,0.877709,-0.058591,3.478671,14.028940,0.000000,1,0.057834,3.945816,36.984514,39.335918,-0.733987,45.065704,0.000001
14.133333,7.233333,1,-0.903894,1.393773,0.304722,-0.345160,-0.320642,0.183037,-0.862873,0.431437,-0.030423,0.013131,-0.131228,0.452333,0.691180,0.548128,-0.364669,-0.876428,0.314468,0.638993,0.010099,0.769147,0.041312,-0.830720,1.359184,0.101525,0.073242,-0.000336,0.206095,-0.423616,0.212255,0.878643,-0.059016,4.652405,12.840323,0.000000,1,0.057272,3.907986,36.798263,39.369575,-0.726784,45.124291,0.000001
14.166667,7.266667,1,-0.903881,1.393247,0.306216,-0.344079,-0.321090,0.182926,-0.863162,0.431856,-0.030099,0.014623,-0.132112,0.451565,0.691489,0.548160,-0.364134,-0.877407,0.312352,0.638779,0.008780,0.769340,0.047509,-0.830720,1.359184,0.101525,0.072890,0.000006,0.207601,-0.423741,0.211087,0.878851,-0.059222,5.569841,12.257297,0.000000,1,0.055031,3.862668,36.566039,39.434792,-0.718262,45.210218,0.000001
14.200000,7.300000,1,-0.903792,1.392761,0.307714,-0.342819,-0.321503,0.182440,-0.863612,0.432195,-0.029737,0.016121,-0.133042,0.450621,0.692109,0.547929,-0.364148,-0.878356,0.309657,0.638550,0.006569,0.769552,0.047345,-0.830720,1.359184,0.101525,0.072495,0.000271,0.209106,-0.423793,0.209764,0.879101,-0.059838,6.422545,11.468796,0.000000,1,0.053681,3.813288,36.324794,39.515871,-0.709048,45.306429,0.000001
14.233333,7.333333,1,-0.903740,1.392314,0.309122,-0.340978,-0.321520,0.181708,-0.864489,0.432526,-0.029430,0.017529,-0.133877,0.448979,0.693220,0.547668,-0.364273,-0.879525,0.306170,0.639093,0.003045,0.769124,0.044337,-0.830720,1.359184,0.101525,0.072157,0.000530,0.210521,-0.423315,0.207995,0.879683,-0.060837,7.372082,10.643354,0.000000,1,0.053631,3.770948,36.099851,39.588601,-0.701108,45.394095,0.000001
14.266667,7.366667,1,-0.903765,1.391939,0.310442,-0.338831,-0.321111,0.181154,-0.865601,0.432845,-0.029227,0.018848,-0.134467,0.446874,0.694462,0.547672,-0.363947,-0.880855,0.302717,0.640496,-0.000717,0.767961,0.041172,-0.830720,1.359184,0.101525,0.071926,0.000777,0.211851,-0.422341,0.206047,0.880545,-0.061752,8.309294,9.682806,0.000000,1,0.053622,3.742139,35.890957,39.653028,-0.695563,45.473362,0.000001
14.300000,7.400000,1,-0.903748,1.391613,0.311663,-0.336979,-0.320668,0.180834,-0.866554,0.433100,-0.029018,0.020068,-0.134895,0.445018,0.695457,0.547815,-0.363404,-0.882025,0.299948,0.641902,-0.003715,0.766777,0.037901,-0.830720,1.359184,0.101525,0.071689,0.000966,0.213078,-0.421412,0.204389,0.881331,-0.062391,9.076787,8.871758,0.000000,1,0.053121,3.713263,35.693902,39.720261,-0.690039,45.551171,0.000001
14.333333,7.433333,1,-0.903690,1.391306,0.312825,-0.335794,-0.320936,0.180476,-0.866989,0.433314,-0.028790,0.021230,-0.135663,0.444077,0.696007,0.547692,-0.363259,-0.882883,0.297590,0.641904,-0.005659,0.766764,0.036110,-0.830720,1.359184,0.101525,0.071432,0.001119,0.214243,-0.421344,0.203177,0.881609,-0.062882,9.709590,8.682612,0.000000,1,0.052630,3.682176,35.503243,39.789912,-0.684168,45.628622,0.000001
14.366667,7.466667,1,-0.903617,1.391004,0.313982,-0.335163,-0.321490,0.180222,-0.867081,0.433515,-0.028552,0.022386,-0.136440,0.443759,0.696203,0.547506,-0.363242,-0.883444,0.295942,0.641259,-0.006630,0.767296,0.035932,-0.830720,1.359184,0.101525,0.071166,0.001261,0.215402,-0.421699,0.202417,0.881594,-0.063154,10.637877,8.049381,0.000000,1,0.052132,3.650004,35.312599,39.861013,-0.678148,45.706727,0.000001
14.400000,7.500000,1,-0.903528,1.390692,0.315147,-0.334569,-0.321735,0.180065,-0.867252,0.433715,-0.028294,0.023551,-0.136924,0.443336,0.696427,0.547444,-0.363115,-0.883915,0.294688,0.641102,-0.007517,0.767419,0.036291,-0.830720,1.359184,0.101525,0.070879,0.001401,0.216569,-0.421769,0.201778,0.881693,-0.063362,11.383702,7.566908,0.000000,1,0.051658,3.615355,35.120441,39.932826,-0.671736,45.785462,0.000001
14.433333,7.533333,1,-0.903358,1.390289,0.316271,-0.333136,-0.321639,0.179857,-0.867883,0.433939,-0.027918,0.024675,-0.137476,0.442010,0.697084,0.547541,-0.362599,-0.884896,0.292372,0.641833,-0.009652,0.766784,0.036181,-0.830720,1.359184,0.101525,0.070477,0.001576,0.217693,-0.421282,0.200425,0.882204,-0.063782,12.281310,7.172893,0.000000,1,0.051743,3.565477,34.937591,39.997139,-0.662724,45.857849,0.000001
14.466667,7.566667,1,-0.903120,1.389787,0.317360,-0.331950,-0.322176,0.179444,-0.868223,0.434200,-0.027428,0.025764,-0.138485,0.441188,0.697574,0.547325,-0.362513,-0.885796,0.289739,0.641404,-0.011576,0.767116,0.036677,-0.830720,1.359184,0.101525,0.069963,0.001796,0.218780,-0.421471,0.199137,0.882368,-0.064292,13.041346,6.736695,0.000000,1,0.051998,3.500751,34.764440,40.051762,-0.651163,45.922648,0.000001
14.500000,7.600000,1,-0.902877,1.389222,0.318468,-0.331126,-0.322969,0.179077,-0.868319,0.434509,-0.026896,0.026871,-0.139562,0.440803,0.697825,0.547042,-0.362536,-0.886518,0.287496,0.640440,-0.012876,0.767900,0.037999,-0.830720,1.359184,0.101525,0.069411,0.002065,0.219888,-0.422001,0.198126,0.882315,-0.064672,13.465286,6.297293,0.000000,1,0.052090,3.430439,34.593180,40.098280,-0.638645,45.982609,0.000001
14.533333,7.633333,1,-0.902602,1.388598,0.319609,-0.329903,-0.323384,0.178802,-0.868687,0.434846,-0.026303,0.028013,-0.140479,0.439894,0.698277,0.546962,-0.362196,-0.887454,0.285025,0.640272,-0.014651,0.768009,0.039894,-0.830720,1.359184,0.101525,0.068797,0.002363,0.221030,-0.422059,0.196834,0.882547,-0.065062,14.232902,5.775622,0.000000,1,0.051903,3.352177,34.418753,40.142317,-0.624740,46.041956,0.000001
14.566667,7.666667,1,-0.902282,1.387935,0.320782,-0.328895,-0.323559,0.178617,-0.869042,0.435188,-0.025650,0.029186,-0.141085,0.439069,0.698678,0.546957,-0.361866,-0.888186,0.283158,0.640402,-0.016112,0.767871,0.041549,-0.830720,1.359184,0.101525,0.068124,0.002668,0.222201,-0.421948,0.195815,0.882805,-0.065362,15.207994,5.232642,0.000000,1,0.051505,3.266472,34.239427,40.187869,-0.609519,46.103253,0.000000
14.600000,7.700000,1,-0.901958,1.387241,0.321989,-0.328645,-0.323828,0.178769,-0.869005,0.435551,-0.024976,0.030392,-0.141437,0.438966,0.698578,0.547077,-0.361405,-0.888524,0.282687,0.640180,-0.016032,0.768057,0.042885,-0.830720,1.359184,0.101525,0.067429,0.002993,0.223407,-0.422127,0.195495,0.882801,-0.065206,16.102353,4.653890,0.000000,1,0.051243,3.177913,34.056579,40.231603,-0.593786,46.164395,0.000000
14.633333,7.733333,1,-0.901657,1.386561,0.323181,-0.328256,-0.324734,0.179066,-0.868753,0.435917,-0.024329,0.031584,-0.142422,0.439022,0.698222,0.547231,-0.360508,-0.889230,0.281610,0.639125,-0.015595,0.768945,0.042134,-0.830720,1.359184,0.101525,0.066762,0.003320,0.224599,-0.422868,0.194859,0.882615,-0.064837,16.995997,4.151721,0.000000,1,0.051042,3.093001,33.877445,40.272190,-0.578674,46.222963,0.000000
14.666667,7.766667,1,-0.901402,1.385902,0.324312,-0.327440,-0.325924,0.179363,-0.868554,0.436294,-0.023731,0.032715,-0.143851,0.438824,0.697913,0.547410,-0.359299,-0.890340,0.279642,0.637839,-0.015553,0.770013,0.040005,-0.830720,1.359184,0.101525,0.066146,0.003659,0.225732,-0.423758,0.193731,0.882462,-0.064487,17.702274,3.674914,0.000000,1,0.051192,3.014346,33.711046,40.304033,-0.564649,46.273817,0.000000
14.700000,7.800000,1,-0.901220,1.385217,0.325376,-0.326632,-0.326473,0.179638,-0.868595,0.436735,-0.023174,0.033779,-0.144703,0.438346,0.697829,0.547676,-0.358224,-0.891228,0.278187,0.637508,-0.015808,0.770282,0.038373,-0.830720,1.359184,0.101525,0.065578,0.004064,0.226804,-0.424043,0.192791,0.882549,-0.064243,18.646834,3.359249,0.000000,1,0.052038,2.940723,33.564115,40.316042,-0.551514,46.309415,0.000000
14.733333,7.833333,1,-0.901078,1.384478,0.326440,-0.326331,-0.326196,0.180017,-0.868734,0.437244,-0.022618,0.034842,-0.144589,0.437954,0.697783,0.548078,-0.357409,-0.891526,0.278281,0.638232,-0.015615,0.769686,0.039085,-0.830720,1.359184,0.101525,0.065015,0.004536,0.227880,-0.423685,0.192571,0.882791,-0.063935,19.460149,3.322993,0.000000,1,0.052622,2.866921,33.425051,40.313835,-0.538346,46.335570,0.000000
14.766667,7.866667,1,-0.900878,1.383736,0.327434,-0.326069,-0.325665,0.180318,-0.868969,0.437720,-0.022014,0.035835,-0.144230,0.437483,0.697858,0.548452,-0.356795,-0.891681,0.278573,0.639287,-0.015617,0.768809,0.037694,-0.830720,1.359184,0.101525,0.064403,0.004983,0.228882,-0.423100,0.192461,0.883110,-0.063734,20.022573,3.507753,0.000000,1,0.052561,2.787292,33.295377,40.311683,-0.524130,46.359580,0.000000
14.800000,7.900000,1,-0.900613,1.383001,0.328308,-0.324905,-0.325549,0.180355,-0.869441,0.438151,-0.021361,0.036709,-0.144645,0.436389,0.698264,0.548699,-0.356016,-0.892515,0.276892,0.640030,-0.016989,0.768162,0.035185,-0.830720,1.359184,0.101525,0.063745,0.005395,0.229761,-0.422662,0.191369,0.883547,-0.063867,20.584915,3.637251,0.000000,1,0.052669,2.702099,33.182085,40.308343,-0.508911,46.379117,0.000000
14.833333,7.933333,1,-0.900401,1.382299,0.329139,-0.323146,-0.326113,0.180489,-0.869857,0.438586,-0.020771,0.037539,-0.145934,0.435068,0.698577,0.549007,-0.354588,-0.894031,0.273818,0.640066,-0.018614,0.768094,0.033240,-0.830720,1.359184,0.101525,0.063151,0.005811,0.230599,-0.422699,0.189511,0.883928,-0.063889,21.099322,3.599722,0.000000,1,0.052849,2.624826,33.077896,40.299093,-0.495053,46.393435,0.000000
14.866667,7.966667,1,-0.900245,1.381656,0.329954,-0.322428,-0.326898,0.180685,-0.869788,0.439009,-0.020261,0.038353,-0.146957,0.434775,0.698430,0.549153,-0.353669,-0.894877,0.272238,0.639305,-0.018803,0.768724,0.031493,-0.830720,1.359184,0.101525,0.062637,0.006211,0.231422,-0.423235,0.188593,0.883883,-0.063681,21.903791,3.410150,0.000000,1,0.052680,2.557939,32.976100,40.289572,-0.482982,46.407189,0.000000
14.900000,8.000000,1,-0.900116,1.381087,0.330782,-0.322559,-0.327055,0.180705,-0.869676,0.439389,-0.019817,0.039181,-0.147039,0.434962,0.698322,0.549121,-0.353691,-0.894839,0.272333,0.639014,-0.018548,0.768972,0.030380,-0.830720,1.359184,0.101525,0.062186,0.006563,0.232258,-0.423420,0.188675,0.883782,-0.063623,22.546056,3.208295,0.000000,1,0.051998,2.499796,32.868159,40.288493,-0.472404,46.427100,0.000000
14.933333,8.033333,1,-0.899950,1.380524,0.331684,-0.322045,-0.327420,0.180490,-0.869774,0.439742,-0.019347,0.040083,-0.147595,0.434665,0.698506,0.548973,-0.353688,-0.895231,0.271047,0.638613,-0.019389,0.769284,0.032289,-0.830720,1.359184,0.101525,0.061706,0.006885,0.233166,-0.423628,0.188080,0.883791,-0.063861,23.296092,3.294842,0.000000,1,0.051109,2.438620,32.744303,40.298804,-0.461274,46.457059,0.000000
14.966667,8.066667,1,-0.899748,1.379901,0.332651,-0.319848,-0.327895,0.180614,-0.870380,0.440121,-0.018813,0.041049,-0.148999,0.432911,0.698993,0.549359,-0.352007,-0.897004,0.267349,0.638990,-0.021584,0.768912,0.035034,-0.830720,1.359184,0.101525,0.061160,0.007233,0.234137,-0.423457,0.185824,0.884343,-0.063960,23.961523,3.339733,0.000000,1,0.050870,2.369215,32.611877,40.309280,-0.448703,46.489228,0.000000
15.000000,8.100000,1,-0.899599,1.379303,0.333572,-0.318191,-0.327754,0.180947,-0.870971,0.440513,-0.018335,0.041970,-0.149610,0.431366,0.699373,0.549924,-0.350400,-0.898278,0.265171,0.640131,-0.023013,0.767921,0.033262,-0.830720,1.359184,0.101525,0.060673,0.007593,0.235066,-0.422848,0.184259,0.884969,-0.063857,24.701057,3.277538,0.000000,1,0.051081,2.307057,32.489440,40.312461,-0.437391,46.515152,0.000000
15.033333,8.133333,1,-0.899496,1.378743,0.334434,-0.318413,-0.327677,0.180888,-0.870931,0.440900,-0.017917,0.042831,-0.149443,0.431530,0.699364,0.549853,-0.350656,-0.898073,0.265527,0.640117,-0.022886,0.767937,0.030966,-0.830720,1.359184,0.101525,0.060247,0.007949,0.235937,-0.422840,0.184495,0.884921,-0.063898,25.627782,3.195802,0.000000,1,0.051236,2.252495,32.377846,40.310462,-0.427398,46.535776,0.000000
15.066667,8.166667,1,-0.899416,1.378172,0.335336,-0.318911,-0.328039,0.180242,-0.870746,0.441311,-0.017512,0.043733,-0.149546,0.432137,0.699488,0.549191,-0.352050,-0.897553,0.265441,0.639057,-0.023294,0.768807,0.032136,-0.830720,1.359184,0.101525,0.059834,0.008326,0.236850,-0.423342,0.184887,0.884560,-0.064442,26.329286,3.087546,0.000000,1,0.051132,2.199520,32.262087,40.306348,-0.417679,46.556363,0.000000
15.100000,8.200000,1,-0.899310,1.377620,0.336297,-0.317404,-0.327496,0.179873,-0.871577,0.441692,-0.017096,0.044692,-0.149730,0.430544,0.700395,0.549235,-0.351844,-0.898294,0.263200,0.640432,-0.025945,0.767576,0.033392,-0.830720,1.359184,0.101525,0.059406,0.008669,0.237819,-0.422414,0.183592,0.885226,-0.065086,26.848457,3.022680,0.000000,1,0.050325,2.145419,32.133348,40.312461,-0.407746,46.585658,0.000000
15.133333,8.233333,1,-0.899161,1.377085,0.337279,-0.314506,-0.326203,0.180144,-0.873056,0.442033,-0.016657,0.045674,-0.149863,0.427375,0.701595,0.550143,-0.349768,-0.900050,0.259948,0.643859,-0.029388,0.764580,0.033842,-0.830720,1.359184,0.101525,0.058953,0.008972,0.238806,-0.420367,0.181153,0.886681,-0.065357,27.569012,3.020939,0.000000,1,0.049588,2.088782,31.996579,40.327973,-0.397358,46.622002,0.000000
15.166667,8.266667,1,-0.898972,1.376599,0.338193,-0.312662,-0.325783,0.180317,-0.873838,0.442311,-0.016215,0.046588,-0.150308,0.425537,0.702217,0.550651,-0.348381,-0.901277,0.257547,0.645430,-0.031402,0.763174,0.031576,-0.830720,1.359184,0.101525,0.058495,0.009217,0.239722,-0.419446,0.179489,0.887447,-0.065473,28.230821,3.052216,0.000000,1,0.049079,2.032041,31.864927,40.350339,-0.386940,46.660846,0.000000
15.200000,8.300000,1,-0.898761,1.376150,0.338989,-0.312528,-0.325867,0.180215,-0.873876,0.442545,-0.015778,0.047384,-0.150443,0.425454,0.702297,0.550577,-0.348465,-0.901350,0.257179,0.645323,-0.031708,0.763251,0.028132,-0.830720,1.359184,0.101525,0.058044,0.009426,0.240517,-0.419490,0.179338,0.887448,-0.065584,28.913227,3.053964,0.000000,1,0.049101,1.976230,31.749299,40.371573,-0.376683,46.695271,0.000000
15.233333,8.333333,1,-0.898518,1.375689,0.339716,-0.312611,-0.326365,0.180148,-0.873674,0.442770,-0.015307,0.048111,-0.150852,0.425751,0.702147,0.550427,-0.348548,-0.901411,0.256850,0.644510,-0.031532,0.763946,0.026849,-0.830720,1.359184,0.101525,0.057561,0.009631,0.241242,-0.419988,0.179280,0.887226,-0.065575,29.497558,3.010228,0.000000,1,0.049254,1.916219,31.644769,40.389102,-0.365697,46.725092,0.000000
15.266667,8.366667,1,-0.898243,1.375181,0.340481,-0.312092,-0.327572,0.180144,-0.873409,0.443013,-0.014783,0.048876,-0.152165,0.425825,0.701914,0.550306,-0.348019,-0.902125,0.255055,0.642943,-0.031674,0.765259,0.028752,-0.830720,1.359184,0.101525,0.057025,0.009856,0.242004,-0.420985,0.178439,0.886929,-0.065486,29.920586,2.944993,0.000000,1,0.049088,1.849579,31.535784,40.405858,-0.353554,46.755657,0.000000
15.300000,8.400000,1,-0.898053,1.374629,0.341337,-0.310707,-0.328494,0.180552,-0.873472,0.443342,-0.014302,0.049731,-0.153608,0.424998,0.701790,0.550702,-0.346265,-0.903520,0.252494,0.642387,-0.032208,0.765703,0.031059,-0.830720,1.359184,0.101525,0.056533,0.010158,0.242863,-0.421458,0.176836,0.887052,-0.065126,30.401262,2.935787,0.000000,1,0.049306,1.787935,31.421056,40.411710,-0.342289,46.781827,0.000000
15.333333,8.433333,1,-0.897975,1.374026,0.342256,-0.309521,-0.329573,0.180660,-0.873465,0.443780,-0.013877,0.050650,-0.155102,0.424418,0.701737,0.550797,-0.345131,-0.904686,0.249855,0.641373,-0.032983,0.766520,0.033075,-0.830720,1.359184,0.101525,0.056101,0.010561,0.243794,-0.422143,0.175386,0.887021,-0.065024,30.727986,2.950232,0.000000,1,0.050010,1.733148,31.308162,40.399574,-0.332232,46.797948,0.000000
15.366667,8.466667,1,-0.897898,1.373400,0.343204,-0.308561,-0.331238,0.180477,-0.873213,0.444237,-0.013441,0.051598,-0.157021,0.424301,0.701597,0.550523,-0.344539,-0.905738,0.246844,0.639241,-0.033787,0.768264,0.034170,-0.830720,1.359184,0.101525,0.055659,0.010982,0.244756,-0.423455,0.173996,0.886663,-0.065111,31.353520,2.979193,0.000000,1,0.049970,1.676967,31.192738,40.385368,-0.321930,46.813641,0.000000
15.400000,8.500000,1,-0.897799,1.372723,0.344206,-0.306928,-0.332801,0.180876,-0.873111,0.444722,-0.012957,0.052599,-0.159149,0.423539,0.701330,0.550838,-0.342499,-0.907450,0.243370,0.637827,-0.034385,0.769412,0.036400,-0.830720,1.359184,0.101525,0.055167,0.011430,0.245770,-0.424465,0.171974,0.886605,-0.064703,32.119301,2.961924,0.000000,1,0.049931,1.614690,31.071614,40.369246,-0.310564,46.829742,0.000000
15.433333,8.533333,1,-0.897747,1.372015,0.345142,-0.305205,-0.333494,0.181678,-0.873284,0.445259,-0.012491,0.053533,-0.160537,0.422307,0.701129,0.551636,-0.339850,-0.909129,0.240805,0.637945,-0.034709,0.769300,0.035234,-0.830720,1.359184,0.101525,0.054699,0.011934,0.246723,-0.424613,0.170101,0.886945,-0.064012,32.707709,2.896060,0.000000,1,0.050816,1.554729,30.968360,40.336772,-0.299606,46.832764,0.000000
15.466667,8.566667,1,-0.897751,1.371312,0.345983,-0.304365,-0.333542,0.182095,-0.873472,0.445826,-0.012073,0.054373,-0.160955,0.421578,0.701111,0.552095,-0.338569,-0.909870,0.239808,0.638450,-0.034926,0.768870,0.032873,-0.830720,1.359184,0.101525,0.054284,0.012470,0.247583,-0.424410,0.169269,0.887225,-0.063687,33.266814,2.862887,0.000000,1,0.051668,1.500801,30.885679,40.290075,-0.289699,46.823228,0.000000
15.500000,8.600000,1,-0.897783,1.370604,0.346865,-0.304192,-0.333370,0.182349,-0.873545,0.446414,-0.011674,0.055254,-0.160878,0.421347,0.701063,0.552355,-0.338044,-0.910042,0.239894,0.638899,-0.034741,0.768505,0.033958,-0.830720,1.359184,0.101525,0.053888,0.013023,0.248488,-0.424192,0.169145,0.887368,-0.063474,33.848764,2.840622,0.000000,1,0.051698,1.449303,30.798849,40.241552,-0.280209,46.813829,0.000000
15.533333,8.633333,1,-0.897852,1.369895,0.347764,-0.304400,-0.333713,0.182314,-0.873349,0.447025,-0.011303,0.056151,-0.161092,0.421685,0.700903,0.552236,-0.338168,-0.909989,0.239919,0.638268,-0.034433,0.769044,0.034403,-0.830720,1.359184,0.101525,0.053521,0.013597,0.249410,-0.424576,0.169250,0.887167,-0.063437,34.457676,2.838965,0.000000,1,0.051899,1.401416,30.712542,40.188804,-0.271343,46.802128,0.000000
15.566667,8.666667,1,-0.897922,1.369187,0.348569,-0.305243,-0.334482,0.181767,-0.872874,0.447635,-0.010934,0.056954,-0.161406,0.422782,0.700725,0.551533,-0.339520,-0.909424,0.240155,0.636467,-0.034134,0.770549,0.032231,-0.830720,1.359184,0.101525,0.053158,0.014176,0.250239,-0.425557,0.169858,0.886556,-0.063784,35.200650,2.802000,0.000000,1,0.052478,1.353855,30.642882,40.128455,-0.262535,46.782392,0.000000
15.600000,8.700000,1,-0.897928,1.368468,0.349287,-0.306294,-0.334885,0.181531,-0.872401,0.448215,-0.010508,0.057671,-0.161298,0.423902,0.700407,0.551108,-0.340526,-0.908749,0.241284,0.635251,-0.033173,0.771593,0.030486,-0.830720,1.359184,0.101525,0.052740,0.014734,0.250979,-0.426241,0.170764,0.886049,-0.063837,35.966615,2.796179,0.000000,1,0.052720,1.299374,30.584788,40.067686,-0.252530,46.759740,0.000000
15.633333,8.733333,1,-0.897958,1.367656,0.350059,-0.306601,-0.335262,0.181954,-0.872059,0.448885,-0.010044,0.058442,-0.161500,0.424347,0.699913,0.551334,-0.339896,-0.908836,0.241843,0.634709,-0.031920,0.772092,0.033636,-0.830720,1.359184,0.101525,0.052288,0.015379,0.251776,-0.426673,0.170946,0.885843,-0.063316,36.565888,2.776794,0.000000,1,0.053610,1.240175,30.528322,39.992288,-0.241721,46.728927,0.000000
15.666667,8.766667,1,-0.898071,1.366757,0.350897,-0.305924,-0.336149,0.182272,-0.871890,0.449674,-0.009595,0.059278,-0.162596,0.424136,0.699622,0.551544,-0.338724,-0.909669,0.240349,0.633819,-0.031815,0.772827,0.037021,-0.830720,1.359184,0.101525,0.051855,0.016139,0.252647,-0.427313,0.170037,0.885735,-0.062959,37.155345,2.758992,0.000000,1,0.054845,1.182670,30.475148,39.896728,-0.231217,46.686564,0.000000
15.700000,8.800000,1,-0.898183,1.365907,0.351590,-0.305269,-0.337171,0.182001,-0.871781,0.450423,-0.009175,0.059969,-0.163803,0.424005,0.699647,0.551255,-0.338573,-0.910274,0.238262,0.632462,-0.032675,0.773902,0.033069,-0.830720,1.359184,0.101525,0.051452,0.016866,0.253372,-0.428104,0.169123,0.885513,-0.063179,37.751629,2.741010,0.000000,1,0.055377,1.128960,30.442952,39.797749,-0.221361,46.637413,0.000000
15.733333,8.833333,1,-0.898217,1.365185,0.352003,-0.304596,-0.336718,0.182167,-0.872157,0.451022,-0.008768,0.060380,-0.163697,0.423202,0.699908,0.551572,-0.337942,-0.910654,0.237707,0.633547,-0.033337,0.772986,0.024989,-0.830720,1.359184,0.101525,0.051065,0.017460,0.253808,-0.427481,0.168598,0.885915,-0.063156,38.279716,2.760843,0.000000,1,0.055495,1.077450,30.441544,39.708233,-0.211872,46.586096,0.000000
15.766667,8.866667,1,-0.898214,1.364522,0.352288,-0.304427,-0.335409,0.182644,-0.872620,0.451550,-0.008367,0.060664,-0.162600,0.422467,0.700108,0.552206,-0.337259,-0.910594,0.238903,0.635822,-0.033179,0.771123,0.021626,-0.830720,1.359184,0.101525,0.050685,0.017992,0.254113,-0.426180,0.168793,0.886525,-0.062869,38.794886,2.751098,0.000000,1,0.055710,1.027043,30.453871,39.623559,-0.202570,46.534288,0.000000
15.800000,8.900000,1,-0.898250,1.363850,0.352552,-0.304698,-0.334542,0.182854,-0.872814,0.452109,-0.007992,0.060927,-0.161703,0.422324,0.700186,0.552481,-0.337235,-0.910260,0.240207,0.637096,-0.032816,0.770085,0.021692,-0.830720,1.359184,0.101525,0.050333,0.018554,0.254399,-0.425430,0.169294,0.886799,-0.062738,39.171013,2.742608,0.000000,1,0.056453,0.979703,30.473783,39.530587,-0.193800,46.476399,0.000000
15.833333,8.933333,1,-0.898287,1.363066,0.352882,-0.305498,-0.335272,0.182369,-0.872356,0.452758,-0.007550,0.061256,-0.162000,0.423364,0.699994,0.551840,-0.338456,-0.909739,0.240461,0.635400,-0.032470,0.771501,0.025542,-0.830720,1.359184,0.101525,0.049917,0.019206,0.254755,-0.426360,0.169870,0.886221,-0.063032,39.640811,2.741931,0.000000,1,0.057424,0.924203,30.493301,39.423793,-0.183662,46.411361,0.000000
15.866667,8.966667,1,-0.898300,1.362164,0.353297,-0.305488,-0.336246,0.182429,-0.871972,0.453488,-0.007018,0.061669,-0.162877,0.423790,0.699625,0.551722,-0.338147,-0.910049,0.239723,0.633946,-0.032009,0.772714,0.029807,-0.830720,1.359184,0.101525,0.049412,0.019939,0.255198,-0.427278,0.169586,0.885847,-0.062841,40.087632,2.699453,0.000000,1,0.058253,0.857529,30.508265,39.306437,-0.171647,46.341925,0.000000
15.900000,9.000000,1,-0.898301,1.361262,0.353738,-0.302948,-0.335246,0.184028,-0.872907,0.454211,-0.006477,0.062108,-0.163113,0.421074,0.699746,0.553576,-0.333895,-0.912091,0.237917,0.637360,-0.032501,0.769881,0.030108,-0.830720,1.359184,0.101525,0.048897,0.020662,0.255666,-0.425570,0.167386,0.887169,-0.061668,40.670475,2.697745,0.000000,1,0.058344,0.790059,30.518639,39.191796,-0.159507,46.275253,0.000000
15.933333,9.033333,1,-0.898237,1.360311,0.354249,-0.301481,-0.334605,0.185001,-0.873455,0.454934,-0.005854,0.062618,-0.163193,0.419476,0.699801,0.554694,-0.331365,-0.913263,0.236956,0.639440,-0.032708,0.768145,0.032452,-0.830720,1.359184,0.101525,0.048299,0.021387,0.256201,-0.424522,0.166131,0.887957,-0.060948,41.391087,2.642411,0.000000,1,0.058296,0.712776,30.517468,39.081866,-0.145726,46.214065,0.000000
15.966667,9.066667,1,-0.898057,1.359260,0.354806,-0.302473,-0.336116,0.183972,-0.872749,0.455667,-0.005079,0.063173,-0.164104,0.421037,0.699632,0.553456,-0.333513,-0.912618,0.236426,0.636242,-0.032829,0.770790,0.036083,-0.830720,1.359184,0.101525,0.047546,0.022127,0.256779,-0.426262,0.166684,0.886969,-0.061668,42.396807,2.620485,0.000000,1,0.058600,0.617018,30.509879,38.973198,-0.128861,46.155226,0.000000
16.000000,9.100000,1,-0.897822,1.358260,0.355332,-0.302098,-0.337161,0.183230,-0.872632,0.456326,-0.004290,0.063698,-0.165207,0.421166,0.699860,0.552740,-0.334370,-0.912841,0.234348,0.634523,-0.034195,0.772147,0.034628,-0.830720,1.359184,0.101525,0.046778,0.022796,0.257320,-0.427167,0.166044,0.886608,-0.062328,42.910163,2.607331,0.000000,1,0.058180,0.519987,30.499415,38.876678,-0.111792,46.103756,0.000000
16.033333,9.133333,1,-0.897544,1.357327,0.355788,-0.299125,-0.336054,0.184470,-0.873821,0.456906,-0.003508,0.064153,-0.165541,0.418014,0.700369,0.554386,-0.330504,-0.914946,0.231603,0.638153,-0.035841,0.769075,0.032252,-0.830720,1.359184,0.101525,0.046013,0.023391,0.257787,-0.425246,0.163462,0.888061,-0.061586,43.583195,2.633617,0.000000,1,0.057870,0.424075,30.491656,38.790982,-0.094921,46.057593,0.000000
16.066667,9.166667,1,-0.897247,1.356296,0.356227,-0.298169,-0.336237,0.185138,-0.873936,0.457552,-0.002651,0.064592,-0.166131,0.417241,0.700174,0.555038,-0.328667,-0.915879,0.230528,0.638613,-0.035686,0.768700,0.034786,-0.830720,1.359184,0.101525,0.045179,0.024057,0.258239,-0.425131,0.162475,0.888338,-0.060999,44.124274,2.618364,0.000000,1,0.059130,0.319199,30.494850,38.690229,-0.076577,46.000770,0.000000
16.100000,9.200000,1,-0.896904,1.355205,0.356683,-0.299159,-0.337834,0.184256,-0.873168,0.458218,-0.001721,0.065047,-0.167120,0.418838,0.699883,0.553904,-0.330524,-0.915328,0.230063,0.635344,-0.035532,0.771411,0.036927,-0.830720,1.359184,0.101525,0.044273,0.024746,0.258707,-0.426947,0.162999,0.887332,-0.061559,44.735637,2.615001,0.000000,1,0.059703,0.205819,30.498408,38.585646,-0.056843,45.941907,0.000000
16.133333,9.233333,1,-0.896526,1.354246,0.357106,-0.298300,-0.338413,0.183463,-0.873405,0.458757,-0.000843,0.065469,-0.168020,0.418326,0.700450,0.553301,-0.331254,-0.915694,0.227541,0.634546,-0.037723,0.771964,0.033417,-0.830720,1.359184,0.101525,0.043411,0.025308,0.259135,-0.427277,0.162024,0.887294,-0.062393,45.343709,2.608687,0.000000,1,0.058546,0.098981,30.492921,38.504121,-0.038212,45.897787,0.000000
16.166667,9.266667,1,-0.896227,1.353449,0.357446,-0.296370,-0.337998,0.183568,-0.874199,0.459216,-0.000126,0.065809,-0.168509,0.416414,0.701114,0.553754,-0.329922,-0.916828,0.224894,0.636150,-0.039911,0.770532,0.027486,-0.830720,1.359184,0.101525,0.042710,0.025785,0.259481,-0.426338,0.160277,0.888049,-0.062580,45.788280,2.596808,0.000000,1,0.058049,0.011971,30.491663,38.433218,-0.022875,45.858493,0.000000
16.200000,9.300000,1,-0.896028,1.352644,0.357807,-0.295681,-0.337441,0.183503,-0.874662,0.459740,0.000517,0.066169,-0.168317,0.415549,0.701555,0.553903,-0.329722,-0.917075,0.224180,0.637300,-0.041021,0.769524,0.027132,-0.830720,1.359184,0.101525,0.042085,0.026322,0.259854,-0.425618,0.159770,0.888469,-0.062807,46.424502,2.613609,0.000000,1,0.058821,-0.065901,30.495255,38.349756,-0.009069,45.811338,0.000000
16.233333,9.333333,1,-0.895862,1.351779,0.358200,-0.295194,-0.336918,0.183052,-0.875122,0.460333,0.001170,0.066562,-0.168065,0.414879,0.702168,0.553706,-0.330328,-0.917042,0.223423,0.638136,-0.042570,0.768746,0.028958,-0.830720,1.359184,0.101525,0.041453,0.026926,0.260264,-0.424999,0.159456,0.888780,-0.063396,46.952245,2.606582,0.000000,1,0.059716,-0.144774,30.502140,38.253899,0.004871,45.756785,0.000000
16.266667,9.366667,1,-0.895712,1.350846,0.358605,-0.294586,-0.337135,0.182298,-0.875401,0.460989,0.001851,0.066966,-0.168530,0.414430,0.702754,0.553157,-0.331230,-0.917154,0.221619,0.637779,-0.044531,0.768931,0.030835,-0.830720,1.359184,0.101525,0.040796,0.027593,0.260687,-0.425055,0.158823,0.888809,-0.064207,47.575586,2.599710,0.000000,1,0.060764,-0.226796,30.515403,38.145114,0.019294,45.693815,0.000000
16.300000,9.400000,1,-0.895538,1.349888,0.359004,-0.294305,-0.338379,0.181395,-0.875203,0.461651,0.002565,0.067364,-0.169769,0.414731,0.702982,0.552261,-0.332372,-0.917277,0.219390,0.635642,-0.046012,0.770612,0.031565,-0.830720,1.359184,0.101525,0.040106,0.028269,0.261105,-0.426180,0.158220,0.888321,-0.064991,47.957843,2.605751,0.000000,1,0.061253,-0.312692,30.530968,38.033999,0.034311,45.629144,0.000000
16.333333,9.433333,1,-0.895387,1.348974,0.359351,-0.294446,-0.339519,0.180646,-0.874869,0.462291,0.003236,0.067709,-0.170727,0.415365,0.703020,0.551441,-0.333530,-0.917176,0.218050,0.633520,-0.046770,0.772311,0.029680,-0.830720,1.359184,0.101525,0.039461,0.028924,0.261469,-0.427320,0.158052,0.887759,-0.065581,48.358656,2.592692,0.000000,1,0.061592,-0.393108,30.553201,37.923190,0.048392,45.563159,0.000000
16.366667,9.466667,1,-0.895281,1.348079,0.359659,-0.294064,-0.339636,0.180456,-0.874991,0.462943,0.003859,0.068016,-0.171001,0.415075,0.703214,0.551327,-0.333594,-0.917358,0.217183,0.633445,-0.047503,0.772328,0.028588,-0.830720,1.359184,0.101525,0.038865,0.029591,0.261798,-0.427329,0.157655,0.887809,-0.065804,48.858482,2.583765,0.000000,1,0.062278,-0.467532,30.583691,37.806723,0.061454,45.492268,0.000000
16.400000,9.500000,1,-0.895174,1.347159,0.359976,-0.293310,-0.339028,0.180558,-0.875459,0.463614,0.004497,0.068332,-0.170793,0.414129,0.703586,0.551628,-0.333073,-0.917696,0.216555,0.634774,-0.048408,0.771180,0.029366,-0.830720,1.359184,0.101525,0.038254,0.030277,0.262137,-0.426538,0.157096,0.888283,-0.065875,49.478909,2.576839,0.000000,1,0.062850,-0.543633,30.615511,37.686405,0.074741,45.419104,0.000000
16.433333,9.533333,1,-0.895059,1.346266,0.360247,-0.292574,-0.338359,0.180597,-0.875956,0.464259,0.005126,0.068602,-0.170522,0.413172,0.704012,0.551886,-0.332688,-0.917979,0.215949,0.636159,-0.049421,0.769974,0.028201,-0.830720,1.359184,0.101525,0.037654,0.030939,0.262428,-0.425696,0.156573,0.888769,-0.066016,50.135273,2.565977,0.000000,1,0.063185,-0.618317,30.652232,37.567847,0.087748,45.345857,0.000000
16.466667,9.566667,1,-0.894900,1.345453,0.360402,-0.291712,-0.337729,0.180433,-0.876520,0.464814,0.005742,0.068756,-0.170342,0.412119,0.704589,0.551993,-0.332574,-0.918258,0.214932,0.637454,-0.050923,0.768804,0.025286,-0.830720,1.359184,0.101525,0.037065,0.031518,0.262598,-0.424861,0.155922,0.889256,-0.066372,50.789746,2.559199,0.000000,1,0.063174,-0.691465,30.697402,37.459799,0.100454,45.276435,0.000000
16.500000,9.600000,1,-0.894700,1.344759,0.360397,-0.291081,-0.336759,0.180167,-0.877157,0.465247,0.006320,0.068751,-0.169754,0.411121,0.705276,0.552041,-0.332869,-0.918261,0.214464,0.639103,-0.052461,0.767330,0.021676,-0.830720,1.359184,0.101525,0.036513,0.031984,0.262603,-0.423773,0.155591,0.889797,-0.066850,51.374034,2.546865,0.000000,1,0.063083,-0.760061,30.754099,37.365845,0.112376,45.212068,0.000000
16.533333,9.633333,1,-0.894518,1.344168,0.360316,-0.290473,-0.335592,0.179846,-0.877872,0.465609,0.006820,0.068669,-0.168980,0.410055,0.706056,0.552073,-0.333322,-0.918172,0.214142,0.641007,-0.054140,0.765623,0.018690,-0.830720,1.359184,0.101525,0.036036,0.032378,0.262529,-0.422505,0.155338,0.890402,-0.067407,51.930041,2.522853,0.000000,1,0.062986,-0.819427,30.814491,37.281747,0.122771,45.152323,0.000000
16.566667,9.666667,1,-0.894399,1.343609,0.360311,-0.289297,-0.334919,0.179467,-0.878594,0.465984,0.007251,0.068664,-0.168901,0.408703,0.706870,0.552059,-0.333407,-0.918528,0.212474,0.642408,-0.056386,0.764286,0.017143,-0.830720,1.359184,0.101525,0.035627,0.032777,0.262534,-0.421548,0.154402,0.890972,-0.068023,52.368435,2.521813,0.000000,1,0.062825,-0.870366,30.863877,37.200169,0.131775,45.096681,0.000000
16.600000,9.700000,1,-0.894356,1.343004,0.360434,-0.287719,-0.334602,0.179119,-0.879304,0.466442,0.007650,0.068785,-0.169319,0.407148,0.707661,0.552067,-0.333106,-0.919228,0.209904,0.643477,-0.058906,0.763196,0.018568,-0.830720,1.359184,0.101525,0.035251,0.033249,0.262673,-0.420812,0.152976,0.891520,-0.068608,52.841007,2.514771,0.000000,1,0.063206,-0.917143,30.902585,37.109942,0.140078,45.038979,0.000000
16.633333,9.733333,1,-0.894341,1.342314,0.360647,-0.286574,-0.334505,0.178894,-0.879761,0.466985,0.008077,0.068997,-0.169743,0.406079,0.708169,0.552072,-0.332808,-0.919779,0.207957,0.644063,-0.060633,0.762566,0.021677,-0.830720,1.359184,0.101525,0.034847,0.033801,0.262905,-0.420404,0.151903,0.891867,-0.068986,53.246655,2.517628,0.000000,1,0.063996,-0.967140,30.937357,37.007668,0.148855,44.975767,0.000000
16.666667,9.766667,1,-0.894274,1.341560,0.360900,-0.286719,-0.334937,0.178717,-0.879585,0.467548,0.008583,0.069249,-0.170065,0.406402,0.708092,0.551835,-0.333113,-0.919729,0.207689,0.643270,-0.060633,0.763235,0.023941,-0.830720,1.359184,0.101525,0.034365,0.034376,0.263177,-0.420860,0.151925,0.891640,-0.069091,53.710446,2.500054,0.000000,1,0.064399,-1.026415,30.968440,36.903305,0.159058,44.912370,0.000000
16.700000,9.800000,1,-0.894160,1.340739,0.361227,-0.287618,-0.335995,0.178490,-0.878934,0.468135,0.009168,0.069575,-0.170612,0.407678,0.707613,0.551339,-0.333834,-0.919378,0.208084,0.641159,-0.059648,0.765086,0.026731,-0.830720,1.359184,0.101525,0.033803,0.034975,0.263522,-0.422121,0.152500,0.890947,-0.069072,54.229608,2.502241,0.000000,1,0.064658,-1.094891,30.990923,36.798160,0.170674,44.850633,0.000000
16.733333,9.833333,1,-0.894081,1.339880,0.361582,-0.288437,-0.336972,0.178338,-0.878322,0.468776,0.009747,0.069929,-0.171122,0.408847,0.707135,0.550928,-0.334391,-0.919086,0.208478,0.639237,-0.058645,0.766771,0.027989,-0.830720,1.359184,0.101525,0.033248,0.035624,0.263898,-0.423282,0.153018,0.890313,-0.068997,54.740888,2.498596,0.000000,1,0.065483,-1.162377,31.015763,36.683480,0.182092,44.783220,0.000000
16.766667,9.866667,1,-0.894002,1.339013,0.361892,-0.288252,-0.336813,0.178571,-0.878397,0.469422,0.010332,0.070238,-0.171062,0.408610,0.707098,0.551171,-0.333898,-0.919258,0.208513,0.639668,-0.058498,0.766422,0.027732,-0.830720,1.359184,0.101525,0.032690,0.036282,0.264230,-0.423072,0.152879,0.890452,-0.068804,55.305535,2.480127,0.000000,1,0.066233,-1.230352,31.049316,36.563907,0.193537,44.711168,0.000000
16.800000,9.900000,1,-0.893836,1.338141,0.362145,-0.286737,-0.336093,0.179015,-0.879077,0.470019,0.010989,0.070490,-0.171092,0.406934,0.707507,0.551875,-0.332324,-0.920157,0.207055,0.641664,-0.059678,0.764661,0.027681,-0.830720,1.359184,0.101525,0.032059,0.036900,0.264499,-0.421951,0.151612,0.891213,-0.068631,55.906005,2.484243,0.000000,1,0.066462,-1.306850,31.086708,36.449947,0.206263,44.641335,0.000000
16.833333,9.933333,1,-0.893652,1.337311,0.362313,-0.285415,-0.335479,0.179032,-0.879739,0.470572,0.011635,0.070656,-0.171131,0.405477,0.708090,0.552188,-0.331605,-0.920777,0.205446,0.643218,-0.061355,0.763221,0.026004,-0.830720,1.359184,0.101525,0.031440,0.037478,0.264681,-0.420996,0.150509,0.891835,-0.068853,56.429013,2.473754,0.000000,1,0.066829,-1.382036,31.132906,36.339081,0.218730,44.571200,0.000000
16.866667,9.966667,1,-0.893521,1.336526,0.362382,-0.284766,-0.334976,0.178856,-0.880176,0.471120,0.012212,0.070725,-0.170970,0.404672,0.708559,0.552227,-0.331630,-0.920944,0.204657,0.644197,-0.062573,0.762296,0.023966,-0.830720,1.359184,0.101525,0.030892,0.038053,0.264767,-0.420342,0.150029,0.892199,-0.069176,56.954604,2.460468,0.000000,1,0.067733,-1.448855,31.194674,36.222496,0.229841,44.494427,0.000000
16.900000,10.000000,1,-0.893408,1.335740,0.362372,-0.284873,-0.334578,0.179160,-0.880231,0.471680,0.012775,0.070714,-0.170566,0.404590,0.708472,0.552523,-0.331251,-0.920912,0.205409,0.644875,-0.062050,0.761765,0.023819,-0.830720,1.359184,0.101525,0.030362,0.038644,0.264774,-0.419986,0.150238,0.892352,-0.068908,57.499459,2.456184,0.000000,1,0.068865,-1.513904,31.271443,36.097635,0.240625,44.409809,0.000000
16.933333,10.033333,1,-0.893272,1.334954,0.362281,-0.285945,-0.334627,0.179438,-0.879808,0.472225,0.013357,0.070621,-0.170132,0.405572,0.707970,0.552581,-0.331419,-0.920422,0.207326,0.644419,-0.060332,0.762289,0.024080,-0.830720,1.359184,0.101525,0.029815,0.039227,0.264699,-0.420327,0.151252,0.892052,-0.068493,58.026019,2.458457,0.000000,1,0.069770,-1.581086,31.360118,35.969667,0.251682,44.320910,0.000000
16.966667,10.066667,1,-0.893188,1.334197,0.362079,-0.286957,-0.334289,0.179176,-0.879660,0.472779,0.013880,0.070419,-0.169378,0.406326,0.707953,0.552279,-0.332598,-0.919621,0.208987,0.644330,-0.059774,0.762408,0.023647,-0.830720,1.359184,0.101525,0.029332,0.039822,0.264517,-0.420299,0.152328,0.891867,-0.068683,58.601947,2.453221,0.000000,1,0.071141,-1.641110,31.468201,35.832017,0.261575,44.222451,0.000000
17.000000,10.100000,1,-0.893203,1.333484,0.361742,-0.287969,-0.333091,0.178506,-0.879921,0.473356,0.014298,0.070080,-0.167854,0.406696,0.708483,0.551793,-0.334698,-0.918403,0.210980,0.645341,-0.060246,0.761515,0.023663,-0.830720,1.359184,0.101525,0.028959,0.040442,0.264203,-0.419469,0.153653,0.891975,-0.069403,59.168165,2.457807,0.000000,1,0.072944,-1.688560,31.601719,35.680158,0.269468,44.110638,0.000000
17.033333,10.133333,1,-0.893311,1.332814,0.361288,-0.289342,-0.331539,0.177703,-0.880218,0.473954,0.014615,0.069625,-0.165852,0.407231,0.709104,0.551205,-0.337333,-0.916804,0.213722,0.646643,-0.060672,0.760376,0.024488,-0.830720,1.359184,0.101525,0.028692,0.041086,0.263777,-0.418410,0.155429,0.892098,-0.070260,59.634226,2.461900,0.000000,1,0.074723,-1.723957,31.757306,35.515458,0.275443,43.987070,0.000000
17.066667,10.166667,1,-0.893499,1.332176,0.360791,-0.290528,-0.329823,0.177226,-0.880569,0.474575,0.014851,0.069126,-0.163787,0.407525,0.709628,0.550932,-0.339296,-0.915407,0.216581,0.648418,-0.060795,0.758853,0.024912,-0.830720,1.359184,0.101525,0.028509,0.041749,0.263313,-0.417132,0.157064,0.892365,-0.070830,59.979255,2.453252,0.000000,1,0.076035,-1.749532,31.923057,35.342668,0.279840,43.857135,0.000000
17.100000,10.200000,1,-0.893678,1.331545,0.360304,-0.290507,-0.327788,0.177327,-0.881315,0.475185,0.015088,0.068637,-0.161974,0.406599,0.710246,0.551355,-0.339544,-0.914912,0.218279,0.651479,-0.061370,0.756180,0.024520,-0.830720,1.359184,0.101525,0.028324,0.042402,0.262857,-0.415195,0.157614,0.893157,-0.070998,60.359579,2.427092,0.000000,1,0.076567,-1.775349,32.086294,35.172149,0.284192,43.729398,0.000000
17.133333,10.233333,1,-0.893746,1.330939,0.359876,-0.290876,-0.326416,0.177434,-0.881681,0.475709,0.015399,0.068208,-0.160580,0.406317,0.710523,0.551614,-0.339872,-0.914361,0.220068,0.653375,-0.061257,0.754552,0.022353,-0.830720,1.359184,0.101525,0.028058,0.042969,0.262453,-0.413996,0.158353,0.893581,-0.071024,60.854453,2.422182,0.000000,1,0.075692,-1.810106,32.228897,35.023463,0.289806,43.618597,0.000000
17.166667,10.266667,1,-0.893708,1.330365,0.359478,-0.292345,-0.325972,0.176993,-0.881448,0.476142,0.015775,0.067809,-0.159528,0.407433,0.710510,0.551112,-0.341653,-0.913135,0.222390,0.653148,-0.060548,0.754806,0.020958,-0.830720,1.359184,0.101525,0.027721,0.043448,0.262072,-0.414002,0.159904,0.893276,-0.071353,61.198586,2.423289,0.000000,1,0.074916,-1.852711,32.354960,34.895845,0.296525,43.523282,0.000000
17.200000,10.300000,1,-0.893605,1.329760,0.359093,-0.293487,-0.325553,0.176047,-0.881413,0.476562,0.016222,0.067423,-0.158643,0.408266,0.710901,0.550247,-0.344121,-0.911879,0.223735,0.652805,-0.061094,0.755058,0.021749,-0.830720,1.359184,0.101525,0.027312,0.043916,0.261700,-0.413954,0.161141,0.893005,-0.072230,61.553789,2.435197,0.000000,1,0.075255,-1.903685,32.477479,34.771432,0.304450,43.430737,0.000000
17.233333,10.333333,1,-0.893467,1.329084,0.358765,-0.294097,-0.324628,0.174993,-0.881760,0.477018,0.016740,0.067095,-0.157543,0.408397,0.711680,0.549458,-0.346553,-0.910756,0.224555,0.653396,-0.062615,0.754422,0.022915,-0.830720,1.359184,0.101525,0.026832,0.044421,0.261385,-0.413280,0.162011,0.893069,-0.073346,61.966391,2.430960,0.000000,1,0.075891,-1.962755,32.595546,34.642613,0.313545,43.337023,0.000000
17.266667,10.366667,1,-0.893328,1.328417,0.358518,-0.293912,-0.322801,0.174872,-0.882516,0.477466,0.017253,0.066847,-0.155988,0.407416,0.712407,0.549688,-0.347022,-0.910306,0.225649,0.656098,-0.063711,0.751982,0.021766,-0.830720,1.359184,0.101525,0.026354,0.044913,0.261151,-0.411500,0.162349,0.893798,-0.073728,62.388658,2.431033,0.000000,1,0.075706,-2.021171,32.699770,34.520489,0.322487,43.250261,0.000000
17.300000,10.400000,1,-0.893175,1.327735,0.358421,-0.292813,-0.320949,0.175152,-0.883501,0.477919,0.017786,0.066750,-0.154819,0.405607,0.713159,0.550380,-0.346226,-0.910609,0.225654,0.659426,-0.065131,0.748943,0.021156,-0.830720,1.359184,0.101525,0.025851,0.045401,0.261067,-0.409427,0.161804,0.894841,-0.073817,63.000366,2.433177,0.000000,1,0.075090,-2.081720,32.779673,34.408099,0.331694,43.174426,0.000000
17.333333,10.433333,1,-0.892950,1.326963,0.358550,-0.291590,-0.320514,0.174869,-0.884119,0.478400,0.018430,0.066877,-0.154975,0.404317,0.713838,0.550404,-0.346075,-0.911118,0.223822,0.660481,-0.067165,0.747833,0.024441,-0.830720,1.359184,0.101525,0.025231,0.045910,0.261205,-0.408679,0.160752,0.895331,-0.074307,63.625677,2.413724,0.000000,1,0.074408,-2.155149,32.827012,34.304380,0.342772,43.110734,0.000000
17.366667,10.466667,1,-0.892658,1.326021,0.358883,-0.291567,-0.321863,0.173681,-0.883871,0.478978,0.019230,0.067210,-0.156192,0.404897,0.714148,0.549231,-0.347899,-0.910948,0.221674,0.657981,-0.068808,0.749884,0.031232,-0.830720,1.359184,0.101525,0.024454,0.046511,0.261549,-0.409984,0.160375,0.894716,-0.075340,64.166661,2.403141,0.000000,1,0.074914,-2.246090,32.854051,34.192968,0.356425,43.047448,0.000000
17.400000,10.500000,1,-0.892364,1.324990,0.359253,-0.291438,-0.322843,0.172915,-0.883706,0.479625,0.020084,0.067579,-0.157128,0.405217,0.714345,0.548472,-0.348979,-0.910938,0.220013,0.656254,-0.069956,0.751290,0.034009,-0.830720,1.359184,0.101525,0.023624,0.047183,0.261932,-0.410899,0.159990,0.894309,-0.076005,65.016201,2.373236,0.000000,1,0.076138,-2.342925,32.885102,34.067963,0.370927,42.975805,0.000000
17.433333,10.533333,1,-0.892134,1.324022,0.359484,-0.289713,-0.321817,0.173622,-0.884508,0.480261,0.020850,0.067810,-0.156978,0.403217,0.714746,0.549466,-0.346891,-0.912049,0.218710,0.658864,-0.071006,0.748903,0.030650,-0.830720,1.359184,0.101525,0.022888,0.047846,0.262179,-0.409421,0.158601,0.895266,-0.075628,65.965353,2.395547,0.000000,1,0.077220,-2.429229,32.937694,33.935558,0.383831,42.895205,0.000000
17.466667,10.566667,1,-0.891926,1.323060,0.359604,-0.288018,-0.320492,0.174422,-0.885385,0.480905,0.021595,0.067929,-0.156546,0.401111,0.715171,0.550577,-0.344717,-0.913097,0.217770,0.661927,-0.071951,0.746107,0.029750,-0.830720,1.359184,0.101525,0.022176,0.048523,0.262316,-0.407665,0.157324,0.896329,-0.075190,66.561792,2.397961,0.000000,1,0.078593,-2.512869,33.010060,33.793074,0.396293,42.804674,0.000000
17.500000,10.600000,1,-0.891632,1.322093,0.359642,-0.286655,-0.319703,0.174444,-0.886109,0.481500,0.022411,0.067966,-0.156447,0.399538,0.715807,0.550922,-0.344020,-0.913720,0.216257,0.663694,-0.073710,0.744364,0.030324,-0.830720,1.359184,0.101525,0.021394,0.049161,0.262366,-0.406531,0.156231,0.897014,-0.075431,67.390108,2.487252,0.000000,1,0.079218,-2.604820,33.090433,33.653965,0.409899,42.714241,0.000000
17.533333,10.633333,1,-0.891309,1.321143,0.359593,-0.286068,-0.319271,0.174179,-0.886506,0.482065,0.023241,0.067917,-0.156322,0.398819,0.716280,0.550863,-0.344227,-0.913832,0.215450,0.664456,-0.074986,0.743556,0.030154,-0.830720,1.359184,0.101525,0.020599,0.049775,0.262327,-0.405964,0.155792,0.897314,-0.075824,68.074460,2.485062,0.000000,1,0.080030,-2.698316,33.181418,33.514618,0.423664,42.621377,0.000000
17.566667,10.666667,1,-0.891048,1.320220,0.359459,-0.286664,-0.318923,0.173921,-0.886489,0.482644,0.024005,0.067782,-0.155744,0.399197,0.716379,0.550624,-0.345114,-0.913256,0.216472,0.664565,-0.074910,0.743466,0.029054,-0.830720,1.359184,0.101525,0.019874,0.050406,0.262206,-0.405810,0.156470,0.897246,-0.076059,68.688802,2.504976,0.000000,1,0.081347,-2.783900,33.288501,33.365944,0.436219,42.519944,0.000000
