time_take_s,time_episode_s,tool_tracked,tool_world_x_m,tool_world_y_m,tool_world_z_m,tool_world_qx,tool_world_qy,tool_world_qz,tool_world_qw,tcp_robot_x_m,tcp_robot_y_m,tcp_robot_z_m,tcp_robot_qx,tcp_robot_qy,tcp_robot_qz,tcp_robot_qw,tcp_robot_rot6d_r00,tcp_robot_rot6d_r01,tcp_robot_rot6d_r02,tcp_robot_rot6d_r10,tcp_robot_rot6d_r11,tcp_robot_rot6d_r12,tcp_speed_m_s,box_world_x_m,box_world_y_m,box_world_z_m,tool_in_box_x_m,tool_in_box_y_m,tool_in_box_z_m,tool_in_box_qx,tool_in_box_qy,tool_in_box_qz,tool_in_box_qw,flap_left_deg,flap_right_deg,gripper,ik_reachable,ik_pos_err_mm,q1_deg,q2_deg,q3_deg,q4_deg,q5_deg,q6_deg
8.950000,0.000000,1,-0.836245,1.510350,0.485792,0.111051,0.223999,-0.262242,0.932052,0.297684,-0.048623,0.195114,-0.147233,0.195692,0.718201,0.651317,-0.108217,-0.993178,0.043429,0.877929,-0.074982,0.472884,0.000000,-0.817966,1.378991,0.102033,0.106602,-0.087374,0.381920,-0.267045,-0.027196,0.947400,-0.174300,0.417130,0.128434,0.000000,1,0.061606,8.423051,-8.343868,71.264247,-2.230710,78.320516,0.067999
8.983333,0.033333,1,-0.836482,1.510137,0.483222,0.114737,0.225251,-0.261584,0.931489,0.297996,-0.048657,0.192544,-0.146714,0.199550,0.718011,0.650473,-0.110720,-0.992647,0.048920,0.875540,-0.074129,0.477425,0.077696,-0.817966,1.378991,0.102033,0.106636,-0.086902,0.379374,-0.269811,-0.024432,0.946651,-0.174519,0.394913,0.142061,0.000000,1,0.039052,8.407403,-7.835454,71.201647,-2.268540,78.090266,0.064599
9.016667,0.066667,1,-0.836834,1.509981,0.480707,0.118614,0.225945,-0.261100,0.930970,0.298330,-0.048817,0.190026,-0.145609,0.203330,0.717783,0.649802,-0.113111,-0.992047,0.055218,0.873620,-0.072828,0.481128,0.076333,-0.817966,1.378991,0.102033,0.106785,-0.086377,0.376888,-0.272161,-0.021253,0.946038,-0.174610,0.392423,0.139483,0.000000,1,0.038535,8.412902,-7.328099,71.125896,-2.312017,77.850477,0.061369
9.050000,0.100000,1,-0.837258,1.509845,0.478331,0.122444,0.226296,-0.260857,0.930457,0.298692,-0.049049,0.187648,-0.144217,0.206916,0.717451,0.649347,-0.115100,-0.991431,0.061784,0.872067,-0.071069,0.484198,0.072523,-0.817966,1.378991,0.102033,0.106989,-0.085814,0.374546,-0.274178,-0.017968,0.945544,-0.174497,0.393078,0.137168,0.000000,1,0.038852,8.430262,-6.841919,71.041381,-2.357629,77.612835,0.058301
9.083333,0.133333,1,-0.837692,1.509693,0.476061,0.126632,0.227224,-0.260575,0.929749,0.299074,-0.049280,0.185375,-0.143181,0.211081,0.716965,0.648772,-0.117188,-0.990739,0.068575,0.869848,-0.069079,0.488460,0.069476,-0.817966,1.378991,0.102033,0.107183,-0.085239,0.372311,-0.276867,-0.014616,0.944853,-0.174311,0.430911,0.150654,0.000000,1,0.038889,8.447776,-6.373690,70.952173,-2.400953,77.378064,0.055386
9.116667,0.166667,1,-0.838123,1.509523,0.473831,0.130061,0.227912,-0.260359,0.929168,0.299468,-0.049498,0.183142,-0.142270,0.214459,0.716559,0.648313,-0.118898,-0.990131,0.074184,0.868087,-0.067394,0.491816,0.068350,-0.817966,1.378991,0.102033,0.107361,-0.084659,0.370115,-0.279004,-0.011839,0.944293,-0.174145,0.430425,0.167291,0.000000,1,0.038354,8.463797,-5.912189,70.859855,-2.441435,77.142002,0.052616
9.150000,0.200000,1,-0.838542,1.509336,0.471631,0.133436,0.228500,-0.260080,0.928623,0.299868,-0.049696,0.180939,-0.141293,0.217743,0.716213,0.647814,-0.120747,-0.989477,0.079723,0.866415,-0.065850,0.494964,0.067418,-0.817966,1.378991,0.102033,0.107516,-0.084080,0.367949,-0.281030,-0.009066,0.943739,-0.174057,0.409307,0.168005,0.000000,1,0.037761,8.477029,-5.456503,70.765428,-2.478687,76.904921,0.049986
9.183333,0.233333,1,-0.838883,1.509129,0.469394,0.136385,0.229065,-0.259921,0.928100,0.300237,-0.049821,0.178700,-0.140485,0.220636,0.715831,0.647433,-0.122189,-0.988897,0.084568,0.864913,-0.064300,0.497785,0.068173,-0.817966,1.378991,0.102033,0.107611,-0.083549,0.365742,-0.282843,-0.006666,0.943250,-0.173881,0.381900,0.167569,0.000000,1,0.036688,8.479863,-4.998885,70.676203,-2.509837,76.667251,0.047486
9.216667,0.266667,1,-0.839149,1.508915,0.467134,0.139218,0.228867,-0.259699,0.927790,0.300567,-0.049880,0.176440,-0.139045,0.223084,0.715666,0.647088,-0.123888,-0.988234,0.089691,0.864160,-0.063022,0.499256,0.068559,-0.817966,1.378991,0.102033,0.107654,-0.083072,0.363507,-0.283928,-0.004033,0.942940,-0.173877,0.378836,0.176174,0.000000,1,0.035741,8.473650,-4.542376,70.593232,-2.535540,76.431138,0.045112
9.250000,0.300000,1,-0.839291,1.508747,0.464945,0.142300,0.229035,-0.258955,0.927489,0.300785,-0.049869,0.174251,-0.137824,0.225916,0.715743,0.646281,-0.126652,-0.987415,0.094717,0.862868,-0.062566,0.501542,0.065999,-0.817966,1.378991,0.102033,0.107658,-0.082727,0.361335,-0.285463,-0.001328,0.942401,-0.174328,0.406521,0.188160,0.000000,1,0.035830,8.459255,-4.110970,70.529338,-2.556127,76.214311,0.042856
9.283333,0.333333,1,-0.839274,1.508625,0.462820,0.144720,0.229561,-0.257890,0.927281,0.300871,-0.049759,0.172127,-0.137221,0.228315,0.716045,0.645231,-0.129696,-0.986687,0.098120,0.861369,-0.063099,0.504046,0.063841,-0.817966,1.378991,0.102033,0.107603,-0.082539,0.359216,-0.287032,0.000632,0.941778,-0.175117,0.419948,0.190016,0.000000,1,0.035998,8.432609,-3.705875,70.489117,-2.570202,76.019917,0.040714
9.316667,0.366667,1,-0.839072,1.508491,0.460782,0.146878,0.230454,-0.256740,0.927039,0.300856,-0.049495,0.170092,-0.137063,0.230643,0.716354,0.644092,-0.132717,-0.986021,0.100740,0.859571,-0.063897,0.507007,0.061578,-0.817966,1.378991,0.102033,0.107424,-0.082497,0.357171,-0.288814,0.002196,0.941073,-0.175965,0.364077,0.197862,0.000000,1,0.036325,8.383730,-3.328824,70.469304,-2.574314,75.847192,0.038678
9.350000,0.400000,1,-0.838664,1.508299,0.458763,0.149165,0.231846,-0.255424,0.926691,0.300762,-0.049033,0.168078,-0.137296,0.233308,0.716643,0.642760,-0.136020,-0.985323,0.103139,0.857194,-0.064855,0.510894,0.062053,-0.817966,1.378991,0.102033,0.107076,-0.082585,0.355134,-0.291099,0.003658,0.940188,-0.176900,0.336782,0.182910,0.000000,1,0.035900,8.304635,-2.965710,70.466421,-2.565705,75.688161,0.036744
9.383333,0.433333,1,-0.838207,1.508098,0.456703,0.151783,0.233716,-0.253762,0.926253,0.300647,-0.048525,0.166023,-0.137810,0.236484,0.717010,0.641078,-0.140056,-0.984498,0.105587,0.854139,-0.066189,0.515816,0.063608,-0.817966,1.378991,0.102033,0.106691,-0.082705,0.353053,-0.293966,0.005214,0.939064,-0.178087,0.337403,0.188167,0.000000,1,0.034839,8.218867,-2.596748,70.466004,-2.553468,75.526762,0.034907
9.416667,0.466667,1,-0.837796,1.507919,0.454634,0.154614,0.236183,-0.251876,0.925673,0.300541,-0.048066,0.163958,-0.138765,0.240116,0.717353,0.639136,-0.144500,-0.983610,0.107847,0.850332,-0.067700,0.521874,0.063518,-0.817966,1.378991,0.102033,0.106352,-0.082801,0.350965,-0.297462,0.006702,0.937705,-0.179392,0.319794,0.196439,0.000000,1,0.034128,8.141187,-2.223294,70.460359,-2.543283,75.359756,0.033161
9.450000,0.500000,1,-0.837471,1.507751,0.452668,0.157698,0.238595,-0.249942,0.925058,0.300479,-0.047684,0.161996,-0.139557,0.243950,0.717686,0.637133,-0.149170,-0.982613,0.110541,0.846433,-0.069099,0.527992,0.059987,-0.817966,1.378991,0.102033,0.106071,-0.082841,0.348986,-0.301023,0.008443,0.936298,-0.180719,0.308256,0.209334,0.000000,1,0.034468,8.075195,-1.862982,70.445112,-2.536637,75.192756,0.031503
9.483333,0.533333,1,-0.837326,1.507606,0.450759,0.161355,0.239446,-0.248124,0.924697,0.300506,-0.047462,0.160090,-0.138696,0.247599,0.718193,0.635340,-0.154213,-0.981276,0.115398,0.843912,-0.070075,0.531886,0.057588,-0.817966,1.378991,0.102033,0.105916,-0.082754,0.347074,-0.303447,0.011385,0.935221,-0.182075,0.452443,0.201206,0.000000,1,0.034239,8.033410,-1.502084,70.410149,-2.538299,75.014510,0.029928
9.516667,0.566667,1,-0.837359,1.507518,0.448887,0.164141,0.238852,-0.246711,0.924738,0.300595,-0.047415,0.158218,-0.136928,0.249823,0.718872,0.634084,-0.158376,-0.980066,0.119950,0.843234,-0.071051,0.532830,0.056235,-0.817966,1.378991,0.102033,0.105911,-0.082562,0.345210,-0.304192,0.014175,0.934701,-0.183301,0.542337,0.201392,0.000000,1,0.033821,8.019375,-1.139260,70.359442,-2.549462,74.826526,0.028432
9.550000,0.600000,1,-0.837382,1.507475,0.447092,0.166446,0.239565,-0.245546,0.924452,0.300642,-0.047388,0.156423,-0.136544,0.252203,0.719148,0.632911,-0.161560,-0.979186,0.122853,0.841439,-0.071636,0.535582,0.053883,-0.817966,1.378991,0.102033,0.105934,-0.082410,0.343420,-0.305877,0.015952,0.933957,-0.184144,0.575522,0.198300,0.000000,1,0.034029,8.010038,-0.794054,70.315168,-2.561257,74.648872,0.027010
9.583333,0.633333,1,-0.837347,1.507458,0.445204,0.169233,0.239984,-0.244551,0.924101,0.300634,-0.047330,0.154536,-0.135681,0.254882,0.719292,0.631858,-0.164691,-0.978146,0.126910,0.839816,-0.071580,0.538132,0.056640,-0.817966,1.378991,0.102033,0.105946,-0.082313,0.341535,-0.307509,0.018288,0.933249,-0.184799,0.558321,0.205638,0.000000,1,0.032717,7.997173,-0.436555,70.277669,-2.570630,74.468654,0.025660
9.616667,0.666667,1,-0.837238,1.507456,0.443046,0.173005,0.239551,-0.243300,0.923845,0.300568,-0.047219,0.152379,-0.133617,0.258063,0.719637,0.630613,-0.168948,-0.976588,0.133164,0.838662,-0.071463,0.539944,0.064829,-0.817966,1.378991,0.102033,0.105932,-0.082270,0.339374,-0.308828,0.021890,0.932553,-0.185721,0.529598,0.194588,0.000000,1,0.029583,7.977483,-0.032896,70.243326,-2.576404,74.269258,0.024377
9.650000,0.700000,1,-0.837057,1.507445,0.440598,0.177592,0.240228,-0.241515,0.923267,0.300467,-0.047041,0.149933,-0.132186,0.262468,0.719940,0.628748,-0.174405,-0.974711,0.139721,0.835933,-0.071573,0.544145,0.073628,-0.817966,1.378991,0.102033,0.105875,-0.082259,0.336921,-0.311506,0.025746,0.931320,-0.186932,0.513805,0.194279,0.000000,1,0.026015,7.948213,0.423102,70.206977,-2.577700,74.045395,0.023158
9.683333,0.733333,1,-0.836947,1.507392,0.437939,0.182192,0.241319,-0.239716,0.922555,0.300442,-0.046894,0.147275,-0.131120,0.267071,0.720129,0.626813,-0.179825,-0.972810,0.145960,0.832736,-0.071556,0.549026,0.079857,-0.817966,1.378991,0.102033,0.105832,-0.082155,0.334261,-0.314558,0.029431,0.929952,-0.188086,0.864225,0.183585,0.000000,1,0.023198,7.922449,0.927954,70.148740,-2.579709,73.788413,0.022000
9.716667,0.766667,1,-0.836987,1.507338,0.435204,0.186586,0.242299,-0.238308,0.921784,0.300507,-0.046864,0.144540,-0.130045,0.271440,0.720091,0.625202,-0.184421,-0.971004,0.152121,0.829806,-0.070886,0.553531,0.082087,-0.817966,1.378991,0.102033,0.105880,-0.081926,0.331535,-0.317408,0.032973,0.928704,-0.188873,0.811872,0.188713,0.000000,1,0.021857,7.914208,1.458403,70.066353,-2.587642,73.507428,0.020900
9.750000,0.800000,1,-0.837134,1.507242,0.432488,0.190643,0.243278,-0.237144,0.920996,0.300671,-0.046894,0.141824,-0.129118,0.275508,0.719926,0.623803,-0.188396,-0.969331,0.157814,0.827038,-0.069930,0.557779,0.081629,-0.817966,1.378991,0.102033,0.105957,-0.081588,0.328836,-0.320101,0.036208,0.927543,-0.189441,0.511214,0.167533,0.000000,1,0.021218,7.913897,1.995000,69.962929,-2.597916,73.212507,0.019855
9.783333,0.833333,1,-0.837341,1.507050,0.429853,0.195569,0.244540,-0.235860,0.919958,0.300947,-0.046916,0.139188,-0.128059,0.280480,0.719596,0.622184,-0.192976,-0.967278,0.164719,0.823606,-0.068436,0.563018,0.079505,-0.817966,1.378991,0.102033,0.105993,-0.081148,0.326223,-0.323432,0.040102,0.926117,-0.189977,0.432379,0.179461,0.000000,1,0.020856,7.910146,2.525782,69.839805,-2.606348,72.909489,0.018862
9.816667,0.866667,1,-0.837631,1.506804,0.427298,0.200589,0.245600,-0.234478,0.918948,0.301317,-0.046972,0.136632,-0.126776,0.285447,0.719335,0.620487,-0.197847,-0.965053,0.171843,0.820302,-0.067031,0.567990,0.077498,-0.817966,1.378991,0.102033,0.106032,-0.080615,0.323695,-0.326626,0.044173,0.924678,-0.190617,0.471523,0.166659,0.000000,1,0.020486,7.909986,3.049305,69.699671,-2.615450,72.600513,0.017919
9.850000,0.900000,1,-0.838018,1.506497,0.424916,0.205230,0.247531,-0.233162,0.917739,0.301793,-0.047071,0.134249,-0.126443,0.290464,0.718867,0.618768,-0.202278,-0.963077,0.177667,0.816169,-0.065515,0.574087,0.072975,-0.817966,1.378991,0.102033,0.106078,-0.079979,0.321348,-0.330425,0.047518,0.923062,-0.191098,0.486442,0.106205,0.000000,1,0.020617,7.914780,3.548416,69.543420,-2.625732,72.293387,0.017023
9.883333,0.933333,1,-0.838485,1.506069,0.422761,0.208946,0.249230,-0.232364,0.916642,0.302415,-0.047163,0.132093,-0.126311,0.294551,0.718264,0.617562,-0.205326,-0.961554,0.182357,0.812734,-0.063715,0.579140,0.067380,-0.817966,1.378991,0.102033,0.106068,-0.079220,0.319234,-0.333594,0.050126,0.921763,-0.191195,0.461846,0.085844,0.000000,1,0.020890,7.915282,4.014444,69.368651,-2.633897,71.990425,0.016172
9.916667,0.966667,1,-0.839000,1.505586,0.420756,0.212549,0.249956,-0.232097,0.915683,0.303109,-0.047262,0.130086,-0.125358,0.298102,0.717543,0.616889,-0.207466,-0.960028,0.187893,0.810550,-0.061166,0.582466,0.063767,-0.817966,1.378991,0.102033,0.106040,-0.078399,0.317274,-0.335835,0.053049,0.920846,-0.190901,0.427294,0.095221,0.000000,1,0.020785,7.915515,4.456477,69.185276,-2.641204,71.692989,0.015363
9.950000,1.000000,1,-0.839386,1.505073,0.419006,0.215694,0.250936,-0.231438,0.914846,0.303751,-0.047244,0.128336,-0.124836,0.301356,0.717105,0.615922,-0.210111,-0.958603,0.192182,0.808122,-0.059648,0.585987,0.055928,-0.817966,1.378991,0.102033,0.105905,-0.077677,0.315560,-0.338109,0.055457,0.919847,-0.191018,0.158744,0.085490,0.000000,1,0.021750,7.897838,4.842698,69.021075,-2.641030,71.428738,0.014595
9.983333,1.033333,1,-0.839569,1.504477,0.417592,0.217736,0.253124,-0.230394,0.914023,0.304336,-0.047016,0.126924,-0.125890,0.304161,0.716850,0.614625,-0.212776,-0.957769,0.193401,0.804606,-0.059444,0.590827,0.046358,-0.817966,1.378991,0.102033,0.105573,-0.077088,0.314171,-0.340980,0.056350,0.918635,-0.191488,0.130695,0.092680,0.000000,1,0.023540,7.847386,5.155726,68.882851,-2.628217,71.208235,0.013865
10.016667,1.066667,1,-0.839634,1.503807,0.416500,0.219343,0.256344,-0.229498,0.912966,0.304909,-0.046653,0.125835,-0.128061,0.307039,0.716320,0.613363,-0.214773,-0.957367,0.193187,0.800088,-0.059027,0.596972,0.038482,-0.817966,1.378991,0.102033,0.105102,-0.076569,0.313096,-0.344570,0.056393,0.917246,-0.191708,0.131144,0.079616,0.000000,1,0.025260,7.775109,5.402799,68.761737,-2.606995,71.023844,0.013172
10.050000,1.100000,1,-0.839738,1.503104,0.415680,0.221438,0.259442,-0.228754,0.911771,0.305533,-0.046304,0.125019,-0.129906,0.310300,0.715600,0.612172,-0.216739,-0.956761,0.193993,0.795522,-0.057918,0.603150,0.032560,-0.817966,1.378991,0.102033,0.104622,-0.076014,0.312296,-0.348262,0.056926,0.915814,-0.191722,0.144624,0.099767,0.000000,1,0.026421,7.704047,5.600612,68.642126,-2.585846,70.860655,0.012514
10.083333,1.133333,1,-0.839915,1.502386,0.414945,0.224167,0.260987,-0.228046,0.910840,0.306213,-0.046006,0.124286,-0.130077,0.313434,0.715100,0.611123,-0.219217,-0.955569,0.197057,0.792487,-0.056575,0.607259,0.031287,-0.817966,1.378991,0.102033,0.104173,-0.075397,0.311586,-0.350855,0.058713,0.914686,-0.191839,0.144442,0.117065,0.000000,1,0.026220,7.640453,5.786646,68.515147,-2.567016,70.698687,0.011888
10.116667,1.166667,1,-0.839984,1.501693,0.414117,0.226551,0.261121,-0.227379,0.910379,0.306808,-0.045635,0.123461,-0.129137,0.315627,0.714996,0.610315,-0.221679,-0.954263,0.200599,0.791227,-0.055790,0.608973,0.032470,-0.817966,1.378991,0.102033,0.103680,-0.074877,0.310775,-0.352043,0.060811,0.914024,-0.192168,0.130349,0.120571,0.000000,1,0.025542,7.567281,5.983120,68.400036,-2.544144,70.538832,0.011294
10.150000,1.200000,1,-0.839881,1.501038,0.413130,0.228212,0.260646,-0.226582,0.910299,0.307268,-0.045148,0.122480,-0.127975,0.316900,0.715286,0.609559,-0.224121,-0.953129,0.203261,0.790907,-0.056024,0.609366,0.035659,-0.817966,1.378991,0.102033,0.103118,-0.074507,0.309795,-0.352376,0.062530,0.913643,-0.192815,0.134917,0.107054,0.000000,1,0.024521,7.478458,6.198396,68.303141,-2.515082,70.381053,0.010729
10.183333,1.233333,1,-0.839716,1.500420,0.411955,0.229822,0.260104,-0.225771,0.910250,0.307661,-0.044632,0.121310,-0.126775,0.318097,0.715611,0.608805,-0.226569,-0.951988,0.205875,0.790681,-0.056342,0.609631,0.040125,-0.817966,1.378991,0.102033,0.102555,-0.074197,0.308622,-0.352626,0.064232,0.913286,-0.193491,0.140731,0.097291,0.000000,1,0.022846,7.386806,6.444858,68.209583,-2.484613,70.212711,0.010192
10.216667,1.266667,1,-0.839617,1.499870,0.410745,0.231045,0.259941,-0.224967,0.910186,0.308040,-0.044209,0.120104,-0.126087,0.319117,0.715918,0.608053,-0.228748,-0.951105,0.207543,0.790158,-0.056873,0.610258,0.040001,-0.817966,1.378991,0.102033,0.102084,-0.073873,0.307417,-0.353042,0.065420,0.912900,-0.194155,0.138267,0.113274,0.000000,1,0.022171,7.310615,6.698637,68.113657,-2.459309,70.040650,0.009683
10.250000,1.300000,1,-0.839650,1.499446,0.409689,0.231586,0.259755,-0.224554,0.910204,0.308398,-0.043969,0.119050,-0.125682,0.319517,0.716120,0.607689,-0.229836,-0.950671,0.208327,0.790041,-0.057246,0.610375,0.034138,-0.817966,1.378991,0.102033,0.101791,-0.073529,0.306373,-0.353126,0.065996,0.912747,-0.194522,0.149037,0.091574,0.000000,1,0.023087,7.264797,6.923390,68.022360,-2.444340,69.883296,0.009199
10.283333,1.333333,1,-0.839827,1.499163,0.408741,0.231939,0.258910,-0.224908,0.910267,0.308731,-0.043930,0.118103,-0.124767,0.319456,0.716018,0.608029,-0.229467,-0.950434,0.209808,0.791005,-0.056496,0.609196,0.030155,-0.817966,1.378991,0.102033,0.101694,-0.073160,0.305443,-0.352523,0.066679,0.912990,-0.194243,0.161913,0.091037,0.000000,1,0.023658,7.252285,7.127895,67.934477,-2.440675,69.736509,0.008739
10.316667,1.366667,1,-0.840193,1.499060,0.407748,0.232445,0.257516,-0.225729,0.910330,0.309032,-0.044150,0.117107,-0.123289,0.319289,0.715707,0.608784,-0.228363,-0.950152,0.212278,0.792692,-0.054873,0.607147,0.031904,-0.817966,1.378991,0.102033,0.101857,-0.072747,0.304477,-0.351486,0.067732,0.913458,-0.193555,0.148596,0.083394,0.000000,1,0.023065,7.282675,7.342156,67.843309,-2.451591,69.584858,0.008302
10.350000,1.400000,1,-0.840725,1.499170,0.406665,0.233398,0.256531,-0.226681,0.910128,0.309263,-0.044629,0.116019,-0.121978,0.319706,0.715102,0.609539,-0.227167,-0.949760,0.215293,0.793772,-0.052500,0.605946,0.036336,-0.817966,1.378991,0.102033,0.102289,-0.072323,0.303427,-0.351006,0.069006,0.913747,-0.192611,0.169853,0.094655,0.000000,1,0.022263,7.356645,7.572153,67.752987,-2.477160,69.428169,0.007887
10.383333,1.433333,1,-0.841397,1.499476,0.405528,0.235278,0.256104,-0.227447,0.909573,0.309423,-0.045338,0.114873,-0.120755,0.321203,0.714271,0.609970,-0.226710,-0.948942,0.219344,0.793794,-0.049531,0.606166,0.040693,-0.817966,1.378991,0.102033,0.102965,-0.071902,0.302330,-0.351434,0.070871,0.913644,-0.191641,0.178627,0.103753,0.000000,1,0.021703,7.469567,7.810771,67.665569,-2.515710,69.270375,0.007492
10.416667,1.466667,1,-0.842180,1.499884,0.404310,0.237590,0.256351,-0.227517,0.908885,0.309568,-0.046196,0.113647,-0.119946,0.323385,0.713636,0.609720,-0.227709,-0.947814,0.223153,0.792659,-0.047327,0.607825,0.045122,-0.817966,1.378991,0.102033,0.103792,-0.071449,0.301157,-0.352669,0.072841,0.913103,-0.191210,0.149156,0.094228,0.000000,1,0.020731,7.607193,8.065987,67.572420,-2.562392,69.103721,0.007118
10.450000,1.500000,1,-0.842963,1.500313,0.403046,0.239187,0.256705,-0.227290,0.908423,0.309696,-0.047066,0.112373,-0.119553,0.324974,0.713332,0.609308,-0.228900,-0.946982,0.225456,0.791575,-0.046271,0.609317,0.046423,-0.817966,1.378991,0.102033,0.104635,-0.071005,0.299938,-0.353692,0.074126,0.912614,-0.191160,0.145746,0.093616,0.000000,1,0.020083,7.747089,8.329612,67.478263,-2.609418,68.933783,0.006762
10.483333,1.533333,1,-0.843635,1.500750,0.401855,0.240588,0.256213,-0.227607,0.908112,0.309751,-0.047853,0.111173,-0.118487,0.326010,0.712917,0.609448,-0.229068,-0.946228,0.228430,0.791716,-0.044581,0.609260,0.043078,-0.817966,1.378991,0.102033,0.105417,-0.070660,0.298784,-0.353864,0.075597,0.912521,-0.190713,0.137451,0.097699,0.000000,1,0.020593,7.875099,8.573050,67.400023,-2.651798,68.780607,0.006424
10.516667,1.566667,1,-0.844255,1.501168,0.400722,0.242047,0.255571,-0.228203,0.907756,0.309789,-0.048587,0.110033,-0.117259,0.327033,0.712338,0.609815,-0.228752,-0.945484,0.231803,0.792094,-0.042350,0.608928,0.040707,-0.817966,1.378991,0.102033,0.106151,-0.070348,0.297686,-0.353920,0.077182,0.912515,-0.190000,0.378259,0.092794,0.000000,1,0.020758,7.994975,8.803207,67.327597,-2.691043,68.636200,0.006103
10.550000,1.600000,1,-0.844916,1.501531,0.399640,0.242799,0.255500,-0.229019,0.907369,0.309897,-0.049322,0.108942,-0.116858,0.327678,0.711631,0.610371,-0.227583,-0.945301,0.233691,0.792135,-0.040149,0.609025,0.039588,-0.817966,1.378991,0.102033,0.106864,-0.069973,0.296641,-0.354165,0.077874,0.912552,-0.189080,0.630890,0.102052,0.000000,1,0.020400,8.113349,9.028846,67.245201,-2.729667,68.488881,0.005797
10.583333,1.633333,1,-0.845516,1.501806,0.398703,0.242878,0.256052,-0.229780,0.907000,0.310037,-0.049956,0.107998,-0.117313,0.327998,0.710963,0.610890,-0.226103,-0.945597,0.233931,0.791683,-0.038462,0.609721,0.034375,-0.817966,1.378991,0.102033,0.107467,-0.069603,0.295740,-0.354669,0.077687,0.912550,-0.188221,0.592636,0.103361,0.000000,1,0.020922,8.214557,9.227251,67.166034,-2.762192,68.354277,0.005508
10.616667,1.666667,1,-0.845861,1.502025,0.397927,0.243343,0.257060,-0.229848,0.906573,0.310069,-0.050356,0.107218,-0.118009,0.328866,0.710555,0.610763,-0.226085,-0.945581,0.234015,0.790344,-0.037631,0.611507,0.026318,-0.817966,1.378991,0.102033,0.107869,-0.069413,0.294984,-0.355766,0.077660,0.912184,-0.187937,0.411170,0.096394,0.000000,1,0.022416,8.280200,9.383303,67.117776,-2.782059,68.252600,0.005232
10.650000,1.700000,1,-0.845896,1.502192,0.397262,0.244173,0.257583,-0.229397,0.906315,0.309957,-0.050477,0.106552,-0.118110,0.329843,0.710532,0.610245,-0.227303,-0.945111,0.234729,0.789281,-0.037610,0.612880,0.020589,-0.817966,1.378991,0.102033,0.108039,-0.069445,0.294319,-0.356608,0.078186,0.911757,-0.188194,0.366693,0.099434,0.000000,1,0.023773,8.303973,9.503344,67.105823,-2.787214,68.184159,0.004971
10.683333,1.733333,1,-0.845767,1.502215,0.396690,0.244553,0.257045,-0.228982,0.906470,0.309861,-0.050382,0.105982,-0.117460,0.329942,0.710856,0.609939,-0.228354,-0.944668,0.235494,0.789647,-0.038225,0.612369,0.017589,-0.817966,1.378991,0.102033,0.107994,-0.069527,0.293741,-0.356310,0.078772,0.911732,-0.188636,0.422028,0.099322,0.000000,1,0.024129,8.292341,9.603246,67.101357,-2.780417,68.127737,0.004722
10.716667,1.766667,1,-0.845662,1.502087,0.396167,0.244507,0.256300,-0.228605,0.906789,0.309899,-0.050215,0.105460,-0.116814,0.329565,0.711307,0.609741,-0.229141,-0.944421,0.235717,0.790430,-0.039206,0.611297,0.016461,-0.817966,1.378991,0.102033,0.107842,-0.069503,0.293214,-0.355638,0.079067,0.911865,-0.189133,0.467619,0.095336,0.000000,1,0.023551,8.265773,9.702209,67.079046,-2.768964,68.062756,0.004486
10.750000,1.800000,1,-0.845644,1.501951,0.395573,0.245101,0.255823,-0.228165,0.906874,0.309997,-0.050113,0.104867,-0.116124,0.329882,0.711581,0.609381,-0.230340,-0.943863,0.236784,0.790633,-0.039665,0.611004,0.018304,-0.817966,1.378991,0.102033,0.107736,-0.069399,0.292622,-0.355489,0.079820,0.911769,-0.189560,0.484928,0.102085,0.000000,1,0.022520,8.248115,9.820351,67.041416,-2.760751,67.982917,0.004262
10.783333,1.833333,1,-0.845709,1.501896,0.394784,0.246950,0.255437,-0.227895,0.906549,0.310079,-0.050123,0.104078,-0.114956,0.331365,0.711418,0.608988,-0.231837,-0.942675,0.240031,0.790305,-0.038661,0.611493,0.023795,-0.817966,1.378991,0.102033,0.107751,-0.069268,0.291840,-0.355967,0.081658,0.911408,-0.189619,0.455201,0.096842,0.000000,1,0.020960,8.249323,9.977108,66.993420,-2.758940,67.883370,0.004049
10.816667,1.866667,1,-0.845843,1.501954,0.393776,0.248846,0.255152,-0.227970,0.906092,0.310113,-0.050254,0.103069,-0.113856,0.332937,0.710983,0.608845,-0.232689,-0.941571,0.243515,0.789943,-0.036921,0.612067,0.030552,-0.817966,1.378991,0.102033,0.107902,-0.069134,0.290842,-0.356547,0.083489,0.911080,-0.189307,0.444582,0.089330,0.000000,1,0.019302,8.271281,10.175433,66.938333,-2.764057,67.764708,0.003846
10.850000,1.900000,1,-0.846003,1.502086,0.392690,0.250012,0.255105,-0.228080,0.905756,0.310103,-0.050450,0.101980,-0.113294,0.333962,0.710639,0.608790,-0.233078,-0.940933,0.245603,0.789589,-0.035688,0.612598,0.033190,-0.817966,1.378991,0.102033,0.108131,-0.069021,0.289765,-0.357015,0.084557,0.910855,-0.189032,0.443947,0.091480,0.000000,1,0.018619,8.305052,10.387390,66.883929,-2.773026,67.641706,0.003654
10.883333,1.933333,1,-0.846174,1.502216,0.391645,0.251073,0.255177,-0.228041,0.905453,0.310102,-0.050654,0.100933,-0.112886,0.334945,0.710390,0.608617,-0.233684,-0.940332,0.247320,0.789090,-0.034794,0.613291,0.031988,-0.817966,1.378991,0.102033,0.108363,-0.068899,0.288732,-0.357546,0.085481,0.910587,-0.188904,0.443505,0.095939,0.000000,1,0.018553,8.339895,10.592179,66.829089,-2.782315,67.521672,0.003471
10.916667,1.966667,1,-0.846376,1.502343,0.390617,0.253187,0.255050,-0.227894,0.904937,0.310121,-0.050880,0.099902,-0.111832,0.336782,0.710004,0.608249,-0.235055,-0.939043,0.250893,0.788392,-0.033223,0.614276,0.031668,-0.817966,1.378991,0.102033,0.108610,-0.068752,0.287716,-0.358368,0.087443,0.910108,-0.188756,0.454596,0.104556,0.000000,1,0.018265,8.377828,10.795707,66.770529,-2.792630,67.400629,0.003298
10.950000,2.000000,1,-0.846725,1.502462,0.389531,0.256042,0.254828,-0.227798,0.904220,0.310236,-0.051219,0.098813,-0.110361,0.339241,0.709418,0.607835,-0.236715,-0.937295,0.255820,0.787539,-0.030906,0.615489,0.034391,-0.817966,1.378991,0.102033,0.108942,-0.068480,0.286653,-0.359429,0.090112,0.909492,-0.188457,0.454655,0.078214,0.000000,1,0.017163,8.431840,11.018574,66.689879,-2.808526,67.261179,0.003133
10.983333,2.033333,1,-0.847220,1.502595,0.388344,0.258460,0.254140,-0.228022,0.903669,0.310427,-0.051682,0.097620,-0.108666,0.341101,0.708834,0.607779,-0.237592,-0.935762,0.260575,0.787497,-0.028509,0.615658,0.038813,-0.817966,1.378991,0.102033,0.109374,-0.068093,0.285497,-0.359875,0.092588,0.909168,-0.187966,0.456057,0.103021,0.000000,1,0.015869,8.504181,11.268679,66.587150,-2.830619,67.100358,0.002976
11.016667,2.066667,1,-0.847871,1.502738,0.386997,0.260795,0.253218,-0.228532,0.903128,0.310703,-0.052273,0.096267,-0.106799,0.342784,0.708130,0.607984,-0.237899,-0.934282,0.265559,0.787846,-0.025709,0.615335,0.045064,-0.817966,1.378991,0.102033,0.109912,-0.067579,0.284192,-0.360070,0.095087,0.908984,-0.187231,0.449711,0.099463,0.000000,1,0.014352,8.595382,11.557650,66.457530,-2.859008,66.911284,0.002827
11.050000,2.100000,1,-0.848701,1.502856,0.385498,0.263107,0.252861,-0.229343,0.902351,0.311108,-0.052991,0.094761,-0.105446,0.344698,0.707084,0.608356,-0.237568,-0.933011,0.270281,0.787623,-0.022172,0.615758,0.051519,-0.817966,1.378991,0.102033,0.110541,-0.066897,0.282747,-0.360747,0.097310,0.908711,-0.186110,0.455956,0.095358,0.000000,1,0.013058,8.704141,11.887073,66.294109,-2.893220,66.689824,0.002686
11.083333,2.133333,1,-0.849671,1.502888,0.383990,0.265374,0.253401,-0.230215,0.901313,0.311665,-0.053769,0.093243,-0.104916,0.346976,0.705777,0.608670,-0.237028,-0.931977,0.274292,0.786364,-0.018259,0.617494,0.053825,-0.817966,1.378991,0.102033,0.111186,-0.066052,0.281302,-0.362198,0.099097,0.908208,-0.184800,0.455579,0.089301,0.000000,1,0.012368,8.818858,12.229765,66.101957,-2.929250,66.448905,0.002552
11.116667,2.166667,1,-0.850719,1.502830,0.382632,0.267762,0.254316,-0.230957,0.900159,0.312341,-0.054556,0.091876,-0.104669,0.349529,0.704427,0.608816,-0.236775,-0.930902,0.278134,0.784563,-0.014345,0.619883,0.051479,-0.817966,1.378991,0.102033,0.111801,-0.065099,0.280013,-0.364039,0.100831,0.907536,-0.183543,0.449554,0.102984,0.000000,1,0.012051,8.931564,12.551020,65.897005,-2.964205,66.209880,0.002424
11.150000,2.200000,1,-0.851807,1.502653,0.381455,0.269812,0.254430,-0.231699,0.899323,0.313136,-0.055306,0.090691,-0.103856,0.351419,0.703358,0.609103,-0.236415,-0.929828,0.282006,0.783841,-0.010996,0.620864,0.048368,-0.817966,1.378991,0.102033,0.112341,-0.064054,0.278911,-0.365020,0.102612,0.907162,-0.182453,0.465090,0.094124,0.000000,1,0.011754,9.035041,12.843923,65.683052,-2.995645,65.977189,0.002303
11.183333,2.233333,1,-0.852885,1.502306,0.380439,0.271466,0.254088,-0.232593,0.898691,0.314062,-0.055948,0.089667,-0.102809,0.352753,0.702400,0.609615,-0.235601,-0.928919,0.285660,0.783854,-0.007871,0.620895,0.045661,-0.817966,1.378991,0.102033,0.112735,-0.062925,0.277970,-0.365419,0.104235,0.907039,-0.181339,0.457984,0.106509,0.000000,1,0.011382,9.117400,13.112351,65.459423,-3.019687,65.748824,0.002188
11.216667,2.266667,1,-0.853857,1.501827,0.379508,0.272966,0.254099,-0.233396,0.898025,0.315029,-0.056425,0.088731,-0.102147,0.354105,0.701453,0.610032,-0.234853,-0.928159,0.288728,0.783476,-0.004940,0.621403,0.042846,-0.817966,1.378991,0.102033,0.112957,-0.061806,0.277111,-0.366065,0.105567,0.906835,-0.180286,0.461838,0.093208,0.000000,1,0.011185,9.172096,13.364200,65.238175,-3.034039,65.528060,0.002078
11.250000,2.300000,1,-0.854702,1.501262,0.378590,0.274547,0.254261,-0.233880,0.897372,0.315988,-0.056751,0.087808,-0.101586,0.355596,0.700660,0.610170,-0.234745,-0.927291,0.291593,0.782796,-0.002487,0.622273,0.041107,-0.817966,1.378991,0.102033,0.113035,-0.060737,0.276256,-0.366889,0.106909,0.906496,-0.179519,0.450250,0.104476,0.000000,1,0.010978,9.202608,13.610852,65.022913,-3.039865,65.312598,0.001974
11.283333,2.333333,1,-0.855428,1.500618,0.377669,0.275773,0.254749,-0.234186,0.896777,0.316938,-0.056933,0.086886,-0.101476,0.356915,0.699998,0.610178,-0.234770,-0.926683,0.293498,0.781811,-0.000588,0.623515,0.040112,-0.817966,1.378991,0.102033,0.112978,-0.059717,0.275394,-0.367852,0.107794,0.906116,-0.178939,0.453013,0.092138,0.000000,1,0.010716,9.210554,13.854981,64.812781,-3.037833,65.101020,0.001876
11.316667,2.366667,1,-0.856081,1.499925,0.376731,0.276591,0.255359,-0.234401,0.896295,0.317885,-0.057028,0.085946,-0.101657,0.357922,0.699476,0.610156,-0.234750,-0.926351,0.294562,0.780809,0.000797,0.624769,0.040108,-0.817966,1.378991,0.102033,0.112839,-0.058723,0.274511,-0.368746,0.108257,0.905784,-0.178499,0.456153,0.107831,0.000000,1,0.010436,9.204716,14.100938,64.604383,-3.030915,64.890053,0.001782
11.350000,2.400000,1,-0.856722,1.499242,0.375714,0.277625,0.255728,-0.234529,0.895837,0.318816,-0.057118,0.084927,-0.101527,0.359014,0.699015,0.610065,-0.235026,-0.925788,0.296106,0.779990,0.002141,0.625789,0.041485,-0.817966,1.378991,0.102033,0.112702,-0.057740,0.273548,-0.369524,0.109024,0.905444,-0.178147,0.466659,0.109156,0.000000,1,0.010223,9.198753,14.361057,64.393414,-3.023559,64.673142,0.001693
11.383333,2.433333,1,-0.857266,1.498654,0.374641,0.279240,0.256106,-0.234347,0.895275,0.319612,-0.057186,0.083853,-0.101147,0.360630,0.698601,0.609648,-0.236196,-0.924756,0.298393,0.778849,0.003451,0.627201,0.040166,-0.817966,1.378991,0.102033,0.112584,-0.056889,0.272521,-0.370573,0.110316,0.904886,-0.178011,0.458300,0.095671,0.000000,1,0.010133,9.192979,14.622720,64.200888,-3.015601,64.465950,0.001608
11.416667,2.466667,1,-0.857628,1.498155,0.373534,0.280961,0.256596,-0.234062,0.894670,0.320227,-0.057164,0.082745,-0.100820,0.362392,0.698197,0.609121,-0.237613,-0.923646,0.300696,0.777500,0.004713,0.628865,0.038019,-0.817966,1.378991,0.102033,0.112430,-0.056234,0.271447,-0.371772,0.111655,0.904243,-0.177943,0.470662,0.085498,0.000000,1,0.009947,9.177518,14.877526,64.037769,-3.003891,64.277169,0.001528
11.450000,2.500000,1,-0.857855,1.497647,0.372355,0.282061,0.257605,-0.234039,0.894040,0.320769,-0.057027,0.081567,-0.101234,0.363828,0.697651,0.608822,-0.238175,-0.923154,0.301761,0.775826,0.006070,0.630918,0.039118,-0.817966,1.378991,0.102033,0.112188,-0.055677,0.270293,-0.373150,0.112202,0.903668,-0.177633,0.462884,0.108936,0.000000,1,0.009603,9.145901,15.139426,63.885060,-2.986808,64.091751,0.001451
11.483333,2.533333,1,-0.857967,1.497130,0.371188,0.282928,0.258902,-0.233604,0.893505,0.321248,-0.056793,0.080403,-0.102012,0.365185,0.697373,0.608197,-0.239379,-0.922787,0.301929,0.773775,0.006528,0.633427,0.038417,-0.817966,1.378991,0.102033,0.111871,-0.055208,0.269145,-0.374694,0.112420,0.902982,-0.177734,0.461914,0.102761,0.000000,1,0.009273,9.100588,15.393252,63.745398,-2.965226,63.916509,0.001379
11.516667,2.566667,1,-0.858092,1.496627,0.370114,0.284104,0.259095,-0.232657,0.893323,0.321725,-0.056578,0.079331,-0.101664,0.366321,0.697639,0.607266,-0.241784,-0.921789,0.303059,0.772822,0.005928,0.634595,0.035791,-0.817966,1.378991,0.102033,0.111570,-0.054741,0.268089,-0.375407,0.113413,0.902417,-0.178467,0.455478,0.093590,0.000000,1,0.009233,9.058365,15.629261,63.610564,-2.944611,63.750710,0.001310
11.550000,2.600000,1,-0.858322,1.496183,0.369233,0.284930,0.258597,-0.232103,0.893348,0.322217,-0.056485,0.078451,-0.100853,0.366837,0.697911,0.606778,-0.243299,-0.920947,0.304405,0.772961,0.005498,0.634430,0.030374,-0.817966,1.378991,0.102033,0.111374,-0.054238,0.267232,-0.375344,0.114387,0.902222,-0.178964,0.464965,0.106475,0.000000,1,0.009530,9.034829,15.830334,63.481026,-2.929859,63.600745,0.001244
11.583333,2.633333,1,-0.858572,1.495788,0.368547,0.285468,0.258280,-0.231903,0.893320,0.322684,-0.056440,0.077764,-0.100330,0.367177,0.697977,0.606583,-0.243982,-0.920440,0.305391,0.773085,0.005523,0.634278,0.024936,-0.817966,1.378991,0.102033,0.111225,-0.053760,0.266569,-0.375304,0.115015,0.902127,-0.179124,0.464172,0.104891,0.000000,1,0.009850,9.019361,15.992615,63.366141,-2.917532,63.472701,0.001182
11.616667,2.666667,1,-0.858791,1.495410,0.367973,0.285867,0.258230,-0.231843,0.893222,0.323116,-0.056381,0.077191,-0.100108,0.367512,0.697918,0.606484,-0.244310,-0.920135,0.306047,0.772972,0.005777,0.634414,0.021625,-0.817966,1.378991,0.102033,0.111068,-0.053324,0.266017,-0.375436,0.115398,0.902023,-0.179125,0.459573,0.101968,0.000000,1,0.010020,9.002474,16.130349,63.264080,-2.904713,63.360454,0.001123
11.650000,2.700000,1,-0.858998,1.495039,0.367482,0.286312,0.258168,-0.231971,0.893065,0.323537,-0.056318,0.076701,-0.099854,0.367883,0.697722,0.606527,-0.244308,-0.919844,0.306922,0.772906,0.006427,0.634488,0.019465,-0.817966,1.378991,0.102033,0.110908,-0.052907,0.265546,-0.375573,0.115823,0.901950,-0.178931,0.442705,0.100726,0.000000,1,0.010126,8.985204,16.251015,63.169307,-2.891818,63.258441,0.001067
11.683333,2.733333,1,-0.859196,1.494718,0.367127,0.286562,0.257732,-0.232383,0.893003,0.323912,-0.056279,0.076346,-0.099350,0.367914,0.697483,0.606866,-0.243686,-0.919662,0.307960,0.773453,0.007295,0.633812,0.015546,-0.817966,1.378991,0.102033,0.110778,-0.052535,0.265209,-0.375285,0.116233,0.902095,-0.178538,0.453683,0.099416,0.000000,1,0.010585,8.972666,16.342738,63.089500,-2.880361,63.174855,0.001014
11.716667,2.766667,1,-0.859344,1.494492,0.366886,0.286321,0.257163,-0.232852,0.893122,0.324182,-0.056259,0.076105,-0.098946,0.367444,0.697378,0.607337,-0.242702,-0.919801,0.308320,0.774373,0.007748,0.632682,0.010871,-0.817966,1.378991,0.102033,0.110692,-0.052266,0.264982,-0.374660,0.116257,0.902420,-0.178190,0.457408,0.074195,0.000000,1,0.011304,8.965522,16.405466,63.033503,-2.870454,63.114338,0.000963
11.750000,2.800000,1,-0.859459,1.494358,0.366686,0.285663,0.256707,-0.233345,0.893336,0.324358,-0.056268,0.075905,-0.098829,0.366653,0.697345,0.607873,-0.241447,-0.920265,0.307921,0.775322,0.007887,0.631517,0.008000,-0.817966,1.378991,0.102033,0.110659,-0.052082,0.264792,-0.373954,0.115855,0.902828,-0.177871,0.461640,0.107501,0.000000,1,0.011815,8.965172,16.454376,62.994665,-2.862639,63.068114,0.000915
11.783333,2.833333,1,-0.859573,1.494324,0.366457,0.285497,0.256203,-0.233724,0.893434,0.324454,-0.056336,0.075675,-0.098449,0.366280,0.697262,0.608254,-0.240670,-0.920345,0.308292,0.776105,0.008267,0.630550,0.007746,-0.817966,1.378991,0.102033,0.110706,-0.051957,0.264571,-0.373423,0.115921,0.903094,-0.177591,0.454127,0.114182,0.000000,1,0.012048,8.976002,16.504353,62.965263,-2.858360,63.026992,0.000869
11.816667,2.866667,1,-0.859714,1.494393,0.366273,0.286094,0.256003,-0.233722,0.893301,0.324483,-0.056489,0.075489,-0.098004,0.366726,0.697146,0.608190,-0.241000,-0.919876,0.309431,0.776113,0.008766,0.630533,0.007273,-0.817966,1.378991,0.102033,0.110851,-0.051875,0.264395,-0.373508,0.116547,0.902992,-0.177523,0.459263,0.108118,0.000000,1,0.012622,9.001557,16.542581,62.946886,-2.858736,62.996276,0.000826
11.850000,2.900000,1,-0.859950,1.494526,0.366324,0.287025,0.256578,-0.233440,0.892911,0.324519,-0.056758,0.075537,-0.098106,0.367817,0.696928,0.607765,-0.241995,-0.919306,0.310347,0.774966,0.009334,0.631934,0.008256,-0.817966,1.378991,0.102033,0.111097,-0.051770,0.264458,-0.374435,0.117138,0.902523,-0.177565,0.451949,0.100855,0.000000,1,0.013840,9.044910,16.537207,62.939144,-2.864826,62.986805,0.000784
11.883333,2.933333,1,-0.860351,1.494669,0.366706,0.287825,0.257768,-0.233537,0.892285,0.324647,-0.057168,0.075915,-0.098815,0.369067,0.696332,0.607575,-0.242177,-0.919086,0.310856,0.773209,0.010715,0.634061,0.017178,-0.817966,1.378991,0.102033,0.111443,-0.051558,0.264863,-0.375838,0.117334,0.901995,-0.177154,0.479702,0.117672,0.000000,1,0.015047,9.107920,16.475725,62.933357,-2.877360,62.998356,0.000745
11.916667,2.966667,1,-0.860863,1.494832,0.367318,0.288058,0.258675,-0.234353,0.891733,0.324825,-0.057682,0.076521,-0.099521,0.369684,0.695477,0.608063,-0.240709,-0.919371,0.311154,0.772206,0.012815,0.635244,0.024415,-0.817966,1.378991,0.102033,0.111865,-0.051284,0.265503,-0.376722,0.117128,0.901849,-0.176152,0.456155,0.101041,0.000000,1,0.015935,9.185461,16.374685,62.930745,-2.894667,63.025817,0.000708
11.950000,3.000000,1,-0.861284,1.495036,0.367904,0.287748,0.259026,-0.235270,0.891490,0.324915,-0.058147,0.077102,-0.099970,0.369567,0.694850,0.608777,-0.238792,-0.919909,0.311040,0.772127,0.014380,0.635306,0.022496,-0.817966,1.378991,0.102033,0.112267,-0.051107,0.266110,-0.376872,0.116677,0.902026,-0.175224,0.465703,0.110716,0.000000,1,0.016547,9.257559,16.272089,62.941905,-2.910367,63.061438,0.000672
11.983333,3.033333,1,-0.861518,1.495239,0.368178,0.287898,0.259003,-0.235601,0.891361,0.324894,-0.058459,0.077373,-0.099881,0.369693,0.694587,0.609015,-0.238249,-0.919879,0.311545,0.772178,0.015145,0.635226,0.012416,-0.817966,1.378991,0.102033,0.112563,-0.051059,0.266396,-0.376909,0.116816,0.902062,-0.174868,0.464391,0.111790,0.000000,1,0.015770,9.308559,16.220122,62.955814,-2.919737,63.081174,0.000639
12.016667,3.066667,1,-0.861651,1.495392,0.368052,0.289048,0.258892,-0.235676,0.891001,0.324852,-0.058656,0.077244,-0.099269,0.370674,0.694237,0.608918,-0.238728,-0.919060,0.313589,0.771875,0.016362,0.635564,0.007164,-0.817966,1.378991,0.102033,0.112768,-0.051037,0.266275,-0.377312,0.117900,0.901801,-0.174614,0.478061,0.109489,0.000000,1,0.013812,9.342302,16.242840,62.951144,-2.924202,63.065423,0.000607
12.050000,3.100000,1,-0.861796,1.495506,0.367606,0.291003,0.258395,-0.235595,0.890530,0.324848,-0.058835,0.076797,-0.097954,0.372204,0.693860,0.608628,-0.239954,-0.917522,0.317136,0.771687,0.017928,0.635749,0.014470,-0.817966,1.378991,0.102033,0.112957,-0.050963,0.265838,-0.377732,0.119882,0.901398,-0.174439,0.476984,0.100004,0.000000,1,0.012140,9.372546,16.330093,62.920283,-2.928039,63.013768,0.000576
12.083333,3.133333,1,-0.861905,1.495547,0.366992,0.292814,0.258021,-0.235252,0.890136,0.324880,-0.058940,0.076181,-0.096813,0.373659,0.693667,0.608139,-0.241588,-0.916041,0.320161,0.771342,0.018908,0.636141,0.018748,-0.817966,1.378991,0.102033,0.113070,-0.050863,0.265231,-0.378203,0.121685,0.900940,-0.174533,0.460105,0.111970,0.000000,1,0.011162,9.390332,16.451761,62.874515,-2.928363,62.942473,0.000548
12.116667,3.166667,1,-0.861947,1.495509,0.366325,0.294064,0.258137,-0.234870,0.889791,0.324936,-0.058944,0.075514,-0.096362,0.374830,0.693534,0.607640,-0.242975,-0.915078,0.321862,0.770600,0.019449,0.637022,0.020086,-0.817966,1.378991,0.102033,0.113081,-0.050766,0.264569,-0.378866,0.122767,0.900485,-0.174687,0.460523,0.099196,0.000000,1,0.010592,9.391615,16.584089,62.824124,-2.923825,62.865126,0.000520
12.150000,3.200000,1,-0.861992,1.495390,0.365692,0.295461,0.258651,-0.234243,0.889344,0.325058,-0.058902,0.074882,-0.096203,0.376310,0.693422,0.606879,-0.244886,-0.914050,0.323330,0.769242,0.019821,0.638650,0.019350,-0.817966,1.378991,0.102033,0.113029,-0.050621,0.263942,-0.379952,0.123812,0.899823,-0.175003,0.474680,0.095180,0.000000,1,0.010318,9.384036,16.713531,62.766367,-2.916821,62.785032,0.000494
12.183333,3.233333,1,-0.862129,1.495175,0.365126,0.297515,0.259077,-0.233491,0.888733,0.325311,-0.058875,0.074316,-0.095672,0.378339,0.693221,0.605930,-0.247392,-0.912480,0.325849,0.767694,0.020582,0.640486,0.018613,-0.817966,1.378991,0.102033,0.112952,-0.050349,0.263390,-0.381251,0.125490,0.898974,-0.175343,0.472220,0.097290,0.000000,1,0.010140,9.375386,16.839107,62.690726,-2.909841,62.697060,0.000470
12.216667,3.266667,1,-0.862374,1.494777,0.364527,0.300022,0.259328,-0.232916,0.887967,0.325776,-0.058825,0.073717,-0.094783,0.380696,0.692806,0.605068,-0.249818,-0.910556,0.329362,0.766222,0.022073,0.642197,0.022814,-0.817966,1.378991,0.102033,0.112796,-0.049879,0.262813,-0.382588,0.127650,0.898081,-0.175449,0.457287,0.108404,0.000000,1,0.009700,9.357750,16.984943,62.578904,-2.900603,62.583189,0.000446
12.250000,3.300000,1,-0.862692,1.494126,0.363630,0.302073,0.259065,-0.232670,0.887413,0.326487,-0.058678,0.072822,-0.093635,0.382416,0.692428,0.604594,-0.251397,-0.908891,0.332741,0.765660,0.023551,0.642814,0.034576,-0.817966,1.378991,0.102033,0.112488,-0.049180,0.261950,-0.383261,0.129619,0.897526,-0.175377,0.472018,0.117070,0.000000,1,0.010198,9.319034,17.203129,62.410432,-2.885465,62.414682,0.000424
12.283333,3.333333,1,-0.863034,1.493225,0.362223,0.304091,0.258452,-0.232377,0.886979,0.327412,-0.058394,0.071417,-0.092188,0.383950,0.692178,0.604130,-0.253057,-0.907122,0.336290,0.765540,0.024781,0.642911,0.051185,-0.817966,1.378991,0.102033,0.112007,-0.048281,0.260582,-0.383610,0.131714,0.897065,-0.175409,0.420246,0.122506,0.000000,1,0.013875,9.254306,17.532833,62.176906,-2.862810,62.173876,0.000403
12.316667,3.366667,1,-0.863404,1.492141,0.360334,0.307297,0.259091,-0.231366,0.885952,0.328499,-0.058016,0.069531,-0.091338,0.387106,0.691726,0.602761,-0.256673,-0.904606,0.340304,0.763177,0.026344,0.645653,0.066269,-0.817966,1.378991,0.102033,0.111408,-0.047222,0.258738,-0.385610,0.134341,0.895748,-0.175762,0.369632,0.119891,0.000000,1,0.019309,9.171744,17.965427,61.886140,-2.834907,61.868380,0.000382
12.350000,3.400000,1,-0.863802,1.490894,0.358227,0.310699,0.260198,-0.230270,0.884725,0.329733,-0.057562,0.067428,-0.090819,0.390647,0.691137,0.601229,-0.260551,-0.902019,0.344201,0.760107,0.028164,0.649187,0.074414,-0.817966,1.378991,0.102033,0.110702,-0.046029,0.256681,-0.388113,0.136942,0.894208,-0.176087,0.291570,0.088338,0.000000,1,0.023276,9.074491,18.449265,61.556327,-2.802533,61.525851,0.000363
12.383333,3.433333,1,-0.864113,1.489534,0.356205,0.313058,0.260988,-0.229670,0.883816,0.331005,-0.056970,0.065412,-0.090478,0.393114,0.690604,0.600284,-0.262945,-0.900254,0.346992,0.757981,0.029760,0.651598,0.073682,-0.817966,1.378991,0.102033,0.109850,-0.044844,0.254706,-0.389864,0.138733,0.893159,-0.176143,0.247018,0.146081,0.000000,1,0.023806,8.955542,18.917179,61.227202,-2.763281,61.190037,0.000345
12.416667,3.466667,1,-0.864352,1.488260,0.354333,0.314480,0.261285,-0.229220,0.883341,0.332166,-0.056374,0.063545,-0.090113,0.394520,0.690387,0.599667,-0.264559,-0.899106,0.348736,0.756902,0.030492,0.652817,0.068326,-0.817966,1.378991,0.102033,0.109020,-0.043776,0.252874,-0.390762,0.139892,0.892556,-0.176292,0.223664,0.422356,0.000000,1,0.022614,8.839287,19.348709,60.924238,-2.724147,60.881354,0.000328
12.450000,3.500000,1,-0.864637,1.487194,0.352636,0.315608,0.260994,-0.229042,0.883070,0.333187,-0.055942,0.061852,-0.089351,0.395401,0.690228,0.599383,-0.265513,-0.898081,0.350648,0.756763,0.031203,0.652944,0.060713,-0.817966,1.378991,0.102033,0.108380,-0.042807,0.251216,-0.391004,0.141041,0.892266,-0.176308,0.223136,0.250927,0.000000,1,0.020977,8.752220,19.739163,60.649830,-2.692915,60.602671,0.000312
12.483333,3.533333,1,-0.864985,1.486335,0.351212,0.317074,0.260836,-0.229032,0.882595,0.334082,-0.055689,0.060430,-0.088556,0.396644,0.689814,0.599157,-0.266338,-0.896863,0.353129,0.756362,0.032630,0.653339,0.050991,-0.817966,1.378991,0.102033,0.107937,-0.041927,0.249831,-0.391505,0.142433,0.891872,-0.176072,0.219290,0.290756,0.000000,1,0.018744,8.695794,20.070873,60.408879,-2.669997,60.362151,0.000296
12.516667,3.566667,1,-0.865342,1.485654,0.350011,0.318154,0.260692,-0.229195,0.882206,0.334840,-0.055550,0.059230,-0.087946,0.397549,0.689397,0.599126,-0.266627,-0.895997,0.355104,0.756146,0.033994,0.653520,0.042780,-0.817966,1.378991,0.102033,0.107636,-0.041162,0.248666,-0.391847,0.143467,0.891624,-0.175729,0.210210,0.293741,0.000000,1,0.016918,8.660409,20.351610,60.202400,-2.652624,60.157408,0.000281
12.550000,3.600000,1,-0.865749,1.485094,0.348906,0.318630,0.260223,-0.229428,0.882112,0.335532,-0.055527,0.058125,-0.087313,0.397767,0.689210,0.599289,-0.266458,-0.895533,0.356401,0.756612,0.034732,0.652941,0.039106,-0.817966,1.378991,0.102033,0.107459,-0.040434,0.247599,-0.391632,0.144099,0.891665,-0.175477,0.206254,0.287970,0.000000,1,0.016542,8.644247,20.610516,60.010081,-2.640505,59.968038,0.000267
12.583333,3.633333,1,-0.866298,1.484581,0.347899,0.319542,0.259810,-0.229730,0.881825,0.336272,-0.055646,0.057116,-0.086535,0.398400,0.688822,0.599427,-0.266397,-0.894749,0.358409,0.756846,0.036072,0.652597,0.037704,-0.817966,1.378991,0.102033,0.107403,-0.039627,0.246637,-0.391656,0.145098,0.891574,-0.175066,0.200172,0.314130,0.000000,1,0.016915,8.648983,20.855601,59.812385,-2.634338,59.781091,0.000254
12.616667,3.666667,1,-0.866986,1.484055,0.347046,0.320691,0.259690,-0.230345,0.881283,0.337105,-0.055869,0.056261,-0.085914,0.399379,0.688068,0.599732,-0.265882,-0.893936,0.360811,0.756688,0.038363,0.652650,0.036447,-0.817966,1.378991,0.102033,0.107415,-0.038712,0.245838,-0.392036,0.146175,0.891391,-0.174249,0.196627,0.296327,0.000000,1,0.017134,8.667448,21.078473,59.607107,-2.632076,59.597999,0.000241
12.650000,3.700000,1,-0.867717,1.483475,0.346303,0.321202,0.259565,-0.230971,0.880970,0.338008,-0.056097,0.055514,-0.085572,0.399783,0.687510,0.600151,-0.264993,-0.893640,0.362197,0.756799,0.040015,0.652422,0.035800,-0.817966,1.378991,0.102033,0.107409,-0.037736,0.245152,-0.392131,0.146679,0.891405,-0.173539,0.217208,0.298232,0.000000,1,0.017383,8.684840,21.285019,59.397750,-2.629429,59.418511,0.000229
12.683333,3.733333,1,-0.868457,1.482855,0.345602,0.320885,0.259186,-0.231664,0.881015,0.338948,-0.056308,0.054811,-0.085371,0.399332,0.687239,0.600789,-0.263528,-0.893955,0.362489,0.757590,0.040828,0.651453,0.035787,-0.817966,1.378991,0.102033,0.107375,-0.036731,0.244509,-0.391637,0.146547,0.891757,-0.172956,0.217213,0.296520,0.000000,1,0.017852,8.698797,21.485668,59.185453,-2.625683,59.239824,0.000218
12.716667,3.766667,1,-0.869189,1.482195,0.344901,0.320310,0.258152,-0.232813,0.881225,0.339915,-0.056487,0.054107,-0.084696,0.398359,0.686909,0.601908,-0.261066,-0.894390,0.363194,0.759433,0.041966,0.649231,0.036276,-0.817966,1.378991,0.102033,0.107303,-0.035710,0.243867,-0.390436,0.146463,0.892471,-0.172059,0.202224,0.314410,0.000000,1,0.018534,8.707325,21.687875,58.969120,-2.620284,59.058949,0.000207
12.750000,3.800000,1,-0.869819,1.481491,0.344137,0.320078,0.256850,-0.233777,0.881434,0.340856,-0.056558,0.053341,-0.083630,0.397572,0.686661,0.602859,-0.259134,-0.894417,0.364509,0.761422,0.043005,0.646828,0.036460,-0.817966,1.378991,0.102033,0.107136,-0.034738,0.243156,-0.389153,0.146808,0.893116,-0.171323,0.199627,0.300741,0.000000,1,0.019194,8.699982,21.899186,58.754891,-2.610258,58.876639,0.000196
12.783333,3.833333,1,-0.870281,1.480789,0.343310,0.320143,0.256219,-0.234232,0.881473,0.341694,-0.056496,0.052515,-0.083034,0.397350,0.686492,0.603281,-0.258315,-0.894282,0.365422,0.762307,0.043669,0.645740,0.035365,-0.817966,1.378991,0.102033,0.106872,-0.033899,0.242371,-0.388609,0.147136,0.893371,-0.170946,0.205870,0.313087,0.000000,1,0.019306,8.674813,22.113916,58.556204,-2.594988,58.701775,0.000187
12.816667,3.866667,1,-0.870655,1.480151,0.342414,0.319957,0.255670,-0.234653,0.881589,0.342428,-0.056401,0.051619,-0.082623,0.396938,0.686405,0.603706,-0.257424,-0.894367,0.365842,0.763182,0.044043,0.644681,0.034851,-0.817966,1.378991,0.102033,0.106608,-0.033164,0.241511,-0.388029,0.147202,0.893671,-0.170638,0.211959,0.325463,0.000000,1,0.019604,8.647176,22.334505,58.370014,-2.578824,58.532126,0.000177
12.850000,3.900000,1,-0.871046,1.479620,0.341477,0.319907,0.254658,-0.234953,0.881820,0.343087,-0.056384,0.050682,-0.081738,0.396442,0.686475,0.604073,-0.256828,-0.894171,0.366738,0.764554,0.044142,0.643047,0.034385,-0.817966,1.378991,0.102033,0.106441,-0.032476,0.240610,-0.387101,0.147597,0.894035,-0.170496,0.217213,0.317367,0.000000,1,0.020079,8.633017,22.558985,58.190325,-2.566255,58.365309,0.000168
12.883333,3.933333,1,-0.871500,1.479198,0.340586,0.320285,0.253422,-0.235467,0.881901,0.343697,-0.056483,0.049790,-0.080460,0.396230,0.686317,0.604563,-0.256059,-0.893606,0.368649,0.766083,0.044990,0.641166,0.032558,-0.817966,1.378991,0.102033,0.106397,-0.031807,0.239756,-0.386156,0.148473,0.894376,-0.170090,0.209895,0.311448,0.000000,1,0.020149,8.637635,22.772911,58.018518,-2.558740,58.206608,0.000160
12.916667,3.966667,1,-0.871996,1.478873,0.339842,0.320193,0.252675,-0.236255,0.881939,0.344254,-0.056676,0.049043,-0.079829,0.395815,0.685997,0.605282,-0.254522,-0.893638,0.369635,0.767247,0.046072,0.639694,0.028546,-0.817966,1.378991,0.102033,0.106454,-0.031172,0.239050,-0.385430,0.148704,0.894778,-0.169420,0.202228,0.323732,0.000000,1,0.019420,8.657595,22.956509,57.863362,-2.555285,58.066709,0.000152
12.950000,4.000000,1,-0.872528,1.478669,0.339389,0.319065,0.252504,-0.237012,0.882193,0.344737,-0.056973,0.048587,-0.080175,0.394731,0.685881,0.606075,-0.252490,-0.894686,0.368492,0.768095,0.046280,0.638661,0.021823,-0.817966,1.378991,0.102033,0.106620,-0.030598,0.238635,-0.384764,0.147749,0.895323,-0.168888,0.195209,0.314485,0.000000,1,0.017577,8.694481,23.080683,57.739547,-2.556237,57.962266,0.000144
12.983333,4.033333,1,-0.873138,1.478605,0.339282,0.316949,0.251737,-0.238087,0.882885,0.345156,-0.057420,0.048475,-0.080427,0.392495,0.686008,0.607348,-0.249320,-0.896426,0.366416,0.770158,0.045848,0.636204,0.018694,-0.817966,1.378991,0.102033,0.106938,-0.030066,0.238568,-0.383127,0.146158,0.896396,-0.168304,0.211434,0.321773,0.000000,1,0.015695,8.755254,23.136301,57.648609,-2.563528,57.896804,0.000137
13.016667,4.066667,1,-0.873854,1.478655,0.339335,0.314658,0.250000,-0.239605,0.883787,0.345547,-0.058023,0.048521,-0.079884,0.389669,0.686123,0.609107,-0.245214,-0.898102,0.365079,0.773588,0.045707,0.632038,0.021594,-0.817966,1.378991,0.102033,0.107406,-0.029528,0.238665,-0.380539,0.144829,0.897874,-0.167443,0.214580,0.316253,0.000000,1,0.015250,8.839672,23.161358,57.570264,-2.577285,57.847782,0.000130
13.050000,4.100000,1,-0.874617,1.478777,0.339272,0.313426,0.248080,-0.241007,0.884385,0.345908,-0.058705,0.048451,-0.078708,0.387710,0.686022,0.610622,-0.241891,-0.898832,0.365498,0.776769,0.046358,0.628077,0.023244,-0.817966,1.378991,0.102033,0.107963,-0.028989,0.238648,-0.378257,0.144537,0.899054,-0.166529,0.209152,0.315119,0.000000,1,0.016166,8.936553,23.207451,57.485696,-2.594596,57.789254,0.000124
13.083333,4.133333,1,-0.875344,1.478926,0.338940,0.313233,0.246902,-0.242001,0.884511,0.346227,-0.059372,0.048111,-0.077735,0.387014,0.685687,0.611564,-0.239894,-0.898852,0.366764,0.778514,0.047581,0.625821,0.024407,-0.817966,1.378991,0.102033,0.108526,-0.028478,0.238360,-0.377099,0.144864,0.899636,-0.165726,0.212327,0.323571,0.000000,1,0.017799,9.032158,23.302188,57.387645,-2.611767,57.708812,0.000118
13.116667,4.166667,1,-0.876083,1.479033,0.338372,0.313389,0.246572,-0.242757,0.884341,0.346585,-0.060020,0.047536,-0.077366,0.387010,0.685197,0.612162,-0.238544,-0.898787,0.367803,0.779021,0.049038,0.625078,0.028126,-0.817966,1.378991,0.102033,0.109069,-0.027919,0.237838,-0.376853,0.145137,0.899833,-0.164977,0.217925,0.328157,0.000000,1,0.019844,9.123964,23.444561,57.265010,-2.628215,57.600965,0.000112
13.150000,4.200000,1,-0.876909,1.479055,0.337705,0.313649,0.246040,-0.243469,0.884201,0.347064,-0.060685,0.046862,-0.076772,0.387008,0.684755,0.612733,-0.237328,-0.898567,0.369126,0.779722,0.050434,0.624092,0.031853,-0.817966,1.378991,0.102033,0.109598,-0.027233,0.237224,-0.376475,0.145592,0.900045,-0.164284,0.207401,0.332066,0.000000,1,0.021677,9.215421,23.614693,57.113523,-2.644875,57.469692,0.000106
13.183333,4.233333,1,-0.877720,1.478937,0.337084,0.313644,0.244986,-0.244247,0.884281,0.347646,-0.061256,0.046234,-0.075827,0.386534,0.684476,0.613461,-0.235833,-0.898418,0.370444,0.781178,0.051486,0.622181,0.030859,-0.817966,1.378991,0.102033,0.110006,-0.026478,0.236657,-0.375516,0.146037,0.900489,-0.163646,0.213681,0.314575,0.000000,1,0.022177,9.289969,23.782107,56.950635,-2.657127,57.333422,0.000101
13.216667,4.266667,1,-0.878395,1.478616,0.336619,0.312737,0.244278,-0.245113,0.884559,0.348309,-0.061597,0.045765,-0.075593,0.385407,0.684332,0.614359,-0.233698,-0.899119,0.370095,0.782582,0.051950,0.620376,0.026419,-0.817966,1.378991,0.102033,0.110166,-0.025719,0.236241,-0.374465,0.145515,0.901122,-0.163033,0.206381,0.303729,0.000000,1,0.021506,9.327856,23.922145,56.792809,-2.659610,57.208121,0.000096
13.250000,4.300000,1,-0.878972,1.478133,0.336287,0.311335,0.243690,-0.245920,0.884991,0.349041,-0.061763,0.045431,-0.075688,0.383891,0.684351,0.615275,-0.231417,-0.900239,0.368803,0.784016,0.051870,0.618570,0.024656,-0.817966,1.378991,0.102033,0.110133,-0.024949,0.235954,-0.373307,0.144496,0.901853,-0.162552,0.210274,0.317616,0.000000,1,0.021115,9.337667,24.039020,56.638955,-2.654657,57.091922,0.000091
13.283333,4.333333,1,-0.879416,1.477542,0.335998,0.310087,0.242733,-0.246591,0.885505,0.349780,-0.061759,0.045141,-0.075384,0.382347,0.684503,0.616104,-0.229467,-0.901095,0.367930,0.785805,0.051545,0.616323,0.023822,-0.817966,1.378991,0.102033,0.109934,-0.024223,0.235703,-0.371892,0.143780,0.902610,-0.162232,0.200601,0.317247,0.000000,1,0.020939,9.321936,24.145927,56.492303,-2.642916,56.982489,0.000086
13.316667,4.366667,1,-0.879658,1.476804,0.335704,0.309196,0.242133,-0.246873,0.885903,0.350516,-0.061505,0.044850,-0.075242,0.381280,0.684727,0.616533,-0.228451,-0.901690,0.367103,0.786937,0.050975,0.614924,0.024923,-0.817966,1.378991,0.102033,0.109496,-0.023569,0.235437,-0.370961,0.143236,0.903086,-0.162192,0.210859,0.340802,0.000000,1,0.020900,9.269126,24.249828,56.353442,-2.621422,56.877872,0.000082
13.350000,4.400000,1,-0.879714,1.475930,0.335375,0.308622,0.242053,-0.246633,0.886191,0.351247,-0.061021,0.044526,-0.075427,0.380729,0.685090,0.616448,-0.228605,-0.902079,0.366051,0.787210,0.049926,0.614661,0.028065,-0.817966,1.378991,0.102033,0.108839,-0.022980,0.235128,-0.370646,0.142758,0.903227,-0.162552,0.208485,0.295409,0.000000,1,0.021165,9.182272,24.356768,56.219260,-2.591071,56.774615,0.000078
13.383333,4.433333,1,-0.879671,1.475005,0.335012,0.308101,0.241940,-0.246160,0.886535,0.351960,-0.060426,0.044168,-0.075560,0.380210,0.685605,0.616179,-0.229228,-0.902368,0.364946,0.787454,0.048472,0.614464,0.029836,-0.817966,1.378991,0.102033,0.108082,-0.022438,0.234777,-0.370331,0.142347,0.903314,-0.163143,0.209689,0.289710,0.000000,1,0.021482,9.079769,24.467660,56.088515,-2.556710,56.671971,0.000074
13.416667,4.466667,1,-0.879614,1.474046,0.334640,0.307195,0.241816,-0.245630,0.887030,0.352691,-0.059799,0.043802,-0.075855,0.379339,0.686281,0.615928,-0.229759,-0.902948,0.363176,0.787849,0.046530,0.614108,0.030912,-0.817966,1.378991,0.102033,0.107290,-0.021885,0.234418,-0.369839,0.141594,0.903504,-0.163863,0.214820,0.315518,0.000000,1,0.021995,8.972339,24.581196,55.954428,-2.521222,56.566861,0.000070
13.450000,4.500000,1,-0.879599,1.473030,0.334222,0.305789,0.241669,-0.245256,0.887659,0.353493,-0.059171,0.043391,-0.076350,0.378012,0.687004,0.615876,-0.229734,-0.903941,0.360712,0.788497,0.044393,0.613435,0.032951,-0.817966,1.378991,0.102033,0.106479,-0.021262,0.234018,-0.369102,0.140399,0.903873,-0.164516,0.210017,0.286361,0.000000,1,0.023241,8.863495,24.708404,55.804559,-2.485622,56.449466,0.000067
13.483333,4.533333,1,-0.879645,1.472016,0.333740,0.304417,0.241590,-0.245009,0.888220,0.354330,-0.058593,0.042915,-0.076891,0.376746,0.687609,0.615909,-0.229488,-0.904946,0.358340,0.789072,0.042562,0.612824,0.033709,-0.817966,1.378991,0.102033,0.105707,-0.020588,0.233557,-0.368439,0.139201,0.904236,-0.165023,0.210629,0.317801,0.000000,1,0.024427,8.761550,24.851394,55.641682,-2.451974,56.320754,0.000064
13.516667,4.566667,1,-0.879710,1.471094,0.333181,0.303320,0.241287,-0.244708,0.888761,0.355106,-0.058084,0.042360,-0.077109,0.375625,0.688222,0.615882,-0.229487,-0.905655,0.356545,0.789798,0.040810,0.612007,0.032414,-0.817966,1.378991,0.102033,0.105022,-0.019949,0.233018,-0.367697,0.138351,0.904569,-0.165567,0.213866,0.319774,0.000000,1,0.024973,8.671699,25.006067,55.480467,-2.421425,56.189799,0.000060
13.550000,4.600000,1,-0.879770,1.470310,0.332503,0.301818,0.240851,-0.244612,0.889416,0.355768,-0.057653,0.041687,-0.077388,0.374084,0.688843,0.616091,-0.228887,-0.906679,0.354322,0.790880,0.039012,0.610726,0.031147,-0.817966,1.378991,0.102033,0.104448,-0.019390,0.232358,-0.366655,0.137191,0.905091,-0.165992,0.221229,0.337085,0.000000,1,0.025492,8.596225,25.176476,55.326134,-2.394490,56.058216,0.000057
13.583333,4.633333,1,-0.879831,1.469690,0.331660,0.299429,0.240438,-0.244837,0.890273,0.356299,-0.057320,0.040847,-0.078081,0.371758,0.689497,0.616679,-0.227221,-0.908452,0.350837,0.792342,0.036994,0.608954,0.031442,-0.817966,1.378991,0.102033,0.104010,-0.018918,0.231531,-0.365235,0.135216,0.905916,-0.166240,0.220954,0.324147,0.000000,1,0.026383,8.538283,25.370367,55.177499,-2.371970,55.923161,0.000054
13.616667,4.666667,1,-0.879909,1.469231,0.330665,0.297356,0.240122,-0.244974,0.891015,0.356712,-0.057095,0.039854,-0.078720,0.369758,0.690090,0.617137,-0.225890,-0.909975,0.347735,0.793545,0.035159,0.607495,0.032952,-0.817966,1.378991,0.102033,0.103713,-0.018521,0.230551,-0.364041,0.133484,0.906605,-0.166506,0.217604,0.324961,0.000000,1,0.027435,8.498996,25.586219,55.033021,-2.354172,55.784343,0.000052
13.650000,4.700000,1,-0.880050,1.468937,0.329612,0.296897,0.240026,-0.244851,0.891228,0.357031,-0.057019,0.038802,-0.078840,0.369303,0.690333,0.617123,-0.225888,-0.910271,0.346960,0.793808,0.034451,0.607192,0.033075,-0.817966,1.378991,0.102033,0.103589,-0.018168,0.229514,-0.363758,0.133115,0.906732,-0.166725,0.220670,0.308156,0.000000,1,0.028046,8.483846,25.808723,54.894733,-2.342483,55.647438,0.000049
13.683333,4.733333,1,-0.880268,1.468802,0.328559,0.297205,0.239865,-0.244756,0.891195,0.357269,-0.057101,0.037748,-0.078559,0.369507,0.690346,0.617021,-0.226228,-0.909972,0.347522,0.793860,0.034501,0.607121,0.032508,-0.817966,1.378991,0.102033,0.103637,-0.017850,0.228479,-0.363753,0.133465,0.906670,-0.166791,0.221140,0.317975,0.000000,1,0.028318,8.493530,26.027693,54.765149,-2.337064,55.516775,0.000047
13.716667,4.766667,1,-0.880458,1.468720,0.327532,0.296671,0.239638,-0.244756,0.891434,0.357449,-0.057193,0.036720,-0.078594,0.368927,0.690557,0.617128,-0.225952,-0.910315,0.346803,0.794334,0.033908,0.606535,0.031432,-0.817966,1.378991,0.102033,0.103711,-0.017587,0.227467,-0.363317,0.133084,0.906878,-0.166916,0.211412,0.333433,0.000000,1,0.028254,8.506010,26.237821,54.646643,-2.332376,55.394936,0.000044
13.750000,4.800000,1,-0.880590,1.468602,0.326573,0.295387,0.239327,-0.244826,0.891924,0.357622,-0.057217,0.035760,-0.078886,0.367637,0.690958,0.617412,-0.225160,-0.911214,0.344953,0.795208,0.032708,0.605454,0.029274,-0.817966,1.378991,0.102033,0.103719,-0.017353,0.226520,-0.362476,0.132063,0.907328,-0.167110,0.220113,0.314519,0.000000,1,0.027972,8.508533,26.433819,54.536130,-2.325297,55.281667,0.000042
13.783333,4.833333,1,-0.880759,1.468472,0.325714,0.293938,0.238928,-0.245220,0.892402,0.357827,-0.057264,0.034901,-0.079173,0.366161,0.691202,0.617979,-0.223668,-0.912276,0.343111,0.796316,0.031944,0.604037,0.026526,-0.817966,1.378991,0.102033,0.103737,-0.017089,0.225676,-0.361476,0.130925,0.907910,-0.167015,0.217857,0.324781,0.000000,1,0.027785,8.513655,26.613090,54.427624,-2.319042,55.174616,0.000040
13.816667,4.866667,1,-0.881002,1.468360,0.324945,0.292803,0.238603,-0.245766,0.892712,0.358062,-0.057383,0.034130,-0.079385,0.365000,0.691229,0.618607,-0.222046,-0.913150,0.341837,0.797248,0.031800,0.602814,0.024428,-0.817966,1.378991,0.102033,0.103813,-0.016781,0.224926,-0.360674,0.130036,0.908414,-0.166700,0.217286,0.305808,0.000000,1,0.027785,8.528598,26.778493,54.319018,-2.315411,55.071861,0.000038
13.850000,4.900000,1,-0.881315,1.468250,0.324212,0.292172,0.238385,-0.246259,0.892841,0.358338,-0.057558,0.033395,-0.079469,0.364338,0.691122,0.619107,-0.220783,-0.913663,0.341284,0.797849,0.032071,0.602004,0.024144,-0.817966,1.378991,0.102033,0.103930,-0.016422,0.224216,-0.360189,0.129554,0.908742,-0.166337,0.222671,0.333889,0.000000,1,0.028271,8.550851,26.940689,54.204720,-2.313792,54.967315,0.000036
13.883333,4.933333,1,-0.881714,1.468122,0.323427,0.291459,0.237868,-0.246803,0.893062,0.358679,-0.057791,0.032607,-0.079321,0.363470,0.691071,0.619692,-0.219381,-0.914164,0.340846,0.798841,0.032257,0.600677,0.026693,-0.817966,1.378991,0.102033,0.104086,-0.015980,0.223460,-0.359402,0.129129,0.909179,-0.165978,0.216664,0.361362,0.000000,1,0.029679,8.580165,27.118056,54.073136,-2.314164,54.849563,0.000034
13.916667,4.966667,1,-0.882113,1.468011,0.322500,0.290967,0.237008,-0.247245,0.893328,0.359007,-0.058034,0.031677,-0.078768,0.362647,0.691108,0.620204,-0.218286,-0.914385,0.340955,0.800125,0.032331,0.598961,0.030465,-0.817966,1.378991,0.102033,0.104260,-0.015539,0.222561,-0.358411,0.129057,0.909626,-0.165732,0.232815,0.345722,0.000000,1,0.031298,8.611200,27.321682,53.931202,-2.315059,54.719106,0.000033
13.950000,5.000000,1,-0.882341,1.467978,0.321392,0.290320,0.235915,-0.247630,0.893721,0.359171,-0.058184,0.030568,-0.078076,0.361579,0.691282,0.620720,-0.217221,-0.914647,0.340934,0.801725,0.032066,0.596833,0.033939,-0.817966,1.378991,0.102033,0.104397,-0.015270,0.221471,-0.357146,0.128949,0.910162,-0.165603,0.212899,0.346048,0.000000,1,0.032184,8.632333,27.547041,53.803600,-2.313363,54.590265,0.000031
13.983333,5.033333,1,-0.882364,1.467998,0.320189,0.289619,0.234969,-0.247980,0.894101,0.359168,-0.058202,0.029364,-0.077540,0.360529,0.691460,0.621200,-0.216196,-0.914981,0.340690,0.803159,0.031741,0.594918,0.036104,-0.817966,1.378991,0.102033,0.104458,-0.015191,0.220272,-0.355989,0.128728,0.910665,-0.165497,0.233797,0.359499,0.000000,1,0.032321,8.637762,27.777293,53.699087,-2.307669,54.472453,0.000029
14.016667,5.066667,1,-0.882344,1.468014,0.318930,0.289747,0.234227,-0.247938,0.894265,0.359142,-0.058182,0.028106,-0.076818,0.360312,0.691625,0.621232,-0.216338,-0.914677,0.341416,0.803962,0.031509,0.593845,0.037777,-0.817966,1.378991,0.102033,0.104489,-0.015141,0.219014,-0.355388,0.129171,0.910815,-0.165621,0.240236,0.352359,0.000000,1,0.033151,8.638051,28.016225,53.593955,-2.300862,54.352130,0.000028
14.050000,5.100000,1,-0.882441,1.468068,0.317638,0.290725,0.233757,-0.247550,0.894179,0.359157,-0.058278,0.026812,-0.075963,0.360976,0.691724,0.620841,-0.217572,-0.913743,0.343127,0.804060,0.031495,0.593714,0.038919,-0.817966,1.378991,0.102033,0.104622,-0.015018,0.217729,-0.355410,0.130267,0.910596,-0.165916,0.226636,0.347600,0.000000,1,0.034462,8.654384,28.266150,53.474935,-2.298240,54.221851,0.000027
14.083333,5.133333,1,-0.882582,1.468181,0.316382,0.291278,0.233457,-0.247258,0.894158,0.359151,-0.058445,0.025554,-0.075449,0.361336,0.691838,0.620568,-0.218406,-0.913189,0.344070,0.804139,0.031336,0.593614,0.038069,-0.817966,1.378991,0.102033,0.104828,-0.014898,0.216483,-0.355394,0.130903,0.910467,-0.166161,0.220741,0.330151,0.000000,1,0.034707,8.681681,28.508954,53.359594,-2.298379,54.096042,0.000025
14.116667,5.166667,1,-0.882654,1.468293,0.315225,0.291214,0.232737,-0.247452,0.894313,0.359104,-0.058558,0.024397,-0.074832,0.360957,0.691887,0.620808,-0.217995,-0.913080,0.344620,0.805035,0.031386,0.592396,0.034916,-0.817966,1.378991,0.102033,0.104989,-0.014838,0.215332,-0.354722,0.131159,0.910708,-0.166072,0.218231,0.340839,0.000000,1,0.033954,8.701742,28.729435,53.260534,-2.296756,53.985456,0.000024
14.150000,5.200000,1,-0.882698,1.468340,0.314195,0.291227,0.231898,-0.247863,0.894413,0.359092,-0.058611,0.023365,-0.074073,0.360595,0.691791,0.621216,-0.217207,-0.912924,0.345529,0.806082,0.031877,0.590944,0.030985,-0.817966,1.378991,0.102033,0.105079,-0.014769,0.214305,-0.353971,0.131533,0.911002,-0.165768,0.225939,0.340754,0.000000,1,0.033348,8.712163,28.927669,53.167707,-2.292921,53.884639,0.000023
14.183333,5.233333,1,-0.882812,1.468316,0.313303,0.291428,0.231603,-0.247979,0.894392,0.359180,-0.058677,0.022472,-0.073719,0.360644,0.691721,0.621308,-0.217083,-0.912716,0.346157,0.806371,0.032176,0.590534,0.026984,-0.817966,1.378991,0.102033,0.105149,-0.014609,0.213423,-0.353794,0.131843,0.911046,-0.165656,0.236564,0.333643,0.000000,1,0.033153,8.722246,29.106351,53.069683,-2.289239,53.786808,0.000022
14.216667,5.266667,1,-0.883067,1.468298,0.312544,0.291839,0.231425,-0.248227,0.894235,0.359347,-0.058862,0.021712,-0.073376,0.360934,0.691470,0.621459,-0.216810,-0.912409,0.347137,0.806473,0.032969,0.590351,0.024004,-0.817966,1.378991,0.102033,0.105306,-0.014350,0.212682,-0.353810,0.132287,0.911030,-0.165358,0.238481,0.452563,0.000000,1,0.033132,8.747761,29.266536,52.966429,-2.289496,53.691754,0.000021
14.250000,5.300000,1,-0.883429,1.468326,0.311838,0.292797,0.231251,-0.248700,0.893835,0.359542,-0.059161,0.021003,-0.072791,0.361716,0.690906,0.621700,-0.216380,-0.911733,0.349174,0.806414,0.034700,0.590333,0.023818,-0.817966,1.378991,0.102033,0.105564,-0.014035,0.212000,-0.354061,0.133218,0.910909,-0.164737,0.221937,0.843405,0.000000,1,0.033507,8.789344,29.420129,52.859612,-2.293763,53.596995,0.000020
14.283333,5.333333,1,-0.883769,1.468389,0.311098,0.293911,0.231023,-0.249112,0.893413,0.359696,-0.059462,0.020259,-0.072090,0.362615,0.690349,0.621877,-0.216144,-0.910906,0.351470,0.806343,0.036442,0.590324,0.024502,-0.817966,1.378991,0.102033,0.105836,-0.013758,0.211282,-0.354337,0.134315,0.910745,-0.164158,0.177597,1.110353,0.000000,1,0.033944,8.832164,29.577503,52.756277,-2.298351,53.503211,0.000019
14.316667,5.366667,1,-0.883961,1.468443,0.310311,0.294194,0.230528,-0.249357,0.893380,0.359768,-0.059639,0.019470,-0.071519,0.362648,0.690210,0.622078,-0.215808,-0.910602,0.352465,0.806857,0.036990,0.589588,0.024358,-0.817966,1.378991,0.102033,0.106013,-0.013589,0.210508,-0.354014,0.134784,0.910843,-0.163927,0.188357,1.550699,0.000000,1,0.033962,8.858664,29.736691,52.665679,-2.298962,53.415672,0.000018
14.350000,5.400000,1,-0.884056,1.468460,0.309431,0.293621,0.229552,-0.249581,0.893757,0.359811,-0.059716,0.018589,-0.070899,0.361698,0.690443,0.622444,-0.215073,-0.910812,0.352370,0.808235,0.036525,0.587726,0.026577,-0.817966,1.378991,0.102033,0.106105,-0.013470,0.209635,-0.352890,0.134694,0.911292,-0.163930,0.199856,2.173841,0.000000,1,0.034787,8.871060,29.910361,52.574258,-2.296277,53.323693,0.000017
14.383333,5.433333,1,-0.884160,1.468477,0.308445,0.293394,0.228782,-0.249847,0.893955,0.359859,-0.059799,0.017602,-0.070310,0.361152,0.690498,0.622767,-0.214435,-0.910824,0.352729,0.809253,0.036539,0.586322,0.029734,-0.817966,1.378991,0.102033,0.106206,-0.013338,0.208658,-0.352099,0.134824,0.911601,-0.163803,0.224282,2.736334,0.000000,1,0.036201,8.884297,30.104570,52.471903,-2.293965,53.220434,0.000016
14.416667,5.466667,1,-0.884262,1.468508,0.307440,0.294436,0.228647,-0.249974,0.893611,0.359895,-0.059888,0.016596,-0.069725,0.362026,0.690138,0.622724,-0.214706,-0.910015,0.354646,0.809047,0.037697,0.586534,0.030314,-0.817966,1.378991,0.102033,0.106316,-0.013215,0.207661,-0.352433,0.135820,0.911377,-0.163513,0.205726,3.360095,0.000000,1,0.036782,8.898684,30.301994,52.368981,-2.292009,53.116243,0.000015
14.450000,5.500000,1,-0.884285,1.468514,0.306467,0.295864,0.228671,-0.249818,0.893177,0.359904,-0.059900,0.015623,-0.069111,0.363317,0.689826,0.622386,-0.215717,-0.908895,0.356897,0.808458,0.038728,0.587278,0.029218,-0.817966,1.378991,0.102033,0.106359,-0.013142,0.206691,-0.353085,0.137100,0.910948,-0.163424,0.196687,4.010089,0.000000,1,0.036635,8.902372,30.490733,52.275169,-2.287509,53.019414,0.000014
14.483333,5.533333,1,-0.884314,1.468469,0.305481,0.297110,0.228068,-0.249590,0.892981,0.359957,-0.059886,0.014637,-0.068017,0.364162,0.689757,0.622089,-0.216757,-0.907719,0.359253,0.808643,0.039218,0.586991,0.029604,-0.817966,1.378991,0.102033,0.106364,-0.013032,0.205710,-0.353102,0.138493,0.910713,-0.163523,0.261844,4.711576,0.000000,1,0.037404,8.901078,30.684340,52.173152,-2.281986,52.917080,0.000014
14.516667,5.566667,1,-0.884380,1.468377,0.304556,0.298183,0.227170,-0.249533,0.892868,0.360069,-0.059873,0.013712,-0.066734,0.364723,0.689683,0.621981,-0.217372,-0.906619,0.361650,0.809261,0.039766,0.586102,0.027956,-0.817966,1.378991,0.102033,0.106353,-0.012869,0.204793,-0.352777,0.139858,0.910632,-0.163516,0.268780,5.350854,0.000000,1,0.037681,8.898675,30.870516,52.066243,-2.276330,52.814438,0.000013
14.550000,5.600000,1,-0.884418,1.468307,0.303774,0.298512,0.226503,-0.249679,0.892887,0.360148,-0.059853,0.012931,-0.065990,0.364720,0.689635,0.622116,-0.217233,-0.906202,0.362778,0.809930,0.040099,0.585154,0.023576,-0.817966,1.378991,0.102033,0.106339,-0.012749,0.204016,-0.352325,0.140445,0.910737,-0.163400,0.269721,5.995543,0.000000,1,0.036586,8.895829,31.027133,51.977868,-2.270511,52.729908,0.000012
14.583333,5.633333,1,-0.884462,1.468285,0.302970,0.299358,0.226483,-0.249363,0.892697,0.360192,-0.059866,0.012126,-0.065597,0.365467,0.689610,0.621746,-0.218257,-0.905472,0.363983,0.809578,0.040270,0.585630,0.024168,-0.817966,1.378991,0.102033,0.106367,-0.012652,0.203217,-0.352687,0.141222,0.910445,-0.163578,0.268344,6.523554,0.000000,1,0.036978,8.898653,31.185925,51.892305,-2.266100,52.646444,0.000012
14.616667,5.666667,1,-0.884407,1.468287,0.302117,0.300278,0.226937,-0.248737,0.892448,0.360156,-0.059814,0.011274,-0.065597,0.366493,0.689671,0.621075,-0.219927,-0.904756,0.364759,0.808593,0.040102,0.587000,0.025647,-0.817966,1.378991,0.102033,0.106357,-0.012646,0.202362,-0.353511,0.141862,0.909951,-0.163993,0.258256,6.625935,0.000000,1,0.037176,8.893666,31.348000,51.817130,-2.259841,52.567612,0.000011
14.650000,5.700000,1,-0.884300,1.468304,0.301231,0.301294,0.227150,-0.248263,0.892183,0.360078,-0.059730,0.010389,-0.065337,0.367497,0.689651,0.620531,-0.221346,-0.903921,0.365967,0.807877,0.040225,0.587977,0.026773,-0.817966,1.378991,0.102033,0.106328,-0.012688,0.201471,-0.354159,0.142693,0.909519,-0.164270,0.196297,6.888716,0.000000,1,0.037521,8.884887,31.513194,51.746592,-2.252767,52.490450,0.000011
14.683333,5.733333,1,-0.884283,1.468320,0.300382,0.301888,0.226856,-0.248255,0.892059,0.360054,-0.059717,0.009540,-0.064809,0.367899,0.689546,0.620465,-0.221647,-0.903365,0.367158,0.807992,0.040652,0.587790,0.025482,-0.817966,1.378991,0.102033,0.106352,-0.012660,0.200622,-0.354159,0.143358,0.909425,-0.164214,0.131566,7.428801,0.000000,1,0.038004,8.885318,31.676008,51.667879,-2.248082,52.409822,0.000010
14.716667,5.766667,1,-0.884331,1.468276,0.299626,0.301828,0.226122,-0.248393,0.892227,0.360118,-0.059720,0.008783,-0.064178,0.367517,0.689633,0.620660,-0.221325,-0.903228,0.367687,0.808882,0.040575,0.586569,0.022785,-0.817966,1.378991,0.102033,0.106364,-0.012550,0.199871,-0.353477,0.143626,0.909653,-0.164183,0.133785,7.926655,0.000000,1,0.038108,8.886087,31.827161,51.582480,-2.243662,52.328974,0.000010
14.750000,5.800000,1,-0.884341,1.468144,0.298928,0.301783,0.225579,-0.248199,0.892434,0.360229,-0.059642,0.008086,-0.063712,0.367232,0.689903,0.620576,-0.221651,-0.903069,0.367881,0.809481,0.039950,0.585786,0.021312,-0.817966,1.378991,0.102033,0.106282,-0.012421,0.199177,-0.352980,0.143828,0.909764,-0.164461,0.126364,8.638142,0.000000,1,0.038105,8.873712,31.969108,51.496791,-2.236241,52.250468,0.000009
14.783333,5.833333,1,-0.884307,1.467929,0.298237,0.301897,0.225573,-0.247813,0.892504,0.360380,-0.059478,0.007397,-0.063657,0.367331,0.690138,0.620262,-0.222445,-0.902900,0.367818,0.809367,0.039315,0.585986,0.021723,-0.817966,1.378991,0.102033,0.106107,-0.012277,0.198489,-0.353036,0.143941,0.909657,-0.164835,0.156192,9.556502,0.000000,1,0.038521,8.847986,32.111134,51.407350,-2.225781,52.169934,0.000009
14.816667,5.866667,1,-0.884327,1.467634,0.297524,0.302435,0.225510,-0.247557,0.892409,0.360627,-0.059309,0.006685,-0.063362,0.367784,0.690170,0.619989,-0.223198,-0.902402,0.368582,0.809187,0.039302,0.586235,0.023160,-0.817966,1.378991,0.102033,0.105900,-0.012041,0.197784,-0.353223,0.144459,0.909471,-0.165010,0.127021,10.270965,0.000000,1,0.039738,8.819185,32.263663,51.299629,-2.214792,52.076997,0.000008
14.850000,5.900000,1,-0.884373,1.467277,0.296789,0.303927,0.225549,-0.246954,0.892059,0.360939,-0.059123,0.005952,-0.062735,0.369137,0.690133,0.619289,-0.225091,-0.901099,0.370613,0.808468,0.039562,0.587209,0.024542,-0.817966,1.378991,0.102033,0.105660,-0.011746,0.197060,-0.353929,0.145798,0.908920,-0.165356,0.125912,10.868891,0.000000,1,0.040793,8.786613,32.424545,51.178839,-2.203022,51.975045,0.000008
14.883333,5.933333,1,-0.884399,1.466880,0.296059,0.305265,0.225891,-0.246191,0.891727,0.361271,-0.058897,0.005224,-0.062449,0.370487,0.690183,0.618456,-0.227225,-0.899968,0.372057,0.807422,0.039496,0.588650,0.024946,-0.817966,1.378991,0.102033,0.105376,-0.011443,0.196339,-0.354841,0.146867,0.908302,-0.165849,0.101927,11.432116,0.000000,1,0.041285,8.747726,32.585492,51.055914,-2.189770,51.872098,0.000007
14.916667,5.966667,1,-0.884465,1.466506,0.295367,0.305740,0.226134,-0.246026,0.891548,0.361610,-0.058717,0.004534,-0.062456,0.371020,0.690099,0.618229,-0.227785,-0.899623,0.372549,0.806933,0.039725,0.589305,0.023677,-0.817966,1.378991,0.102033,0.105133,-0.011124,0.195660,-0.355269,0.147191,0.908073,-0.165900,0.095217,11.926423,0.000000,1,0.041487,8.715539,32.740146,50.933852,-2.178057,51.771565,0.000007
14.950000,6.000000,1,-0.884561,1.466163,0.294746,0.305833,0.226266,-0.246207,0.891432,0.361941,-0.058581,0.003914,-0.062532,0.371163,0.689916,0.618340,-0.227491,-0.899623,0.372727,0.806786,0.040213,0.589474,0.021490,-0.817966,1.378991,0.102033,0.104932,-0.010804,0.195051,-0.355422,0.147213,0.908049,-0.165681,0.083803,12.622485,0.000000,1,0.041288,8.689841,32.881479,50.818278,-2.167796,51.678270,0.000007
14.983333,6.033333,1,-0.884645,1.465838,0.294215,0.306012,0.226258,-0.246035,0.891421,0.362251,-0.058447,0.003384,-0.062446,0.371319,0.689983,0.618180,-0.227907,-0.899442,0.372911,0.806692,0.040049,0.589613,0.018844,-0.817966,1.378991,0.102033,0.104736,-0.010510,0.194532,-0.355498,0.147381,0.907966,-0.165825,0.178741,13.168433,0.000000,1,0.040714,8.664965,33.004077,50.714983,-2.157647,51.596610,0.000006
15.016667,6.066667,1,-0.884740,1.465542,0.293758,0.306342,0.226017,-0.245611,0.891486,0.362544,-0.058339,0.002928,-0.062085,0.371506,0.690231,0.617827,-0.228870,-0.899016,0.373347,0.806757,0.039453,0.589564,0.016577,-0.817966,1.378991,0.102033,0.104567,-0.010230,0.194087,-0.355441,0.147793,0.907847,-0.166231,0.196814,13.370918,0.000000,1,0.040313,8.644243,33.111572,50.620906,-2.148427,51.523952,0.000006
15.050000,6.100000,1,-0.884842,1.465282,0.293331,0.306815,0.225866,-0.245308,0.891445,0.362813,-0.058260,0.002502,-0.061739,0.371861,0.690331,0.617536,-0.229676,-0.898525,0.374034,0.806692,0.039262,0.589667,0.015306,-0.817966,1.378991,0.102033,0.104431,-0.009966,0.193671,-0.355522,0.148292,0.907689,-0.166475,0.210526,14.046373,0.000000,1,0.040219,8.628239,33.212006,50.532948,-2.140295,51.456471,0.000006
15.083333,6.133333,1,-0.884930,1.465041,0.292913,0.307325,0.226060,-0.245115,0.891272,0.363058,-0.058180,0.002085,-0.061687,0.372405,0.690266,0.617286,-0.230305,-0.898128,0.374600,0.806238,0.039455,0.590274,0.014705,-0.817966,1.378991,0.102033,0.104300,-0.009726,0.193264,-0.355924,0.148670,0.907455,-0.166554,0.187778,14.843676,0.000000,1,0.040244,8.612575,33.309006,50.449962,-2.132256,51.392529,0.000005
15.116667,6.166667,1,-0.884984,1.464800,0.292483,0.308077,0.226427,-0.244978,0.890957,0.363283,-0.058074,0.001656,-0.061681,0.373242,0.690050,0.617022,-0.230958,-0.897596,0.375472,0.805509,0.040053,0.591229,0.014877,-0.817966,1.378991,0.102033,0.104151,-0.009513,0.192842,-0.356583,0.149188,0.907120,-0.166510,0.168784,15.648767,0.000000,1,0.040441,8.593632,33.406730,50.369870,-2.123499,51.329881,0.000005
15.150000,6.200000,1,-0.884974,1.464564,0.291990,0.309276,0.226761,-0.244654,0.890546,0.363465,-0.057919,0.001164,-0.061448,0.374465,0.689833,0.616548,-0.232186,-0.896650,0.376973,0.804609,0.040710,0.592408,0.016408,-0.817966,1.378991,0.102033,0.103968,-0.009349,0.192354,-0.357414,0.150127,0.906625,-0.166578,0.175439,16.226442,0.000000,1,0.040892,8.568366,33.513076,50.292030,-2.113326,51.266062,0.000005
15.183333,6.233333,1,-0.884932,1.464326,0.291436,0.310715,0.227137,-0.243936,0.890146,0.363630,-0.057736,0.000612,-0.061147,0.375920,0.689803,0.615725,-0.234288,-0.895430,0.378568,0.803484,0.040867,0.593921,0.018134,-0.817966,1.378991,0.102033,0.103766,-0.009206,0.191802,-0.358399,0.151272,0.905968,-0.166998,0.176220,16.656615,0.000000,1,0.041557,8.539541,33.629605,50.211872,-2.102413,51.198295,0.000005
15.216667,6.266667,1,-0.884961,1.464080,0.290863,0.311573,0.227383,-0.243239,0.889974,0.363843,-0.057605,0.000040,-0.060987,0.376797,0.689964,0.615023,-0.236054,-0.894648,0.379320,0.802728,0.040459,0.594971,0.018736,-0.817966,1.378991,0.102033,0.103601,-0.009001,0.191236,-0.359012,0.151950,0.905516,-0.167519,0.176613,17.605478,0.000000,1,0.042466,8.517292,33.753809,50.119895,-2.093157,51.122363,0.000004
15.250000,6.300000,1,-0.885042,1.463828,0.290313,0.311702,0.227196,-0.243046,0.890030,0.364093,-0.057513,-0.000509,-0.060763,0.376828,0.690100,0.614874,-0.236476,-0.894444,0.379538,0.802855,0.040139,0.594822,0.018300,-0.817966,1.378991,0.102033,0.103462,-0.008752,0.190696,-0.358908,0.152153,0.905486,-0.167717,0.185300,18.290459,0.000000,1,0.042916,8.499832,33.876428,50.022761,-2.085076,51.044255,0.000004
15.283333,6.333333,1,-0.885035,1.463594,0.289826,0.311531,0.227146,-0.243225,0.890053,0.364275,-0.057361,-0.000994,-0.060794,0.376654,0.690040,0.615045,-0.236048,-0.894608,0.379417,0.803015,0.040296,0.594595,0.016206,-0.817966,1.378991,0.102033,0.103282,-0.008588,0.190214,-0.358785,0.152017,0.905585,-0.167573,0.241087,18.696382,0.000000,1,0.042112,8.475048,33.981855,49.944667,-2.075229,50.980739,0.000004
15.316667,6.366667,1,-0.884951,1.463436,0.289389,0.311350,0.227437,-0.243384,0.889999,0.364351,-0.057194,-0.001430,-0.061135,0.376622,0.689921,0.615165,-0.235670,-0.894879,0.379013,0.802781,0.040543,0.594894,0.014172,-0.817966,1.378991,0.102033,0.103116,-0.008534,0.189775,-0.358959,0.151723,0.905596,-0.167405,0.272699,18.827302,0.000000,1,0.041149,8.450349,34.070450,49.890025,-2.065313,50.934022,0.000004
15.350000,6.400000,1,-0.884930,1.463377,0.288939,0.311236,0.227486,-0.243501,0.889994,0.364385,-0.057137,-0.001880,-0.061229,0.376542,0.689864,0.615268,-0.235393,-0.895013,0.378869,0.802791,0.040677,0.594871,0.013646,-0.817966,1.378991,0.102033,0.103068,-0.008488,0.189326,-0.358950,0.151596,0.905641,-0.167299,0.273667,18.990930,0.000000,1,0.041356,8.442604,34.160109,49.838077,-2.059350,50.888522,0.000004
15.383333,6.433333,1,-0.884994,1.463393,0.288450,0.311133,0.227109,-0.243565,0.890109,0.364411,-0.057192,-0.002369,-0.060937,0.376281,0.689937,0.615374,-0.235202,-0.894998,0.379022,0.803280,0.040547,0.594219,0.014802,-0.817966,1.378991,0.102033,0.103130,-0.008417,0.188841,-0.358568,0.151668,0.905779,-0.167305,0.305936,19.044941,0.000000,1,0.042053,8.451311,34.257964,49.780601,-2.057278,50.838035,0.000003
15.416667,6.466667,1,-0.885044,1.463441,0.287957,0.310946,0.226657,-0.243617,0.890275,0.364402,-0.057256,-0.002862,-0.060615,0.375912,0.690060,0.615494,-0.234986,-0.895028,0.379087,0.803884,0.040285,0.593421,0.014910,-0.817966,1.378991,0.102033,0.103211,-0.008376,0.188353,-0.358083,0.151699,0.905958,-0.167346,0.342653,19.323421,0.000000,1,0.042111,8.462037,34.354368,49.728188,-2.055738,50.790593,0.000003
15.450000,6.500000,1,-0.885063,1.463490,0.287561,0.310835,0.226215,-0.243686,0.890407,0.364374,-0.057296,-0.003259,-0.060269,0.375615,0.690146,0.615613,-0.234777,-0.895001,0.379279,0.804450,0.040132,0.592664,0.012014,-0.817966,1.378991,0.102033,0.103272,-0.008367,0.187957,-0.357640,0.151792,0.906115,-0.167356,0.431441,19.535397,0.000000,1,0.041300,8.469729,34.430921,49.689247,-2.053556,50.755398,0.000003
15.483333,6.533333,1,-0.885101,1.463535,0.287286,0.310774,0.225832,-0.243645,0.890537,0.364360,-0.057351,-0.003535,-0.059953,0.375389,0.690279,0.615632,-0.234804,-0.894928,0.379434,0.804905,0.039840,0.592065,0.008423,-0.817966,1.378991,0.102033,0.103337,-0.008347,0.187685,-0.357274,0.151906,0.906221,-0.167460,0.517894,19.959369,0.000000,1,0.040502,8.478985,34.485006,49.659748,-2.051833,50.730985,0.000003
15.516667,6.566667,1,-0.885129,1.463615,0.287072,0.310322,0.225585,-0.243594,0.890771,0.364313,-0.057420,-0.003749,-0.059933,0.374873,0.690509,0.615691,-0.234665,-0.895215,0.378842,0.805346,0.039210,0.591507,0.006915,-0.817966,1.378991,0.102033,0.103424,-0.008360,0.187471,-0.356859,0.151609,0.906404,-0.167627,0.644820,20.195647,0.000000,1,0.039883,8.490977,34.525297,49.641829,-2.050814,50.716160,0.000003
15.550000,6.600000,1,-0.885112,1.463757,0.286815,0.309876,0.225642,-0.243447,0.890953,0.364190,-0.057488,-0.004007,-0.060183,0.374497,0.690735,0.615642,-0.234726,-0.895568,0.377971,0.805414,0.038527,0.591459,0.008814,-0.817966,1.378991,0.102033,0.103533,-0.008443,0.187212,-0.356717,0.151184,0.906489,-0.167849,0.642594,20.328228,0.000000,1,0.039828,8.504620,34.568615,49.632722,-2.050266,50.705013,0.000003
15.583333,6.633333,1,-0.885032,1.463902,0.286505,0.309723,0.226063,-0.243208,0.890964,0.364025,-0.057509,-0.004317,-0.060629,0.374549,0.690852,0.615435,-0.235127,-0.895767,0.377249,0.804933,0.038095,0.592142,0.010560,-0.817966,1.378991,0.102033,0.103609,-0.008575,0.186894,-0.357031,0.150866,0.906379,-0.168062,0.623176,20.423401,0.000000,1,0.040021,8.512026,34.618888,49.626576,-2.048463,50.693363,0.000003
15.616667,6.666667,1,-0.884895,1.463963,0.286252,0.309535,0.226584,-0.243146,0.890914,0.363894,-0.057433,-0.004569,-0.061180,0.374612,0.690835,0.615361,-0.235176,-0.896064,0.376513,0.804389,0.038007,0.592887,0.008810,-0.817966,1.378991,0.102033,0.103581,-0.008706,0.186633,-0.357413,0.150467,0.906290,-0.168089,0.685389,20.679528,0.000000,1,0.039633,8.504630,34.659057,49.623297,-2.043491,50.685571,0.000002
15.650000,6.700000,1,-0.884807,1.463958,0.286107,0.309123,0.226754,-0.243423,0.890938,0.363845,-0.057358,-0.004713,-0.061515,0.374320,0.690732,0.615621,-0.234452,-0.896512,0.375898,0.804406,0.038210,0.592850,0.005078,-0.817966,1.378991,0.102033,0.103528,-0.008764,0.186483,-0.357376,0.150015,0.906422,-0.167858,0.852937,20.926035,0.000000,1,0.039295,8.495473,34.683825,49.617047,-2.038344,50.680040,0.000002
15.683333,6.733333,1,-0.884804,1.463952,0.285983,0.308818,0.226620,-0.243868,0.890956,0.363848,-0.057350,-0.004838,-0.061528,0.373989,0.690548,0.616027,-0.233449,-0.896815,0.375798,0.804772,0.038714,0.592321,0.003751,-0.817966,1.378991,0.102033,0.103524,-0.008755,0.186358,-0.357110,0.149792,0.906634,-0.167479,0.993129,20.974636,0.000000,1,0.039629,8.494950,34.708819,49.602419,-2.035369,50.669915,0.000002
15.716667,6.766667,1,-0.884744,1.463912,0.285815,0.308877,0.227149,-0.244061,0.890748,0.363844,-0.057277,-0.005004,-0.061975,0.374279,0.690278,0.616110,-0.233135,-0.896966,0.375633,0.804182,0.039352,0.593079,0.005467,-0.817966,1.378991,0.102033,0.103461,-0.008769,0.186188,-0.357600,0.149608,0.906523,-0.167201,0.965539,20.964970,0.000000,1,0.039896,8.485030,34.740713,49.586569,-2.030387,50.657093,0.000002
15.750000,6.800000,1,-0.884609,1.463786,0.285659,0.309298,0.228475,-0.243958,0.890291,0.363862,-0.057092,-0.005158,-0.062976,0.375249,0.689920,0.615819,-0.233603,-0.896994,0.375274,0.802467,0.040089,0.595348,0.007246,-0.817966,1.378991,0.102033,0.103283,-0.008792,0.186026,-0.358966,0.149404,0.906044,-0.167050,0.892170,20.974555,0.000000,1,0.039852,8.458204,34.770469,49.571095,-2.021691,50.644735,0.000002
15.783333,6.833333,1,-0.884539,1.463588,0.285610,0.309962,0.229833,-0.243796,0.889755,0.363979,-0.056916,-0.005205,-0.063897,0.376451,0.689519,0.615439,-0.234304,-0.896822,0.375249,0.800605,0.040961,0.597791,0.006481,-0.817966,1.378991,0.102033,0.103083,-0.008726,0.185976,-0.360467,0.149407,0.905474,-0.166910,0.931327,21.041698,0.000000,1,0.039709,8.430575,34.786148,49.549734,-2.012983,50.632805,0.000002
15.816667,6.866667,1,-0.884545,1.463350,0.285595,0.310640,0.230954,-0.243726,0.889247,0.364173,-0.056777,-0.005219,-0.064600,0.377560,0.689102,0.615154,-0.234826,-0.896587,0.375484,0.799026,0.041931,0.599832,0.007160,-0.817966,1.378991,0.102033,0.102897,-0.008577,0.185966,-0.361760,0.149525,0.904976,-0.166705,1.038611,21.087765,0.000000,1,0.040101,8.406740,34.800675,49.517801,-2.005290,50.615488,0.000002
15.850000,6.900000,1,-0.884480,1.463074,0.285517,0.311168,0.232474,-0.243568,0.888710,0.364354,-0.056559,-0.005296,-0.065726,0.378714,0.688698,0.614777,-0.235458,-0.896575,0.375118,0.797009,0.042751,0.602453,0.008823,-0.817966,1.378991,0.102033,0.102639,-0.008459,0.185887,-0.363346,0.149334,0.904398,-0.166561,1.076182,21.127351,0.000000,1,0.040508,8.371525,34.825681,49.483759,-1.995067,50.594100,0.000002
15.883333,6.933333,1,-0.884355,1.462777,0.285359,0.311571,0.234191,-0.243290,0.888193,0.364516,-0.056278,-0.005450,-0.067086,0.379842,0.688366,0.614306,-0.236256,-0.896698,0.374320,0.794771,0.043303,0.605363,0.010767,-0.817966,1.378991,0.102033,0.102330,-0.008371,0.185728,-0.365055,0.148945,0.903780,-0.166531,1.030111,21.292677,0.000000,1,0.041058,8.327743,34.863815,49.446562,-1.982950,50.567452,0.000002
15.916667,6.966667,1,-0.884339,1.462484,0.285152,0.312024,0.235329,-0.243081,0.887791,0.364740,-0.056087,-0.005655,-0.067904,0.380756,0.688105,0.613943,-0.236927,-0.896624,0.374075,0.793204,0.043802,0.607379,0.010766,-0.817966,1.378991,0.102033,0.102092,-0.008195,0.185525,-0.366269,0.148855,0.903308,-0.166504,0.941385,21.494661,0.000000,1,0.042190,8.295768,34.916728,49.391341,-1.973643,50.527488,0.000002
15.950000,7.000000,1,-0.884428,1.462220,0.284921,0.312249,0.235765,-0.243057,0.887603,0.365004,-0.055997,-0.005886,-0.068194,0.381153,0.687949,0.613839,-0.237103,-0.896565,0.374104,0.792595,0.044150,0.608148,0.010855,-0.817966,1.378991,0.102033,0.101940,-0.007953,0.185304,-0.366755,0.148866,0.903123,-0.166426,0.977011,21.642658,0.000000,1,0.043024,8.277709,34.978308,49.323993,-1.967544,50.479000,0.000001
15.983333,7.033333,1,-0.884439,1.461974,0.284662,0.312365,0.236579,-0.242740,0.887432,0.365207,-0.055854,-0.006143,-0.068873,0.381620,0.687940,0.613483,-0.237791,-0.896645,0.373474,0.791512,0.043990,0.609569,0.010734,-0.817966,1.378991,0.102033,0.101756,-0.007780,0.185050,-0.367538,0.148618,0.902812,-0.166613,1.052227,21.710110,0.000000,1,0.042947,8.253416,35.040771,49.265255,-1.959946,50.434818,0.000001
16.016667,7.066667,1,-0.884330,1.461715,0.284437,0.312595,0.238198,-0.241852,0.887160,0.365348,-0.055610,-0.006366,-0.070224,0.382548,0.688099,0.612574,-0.239645,-0.896750,0.372035,0.789294,0.043178,0.612496,0.010786,-0.817966,1.378991,0.102033,0.101489,-0.007698,0.184823,-0.369101,0.148128,0.902137,-0.167245,1.087679,21.875211,0.000000,1,0.042232,8.215470,35.091383,49.223281,-1.949168,50.402472,0.000001
16.050000,7.100000,1,-0.884251,1.461487,0.284239,0.312839,0.239204,-0.241187,0.886985,0.365483,-0.055408,-0.006562,-0.071019,0.383213,0.688242,0.611904,-0.241058,-0.896708,0.371223,0.787845,0.042559,0.614401,0.009354,-0.817966,1.378991,0.102033,0.101265,-0.007612,0.184625,-0.370119,0.147917,0.901664,-0.167733,1.021455,22.078090,0.000000,1,0.042129,8.183819,35.136697,49.184115,-1.939824,50.373008,0.000001
16.083333,7.133333,1,-0.884221,1.461377,0.283925,0.313167,0.239312,-0.241089,0.886867,0.365552,-0.055313,-0.006875,-0.070970,0.383556,0.688182,0.611763,-0.241419,-0.896450,0.371610,0.787567,0.042738,0.614746,0.010043,-0.817966,1.378991,0.102033,0.101165,-0.007551,0.184311,-0.370361,0.148167,0.901519,-0.167758,0.978905,22.291151,0.000000,1,0.042971,8.169266,35.201458,49.141186,-1.934352,50.336610,0.000001
16.116667,7.166667,1,-0.884135,1.461407,0.283423,0.313277,0.239750,-0.240967,0.886743,0.365477,-0.055258,-0.007376,-0.071314,0.383849,0.688127,0.611601,-0.241718,-0.896465,0.371379,0.786971,0.042791,0.615505,0.015292,-0.817966,1.378991,0.102033,0.101151,-0.007607,0.183804,-0.370801,0.148075,0.901346,-0.167799,1.048298,22.313237,0.000000,1,0.043911,8.163581,35.293318,49.102483,-1.930835,50.295488,0.000001
16.150000,7.200000,1,-0.884018,1.461544,0.282822,0.313113,0.240200,-0.241003,0.886669,0.365297,-0.055240,-0.007977,-0.071790,0.383904,0.688045,0.611602,-0.241577,-0.896741,0.370804,0.786499,0.042880,0.616101,0.018834,-0.817966,1.378991,0.102033,0.101204,-0.007747,0.183194,-0.371128,0.147728,0.901281,-0.167729,1.120806,22.647925,0.000000,1,0.044435,8.165497,35.398172,49.070004,-1.929020,50.254400,0.000001
16.183333,7.233333,1,-0.883966,1.461712,0.282249,0.313053,0.239663,-0.241479,0.886706,0.365130,-0.055294,-0.008551,-0.071333,0.383612,0.687864,0.612043,-0.240630,-0.896733,0.371438,0.787276,0.043509,0.615064,0.017983,-0.817966,1.378991,0.102033,0.101322,-0.007855,0.182617,-0.370611,0.147902,0.901539,-0.167332,1.150928,22.980077,0.000000,1,0.044597,8.177615,35.499469,49.035916,-1.929591,50.213550,0.000001
16.216667,7.266667,1,-0.883965,1.461827,0.281726,0.312968,0.238587,-0.242161,0.886840,0.365038,-0.055357,-0.009074,-0.070405,0.383057,0.687677,0.612708,-0.239264,-0.896628,0.372572,0.788752,0.044287,0.613114,0.016045,-0.817966,1.378991,0.102033,0.101427,-0.007893,0.182094,-0.369600,0.148287,0.901988,-0.166808,1.105728,23.257238,0.000000,1,0.044833,8.189556,35.596031,48.994072,-1.930260,50.169918,0.000001
16.250000,7.300000,1,-0.883957,1.461820,0.281230,0.312966,0.237998,-0.242726,0.886845,0.365038,-0.055341,-0.009570,-0.069877,0.382793,0.687427,0.613213,-0.238174,-0.896575,0.373398,0.789582,0.045122,0.611984,0.014890,-0.817966,1.378991,0.102033,0.101428,-0.007865,0.181598,-0.369061,0.148534,0.902258,-0.166318,1.074655,23.401858,0.000000,1,0.045297,8.187988,35.692630,48.941248,-1.928031,50.120469,0.000001
16.283333,7.333333,1,-0.883952,1.461696,0.280752,0.313546,0.237821,-0.243098,0.886585,0.365134,-0.055257,-0.010047,-0.069458,0.383236,0.687031,0.613428,-0.237763,-0.896126,0.374736,0.789651,0.046328,0.611805,0.014826,-0.817966,1.378991,0.102033,0.101337,-0.007766,0.181123,-0.369147,0.149129,0.902210,-0.165858,1.086980,23.481851,0.000000,1,0.045934,8.174504,35.791194,48.875765,-1.923236,50.063851,0.000001
16.316667,7.366667,1,-0.883935,1.461492,0.280298,0.314423,0.237984,-0.243243,0.886191,0.365286,-0.055116,-0.010499,-0.069212,0.384096,0.686619,0.613380,-0.237949,-0.895485,0.376148,0.789148,0.047529,0.612362,0.014926,-0.817966,1.378991,0.102033,0.101175,-0.007630,0.180672,-0.369671,0.149845,0.901937,-0.165528,1.126285,23.591404,0.000000,1,0.046297,8.151597,35.888080,48.804657,-1.916358,50.004755,0.000001
16.350000,7.400000,1,-0.883894,1.461237,0.279898,0.315356,0.238687,-0.243080,0.885715,0.365465,-0.054925,-0.010898,-0.069427,0.385246,0.686271,0.613023,-0.238766,-0.894893,0.377037,0.787906,0.048423,0.613888,0.014293,-0.817966,1.378991,0.102033,0.100957,-0.007486,0.180274,-0.370709,0.150380,0.901441,-0.165424,1.176370,23.985715,0.000000,1,0.046205,8.120818,35.975849,48.735707,-1.907686,49.949210,0.000001
16.383333,7.433333,1,-0.883898,1.460956,0.279601,0.316346,0.239290,-0.242816,0.885272,0.365692,-0.054756,-0.011193,-0.069528,0.386403,0.685999,0.612589,-0.239802,-0.894202,0.378019,0.786738,0.049144,0.615328,0.012279,-0.817966,1.378991,0.102033,0.100741,-0.007296,0.179983,-0.371685,0.151011,0.900933,-0.165424,1.153689,24.006394,0.000000,1,0.045901,8.092079,36.047098,48.668711,-1.899447,49.899061,0.000001
16.416667,7.466667,1,-0.883957,1.460641,0.279436,0.317218,0.239891,-0.242358,0.884923,0.365979,-0.054612,-0.011357,-0.069680,0.387451,0.685896,0.612024,-0.241143,-0.893565,0.378672,0.785574,0.049383,0.616794,0.010819,-0.817966,1.378991,0.102033,0.100529,-0.007049,0.179827,-0.372613,0.151541,0.900421,-0.165643,1.179643,24.086578,0.000000,1,0.045438,8.065813,36.097095,48.604577,-1.891736,49.855957,0.000001
16.450000,7.500000,1,-0.884011,1.460330,0.279322,0.317702,0.240670,-0.241835,0.884680,0.366260,-0.054467,-0.011470,-0.070164,0.388232,0.685917,0.611450,-0.242413,-0.893287,0.378516,0.784328,0.049190,0.618393,0.010069,-0.817966,1.378991,0.102033,0.100315,-0.006813,0.179722,-0.373531,0.151644,0.899962,-0.165975,1.152184,24.130179,0.000000,1,0.045114,8.039526,36.136740,48.546936,-1.883960,49.818932,0.000001
16.483333,7.533333,1,-0.884019,1.460062,0.279197,0.318034,0.241501,-0.241344,0.884469,0.366478,-0.054310,-0.011593,-0.070763,0.388899,0.685950,0.610919,-0.243541,-0.893160,0.378092,0.783081,0.048930,0.619992,0.008856,-0.817966,1.378991,0.102033,0.100109,-0.006639,0.179602,-0.374428,0.151585,0.899540,-0.166293,1.124912,24.287459,0.000000,1,0.044856,8.012878,36.174210,48.499209,-1.876021,49.787648,0.000001
16.516667,7.566667,1,-0.883997,1.459832,0.279114,0.318168,0.242136,-0.240974,0.884348,0.366648,-0.054154,-0.011675,-0.071273,0.389302,0.686010,0.610536,-0.244331,-0.893161,0.377578,0.782175,0.048621,0.621159,0.007362,-0.817966,1.378991,0.102033,0.099914,-0.006513,0.179521,-0.375060,0.151434,0.899254,-0.166553,1.137727,24.431169,0.000000,1,0.044255,7.987120,36.200466,48.463952,-1.868219,49.765759,0.000001
16.550000,7.600000,1,-0.883986,1.459604,0.279115,0.317886,0.242895,-0.240589,0.884346,0.366824,-0.054008,-0.011672,-0.072080,0.389388,0.686180,0.610195,-0.244933,-0.893542,0.376285,0.781273,0.047922,0.622347,0.006863,-0.817966,1.378991,0.102033,0.099725,-0.006385,0.179526,-0.375622,0.150852,0.899055,-0.166887,1.154107,24.520636,0.000000,1,0.043666,7.962747,36.210902,48.436386,-1.860727,49.751887,0.000001
16.583333,7.633333,1,-0.883989,1.459341,0.279183,0.317391,0.243914,-0.240112,0.884373,0.367036,-0.053852,-0.011603,-0.073215,0.389398,0.686418,0.609787,-0.245600,-0.894156,0.374387,0.780117,0.046941,0.623870,0.008139,-0.817966,1.378991,0.102033,0.099515,-0.006229,0.179598,-0.376322,0.149965,0.898831,-0.167315,1.110778,24.550670,0.000000,1,0.043408,7.936338,36.210610,48.410119,-1.852837,49.741295,0.000001
16.616667,7.666667,1,-0.883970,1.459039,0.279274,0.317201,0.245052,-0.239562,0.884275,0.367266,-0.053657,-0.011509,-0.074321,0.389735,0.686578,0.609256,-0.246566,-0.894535,0.372843,0.778674,0.046173,0.625728,0.009481,-0.817966,1.378991,0.102033,0.099260,-0.006068,0.179693,-0.377264,0.149303,0.898467,-0.167744,1.099696,24.525050,0.000000,1,0.043337,7.903701,36.206418,48.384307,-1.843613,49.731741,0.000001
16.650000,7.700000,1,-0.883882,1.458677,0.279379,0.317259,0.246839,-0.238713,0.883987,0.367502,-0.053370,-0.011401,-0.075899,0.390583,0.686704,0.608377,-0.248234,-0.894838,0.371004,0.776259,0.045355,0.628780,0.011613,-0.817966,1.378991,0.102033,0.098915,-0.005928,0.179798,-0.378899,0.148584,0.897787,-0.168334,1.107214,24.527162,0.000000,1,0.043187,7.857562,36.198827,48.361452,-1.831431,49.724356,0.000000
16.683333,7.733333,1,-0.883725,1.458233,0.279507,0.317237,0.249538,-0.237543,0.883552,0.367763,-0.052979,-0.011269,-0.078331,0.391766,0.686844,0.607148,-0.250471,-0.895407,0.368118,0.772657,0.044219,0.633282,0.014642,-0.817966,1.378991,0.102033,0.098463,-0.005794,0.179923,-0.381317,0.147396,0.896809,-0.169129,1.099670,24.551441,0.000000,1,0.043115,7.795876,36.187320,48.339376,-1.815855,49.718103,0.000000
16.716667,7.766667,1,-0.883566,1.457776,0.279637,0.317370,0.252280,-0.236298,0.883060,0.368032,-0.052577,-0.011135,-0.080732,0.393108,0.686967,0.605826,-0.252914,-0.895837,0.365390,0.768892,0.043118,0.637923,0.015050,-0.817966,1.378991,0.102033,0.097998,-0.005655,0.180051,-0.383843,0.146332,0.895748,-0.169960,1.116929,24.513863,0.000000,1,0.043169,7.732506,36.175808,48.316370,-1.799949,49.711188,0.000000
16.750000,7.800000,1,-0.883415,1.457307,0.279848,0.317267,0.254950,-0.235060,0.882660,0.368315,-0.052177,-0.010920,-0.083175,0.394206,0.687168,0.604553,-0.255196,-0.896434,0.362326,0.765283,0.041764,0.642338,0.016076,-0.817966,1.378991,0.102033,0.097527,-0.005506,0.180260,-0.386201,0.145085,0.894771,-0.170834,1.108841,24.491472,0.000000,1,0.042627,7.669024,36.149727,48.299236,-1.784029,49.710943,0.000000
16.783333,7.833333,1,-0.883280,1.456818,0.280143,0.316431,0.257779,-0.233799,0.882474,0.368625,-0.051778,-0.010621,-0.086085,0.394717,0.687567,0.603357,-0.257100,-0.897655,0.357931,0.761738,0.039681,0.646669,0.017610,-0.817966,1.378991,0.102033,0.097048,-0.005338,0.180554,-0.388379,0.143109,0.893954,-0.171837,1.083702,24.454382,0.000000,1,0.042133,7.605300,36.109221,48.286344,-1.768085,49.716447,0.000000
16.816667,7.866667,1,-0.883100,1.456325,0.280415,0.315388,0.261107,-0.232324,0.882258,0.368911,-0.051341,-0.010345,-0.089536,0.395266,0.688037,0.601958,-0.259259,-0.899120,0.352659,0.757557,0.037178,0.651709,0.017715,-0.817966,1.378991,0.102033,0.096539,-0.005202,0.180821,-0.390915,0.140731,0.892998,-0.173014,1.090307,24.435139,0.000000,1,0.042048,7.536567,36.071150,48.276151,-1.751056,49.722511,0.000000
16.850000,7.900000,1,-0.882830,1.455813,0.280629,0.314985,0.264618,-0.230715,0.881778,0.369157,-0.050820,-0.010125,-0.092868,0.396470,0.688332,0.600321,-0.261980,-0.900080,0.348171,0.752803,0.035149,0.657307,0.018518,-0.817966,1.378991,0.102033,0.095963,-0.005123,0.181027,-0.393898,0.138852,0.891756,-0.174173,1.098487,24.458201,0.000000,1,0.042100,7.456428,36.040497,48.268727,-1.731534,49.727860,0.000000
16.883333,7.933333,1,-0.882554,1.455284,0.280806,0.315364,0.267834,-0.229107,0.881090,0.369414,-0.050283,-0.009943,-0.095585,0.398244,0.688444,0.598590,-0.265107,-0.900324,0.345159,0.748060,0.033816,0.662770,0.018661,-0.817966,1.378991,0.102033,0.095370,-0.005036,0.181195,-0.396960,0.137809,0.890352,-0.175225,1.095523,24.538264,0.000000,1,0.042458,7.373937,36.017742,48.255887,-1.711564,49.728143,0.000000
16.916667,7.966667,1,-0.882321,1.454746,0.280966,0.315533,0.270633,-0.227662,0.880549,0.369704,-0.049775,-0.009778,-0.098023,0.399642,0.688613,0.597068,-0.267803,-0.900646,0.342226,0.743949,0.032407,0.667450,0.018237,-0.817966,1.378991,0.102033,0.094796,-0.004909,0.181348,-0.399556,0.136756,0.889158,-0.176211,1.085728,24.626258,0.000000,1,0.042877,7.295034,36.000823,48.234784,-1.692462,49.722464,0.000000
16.950000,8.000000,1,-0.882063,1.454154,0.281129,0.315118,0.273875,-0.226043,0.880112,0.370021,-0.049214,-0.009609,-0.101118,0.400715,0.688951,0.595440,-0.270452,-0.901498,0.337873,0.739419,0.030244,0.672566,0.019991,-0.817966,1.378991,0.102033,0.094163,-0.004770,0.181505,-0.402293,0.134987,0.887956,-0.177403,1.108677,24.643982,0.000000,1,0.043065,7.208086,35.984672,48.210362,-1.671634,49.714676,0.000000
16.983333,8.033333,1,-0.881724,1.453438,0.281307,0.315046,0.277768,-0.224216,0.879385,0.370389,-0.048515,-0.009423,-0.104644,0.402386,0.689125,0.593499,-0.273617,-0.902205,0.333406,0.733775,0.028312,0.678802,0.024342,-0.817966,1.378991,0.102033,0.093383,-0.004621,0.181673,-0.405763,0.133244,0.886393,-0.178631,1.094972,24.719448,0.000000,1,0.043337,7.100306,35.967618,48.181988,-1.646271,49.704797,0.000000
17.016667,8.066667,1,-0.881356,1.452585,0.281554,0.314722,0.281484,-0.222619,0.878725,0.370849,-0.047709,-0.009168,-0.108124,0.403753,0.689255,0.591794,-0.276179,-0.903104,0.328827,0.728483,0.026473,0.684552,0.028860,-0.817966,1.378991,0.102033,0.092474,-0.004418,0.181911,-0.408959,0.131348,0.884992,-0.179691,1.095980,24.784399,0.000000,1,0.043575,6.975588,35.942363,48.147295,-1.617244,49.693486,0.000000
17.050000,8.100000,1,-0.881093,1.451675,0.281868,0.314080,0.284119,-0.221389,0.878417,0.371417,-0.046956,-0.008846,-0.110775,0.404353,0.689533,0.590569,-0.277913,-0.904019,0.324830,0.724849,0.024547,0.688470,0.029919,-0.817966,1.378991,0.102033,0.091581,-0.004100,0.182222,-0.411048,0.129633,0.884089,-0.180613,1.099733,24.742596,0.000000,1,0.044048,6.856675,35.912533,48.099123,-1.589563,49.676200,0.000000
17.083333,8.133333,1,-0.880978,1.450861,0.282156,0.314344,0.285331,-0.220426,0.878172,0.371998,-0.046377,-0.008552,-0.111747,0.405129,0.689748,0.589603,-0.279763,-0.903898,0.323576,0.722810,0.023521,0.690646,0.026141,-0.817966,1.378991,0.102033,0.090854,-0.003721,0.182516,-0.412265,0.129357,0.883416,-0.181332,1.107962,24.637354,0.000000,1,0.044452,6.763194,35.890544,48.041765,-1.567460,49.652174,0.000000
17.116667,8.166667,1,-0.880908,1.450209,0.282445,0.315118,0.286455,-0.219331,0.877803,0.372478,-0.045932,-0.008259,-0.112414,0.406322,0.689912,0.588462,-0.282152,-0.903326,0.323098,0.720621,0.022769,0.692955,0.021505,-0.817966,1.378991,0.102033,0.090283,-0.003402,0.182811,-0.413630,0.129581,0.882586,-0.182103,1.070977,24.547359,0.000000,1,0.043692,6.691027,35.863514,47.998373,-1.549901,49.636917,0.000000
17.150000,8.200000,1,-0.880839,1.449728,0.282737,0.315264,0.287593,-0.218301,0.877635,0.372820,-0.045591,-0.007963,-0.113372,0.406958,0.690226,0.587469,-0.284053,-0.903248,0.321647,0.718698,0.021471,0.694991,0.017001,-0.817966,1.378991,0.102033,0.089850,-0.003187,0.183106,-0.414730,0.129233,0.881951,-0.182921,1.065224,24.367431,0.000000,1,0.042578,6.636281,35.827583,47.976542,-1.536023,49.635363,0.000000
17.183333,8.233333,1,-0.880812,1.449431,0.283001,0.315065,0.287644,-0.217894,0.877791,0.373041,-0.045393,-0.007697,-0.113508,0.406801,0.690546,0.587176,-0.284681,-0.903294,0.320962,0.718594,0.020525,0.695127,0.011957,-0.817966,1.378991,0.102033,0.089590,-0.003046,0.183373,-0.414699,0.129039,0.881903,-0.183359,1.054492,24.327570,0.000000,1,0.041903,6.604288,35.790205,47.969581,-1.527054,49.642067,0.000000
17.216667,8.266667,1,-0.880848,1.449327,0.283259,0.314532,0.287374,-0.217774,0.878100,0.373146,-0.045362,-0.007439,-0.113504,0.406202,0.690873,0.587207,-0.284610,-0.903581,0.320215,0.719160,0.019623,0.694568,0.008402,-0.817966,1.378991,0.102033,0.089522,-0.002970,0.183634,-0.414230,0.128679,0.882121,-0.183623,1.053322,24.193145,0.000000,1,0.041175,6.598371,35.747819,47.978332,-1.523748,49.658387,0.000000
17.250000,8.300000,1,-0.880949,1.449435,0.283455,0.313789,0.287072,-0.217811,0.878456,0.373121,-0.045509,-0.007244,-0.113565,0.405400,0.691170,0.587398,-0.284132,-0.904063,0.319278,0.719907,0.018773,0.693817,0.007364,-0.817966,1.378991,0.102033,0.089664,-0.002967,0.183834,-0.413636,0.128140,0.882447,-0.183773,1.013410,24.065509,0.000000,1,0.040876,6.620282,35.709995,47.999418,-1.526530,49.680084,0.000000
17.283333,8.333333,1,-0.881092,1.449705,0.283508,0.314443,0.285533,-0.218419,0.878573,0.372992,-0.045787,-0.007195,-0.111892,0.405300,0.691003,0.587986,-0.283506,-0.903299,0.321986,0.721901,0.019990,0.691708,0.009305,-0.817966,1.378991,0.102033,0.089964,-0.003017,0.183891,-0.412541,0.129396,0.882875,-0.183299,1.004964,23.826125,0.000000,1,0.041491,6.662801,35.693844,48.020881,-1.533910,49.696428,0.000000
17.316667,8.366667,1,-0.881158,1.449871,0.283599,0.315901,0.283493,-0.219341,0.878480,0.372899,-0.045941,-0.007105,-0.109412,0.405698,0.690510,0.588757,-0.282789,-0.901861,0.326615,0.724309,0.022451,0.689110,0.006027,-0.817966,1.378991,0.102033,0.090135,-0.003070,0.183983,-0.411347,0.131590,0.883285,-0.182441,1.025093,23.751531,0.000000,1,0.041143,6.686929,35.671643,48.042716,-1.537433,49.714308,0.000000
17.350000,8.400000,1,-0.881105,1.449711,0.283885,0.316925,0.282875,-0.219953,0.878158,0.372994,-0.045805,-0.006817,-0.108400,0.406341,0.689951,0.589155,-0.282291,-0.901071,0.329214,0.724882,0.024434,0.688439,0.009970,-0.817966,1.378991,0.102033,0.089968,-0.003034,0.184269,-0.411231,0.132773,0.883307,-0.181738,1.039126,23.673942,0.000000,1,0.040424,6.665971,35.621789,48.058710,-1.531316,49.735796,0.000000
17.383333,8.433333,1,-0.881064,1.449223,0.284286,0.317917,0.283503,-0.220194,0.877536,0.373359,-0.045483,-0.006413,-0.108520,0.407513,0.689293,0.589094,-0.282384,-0.900563,0.330523,0.723670,0.026196,0.689648,0.018986,-0.817966,1.378991,0.102033,0.089543,-0.002798,0.184674,-0.412215,0.133387,0.882865,-0.181207,1.057948,23.623034,0.000000,1,0.041432,6.613591,35.566461,48.044122,-1.518601,49.742213,0.000000
17.416667,8.466667,1,-0.880985,1.448512,0.284705,0.319140,0.285200,-0.219813,0.876637,0.373880,-0.044996,-0.005989,-0.109497,0.409367,0.688669,0.588356,-0.283695,-0.900015,0.330893,0.720717,0.027490,0.692684,0.024886,-0.817966,1.378991,0.102033,0.088916,-0.002459,0.185099,-0.414265,0.133751,0.881876,-0.181080,1.040789,23.588504,0.000000,1,0.042518,6.534930,35.516855,48.007968,-1.500275,49.735524,0.000000
17.450000,8.500000,1,-0.880689,1.447655,0.285108,0.320635,0.288650,-0.218768,0.875223,0.374386,-0.044248,-0.005579,-0.111926,0.412249,0.687886,0.586802,-0.286273,-0.899588,0.329833,0.715023,0.028571,0.698517,0.029751,-0.817966,1.378991,0.102033,0.088044,-0.002206,0.185496,-0.418006,0.133603,0.880092,-0.181272,0.998812,23.605915,0.000000,1,0.042471,6.419134,35.467012,47.977972,-1.473799,49.731862,0.000000
17.483333,8.533333,1,-0.880302,1.446706,0.285522,0.321810,0.292158,-0.217980,0.873823,0.374912,-0.043372,-0.005156,-0.114548,0.414870,0.687000,0.585485,-0.288172,-0.899502,0.328411,0.709411,0.029819,0.704163,0.033176,-0.817966,1.378991,0.102033,0.087042,-0.001970,0.185901,-0.421649,0.133136,0.878428,-0.181248,1.016661,23.702683,0.000000,1,0.042577,6.284781,35.415205,47.948065,-1.443266,49.728577,0.000000
17.516667,8.566667,1,-0.880115,1.445783,0.285961,0.322385,0.294041,-0.217560,0.873084,0.375537,-0.042673,-0.004709,-0.115981,0.416227,0.686533,0.584787,-0.289145,-0.899500,0.327559,0.706403,0.030441,0.707155,0.031148,-0.817966,1.378991,0.102033,0.086182,-0.001591,0.186343,-0.423580,0.132835,0.877546,-0.181238,0.980241,23.962801,0.000000,1,0.043273,6.174559,35.367697,47.899277,-1.418046,49.714312,0.000000
17.550000,8.600000,1,-0.880112,1.444973,0.286380,0.323327,0.295230,-0.217023,0.872468,0.376182,-0.042187,-0.004285,-0.116628,0.417602,0.686229,0.584035,-0.290603,-0.898971,0.327721,0.704155,0.030976,0.709370,0.027376,-0.817966,1.378991,0.102033,0.085521,-0.001133,0.186774,-0.425061,0.133174,0.876746,-0.181394,0.875281,23.662808,0.000000,1,0.043697,6.094997,35.327987,47.839928,-1.399481,49.692640,0.000000
17.583333,8.633333,1,-0.880107,1.444327,0.286719,0.324651,0.296169,-0.216410,0.871810,0.376695,-0.041798,-0.003942,-0.116882,0.419207,0.685922,0.583193,-0.292448,-0.898046,0.328614,0.702055,0.031698,0.711417,0.021879,-0.817966,1.378991,0.102033,0.084994,-0.000770,0.187123,-0.426489,0.133967,0.875890,-0.181596,0.822561,23.511989,0.000000,1,0.043222,6.031705,35.295733,47.792929,-1.384318,49.675690,0.000000
17.616667,8.666667,1,-0.880079,1.443879,0.286996,0.325622,0.296384,-0.216034,0.871468,0.377037,-0.041509,-0.003662,-0.116644,0.420173,0.685789,0.582702,-0.293705,-0.897243,0.329685,0.701200,0.032175,0.712239,0.015844,-0.817966,1.378991,0.102033,0.084611,-0.000540,0.187405,-0.427115,0.134756,0.875431,-0.181752,0.776926,23.659424,0.000000,1,0.042309,5.985336,35.264332,47.767237,-1.372685,49.669881,0.000000
17.650000,8.700000,1,-0.880082,1.443608,0.287274,0.325231,0.296398,-0.215759,0.871677,0.377254,-0.041351,-0.003383,-0.116832,0.419827,0.686097,0.582551,-0.293969,-0.897472,0.328826,0.701275,0.031242,0.712206,0.011620,-0.817966,1.378991,0.102033,0.084390,-0.000392,0.187687,-0.426963,0.134402,0.875487,-0.182100,0.675923,23.493444,0.000000,1,0.041360,5.959785,35.225316,47.760519,-1.365477,49.676137,0.000000
17.683333,8.733333,1,-0.880193,1.443475,0.287552,0.323833,0.296179,-0.215720,0.872282,0.377428,-0.041363,-0.003106,-0.117258,0.418476,0.686649,0.582788,-0.293216,-0.898481,0.326735,0.702202,0.029529,0.711365,0.009829,-0.817966,1.378991,0.102033,0.084343,-0.000240,0.187973,-0.426159,0.133238,0.875986,-0.182444,0.240415,23.204415,0.000000,1,0.041134,5.959053,35.184721,47.758149,-1.363658,49.685176,0.000000
17.716667,8.766667,1,-0.880382,1.443385,0.287785,0.322827,0.295406,-0.216018,0.872842,0.377614,-0.041463,-0.002874,-0.117013,0.417229,0.687011,0.583304,-0.292128,-0.899115,0.325965,0.703830,0.028648,0.709790,0.009410,-0.817966,1.378991,0.102033,0.084379,-0.000049,0.188219,-0.425026,0.132664,0.876617,-0.182469,0.180319,23.168254,0.000000,1,0.041665,5.970898,35.154376,47.747371,-1.364649,49.687163,0.000000
17.750000,8.800000,1,-0.880489,1.443260,0.288049,0.322021,0.294930,-0.216219,0.873251,0.377778,-0.041476,-0.002610,-0.116945,0.416294,0.687282,0.583667,-0.291314,-0.899654,0.325206,0.704921,0.027935,0.708736,0.009326,-0.817966,1.378991,0.102033,0.084337,0.000095,0.188491,-0.424246,0.132142,0.877067,-0.182502,0.279998,22.906991,0.000000,1,0.041104,5.970598,35.115890,47.745112,-1.363039,49.695642,0.000000
17.783333,8.833333,1,-0.880496,1.443116,0.288361,0.321246,0.295076,-0.216104,0.873516,0.377898,-0.041397,-0.002297,-0.117421,0.415664,0.687567,0.583684,-0.291050,-0.900260,0.323763,0.705029,0.026927,0.708667,0.010331,-0.817966,1.378991,0.102033,0.084218,0.000168,0.188806,-0.424039,0.131381,0.877232,-0.182739,0.421575,22.789198,0.000000,1,0.040185,5.957825,35.064057,47.757324,-1.358744,49.715059,0.000000
17.816667,8.866667,1,-0.880556,1.442978,0.288705,0.320410,0.295468,-0.215789,0.873768,0.378044,-0.041366,-0.001953,-0.118145,0.415088,0.687931,0.583520,-0.291093,-0.900923,0.321873,0.704761,0.025587,0.708983,0.011238,-0.817966,1.378991,0.102033,0.084135,0.000278,0.189155,-0.424029,0.130461,0.877290,-0.183145,0.539622,22.644425,0.000000,1,0.040095,5.951348,35.008492,47.767337,-1.355896,49.734212,0.000000
17.850000,8.900000,1,-0.880721,1.442806,0.289170,0.318581,0.295835,-0.215622,0.874354,0.378281,-0.041399,-0.001489,-0.119288,0.413612,0.688522,0.583637,-0.290275,-0.902373,0.318534,0.705016,0.023416,0.708805,0.015688,-0.817966,1.378991,0.102033,0.084086,0.000485,0.189632,-0.423558,0.128654,0.877690,-0.183593,0.672129,22.504855,0.000000,1,0.039882,5.952756,34.937039,47.772153,-1.354858,49.754646,0.000000
17.883333,8.933333,1,-0.880868,1.442521,0.289747,0.316328,0.295928,-0.215889,0.875074,0.378597,-0.041351,-0.000911,-0.120374,0.411635,0.689037,0.584205,-0.288430,-0.904177,0.315074,0.705977,0.021477,0.707909,0.019794,-0.817966,1.378991,0.102033,0.083932,0.000738,0.190222,-0.422647,0.126576,0.878403,-0.183729,1.236861,22.111050,0.000000,1,0.039490,5.941336,34.849208,47.776007,-1.351130,49.778600,0.000000
17.916667,8.966667,1,-0.880876,1.442150,0.290218,0.315989,0.296107,-0.215985,0.875113,0.378899,-0.041140,-0.000437,-0.120686,0.411411,0.689027,0.584309,-0.288035,-0.904513,0.314471,0.705907,0.021353,0.707982,0.018021,-0.817966,1.378991,0.102033,0.083628,0.000939,0.190699,-0.422654,0.126188,0.878469,-0.183664,1.690671,22.335696,0.000000,1,0.039882,5.906768,34.778731,47.775038,-1.342462,49.795312,0.000000
17.950000,9.000000,1,-0.880774,1.441791,0.290548,0.316880,0.297444,-0.215209,0.874528,0.379124,-0.040846,-0.000104,-0.121489,0.412806,0.688858,0.583358,-0.289868,-0.904004,0.314249,0.703399,0.021429,0.710472,0.014938,-0.817966,1.378991,0.102033,0.083272,0.001053,0.191028,-0.424250,0.126420,0.877586,-0.184047,1.851997,22.585036,0.000000,1,0.040177,5.861686,34.728929,47.774955,-1.331534,49.807051,0.000000
17.983333,9.033333,1,-0.880780,1.441544,0.290873,0.317491,0.298492,-0.214590,0.874101,0.379325,-0.040705,0.000221,-0.122158,0.413821,0.688758,0.582617,-0.291270,-0.903667,0.313923,0.701460,0.021380,0.712388,0.012235,-0.817966,1.378991,0.102033,0.083070,0.001187,0.191356,-0.425463,0.126523,0.876915,-0.184372,1.902649,22.708408,0.000000,1,0.040089,5.838808,34.680178,47.775230,-1.325414,49.818784,0.000000
18.016667,9.066667,1,-0.880885,1.441407,0.291305,0.317860,0.298520,-0.214711,0.873928,0.379498,-0.040711,0.000654,-0.122019,0.414164,0.688551,0.582647,-0.291268,-0.903436,0.314590,0.701292,0.022019,0.712534,0.013976,-0.817966,1.378991,0.102033,0.083013,0.001327,0.191797,-0.425646,0.126840,0.876822,-0.184177,1.949326,22.498540,0.000000,1,0.039098,5.837283,34.610385,47.788109,-1.323889,49.842658,0.000000
18.050000,9.100000,1,-0.880962,1.441290,0.291898,0.317857,0.298411,-0.215200,0.873846,0.379638,-0.040709,0.001247,-0.121920,0.414115,0.688258,0.583048,-0.290382,-0.903553,0.315073,0.701597,0.022872,0.712207,0.018277,-0.817966,1.378991,0.102033,0.082951,0.001422,0.192395,-0.425534,0.126877,0.876969,-0.183705,2.214124,21.921752,0.000000,1,0.037451,5.834852,34.507594,47.822857,-1.322155,49.886482,0.000000
18.083333,9.133333,1,-0.881031,1.441110,0.292542,0.317895,0.297991,-0.215915,0.873799,0.379824,-0.040662,0.001891,-0.121525,0.413964,0.687897,0.583664,-0.289136,-0.903615,0.316039,0.702387,0.024060,0.711388,0.020165,-0.817966,1.378991,0.102033,0.082832,0.001547,0.193045,-0.425160,0.127082,0.877258,-0.183053,2.776382,21.378887,0.000000,1,0.037186,5.825557,34.397861,47.855525,-1.319045,49.930806,0.000000
18.116667,9.166667,1,-0.881041,1.440840,0.293078,0.318018,0.297968,-0.216361,0.873652,0.380046,-0.040514,0.002429,-0.121448,0.414065,0.687566,0.583997,-0.288395,-0.903648,0.316619,0.702499,0.025006,0.711245,0.017999,-0.817966,1.378991,0.102033,0.082609,0.001684,0.193585,-0.425181,0.127194,0.877328,-0.182586,3.321866,21.005921,0.000000,1,0.037981,5.801217,34.310206,47.873259,-1.312818,49.961328,0.000000
18.150000,9.200000,1,-0.881010,1.440544,0.293461,0.317970,0.298550,-0.216341,0.873476,0.380264,-0.040315,0.002814,-0.121990,0.414282,0.687420,0.583903,-0.288351,-0.903850,0.316084,0.701696,0.025145,0.712033,0.014553,-0.817966,1.378991,0.102033,0.082344,0.001814,0.193970,-0.425676,0.126895,0.877147,-0.182515,3.498275,20.872995,0.000000,1,0.038935,5.769836,34.250921,47.877467,-1.305155,49.977266,0.000000
18.183333,9.233333,1,-0.881038,1.440281,0.293739,0.318094,0.298827,-0.216219,0.873366,0.380491,-0.040182,0.003093,-0.122184,0.414518,0.687376,0.583747,-0.288622,-0.903802,0.315974,0.701213,0.025170,0.712508,0.011521,-0.817966,1.378991,0.102033,0.082144,0.001978,0.194254,-0.425979,0.126888,0.876990,-0.182565,3.696661,20.823478,0.000000,1,0.039828,5.747757,34.213113,47.868186,-1.299563,49.980562,0.000000
18.216667,9.266667,1,-0.881091,1.440029,0.294055,0.318193,0.299052,-0.216134,0.873274,0.380724,-0.040076,0.003410,-0.122342,0.414707,0.687333,0.583630,-0.288817,-0.903768,0.315892,0.700824,0.025212,0.712888,0.012222,-0.817966,1.378991,0.102033,0.081967,0.002152,0.194577,-0.426224,0.126880,0.876866,-0.182593,3.737674,20.807705,0.000000,1,0.039576,5.729552,34.169026,47.860868,-1.294811,49.986562,0.000000
18.250000,9.300000,1,-0.881201,1.439775,0.294581,0.317382,0.298852,-0.216429,0.873565,0.380994,-0.040016,0.003936,-0.122522,0.413891,0.687458,0.584024,-0.287808,-0.904406,0.314987,0.701563,0.024780,0.712176,0.017826,-0.817966,1.378991,0.102033,0.081816,0.002360,0.195112,-0.425683,0.126231,0.877245,-0.182484,4.077689,20.357104,0.000000,1,0.038269,5.717180,34.088480,47.866641,-1.291297,50.008925,0.000000
18.283333,9.333333,1,-0.881403,1.439517,0.295361,0.315871,0.297994,-0.217114,0.874235,0.381322,-0.040031,0.004716,-0.122424,0.412155,0.687742,0.584937,-0.285722,-0.905487,0.313777,0.703656,0.024046,0.710134,0.025389,-0.817966,1.378991,0.102033,0.081712,0.002630,0.195908,-0.424244,0.125232,0.878139,-0.182225,4.979916,20.229299,0.000000,1,0.036892,5.714597,33.964922,47.885216,-1.289895,50.049144,0.000000
18.316667,9.366667,1,-0.881630,1.439241,0.296356,0.314622,0.297360,-0.218024,0.874674,0.381679,-0.040057,0.005710,-0.122408,0.410755,0.687722,0.585948,-0.283362,-0.906499,0.312995,0.705379,0.024108,0.708420,0.031708,-0.817966,1.378991,0.102033,0.081604,0.002916,0.196919,-0.423110,0.124366,0.878928,-0.181652,5.975868,19.606777,0.000000,1,0.035482,5.713137,33.802966,47.919249,-1.288736,50.107335,0.000000
18.350000,9.400000,1,-0.881796,1.438957,0.297515,0.313849,0.297261,-0.218770,0.874800,0.382006,-0.040031,0.006869,-0.122661,0.410020,0.687498,0.586672,-0.281540,-0.907259,0.312437,0.706085,0.024602,0.707699,0.036142,-0.817966,1.378991,0.102033,0.081447,0.003149,0.198091,-0.422663,0.123699,0.879358,-0.181063,6.846544,18.677406,0.000000,1,0.033811,5.704552,33.607355,47.975030,-1.286027,50.185528,0.000000
18.383333,9.433333,1,-0.881869,1.438638,0.298770,0.313354,0.297521,-0.218837,0.874872,0.382306,-0.039910,0.008126,-0.123114,0.409693,0.687531,0.586767,-0.281094,-0.907719,0.311499,0.705964,0.024288,0.707831,0.038926,-0.817966,1.378991,0.102033,0.081204,0.003323,0.199354,-0.422675,0.123136,0.879436,-0.181041,7.566733,17.787063,0.000000,1,0.032507,5.682880,33.390604,48.046302,-1.280525,50.277125,0.000000
18.416667,9.466667,1,-0.881901,1.438262,0.300158,0.312638,0.298094,-0.218517,0.875013,0.382627,-0.039724,0.009515,-0.123947,0.409306,0.687798,0.586549,-0.281196,-0.908319,0.309654,0.705390,0.023141,0.708442,0.043139,-0.817966,1.378991,0.102033,0.080889,0.003491,0.200746,-0.422877,0.122245,0.879390,-0.181396,8.372422,16.738955,0.000000,1,0.031450,5.651773,33.150011,48.127182,-1.273054,50.379733,0.000000
18.450000,9.500000,1,-0.881990,1.437870,0.301706,0.311065,0.298800,-0.218595,0.875313,0.382994,-0.039576,0.011065,-0.125280,0.408213,0.688026,0.586760,-0.280036,-0.909694,0.306654,0.705131,0.021850,0.708740,0.047977,-0.817966,1.378991,0.102033,0.080591,0.003704,0.202303,-0.422812,0.120516,0.879642,-0.181483,9.317098,15.810192,0.000000,1,0.030588,5.625209,32.883372,48.213512,-1.266648,50.491814,0.000000
18.483333,9.533333,1,-0.882131,1.437453,0.303345,0.308995,0.298951,-0.219269,0.875826,0.383413,-0.039455,0.012706,-0.126334,0.406426,0.688176,0.587598,-0.277536,-0.911432,0.303752,0.706051,0.020909,0.707852,0.050926,-0.817966,1.378991,0.102033,0.080302,0.003967,0.203955,-0.422020,0.118570,0.880354,-0.181157,10.510991,14.635544,0.000000,1,0.030155,5.601911,32.604059,48.297799,-1.261057,50.605939,0.000000
18.516667,9.566667,1,-0.882184,1.436991,0.304938,0.307193,0.298677,-0.219861,0.876405,0.383815,-0.039237,0.014301,-0.126889,0.404690,0.688420,0.588390,-0.275393,-0.912820,0.301526,0.707418,0.019953,0.706514,0.049786,-0.817966,1.378991,0.102033,0.079925,0.004191,0.205556,-0.420971,0.117054,0.881104,-0.180936,11.608515,13.489086,0.000000,1,0.029688,5.565052,32.331841,48.381213,-1.252609,50.717517,0.000000
18.550000,9.600000,1,-0.882066,1.436495,0.306387,0.305556,0.299169,-0.219818,0.876820,0.384140,-0.038859,0.015754,-0.128058,0.403443,0.688805,0.588543,-0.274437,-0.914111,0.298473,0.707453,0.018298,0.706523,0.046087,-0.817966,1.378991,0.102033,0.079422,0.004307,0.207003,-0.420692,0.115363,0.881408,-0.181190,12.485952,12.754074,0.000000,1,0.029153,5.506957,32.079539,48.466886,-1.239602,50.824838,0.000000
18.583333,9.633333,1,-0.881938,1.436006,0.307646,0.304135,0.299888,-0.219690,0.877101,0.384455,-0.038477,0.017016,-0.129336,0.402490,0.689108,0.588561,-0.273737,-0.915277,0.295527,0.707051,0.016805,0.706963,0.040688,-0.817966,1.378991,0.102033,0.078924,0.004423,0.208259,-0.420709,0.113768,0.881554,-0.181448,13.181170,11.853105,0.000000,1,0.029655,5.448384,31.862445,48.536149,-1.226592,50.914112,0.000000
18.616667,9.666667,1,-0.881884,1.435521,0.308691,0.303684,0.300293,-0.219703,0.877115,0.384810,-0.038153,0.018065,-0.129899,0.402268,0.689114,0.588582,-0.273396,-0.915708,0.294505,0.706692,0.016496,0.707329,0.034600,-0.817966,1.378991,0.102033,0.078478,0.004608,0.209306,-0.420870,0.113184,0.881553,-0.181446,13.873128,11.209751,0.000000,1,0.030955,5.397707,31.689544,48.576809,-1.215424,50.976579,0.000000
18.650000,9.700000,1,-0.881811,1.435026,0.309541,0.303451,0.300427,-0.219845,0.877114,0.385162,-0.037806,0.018918,-0.130123,0.402120,0.689049,0.588710,-0.272977,-0.915950,0.294142,0.706650,0.016559,0.707369,0.029592,-0.817966,1.378991,0.102033,0.078017,0.004795,0.210158,-0.420883,0.112912,0.881607,-0.181321,14.438506,10.828088,0.000000,1,0.031877,5.344020,31.553175,48.600077,-1.203656,51.020191,0.000000
18.683333,9.733333,1,-0.881696,1.434556,0.310276,0.303019,0.300486,-0.219955,0.877216,0.385469,-0.037438,0.019657,-0.130368,0.401759,0.689089,0.588855,-0.272508,-0.916300,0.293486,0.706794,0.016322,0.707231,0.026408,-0.817966,1.378991,0.102033,0.077554,0.004942,0.210892,-0.420743,0.112494,0.881736,-0.181277,15.002484,10.511893,0.000000,1,0.032017,5.288168,31.435047,48.620738,-1.191402,51.057652,0.000000
18.716667,9.766667,1,-0.881542,1.434107,0.310946,0.303770,0.301140,-0.219609,0.876818,0.385735,-0.037053,0.020331,-0.130621,0.402724,0.688893,0.588369,-0.273520,-0.915855,0.293933,0.705439,0.016730,0.708574,0.024621,-0.817966,1.378991,0.102033,0.077086,0.005048,0.211558,-0.421661,0.112890,0.881227,-0.181376,15.490532,10.206305,0.000000,1,0.031900,5.230361,31.325986,48.642673,-1.178699,51.093460,0.000000
18.750000,9.800000,1,-0.881394,1.433673,0.311584,0.304980,0.302496,-0.218968,0.876091,0.385993,-0.036680,0.020973,-0.131299,0.404414,0.688538,0.587474,-0.275269,-0.915194,0.294357,0.702799,0.017353,0.711177,0.023579,-0.817966,1.378991,0.102033,0.076635,0.005151,0.212193,-0.423410,0.113398,0.880283,-0.181566,15.793080,9.692395,0.000000,1,0.031861,5.174620,31.222340,48.662819,-1.166439,51.126975,0.000000
18.783333,9.833333,1,-0.881373,1.433285,0.312311,0.304780,0.303646,-0.218673,0.875837,0.386290,-0.036437,0.021702,-0.132419,0.404748,0.688444,0.587102,-0.275552,-0.915566,0.292932,0.701182,0.017020,0.712779,0.024718,-0.817966,1.378991,0.102033,0.076294,0.005323,0.212923,-0.424348,0.112719,0.879891,-0.181697,16.169112,9.415051,0.000000,1,0.031529,5.136522,31.106994,48.681000,-1.158018,51.162700,0.000000
18.816667,9.866667,1,-0.881462,1.432896,0.313242,0.303892,0.304000,-0.218960,0.875951,0.386656,-0.036284,0.022634,-0.133131,0.404111,0.688415,0.587414,-0.274442,-0.916369,0.291462,0.701170,0.016722,0.712798,0.030388,-0.817966,1.378991,0.102033,0.076013,0.005572,0.213864,-0.424265,0.111756,0.880094,-0.181506,16.711337,9.192022,0.000000,1,0.030715,5.110295,30.960074,48.703272,-1.152177,51.209067,0.000000
18.850000,9.900000,1,-0.881486,1.432432,0.314304,0.303248,0.304125,-0.219260,0.876056,0.387041,-0.036036,0.023699,-0.133528,0.403591,0.688372,0.587732,-0.273484,-0.916937,0.290573,0.701374,0.016629,0.712599,0.034775,-0.817966,1.378991,0.102033,0.075630,0.005806,0.214933,-0.424086,0.111116,0.880305,-0.181297,17.296813,8.846630,0.000000,1,0.029804,5.070372,30.789591,48.734882,-1.143341,51.266604,0.000000
18.883333,9.933333,1,-0.881383,1.431904,0.315345,0.302422,0.304570,-0.219315,0.876173,0.387401,-0.035646,0.024744,-0.134294,0.403050,0.688449,0.587838,-0.272824,-0.917647,0.288947,0.701139,0.016005,0.712845,0.035152,-0.817966,1.378991,0.102033,0.075121,0.005977,0.215974,-0.424116,0.110175,0.880406,-0.181310,18.034181,8.461121,0.000000,1,0.029354,5.011194,30.619843,48.771121,-1.130307,51.326337,0.000000
18.916667,9.966667,1,-0.881263,1.431346,0.316259,0.302177,0.305345,-0.219231,0.876009,0.387775,-0.035225,0.025663,-0.135098,0.403177,0.688341,0.587693,-0.272730,-0.918003,0.287903,0.700130,0.015871,0.713839,0.032335,-0.817966,1.378991,0.102033,0.074580,0.006161,0.216888,-0.424697,0.109615,0.880197,-0.181302,18.754540,8.110392,0.000000,1,0.029974,4.947420,30.474705,48.793763,-1.116314,51.372321,0.000000
18.950000,10.000000,1,-0.881161,1.430775,0.317027,0.302129,0.306181,-0.219063,0.875775,0.388171,-0.034808,0.026435,-0.135869,0.403508,0.688209,0.587443,-0.272901,-0.918215,0.287064,0.698918,0.015816,0.715026,0.028875,-0.817966,1.378991,0.102033,0.074043,0.006377,0.217657,-0.425421,0.109208,0.879892,-0.181331,19.098467,7.419909,0.000000,1,0.030887,4.884197,30.358901,48.799238,-1.102474,51.401451,0.000000
18.983333,10.033333,1,-0.881091,1.430244,0.317684,0.301493,0.306881,-0.218823,0.875810,0.388553,-0.034439,0.027096,-0.136780,0.403250,0.688346,0.587248,-0.272862,-0.918773,0.285311,0.698146,0.014941,0.715799,0.025429,-0.817966,1.378991,0.102033,0.073561,0.006600,0.218317,-0.425769,0.108331,0.879784,-0.181562,19.551427,7.165930,0.000000,1,0.031361,4.828116,30.263471,48.796065,-1.090175,51.420693,0.000000
19.016667,10.066667,1,-0.881031,1.429743,0.318263,0.301310,0.307635,-0.218583,0.875668,0.388917,-0.034096,0.027678,-0.137538,0.403423,0.688327,0.586974,-0.273090,-0.919033,0.284255,0.697089,0.014577,0.716837,0.023039,-0.817966,1.378991,0.102033,0.073110,0.006818,0.218900,-0.426363,0.107840,0.879528,-0.181701,20.073548,6.947263,0.000000,1,0.031623,4.775869,30.181671,48.788461,-1.078683,51.434086,0.000000
19.050000,10.100000,1,-0.880911,1.429192,0.318813,0.301672,0.308859,-0.218233,0.875200,0.389285,-0.033675,0.028232,-0.138475,0.404294,0.688069,0.586457,-0.273786,-0.919015,0.283641,0.695077,0.014771,0.718784,0.023627,-0.817966,1.378991,0.102033,0.072584,0.007020,0.219450,-0.427615,0.107635,0.878931,-0.181770,20.390645,6.788595,0.000000,1,0.031750,4.712778,30.105157,48.778591,-1.064814,51.444949,0.000000
19.083333,10.133333,1,-0.880748,1.428572,0.319404,0.301827,0.310269,-0.217855,0.874742,0.389683,-0.033177,0.028828,-0.139670,0.405063,0.687833,0.585920,-0.274379,-0.919181,0.282529,0.692880,0.014757,0.720902,0.026167,-0.817966,1.378991,0.102033,0.071975,0.007226,0.220040,-0.428942,0.107163,0.878322,-0.181869,20.714111,6.658949,0.000000,1,0.031661,4.638865,30.022998,48.767887,-1.048573,51.456949,0.000000
19.116667,10.166667,1,-0.880591,1.427924,0.320052,0.302318,0.311487,-0.217459,0.874238,0.390106,-0.032670,0.029482,-0.140544,0.406047,0.687564,0.585345,-0.275237,-0.919059,0.282089,0.690789,0.015007,0.722901,0.027888,-0.817966,1.378991,0.102033,0.071347,0.007450,0.220687,-0.430246,0.107079,0.877675,-0.181960,21.269850,6.352195,0.000000,1,0.031440,4.563303,29.932495,48.757308,-1.031946,51.471340,0.000000
19.150000,10.200000,1,-0.880421,1.427238,0.320773,0.302951,0.312627,-0.216886,0.873754,0.390552,-0.032128,0.030209,-0.141286,0.407123,0.687392,0.584620,-0.276515,-0.918769,0.281787,0.688685,0.015060,0.724904,0.030302,-0.817966,1.378991,0.102033,0.070679,0.007683,0.221408,-0.431549,0.107160,0.876972,-0.182216,21.795933,6.097737,0.000000,1,0.031100,4.483018,29.830429,48.748875,-1.014262,51.490028,0.000000
19.183333,10.233333,1,-0.880278,1.426470,0.321649,0.302868,0.313704,-0.216422,0.873511,0.391080,-0.031561,0.031090,-0.142290,0.407530,0.687385,0.584102,-0.277158,-0.918980,0.280462,0.687031,0.014511,0.726483,0.035204,-0.817966,1.378991,0.102033,0.069957,0.007977,0.222285,-0.432479,0.106622,0.876520,-0.182502,22.385171,5.869754,0.000000,1,0.030829,4.398353,29.706794,48.738779,-0.995622,51.513634,0.000000
19.216667,10.266667,1,-0.880224,1.425609,0.322692,0.302587,0.314579,-0.216424,0.873294,0.391735,-0.031011,0.032139,-0.143199,0.407670,0.687190,0.584012,-0.276849,-0.919409,0.279359,0.685898,0.014528,0.727552,0.040599,-0.817966,1.378991,0.102033,0.069211,0.008387,0.223337,-0.433130,0.105984,0.876298,-0.182390,23.246918,5.640002,0.000000,1,0.030995,4.314882,29.563470,48.719069,-0.977256,51.537431,0.000000
19.250000,10.300000,1,-0.880181,1.424662,0.323787,0.302377,0.315196,-0.216452,0.873137,0.392467,-0.030419,0.033240,-0.143845,0.407758,0.687038,0.583970,-0.276574,-0.919727,0.278582,0.685111,0.014575,0.728293,0.043455,-0.817966,1.378991,0.102033,0.068401,0.008856,0.224443,-0.433584,0.105523,0.876151,-0.182287,24.320758,5.456710,0.000000,1,0.031378,4.225119,29.417142,48.689865,-0.957528,51.556996,0.000000
19.283333,10.333333,1,-0.880092,1.423682,0.324772,0.302504,0.315955,-0.216101,0.872905,0.393197,-0.029768,0.034232,-0.144470,0.408210,0.686990,0.583556,-0.277181,-0.919743,0.277928,0.683846,0.014347,0.729485,0.041784,-0.817966,1.378991,0.102033,0.067539,0.009314,0.225437,-0.434321,0.105311,0.875772,-0.182478,25.050170,5.420143,0.000000,1,0.031908,4.127606,29.291269,48.651548,-0.936103,51.566274,0.000000
19.316667,10.366667,1,-0.879962,1.422719,0.325634,0.302100,0.317057,-0.215672,0.872752,0.393888,-0.029094,0.035100,-0.145639,0.408340,0.687045,0.583110,-0.277545,-0.920186,0.276093,0.682306,0.013517,0.730942,0.038950,-0.817966,1.378991,0.102033,0.066670,0.009736,0.226304,-0.435131,0.104471,0.875407,-0.182780,25.737128,5.460166,0.000000,1,0.032181,4.027644,29.185415,48.609365,-0.914103,51.568216,0.000000
19.350000,10.400000,1,-0.879776,1.421797,0.326432,0.301240,0.318480,-0.215156,0.872659,0.394513,-0.028400,0.035905,-0.147299,0.408204,0.687192,0.582615,-0.277726,-0.920992,0.273206,0.680480,0.012141,0.732666,0.037016,-0.817966,1.378991,0.102033,0.065801,0.010093,0.227104,-0.436028,0.103081,0.875040,-0.183190,26.544100,5.466040,0.000000,1,0.031873,3.925717,29.086084,48.573305,-0.891613,51.571759,0.000000
19.383333,10.433333,1,-0.879548,1.420878,0.327180,0.300477,0.319716,-0.214658,0.872592,0.395109,-0.027672,0.036661,-0.148748,0.408072,0.687354,0.582147,-0.277957,-0.921682,0.270631,0.678883,0.010837,0.734166,0.036194,-0.817966,1.378991,0.102033,0.064911,0.010417,0.227852,-0.436802,0.101861,0.874711,-0.183598,27.150163,5.378659,0.000000,1,0.031861,3.819871,28.993621,48.538225,-0.868240,51.574065,0.000000
19.416667,10.466667,1,-0.879347,1.419969,0.327861,0.300172,0.320758,-0.214087,0.872455,0.395715,-0.026972,0.037349,-0.149820,0.408263,0.687488,0.581581,-0.278636,-0.921991,0.268877,0.677327,0.009830,0.735616,0.034594,-0.817966,1.378991,0.102033,0.064047,0.010761,0.228534,-0.437607,0.101139,0.874302,-0.184032,27.707155,5.296971,0.000000,1,0.032318,3.718012,28.914956,48.494980,-0.845710,51.568445,0.000000
19.450000,10.500000,1,-0.879269,1.419041,0.328562,0.299514,0.321416,-0.213769,0.872517,0.396410,-0.026358,0.038056,-0.150702,0.407967,0.687683,0.581329,-0.278691,-0.922504,0.267055,0.676577,0.008761,0.736320,0.034980,-0.817966,1.378991,0.102033,0.063240,0.011213,0.229243,-0.437909,0.100265,0.874185,-0.184346,28.465916,5.168483,0.000000,1,0.033068,3.627463,28.841727,48.435262,-0.825620,51.552739,0.000000
19.483333,10.533333,1,-0.879311,1.417998,0.329360,0.298631,0.322012,-0.213910,0.872565,0.397268,-0.025773,0.038860,-0.151629,0.407443,0.687661,0.581482,-0.277775,-0.923285,0.265302,0.676164,0.008262,0.736705,0.039417,-0.817966,1.378991,0.102033,0.062413,0.011824,0.230060,-0.438046,0.099204,0.874258,-0.184250,29.269518,5.086676,0.000000,1,0.034221,3.539818,28.765670,48.352787,-0.806189,51.525779,0.000000
19.516667,10.566667,1,-0.879353,1.416839,0.330239,0.298360,0.322802,-0.213991,0.872346,0.398220,-0.025119,0.039746,-0.152458,0.407554,0.687430,0.581461,-0.277320,-0.923696,0.264345,0.675157,0.008394,0.737626,0.043656,-0.817966,1.378991,0.102033,0.061489,0.012501,0.230959,-0.438624,0.098612,0.874073,-0.184070,30.090176,4.964266,0.000000,1,0.034906,3.442260,28.683632,48.259719,-0.784641,51.494841,0.000000
19.550000,10.600000,1,-0.879333,1.415619,0.331222,0.297745,0.323592,-0.213894,0.872287,0.399182,-0.024379,0.040736,-0.153440,0.407356,0.687420,0.581353,-0.276969,-0.924276,0.262681,0.674258,0.007821,0.738454,0.047011,-0.817966,1.378991,0.102033,0.060477,0.013157,0.231959,-0.439056,0.097712,0.873944,-0.184128,31.048070,4.972274,0.000000,1,0.034631,3.333318,28.583998,48.172995,-0.760625,51.472029,0.000000
19.583333,10.633333,1,-0.879308,1.414355,0.332243,0.296151,0.323869,-0.214146,0.872665,0.400177,-0.023609,0.041764,-0.154397,0.406052,0.687639,0.581753,-0.275451,-0.925458,0.260106,0.674686,0.006629,0.738075,0.048725,-0.817966,1.378991,0.102033,0.059427,0.013834,0.232996,-0.438596,0.096149,0.874354,-0.184105,32.061336,5.028715,0.000000,1,0.034896,3.220581,28.481248,48.082670,-0.735787,51.448177,0.000000
19.616667,10.666667,1,-0.879273,1.412999,0.333223,0.294519,0.323974,-0.214390,0.873119,0.401240,-0.022776,0.042752,-0.155217,0.404637,0.687928,0.582178,-0.273952,-0.926607,0.257586,0.675381,0.005325,0.737450,0.050214,-0.817966,1.378991,0.102033,0.058297,0.014562,0.233995,-0.437967,0.094627,0.874830,-0.184126,33.808528,5.032005,0.000000,1,0.036030,3.099186,28.392466,47.976268,-0.709133,51.412067,0.000000
19.650000,10.700000,1,-0.879252,1.411565,0.334142,0.293271,0.324402,-0.214384,0.873381,0.402373,-0.021907,0.043681,-0.156156,0.403710,0.688161,0.582295,-0.273095,-0.927510,0.255236,0.675342,0.004099,0.737493,0.051109,-0.817966,1.378991,0.102033,0.057115,0.015350,0.234935,-0.437799,0.093314,0.875025,-0.184270,34.836175,4.920091,0.000000,1,0.037343,2.972911,28.321963,47.851379,-0.681472,51.361292,0.000000
19.683333,10.733333,1,-0.879240,1.410099,0.334992,0.292626,0.325150,-0.214332,0.873333,0.403538,-0.021023,0.044539,-0.157113,0.403466,0.688140,0.582232,-0.272644,-0.928093,0.253590,0.674534,0.003557,0.738235,0.050845,-0.817966,1.378991,0.102033,0.055914,0.016169,0.235806,-0.438179,0.092406,0.874926,-0.184296,35.684425,4.849544,0.000000,1,0.038329,2.845300,28.268421,47.713863,-0.653538,51.299366,0.000000
19.716667,10.766667,1,-0.879138,1.408650,0.335691,0.292387,0.325814,-0.214043,0.873236,0.404634,-0.020078,0.045248,-0.157816,0.403548,0.688183,0.581934,-0.272893,-0.928327,0.252464,0.673581,0.002998,0.739107,0.048354,-0.817966,1.378991,0.102033,0.054677,0.016915,0.236522,-0.438670,0.091905,0.874689,-0.184501,36.418880,4.743231,0.000000,1,0.038727,2.710398,28.236446,47.576674,-0.624061,51.231996,0.000000
19.750000,10.800000,1,-0.878905,1.407230,0.336136,0.292633,0.326514,-0.212946,0.873160,0.405629,-0.019042,0.045703,-0.158338,0.404079,0.688607,0.580921,-0.274920,-0.928015,0.251411,0.672091,0.001498,0.740467,0.045201,-0.817966,1.378991,0.102033,0.053391,0.017555,0.236974,-0.439428,0.091841,0.874120,-0.185428,36.823936,4.736838,0.000000,1,0.039543,2.564544,28.241621,47.438060,-0.592295,51.154149,0.000000
19.783333,10.833333,1,-0.878571,1.405783,0.336417,0.293767,0.328011,-0.211130,0.872659,0.406582,-0.017907,0.045996,-0.159181,0.405759,0.688979,0.579076,-0.278665,-0.927121,0.250585,0.668764,-0.000062,0.743475,0.045319,-0.817966,1.378991,0.102033,0.052027,0.018139,0.237257,-0.441299,0.092241,0.872848,-0.186768,37.035016,4.719543,0.000000,1,0.040638,2.406322,28.272761,47.294154,-0.557980,51.066783,0.000000
19.816667,10.866667,1,-0.878255,1.404283,0.336790,0.295921,0.330033,-0.209122,0.871652,0.407591,-0.016756,0.046380,-0.160042,0.408588,0.688989,0.576833,-0.283300,-0.925646,0.250841,0.664081,-0.000638,0.747660,0.047340,-0.817966,1.378991,0.102033,0.050628,0.018765,0.237634,-0.444088,0.093335,0.871048,-0.188017,37.287972,4.646597,0.000000,1,0.041058,2.246123,28.293330,47.146250,-0.523298,50.980299,0.000000
19.850000,10.900000,1,-0.878008,1.402732,0.337428,0.297547,0.332031,-0.207267,0.870782,0.408681,-0.015633,0.047030,-0.161115,0.410934,0.689051,0.574790,-0.287317,-0.924535,0.250370,0.659705,-0.001499,0.751524,0.050859,-0.817966,1.378991,0.102033,0.049224,0.019460,0.238282,-0.446619,0.093961,0.869428,-0.189205,37.761425,4.609126,0.000000,1,0.040692,2.089936,28.275217,47.002095,-0.489486,50.906212,0.000000
19.883333,10.933333,1,-0.877788,1.401143,0.338351,0.298349,0.334526,-0.205288,0.870021,0.409819,-0.014510,0.047964,-0.163001,0.412763,0.689264,0.572689,-0.290915,-0.924029,0.248069,0.654906,-0.003307,0.755703,0.055526,-0.817966,1.378991,0.102033,0.047798,0.020183,0.239215,-0.449232,0.093628,0.867820,-0.190561,39.781835,4.526975,0.000000,1,0.039968,1.934377,28.211848,46.869850,-0.455842,50.850508,0.000000
19.916667,10.966667,1,-0.877577,1.399559,0.339373,0.299734,0.337386,-0.203057,0.868964,0.410957,-0.013399,0.048997,-0.164955,0.415278,0.689327,0.570231,-0.295253,-0.923155,0.246192,0.649146,-0.004763,0.760649,0.056899,-0.817966,1.378991,0.102033,0.046380,0.020903,0.240247,-0.452429,0.093666,0.865838,-0.191988,40.751968,4.481048,0.000000,1,0.039683,1.781185,28.132048,46.743635,-0.422730,50.802383,0.000000
19.950000,11.000000,1,-0.877369,1.398037,0.340223,0.302059,0.340678,-0.200457,0.867476,0.412048,-0.012326,0.049858,-0.166881,0.418828,0.689175,0.567250,-0.300757,-0.921657,0.245140,0.642080,-0.005622,0.766617,0.052680,-0.817966,1.378991,0.102033,0.045016,0.021599,0.241108,-0.456431,0.094370,0.863316,-0.193521,41.339337,4.657138,0.000000,1,0.040185,1.633966,28.079896,46.611481,-0.390894,50.743848,0.000000
19.983333,11.033333,1,-0.877124,1.396539,0.340910,0.304162,0.344277,-0.197936,0.865898,0.413097,-0.011237,0.050557,-0.169179,0.422317,0.688907,0.564300,-0.305888,-0.920394,0.243530,0.634606,-0.006428,0.772809,0.049983,-0.817966,1.378991,0.102033,0.043655,0.022261,0.241804,-0.460604,0.094739,0.860736,-0.194941,41.574088,4.766224,0.000000,1,0.040900,1.485442,28.053835,46.473649,-0.358861,50.675484,0.000000
20.016667,11.066667,1,-0.876894,1.395092,0.341564,0.306762,0.347190,-0.195741,0.864316,0.414115,-0.010190,0.051222,-0.170640,0.425944,0.688490,0.561637,-0.310892,-0.918728,0.243484,0.627996,-0.006272,0.778191,0.048131,-0.817966,1.378991,0.102033,0.042344,0.022907,0.242466,-0.464378,0.095850,0.858325,-0.196071,41.841730,4.746285,0.000000,1,0.040966,1.343278,28.032117,46.337669,-0.328182,50.607067,0.000000
20.050000,11.100000,1,-0.876690,1.393643,0.342392,0.308988,0.349661,-0.193823,0.862958,0.415150,-0.009163,0.052060,-0.171871,0.429040,0.688148,0.559319,-0.315244,-0.917267,0.243396,0.622310,-0.006173,0.782747,0.050441,-0.817966,1.378991,0.102033,0.041042,0.023564,0.243303,-0.467590,0.096812,0.856242,-0.197072,42.289318,4.669879,0.000000,1,0.040461,1.204435,27.982494,46.210178,-0.298244,50.550570,0.000000
20.083333,11.133333,1,-0.876469,1.392135,0.343485,0.310293,0.352120,-0.192352,0.861818,0.416221,-0.008091,0.053164,-0.173499,0.431306,0.687796,0.557503,-0.318177,-0.916559,0.242245,0.617235,-0.006331,0.786754,0.056259,-0.817966,1.378991,0.102033,0.039677,0.024226,0.244405,-0.470375,0.096941,0.854534,-0.197793,43.030746,4.588886,0.000000,1,0.039845,1.060037,27.890283,46.094790,-0.267265,50.511687,0.000000
20.116667,11.166667,1,-0.876228,1.390599,0.344716,0.311706,0.354374,-0.191108,0.860660,0.417304,-0.006988,0.054405,-0.174894,0.433579,0.687327,0.555880,-0.320819,-0.915804,0.241617,0.612483,-0.006014,0.790461,0.059479,-0.817966,1.378991,0.102033,0.038274,0.024882,0.245643,-0.473020,0.097254,0.852918,-0.198305,43.600932,4.582700,0.000000,1,0.039585,0.912189,27.776294,45.986016,-0.235675,50.481981,0.000000
20.150000,11.200000,1,-0.875970,1.389067,0.345911,0.313337,0.357062,-0.189568,0.859297,0.418374,-0.005872,0.055612,-0.176582,0.436240,0.686809,0.553901,-0.324024,-0.914913,0.240712,0.606784,-0.005776,0.794846,0.058822,-0.817966,1.378991,0.102033,0.036864,0.025523,0.246845,-0.476151,0.097578,0.850980,-0.198975,44.445810,4.680190,0.000000,1,0.039759,0.763491,27.668386,45.875764,-0.203999,50.449831,0.000000
20.183333,11.233333,1,-0.875728,1.387527,0.347096,0.314669,0.359913,-0.188245,0.857910,0.419458,-0.004765,0.056808,-0.178549,0.438707,0.686172,0.552108,-0.326593,-0.914345,0.239397,0.601021,-0.005424,0.799215,0.058732,-0.817966,1.378991,0.102033,0.035459,0.026183,0.248037,-0.479290,0.097558,0.849109,-0.199445,45.478174,4.710540,0.000000,1,0.040146,0.616514,27.565526,45.760120,-0.172755,50.413416,0.000000
20.216667,11.266667,1,-0.875546,1.385985,0.348299,0.315314,0.362249,-0.187352,0.856885,0.420581,-0.003704,0.058022,-0.180359,0.440329,0.685663,0.550861,-0.328047,-0.914244,0.237789,0.596575,-0.005326,0.802540,0.058932,-0.817966,1.378991,0.102033,0.034086,0.026891,0.249252,-0.481661,0.097135,0.847750,-0.199720,46.554418,4.671136,0.000000,1,0.040622,0.476299,27.465144,45.636638,-0.142948,50.372102,0.000000
20.250000,11.300000,1,-0.875374,1.384501,0.349421,0.315492,0.364427,-0.186323,0.856120,0.421663,-0.002686,0.059155,-0.182235,0.441462,0.685444,0.549608,-0.329443,-0.914350,0.235438,0.592551,-0.006086,0.805510,0.056055,-0.817966,1.378991,0.102033,0.032769,0.027576,0.250386,-0.483691,0.096363,0.846557,-0.200248,47.446033,4.600195,0.000000,1,0.040625,0.342365,27.376292,45.513501,-0.114478,50.327925,0.000000
20.283333,11.333333,1,-0.875196,1.383120,0.350412,0.316180,0.366875,-0.185213,0.855061,0.422659,-0.001724,0.060156,-0.184128,0.443172,0.685001,0.548151,-0.331254,-0.914168,0.233595,0.587768,-0.006258,0.809005,0.051266,-0.817966,1.378991,0.102033,0.031534,0.028203,0.251386,-0.486186,0.095935,0.845068,-0.200697,48.122256,4.420693,0.000000,1,0.040355,0.216419,27.303249,45.395736,-0.087676,50.282491,0.000000
20.316667,11.366667,1,-0.875046,1.381844,0.351287,0.317231,0.369547,-0.184078,0.853765,0.423589,-0.000845,0.061039,-0.186058,0.445307,0.684359,0.546567,-0.333293,-0.913803,0.232119,0.582391,-0.005931,0.812887,0.046632,-0.817966,1.378991,0.102033,0.030401,0.028796,0.252271,-0.489037,0.095736,0.843360,-0.201050,48.748484,4.286241,0.000000,1,0.040227,0.101949,27.244962,45.281182,-0.063221,50.234939,0.000000
20.350000,11.400000,1,-0.874968,1.380622,0.352091,0.318445,0.372316,-0.182741,0.852396,0.424519,-0.000056,0.061851,-0.188004,0.447632,0.683744,0.544770,-0.335760,-0.913280,0.230619,0.576652,-0.005702,0.816970,0.043951,-0.817966,1.378991,0.102033,0.029358,0.029419,0.253089,-0.492050,0.095647,0.841498,-0.201545,49.353031,4.010970,0.000000,1,0.040667,-0.000439,27.200075,45.160580,-0.041226,50.180666,0.000000
20.383333,11.433333,1,-0.874968,1.379402,0.352880,0.320234,0.374981,-0.181331,0.850858,0.425494,0.000670,0.062648,-0.189601,0.450425,0.683012,0.542829,-0.338776,-0.912320,0.230008,0.570715,-0.004908,0.821134,0.043597,-0.817966,1.378991,0.102033,0.028362,0.030104,0.253897,-0.495224,0.096124,0.839466,-0.202018,49.779608,4.075495,0.000000,1,0.041431,-0.094257,27.163667,45.029218,-0.021003,50.118429,0.000000
20.416667,11.466667,1,-0.874978,1.378179,0.353671,0.322527,0.377354,-0.179725,0.849281,0.426477,0.001389,0.063445,-0.190713,0.453540,0.682335,0.540694,-0.342558,-0.910860,0.230191,0.564876,-0.003904,0.825167,0.043684,-0.817966,1.378991,0.102033,0.027371,0.030798,0.254706,-0.498366,0.097188,0.837330,-0.202642,50.313013,4.255294,0.000000,1,0.041795,-0.186843,27.129016,44.895367,-0.001124,50.054420,0.000000
20.450000,11.500000,1,-0.874921,1.376991,0.354461,0.324978,0.379556,-0.177894,0.847750,0.427391,0.002141,0.064242,-0.191603,0.456717,0.681799,0.538376,-0.346880,-0.909144,0.230501,0.559110,-0.003122,0.829087,0.042825,-0.817966,1.378991,0.102033,0.026367,0.031418,0.255510,-0.501431,0.098473,0.835142,-0.203488,50.810889,4.303807,0.000000,1,0.041323,-0.283289,27.088157,44.773799,0.019396,49.998639,0.000000
20.483333,11.533333,1,-0.874768,1.375896,0.355254,0.327719,0.382336,-0.175469,0.845949,0.428174,0.002914,0.065044,-0.192884,0.460413,0.681289,0.535407,-0.352270,-0.907147,0.230198,0.551921,-0.002717,0.833892,0.040826,-0.817966,1.378991,0.102033,0.025380,0.031905,0.256311,-0.505150,0.099780,0.832439,-0.204725,51.192527,4.302661,0.000000,1,0.040061,-0.382111,27.033604,44.677014,0.040273,49.959731,0.000000
20.516667,11.566667,1,-0.874592,1.374916,0.356097,0.330501,0.385451,-0.172661,0.844028,0.428851,0.003635,0.065894,-0.194449,0.464295,0.680844,0.532045,-0.358235,-0.905042,0.229273,0.543916,-0.002717,0.839135,0.039126,-0.817966,1.378991,0.102033,0.024470,0.032302,0.257157,-0.509191,0.100986,0.829452,-0.206243,51.463522,4.252353,0.000000,1,0.038684,-0.474066,26.959894,44.603530,0.059737,49.938287,0.000000
20.550000,11.600000,1,-0.874469,1.373978,0.357027,0.333462,0.388713,-0.170018,0.841903,0.429527,0.004288,0.066831,-0.196064,0.468402,0.680143,0.528738,-0.363989,-0.902909,0.228621,0.535562,-0.002071,0.844494,0.039814,-0.817966,1.378991,0.102033,0.023623,0.032710,0.258093,-0.513434,0.102287,0.826354,-0.207514,51.604097,4.215325,0.000000,1,0.038209,-0.557032,26.871486,44.535846,0.077398,49.923713,0.000000
20.583333,11.633333,1,-0.874410,1.373048,0.358030,0.336890,0.392207,-0.167653,0.839387,0.430235,0.004884,0.067839,-0.197679,0.473035,0.678972,0.525507,-0.369532,-0.900627,0.228729,0.526590,-0.000161,0.850119,0.041066,-0.817966,1.378991,0.102033,0.022819,0.033161,0.259105,-0.518079,0.103904,0.823037,-0.208346,51.694602,4.232816,0.000000,1,0.038203,-0.632453,26.774802,44.466272,0.093538,49.910196,0.000000
20.616667,11.666667,1,-0.874313,1.372171,0.358996,0.340323,0.395647,-0.165414,0.836829,0.430878,0.005479,0.068812,-0.199243,0.477648,0.677706,0.522369,-0.374867,-0.898361,0.228960,0.517689,0.002033,0.855566,0.039257,-0.817966,1.378991,0.102033,0.022036,0.033552,0.260078,-0.522673,0.105546,0.819739,-0.209047,51.778842,4.215106,0.000000,1,0.037703,-0.707500,26.678073,44.406072,0.109528,49.901675,0.000000
20.650000,11.700000,1,-0.874063,1.371292,0.359857,0.344285,0.399686,-0.162705,0.833814,0.431429,0.006199,0.069681,-0.201110,0.483003,0.676247,0.518607,-0.381202,-0.895687,0.228977,0.507139,0.004490,0.861852,0.037672,-0.817966,1.378991,0.102033,0.021162,0.033828,0.260936,-0.528039,0.107415,0.815820,-0.209939,51.724171,4.175894,0.000000,1,0.037421,-0.798494,26.589952,44.355700,0.128487,49.896176,0.000000
20.683333,11.733333,1,-0.873734,1.370383,0.360638,0.347992,0.403672,-0.160290,0.830817,0.431958,0.007000,0.070470,-0.203042,0.488106,0.674670,0.515117,-0.386856,-0.893281,0.228891,0.496856,0.007188,0.867803,0.037287,-0.817966,1.378991,0.102033,0.020218,0.034064,0.261710,-0.533237,0.109073,0.812044,-0.210584,51.732286,4.138794,0.000000,1,0.037742,-0.899800,26.513567,44.303644,0.149353,49.886711,0.000000
20.716667,11.766667,1,-0.873432,1.369418,0.361336,0.351459,0.406383,-0.158843,0.828311,0.432547,0.007814,0.071176,-0.203935,0.492426,0.673096,0.512708,-0.391083,-0.891048,0.230406,0.489357,0.010706,0.872018,0.036843,-0.817966,1.378991,0.102033,0.019249,0.034360,0.262403,-0.537179,0.111051,0.809165,-0.210615,51.903695,4.142108,0.000000,1,0.038921,-1.002357,26.458603,44.233537,0.170409,49.861978,0.000000
20.750000,11.800000,1,-0.873075,1.368453,0.361843,0.355284,0.408169,-0.157772,0.826002,0.433104,0.008674,0.071692,-0.203838,0.496654,0.671530,0.510717,-0.395236,-0.888398,0.233533,0.483451,0.014995,0.875243,0.034425,-0.817966,1.378991,0.102033,0.018250,0.034624,0.262903,-0.540451,0.113749,0.806661,-0.210409,51.885753,4.131144,0.000000,1,0.039821,-1.110685,26.433233,44.156316,0.192494,49.825796,0.000000
20.783333,11.833333,1,-0.872625,1.367576,0.362201,0.359092,0.409559,-0.156530,0.823901,0.433534,0.009558,0.072059,-0.203393,0.500689,0.670226,0.508664,-0.399783,-0.885513,0.236726,0.478166,0.018857,0.878067,0.031463,-0.817966,1.378991,0.102033,0.017270,0.034770,0.263246,-0.543370,0.116609,0.804275,-0.210459,51.860165,4.070562,0.000000,1,0.039545,-1.221987,26.420068,44.093125,0.215061,49.794081,0.000000
20.816667,11.866667,1,-0.872176,1.366711,0.362643,0.361869,0.410984,-0.155381,0.822192,0.433954,0.010432,0.072511,-0.203440,0.503814,0.669226,0.506873,-0.403384,-0.883417,0.238446,0.473434,0.021499,0.880567,0.032099,-0.817966,1.378991,0.102033,0.016298,0.034904,0.263673,-0.545867,0.118520,0.802259,-0.210624,51.856652,4.134698,0.000000,1,0.039069,-1.331979,26.391928,44.036837,0.237317,49.769992,0.000000
20.850000,11.900000,1,-0.871813,1.365781,0.363228,0.363871,0.412895,-0.154406,0.820533,0.434479,0.011276,0.073104,-0.204265,0.506464,0.668190,0.505264,-0.405969,-0.882131,0.238820,0.468319,0.023594,0.883244,0.034720,-0.817966,1.378991,0.102033,0.015322,0.035137,0.264250,-0.548451,0.119516,0.800336,-0.210665,52.222493,4.035006,0.000000,1,0.039425,-1.437550,26.351241,43.969313,0.258693,49.743096,0.000000
20.883333,11.933333,1,-0.871524,1.364795,0.363828,0.366132,0.414846,-0.153507,0.818710,0.435092,0.012093,0.073712,-0.205011,0.509364,0.666976,0.503649,-0.408616,-0.880694,0.239607,0.462992,0.026228,0.885974,0.035679,-0.817966,1.378991,0.102033,0.014346,0.035462,0.264846,-0.551180,0.120728,0.798305,-0.210557,52.503292,4.018090,0.000000,1,0.040401,-1.539299,26.318349,43.884947,0.279297,49.705119,0.000000
20.916667,11.966667,1,-0.871193,1.363757,0.364404,0.368545,0.416885,-0.152407,0.816795,0.435723,0.012976,0.074298,-0.205770,0.512439,0.665769,0.501814,-0.411684,-0.879073,0.240308,0.457295,0.028821,0.888848,0.036977,-0.817966,1.378991,0.102033,0.013303,0.035786,0.265418,-0.554057,0.122042,0.796104,-0.210582,52.830153,3.999895,0.000000,1,0.041034,-1.648932,26.292164,43.794577,0.301312,49.662207,0.000000
20.950000,12.000000,1,-0.870774,1.362601,0.365032,0.370499,0.418804,-0.151487,0.815098,0.436395,0.014000,0.074936,-0.206623,0.515050,0.664675,0.500237,-0.414140,-0.877833,0.240619,0.452147,0.031027,0.891403,0.041431,-0.817966,1.378991,0.102033,0.012111,0.036108,0.266037,-0.556624,0.122992,0.794171,-0.210558,53.242523,4.002961,0.000000,1,0.041728,-1.776057,26.262750,43.698028,0.326537,49.616829,0.000000
20.983333,12.033333,1,-0.870291,1.361304,0.365706,0.372273,0.420001,-0.150778,0.813805,0.437140,0.015158,0.075622,-0.206910,0.517175,0.663845,0.499026,-0.416322,-0.876570,0.241455,0.448534,0.032995,0.893156,0.046164,-0.817966,1.378991,0.102033,0.010769,0.036460,0.266701,-0.558471,0.124088,0.792707,-0.210545,53.700716,4.061723,0.000000,1,0.042877,-1.919453,26.234700,43.588355,0.354741,49.564057,0.000000
21.016667,12.066667,1,-0.869729,1.359981,0.366360,0.374553,0.421139,-0.149569,0.812392,0.437859,0.016396,0.076289,-0.206921,0.519727,0.663135,0.497313,-0.419728,-0.874656,0.242500,0.444485,0.034872,0.895107,0.047383,-0.817966,1.378991,0.102033,0.009357,0.036767,0.267340,-0.560498,0.125678,0.790924,-0.210916,54.214619,3.986572,0.000000,1,0.043172,-2.072597,26.208422,43.480806,0.384663,49.512009,0.000000
21.050000,12.100000,1,-0.869083,1.358724,0.366948,0.376897,0.421759,-0.148341,0.811211,0.438474,0.017663,0.076890,-0.206439,0.522104,0.662638,0.495683,-0.423362,-0.872482,0.244007,0.441352,0.036588,0.896588,0.045923,-0.817966,1.378991,0.102033,0.007950,0.036969,0.267907,-0.562097,0.127552,0.789355,-0.211415,54.718374,3.977699,0.000000,1,0.042681,-2.229296,26.182466,43.388266,0.415130,49.468011,0.000000
21.083333,12.133333,1,-0.868480,1.357515,0.367483,0.379499,0.421844,-0.147375,0.810129,0.439077,0.018866,0.077438,-0.205361,0.524473,0.662113,0.494330,-0.426930,-0.870017,0.246582,0.439192,0.038868,0.897552,0.043605,-0.817966,1.378991,0.102033,0.006608,0.037182,0.268423,-0.563329,0.129888,0.788010,-0.211730,55.220845,3.946639,0.000000,1,0.042879,-2.377710,26.164594,43.294142,0.443975,49.421108,0.000000
21.116667,12.166667,1,-0.868019,1.356306,0.367965,0.382016,0.421950,-0.146494,0.809050,0.439765,0.019957,0.077930,-0.204339,0.526775,0.661552,0.493054,-0.430287,-0.867643,0.249095,0.437080,0.041188,0.898479,0.041408,-0.817966,1.378991,0.102033,0.005353,0.037511,0.268894,-0.564541,0.132136,0.786703,-0.211972,55.680817,3.932527,0.000000,1,0.044069,-2.511104,26.165784,43.179912,0.469974,49.358487,0.000000
21.150000,12.200000,1,-0.867690,1.355070,0.368445,0.385251,0.422389,-0.145166,0.807525,0.440555,0.020958,0.078421,-0.203299,0.529869,0.660796,0.491178,-0.434827,-0.864582,0.251841,0.433693,0.044035,0.899984,0.040990,-0.817966,1.378991,0.102033,0.004155,0.037961,0.269373,-0.566369,0.134897,0.784805,-0.212390,56.052239,3.932662,0.000000,1,0.045339,-2.632370,26.179277,43.045369,0.493648,49.281788,0.000000
21.183333,12.233333,1,-0.867447,1.353953,0.368996,0.387996,0.422455,-0.144344,0.806322,0.441301,0.021818,0.078980,-0.202141,0.532360,0.660100,0.489899,-0.438277,-0.861987,0.254739,0.431541,0.046815,0.900878,0.038059,-0.817966,1.378991,0.102033,0.003102,0.038404,0.269926,-0.567643,0.137368,0.783420,-0.212519,56.400576,3.923367,0.000000,1,0.044485,-2.735751,26.176463,42.924084,0.513871,49.216437,0.000000
21.216667,12.266667,1,-0.867268,1.352945,0.369579,0.390016,0.421778,-0.144338,0.805703,0.441999,0.022562,0.079572,-0.200635,0.533868,0.659556,0.489609,-0.440058,-0.860073,0.258113,0.431623,0.049464,0.900697,0.035365,-0.817966,1.378991,0.102033,0.002175,0.038832,0.270514,-0.567925,0.139490,0.782923,-0.212213,56.535493,3.912797,0.000000,1,0.043799,-2.824425,26.162739,42.814823,0.531252,49.160362,0.000000
21.250000,12.300000,1,-0.867081,1.351843,0.370232,0.391825,0.421305,-0.144156,0.805105,0.442767,0.023367,0.080232,-0.199407,0.535278,0.659110,0.489172,-0.441895,-0.858312,0.260824,0.431360,0.051623,0.900702,0.038833,-0.817966,1.378991,0.102033,0.001165,0.039305,0.271171,-0.568299,0.141336,0.782358,-0.212075,56.743155,3.906971,0.000000,1,0.044627,-2.920252,26.146308,42.695014,0.549858,49.099295,0.000000
21.283333,12.333333,1,-0.866845,1.350591,0.370997,0.393730,0.421322,-0.143776,0.804234,0.443625,0.024301,0.081007,-0.198576,0.536993,0.658508,0.488439,-0.443989,-0.856551,0.263049,0.430014,0.053869,0.901214,0.044590,-0.817966,1.378991,0.102033,0.000003,0.039821,0.271941,-0.569152,0.143059,0.781451,-0.211978,56.913698,3.914349,0.000000,1,0.045705,-3.031197,26.122848,42.562288,0.571135,49.033054,0.000000
21.316667,12.366667,1,-0.866618,1.349197,0.371719,0.397158,0.420781,-0.143930,0.802803,0.444602,0.025313,0.081739,-0.196565,0.539827,0.657173,0.487927,-0.446579,-0.853527,0.268437,0.429081,0.058972,0.901339,0.047563,-0.817966,1.378991,0.102033,-0.001265,0.040433,0.272670,-0.570162,0.146394,0.780326,-0.211129,58.485092,3.927356,0.000000,1,0.047901,-3.150592,26.121866,42.401359,0.593869,48.945861,0.000000
21.350000,12.400000,1,-0.866384,1.347731,0.372220,0.401921,0.419564,-0.144672,0.800934,0.445633,0.026377,0.082251,-0.193352,0.543557,0.655189,0.487738,-0.449453,-0.849317,0.276862,0.428926,0.066685,0.900875,0.047025,-0.817966,1.378991,0.102033,-0.002591,0.041096,0.273180,-0.571138,0.151218,0.779119,-0.209541,59.257039,3.828720,0.000000,1,0.050311,-3.275676,26.165372,42.214246,0.617512,48.833272,0.000000
21.383333,12.433333,1,-0.866061,1.346345,0.372550,0.406843,0.417565,-0.145243,0.799389,0.446545,0.027465,0.082592,-0.189369,0.547078,0.653568,0.487538,-0.452893,-0.844478,0.285912,0.430079,0.073976,0.899755,0.043803,-0.817966,1.378991,0.102033,-0.003900,0.041650,0.273512,-0.571500,0.156531,0.778147,-0.208262,59.651823,3.790064,0.000000,1,0.050442,-3.403997,26.224946,42.038545,0.641512,48.722904,0.000000
21.416667,12.466667,1,-0.865696,1.345034,0.372833,0.411844,0.415015,-0.145708,0.798071,0.447373,0.028543,0.082886,-0.184856,0.550423,0.652198,0.487340,-0.456655,-0.839183,0.295361,0.432186,0.080932,0.898145,0.041716,-0.817966,1.378991,0.102033,-0.005175,0.042128,0.273793,-0.571411,0.162158,0.777346,-0.207191,59.791115,3.807502,0.000000,1,0.050189,-3.531235,26.283061,41.876084,0.665107,48.620198,0.000000
21.450000,12.500000,1,-0.865344,1.343709,0.373118,0.417193,0.411747,-0.146839,0.796777,0.448219,0.029618,0.083182,-0.179543,0.553761,0.650552,0.487746,-0.459736,-0.833456,0.306585,0.435760,0.089094,0.895643,0.042001,-0.817966,1.378991,0.102033,-0.006453,0.042626,0.274077,-0.570822,0.168400,0.776889,-0.205541,60.026919,3.776895,0.000000,1,0.050898,-3.657564,26.343886,41.709150,0.688384,48.514506,0.000000
21.483333,12.533333,1,-0.864946,1.342419,0.373397,0.422563,0.408123,-0.148079,0.795581,0.449011,0.030710,0.083472,-0.173902,0.556958,0.648943,0.488291,-0.462660,-0.827459,0.318211,0.440035,0.097261,0.892698,0.041371,-0.817966,1.378991,0.102033,-0.007731,0.043066,0.274351,-0.569925,0.174816,0.776578,-0.203844,60.370759,3.763886,0.000000,1,0.050823,-3.785858,26.399996,41.551808,0.711820,48.415319,0.000000
21.516667,12.566667,1,-0.864364,1.341168,0.373694,0.427190,0.405381,-0.148703,0.794395,0.449659,0.031924,0.083782,-0.169384,0.559883,0.647618,0.488295,-0.465755,-0.822127,0.327384,0.442787,0.103801,0.890598,0.042332,-0.817966,1.378991,0.102033,-0.009087,0.043334,0.274633,-0.569497,0.180188,0.775962,-0.202702,60.669444,3.750043,0.000000,1,0.049845,-3.929944,26.437449,41.421924,0.737844,48.335826,0.000000
21.550000,12.600000,1,-0.863682,1.339860,0.374005,0.431122,0.403843,-0.149125,0.792973,0.450294,0.033252,0.084107,-0.166254,0.562723,0.646172,0.488021,-0.468390,-0.817801,0.334384,0.443581,0.109643,0.889502,0.045227,-0.817966,1.378991,0.102033,-0.010550,0.043557,0.274922,-0.569834,0.184411,0.775002,-0.201627,60.917741,3.754352,0.000000,1,0.050360,-4.087755,26.472344,41.293352,0.766176,48.257797,0.000000
21.583333,12.633333,1,-0.863077,1.338464,0.374305,0.434626,0.402002,-0.150241,0.791784,0.451045,0.034572,0.084420,-0.163041,0.565046,0.644621,0.488472,-0.469626,-0.814009,0.341819,0.445507,0.115763,0.887763,0.046506,-0.817966,1.378991,0.102033,-0.012036,0.043893,0.275206,-0.569700,0.188364,0.774558,-0.200052,61.141966,3.739789,0.000000,1,0.052184,-4.243110,26.523684,41.139889,0.794015,48.162241,0.000000
21.616667,12.666667,1,-0.862457,1.337021,0.374626,0.437458,0.400720,-0.151232,0.790685,0.451825,0.035932,0.084756,-0.160629,0.567016,0.643205,0.488854,-0.470440,-0.811025,0.347742,0.446709,0.120972,0.886463,0.048110,-0.817966,1.378991,0.102033,-0.013571,0.044246,0.275511,-0.569771,0.191468,0.774109,-0.198633,61.647485,3.750427,0.000000,1,0.053063,-4.402632,26.576507,40.979781,0.822445,48.062821,0.000000
21.650000,12.700000,1,-0.861678,1.335592,0.374972,0.439451,0.400778,-0.151669,0.789466,0.452497,0.037411,0.085117,-0.159792,0.568833,0.641928,0.488697,-0.471284,-0.809206,0.350823,0.445626,0.124790,0.886479,0.049917,-0.817966,1.378991,0.102033,-0.015189,0.044461,0.275831,-0.570674,0.193240,0.773256,-0.197648,62.207303,3.693488,0.000000,1,0.052563,-4.576968,26.614324,40.839780,0.853248,47.978175,0.000000
21.683333,12.733333,1,-0.860864,1.334299,0.375262,0.441057,0.400528,-0.152067,0.788620,0.453040,0.038836,0.085422,-0.158853,0.570163,0.641000,0.488670,-0.471935,-0.807619,0.353595,0.445331,0.127769,0.886203,0.046654,-0.817966,1.378991,0.102033,-0.016719,0.044570,0.276091,-0.571139,0.194796,0.772718,-0.196880,62.808220,3.657026,0.000000,1,0.051601,-4.745479,26.645981,40.722329,0.882833,47.907340,0.000000
21.716667,12.766667,1,-0.860141,1.333173,0.375439,0.442884,0.400093,-0.152109,0.787808,0.453505,0.040089,0.085612,-0.157650,0.571608,0.640262,0.488339,-0.473344,-0.805558,0.356402,0.445102,0.130421,0.885931,0.040506,-0.817966,1.378991,0.102033,-0.018058,0.044658,0.276240,-0.571545,0.196641,0.772061,-0.196444,63.309929,3.625355,0.000000,1,0.051120,-4.893557,26.685562,40.616210,0.908725,47.840682,0.000000
21.750000,12.800000,1,-0.859495,1.332200,0.375546,0.443443,0.400499,-0.151743,0.787359,0.453892,0.041189,0.085731,-0.157766,0.572290,0.640027,0.487811,-0.474301,-0.805000,0.356389,0.443848,0.130950,0.886483,0.035154,-0.817966,1.378991,0.102033,-0.019225,0.044720,0.276323,-0.572154,0.196977,0.771497,-0.196549,63.893365,3.596651,0.000000,1,0.050519,-5.023355,26.726342,40.523370,0.931316,47.780939,0.000000
21.783333,12.833333,1,-0.858861,1.331345,0.375623,0.442744,0.400852,-0.151752,0.787570,0.454194,0.042209,0.085818,-0.158394,0.571822,0.640210,0.487917,-0.473698,-0.805884,0.355192,0.443592,0.130085,0.886738,0.032035,-0.817966,1.378991,0.102033,-0.020292,0.044723,0.276373,-0.572163,0.196190,0.771667,-0.196645,64.524582,3.592891,0.000000,1,0.049802,-5.144248,26.761285,40.447074,0.952246,47.731653,0.000000
21.816667,12.866667,1,-0.858243,1.330678,0.375573,0.442491,0.400766,-0.152137,0.787682,0.454355,0.043105,0.085778,-0.158428,0.571557,0.640137,0.488311,-0.472906,-0.806273,0.355365,0.444071,0.130251,0.886474,0.027321,-0.817966,1.378991,0.102033,-0.021194,0.044634,0.276296,-0.571968,0.195991,0.771935,-0.196358,64.969090,3.585404,0.000000,1,0.048944,-5.251325,26.798537,40.393864,0.970668,47.694326,0.000000
21.850000,12.900000,1,-0.857647,1.330191,0.375409,0.442879,0.400721,-0.152536,0.787410,0.454385,0.043875,0.085622,-0.158213,0.571886,0.639717,0.488546,-0.472583,-0.806022,0.356362,0.444103,0.131462,0.886279,0.023599,-0.817966,1.378991,0.102033,-0.021937,0.044460,0.276103,-0.572085,0.196353,0.771880,-0.195871,65.206888,3.556087,0.000000,1,0.048157,-5.344603,26.837238,40.362616,0.986621,47.668564,0.000000
21.883333,12.933333,1,-0.857219,1.329775,0.375331,0.442940,0.400336,-0.153070,0.787467,0.454459,0.044468,0.085550,-0.157838,0.571771,0.639530,0.489047,-0.471840,-0.806015,0.357361,0.445026,0.132178,0.885709,0.018066,-0.817966,1.378991,0.102033,-0.022525,0.044373,0.276005,-0.571758,0.196566,0.772181,-0.195427,65.471941,3.626301,0.000000,1,0.047748,-5.415863,26.865641,40.330719,0.998799,47.644969,0.000000
21.916667,12.966667,1,-0.857057,1.329340,0.375497,0.442000,0.399491,-0.153783,0.788285,0.454710,0.044857,0.085720,-0.157496,0.570550,0.639937,0.490049,-0.470094,-0.806920,0.357620,0.447482,0.131351,0.884594,0.014779,-0.817966,1.378991,0.102033,-0.022973,0.044495,0.276167,-0.570587,0.196068,0.773231,-0.195196,65.739506,3.601640,0.000000,1,0.047790,-5.460285,26.873664,40.281609,1.006424,47.616998,0.000000
21.950000,13.000000,1,-0.856969,1.328877,0.375831,0.440401,0.398960,-0.154095,0.789387,0.455026,0.045203,0.086057,-0.157730,0.568878,0.640775,0.490822,-0.468430,-0.808472,0.356296,0.449554,0.129057,0.883881,0.017328,-0.817966,1.378991,0.102033,-0.023405,0.044682,0.276503,-0.569419,0.194844,0.774335,-0.195459,66.182655,3.581727,0.000000,1,0.047568,-5.498597,26.861984,40.229887,1.012981,47.592433,0.000000
21.983333,13.033333,1,-0.856784,1.328479,0.376122,0.439082,0.398834,-0.153480,0.790305,0.455233,0.045587,0.086353,-0.158206,0.567635,0.641864,0.490684,-0.468400,-0.809513,0.353965,0.450298,0.125961,0.883949,0.015816,-0.817966,1.378991,0.102033,-0.023842,0.044756,0.276789,-0.568752,0.193716,0.774855,-0.196454,66.565539,3.572671,0.000000,1,0.046759,-5.542776,26.844236,40.197146,1.020447,47.579634,0.000000
22.016667,13.066667,1,-0.856508,1.328138,0.376244,0.438195,0.398918,-0.153124,0.790824,0.455339,0.046012,0.086479,-0.158678,0.566876,0.642483,0.490600,-0.468267,-0.810306,0.352322,0.450503,0.124073,0.884112,0.013663,-0.817966,1.378991,0.102033,-0.024283,0.044733,0.276898,-0.568452,0.192883,0.775139,-0.197024,66.888066,3.543798,0.000000,1,0.046824,-5.592962,26.842216,40.173969,1.028895,47.568120,0.000000
22.050000,13.100000,1,-0.856295,1.327811,0.376274,0.437497,0.398931,-0.153254,0.791179,0.455473,0.046378,0.086513,-0.158999,0.566256,0.642740,0.490876,-0.467521,-0.811080,0.351532,0.450943,0.123208,0.884008,0.011739,-0.817966,1.378991,0.102033,-0.024673,0.044758,0.276920,-0.568157,0.192242,0.775499,-0.197084,67.114906,3.542512,0.000000,1,0.047653,-5.635804,26.857875,40.140878,1.036113,47.546823,0.000000
22.083333,13.133333,1,-0.856155,1.327527,0.376281,0.436638,0.399281,-0.153311,0.791465,0.455615,0.046661,0.086523,-0.159695,0.565642,0.642968,0.491058,-0.466718,-0.812130,0.350169,0.450809,0.122179,0.884219,0.009504,-0.817966,1.378991,0.102033,-0.024984,0.044816,0.276923,-0.568093,0.191311,0.775753,-0.197174,67.362942,3.553631,0.000000,1,0.047858,-5.668427,26.877565,40.106104,1.041572,47.523590,0.000000
22.116667,13.166667,1,-0.856085,1.327346,0.376249,0.436400,0.399373,-0.153364,0.791540,0.455718,0.046826,0.086493,-0.159883,0.565470,0.643010,0.491140,-0.466437,-0.812435,0.349837,0.450798,0.121950,0.884256,0.005900,-0.817966,1.378991,0.102033,-0.025170,0.044871,0.276890,-0.568070,0.191053,0.775836,-0.197164,67.493664,3.552719,0.000000,1,0.047602,-5.687264,26.897581,40.079397,1.044622,47.504614,0.000000
22.150000,13.200000,1,-0.856106,1.327254,0.376155,0.437033,0.399151,-0.153496,0.791277,0.455804,0.046865,0.086399,-0.159401,0.565939,0.642718,0.491139,-0.466748,-0.811751,0.351009,0.450905,0.123008,0.884055,0.004001,-0.817966,1.378991,0.102033,-0.025229,0.044949,0.276799,-0.568144,0.191722,0.775680,-0.196917,67.440516,3.527512,0.000000,1,0.047750,-5.691099,26.924270,40.054914,1.045080,47.485157,0.000000
22.183333,13.233333,1,-0.856174,1.327158,0.376077,0.437222,0.399529,-0.153549,0.790972,0.455921,0.046870,0.086321,-0.159657,0.566278,0.642424,0.491051,-0.466757,-0.811746,0.351008,0.450105,0.123603,0.884380,0.004232,-0.817966,1.378991,0.102033,-0.025263,0.045065,0.276727,-0.568558,0.191726,0.775425,-0.196721,67.415322,3.523153,0.000000,1,0.048034,-5.690330,26.951824,40.025745,1.044749,47.462945,0.000000
22.216667,13.266667,1,-0.856264,1.327032,0.376072,0.436737,0.399723,-0.153780,0.791097,0.456076,0.046874,0.086316,-0.160046,0.565931,0.642431,0.491315,-0.465989,-0.812422,0.350464,0.450123,0.123336,0.884408,0.004646,-0.817966,1.378991,0.102033,-0.025310,0.045212,0.276730,-0.568513,0.191197,0.775625,-0.196578,67.611544,3.538555,0.000000,1,0.048066,-5.689087,26.972073,39.993286,1.044329,47.440761,0.000000
22.250000,13.300000,1,-0.856339,1.326886,0.376066,0.436491,0.399085,-0.154104,0.791491,0.456238,0.046902,0.086310,-0.159581,0.565425,0.642636,0.491779,-0.465374,-0.812533,0.351024,0.451608,0.123105,0.883683,0.004930,-0.817966,1.378991,0.102033,-0.025381,0.045360,0.276731,-0.567835,0.191247,0.776132,-0.196484,67.766730,3.541561,0.000000,1,0.048284,-5.690611,26.993654,39.958813,1.044362,47.417172,0.000000
22.283333,13.333333,1,-0.856364,1.326680,0.376024,0.436505,0.398271,-0.154282,0.791859,0.456418,0.047006,0.086270,-0.158845,0.565073,0.642884,0.492099,-0.465215,-0.812242,0.351906,0.453206,0.122938,0.882887,0.006363,-0.817966,1.378991,0.102033,-0.025530,0.045507,0.276694,-0.567119,0.191611,0.776561,-0.196507,67.997804,3.541023,0.000000,1,0.048934,-5.701238,27.024109,39.916921,1.045942,47.387416,0.000000
22.316667,13.366667,1,-0.856388,1.326382,0.375991,0.436570,0.397222,-0.154533,0.792301,0.456669,0.047167,0.086237,-0.157874,0.564662,0.643165,0.492516,-0.465008,-0.811829,0.353132,0.455246,0.122830,0.881852,0.009002,-0.817966,1.378991,0.102033,-0.025753,0.045706,0.276667,-0.566215,0.192122,0.777095,-0.196500,68.104994,3.554112,0.000000,1,0.049917,-5.717738,27.062851,39.859585,1.048542,47.347286,0.000000
22.350000,13.400000,1,-0.856469,1.325941,0.376043,0.436495,0.396303,-0.154875,0.792736,0.457070,0.047367,0.086292,-0.157083,0.564183,0.643398,0.493012,-0.464529,-0.811653,0.354163,0.457158,0.122726,0.880877,0.013540,-0.817966,1.378991,0.102033,-0.026058,0.046032,0.276732,-0.565364,0.192447,0.777658,-0.196410,68.422396,3.553817,0.000000,1,0.051337,-5.737263,27.106590,39.775888,1.051697,47.291671,0.000000
22.383333,13.433333,1,-0.856605,1.325315,0.376174,0.436292,0.395725,-0.155311,0.793051,0.457652,0.047634,0.086426,-0.156653,0.563744,0.643483,0.493540,-0.463756,-0.811794,0.354853,0.458545,0.122777,0.880149,0.019634,-0.817966,1.378991,0.102033,-0.026481,0.046508,0.276882,-0.564754,0.192507,0.778144,-0.196179,68.844153,3.545194,0.000000,1,0.053397,-5.762687,27.161068,39.658028,1.055886,47.214943,0.000000
22.416667,13.466667,1,-0.856684,1.324545,0.376260,0.435693,0.395476,-0.155526,0.793462,0.458315,0.048032,0.086514,-0.156696,0.563095,0.643752,0.493917,-0.462985,-0.812389,0.354498,0.459451,0.122060,0.879776,0.023344,-0.817966,1.378991,0.102033,-0.027051,0.047029,0.276984,-0.564270,0.192068,0.778601,-0.196190,69.377654,3.534330,0.000000,1,0.055302,-5.802940,27.234972,39.517695,1.062533,47.121373,0.000000
22.450000,13.500000,1,-0.856653,1.323692,0.376271,0.434788,0.395146,-0.155700,0.794089,0.458978,0.048571,0.086531,-0.156802,0.562135,0.644231,0.494353,-0.462057,-0.813242,0.353753,0.460667,0.120761,0.879320,0.025624,-0.817966,1.378991,0.102033,-0.027752,0.047515,0.277008,-0.563582,0.191388,0.779227,-0.196344,69.908895,3.530455,0.000000,1,0.056549,-5.859904,27.323064,39.369267,1.071872,47.020102,0.000000
22.483333,13.533333,1,-0.856542,1.322733,0.376338,0.434307,0.394668,-0.156114,0.794508,0.459677,0.049235,0.086605,-0.156586,0.561491,0.644417,0.494909,-0.461092,-0.813699,0.353961,0.462012,0.120415,0.878661,0.029016,-0.817966,1.378991,0.102033,-0.028587,0.047998,0.277084,-0.562942,0.191153,0.779788,-0.196183,70.524919,3.546532,0.000000,1,0.057447,-5.931421,27.408573,39.213529,1.083529,46.915678,0.000000
22.516667,13.566667,1,-0.856404,1.321621,0.376545,0.434124,0.394107,-0.156482,0.794814,0.460482,0.050013,0.086820,-0.156163,0.561076,0.644525,0.495373,-0.460437,-0.813799,0.354582,0.463322,0.120401,0.877973,0.034205,-0.817966,1.378991,0.102033,-0.029565,0.048542,0.277300,-0.562357,0.191224,0.780237,-0.196007,71.231763,3.501334,0.000000,1,0.058738,-6.015045,27.486413,39.041367,1.097113,46.804370,0.000000
22.550000,13.600000,1,-0.856298,1.320394,0.376762,0.433467,0.393988,-0.156259,0.795275,0.461398,0.050833,0.087045,-0.156349,0.560433,0.645033,0.495381,-0.460306,-0.814321,0.353554,0.463828,0.118973,0.877900,0.037500,-0.817966,1.378991,0.102033,-0.030615,0.049181,0.277531,-0.561974,0.190685,0.780538,-0.196431,72.116529,3.502049,0.000000,1,0.060826,-6.102029,27.577870,38.845140,1.111150,46.676798,0.000000
22.583333,13.633333,1,-0.856190,1.319150,0.376831,0.432685,0.393874,-0.156146,0.795780,0.462327,0.051667,0.087123,-0.156595,0.559679,0.645531,0.495506,-0.459904,-0.815015,0.352475,0.464443,0.117534,0.877769,0.037529,-0.817966,1.378991,0.102033,-0.031676,0.049838,0.277614,-0.561537,0.190029,0.780924,-0.196779,72.834551,3.513961,0.000000,1,0.062649,-6.190252,27.696026,38.635985,1.125202,46.535864,0.000000
22.616667,13.666667,1,-0.855983,1.317971,0.376711,0.432383,0.393954,-0.156342,0.795866,0.463144,0.052544,0.087011,-0.156801,0.559445,0.645520,0.495721,-0.459348,-0.815438,0.352221,0.464552,0.117435,0.877724,0.036095,-0.817966,1.378991,0.102033,-0.032740,0.050388,0.277499,-0.561472,0.189716,0.781080,-0.196648,73.395471,3.462755,0.000000,1,0.063303,-6.284593,27.832164,38.436610,1.139977,46.396115,0.000000
22.650000,13.700000,1,-0.855728,1.316845,0.376519,0.432602,0.395059,-0.155819,0.795301,0.463890,0.053427,0.086828,-0.157696,0.560135,0.645252,0.495006,-0.460203,-0.815468,0.351034,0.462145,0.117565,0.878977,0.035100,-0.817966,1.378991,0.102033,-0.033789,0.050871,0.277311,-0.562555,0.189444,0.780320,-0.196834,73.962480,3.425839,0.000000,1,0.063616,-6.380403,27.971299,38.246876,1.154735,46.261128,0.000000
22.683333,13.733333,1,-0.855567,1.315704,0.376432,0.432786,0.396064,-0.155094,0.794843,0.464704,0.054243,0.086750,-0.158518,0.560748,0.645168,0.494157,-0.461362,-0.815406,0.349654,0.459852,0.117260,0.880220,0.034673,-0.817966,1.378991,0.102033,-0.034796,0.051432,0.277233,-0.563540,0.189187,0.779566,-0.197251,74.537899,3.465042,0.000000,1,0.064314,-6.467143,28.101881,38.050031,1.167840,46.124539,0.000000
22.716667,13.766667,1,-0.855519,1.314522,0.376481,0.432408,0.396072,-0.154894,0.795084,0.465620,0.054992,0.086806,-0.158694,0.560412,0.645471,0.494086,-0.461390,-0.815705,0.348919,0.459969,0.116366,0.880277,0.035538,-0.817966,1.378991,0.102033,-0.035772,0.052101,0.277298,-0.563389,0.188845,0.779683,-0.197547,75.246447,3.456813,0.000000,1,0.065315,-6.544239,28.223365,37.840968,1.179219,45.983665,0.000000
22.750000,13.800000,1,-0.855577,1.313282,0.376505,0.432108,0.395564,-0.155122,0.795455,0.466644,0.055692,0.086837,-0.158371,0.559916,0.645700,0.494454,-0.460868,-0.815886,0.349186,0.461189,0.115982,0.879689,0.037239,-0.817966,1.378991,0.102033,-0.036729,0.052889,0.277347,-0.562805,0.188790,0.780123,-0.197527,75.940467,3.415645,0.000000,1,0.067589,-6.613841,28.362620,37.608141,1.189241,45.825771,0.000000
22.783333,13.833333,1,-0.855618,1.312077,0.376469,0.432599,0.395548,-0.154855,0.795248,0.467632,0.056385,0.086807,-0.158139,0.560348,0.645636,0.494122,-0.461671,-0.815271,0.349560,0.460820,0.116293,0.879842,0.036194,-0.817966,1.378991,0.102033,-0.037668,0.053648,0.277333,-0.563010,0.189247,0.779830,-0.197662,76.579702,3.414137,0.000000,1,0.068338,-6.682838,28.507939,37.378397,1.198897,45.668325,0.000000
22.816667,13.866667,1,-0.855485,1.311049,0.376554,0.432798,0.395779,-0.153217,0.795342,0.468373,0.057109,0.086900,-0.158264,0.560625,0.646452,0.492699,-0.464401,-0.814466,0.347817,0.459558,0.114104,0.880787,0.031198,-0.817966,1.378991,0.102033,-0.038571,0.054154,0.277426,-0.563343,0.189360,0.779181,-0.199158,77.360511,3.386156,0.000000,1,0.065108,-6.758425,28.603031,37.206117,1.209176,45.554326,0.000000
22.850000,13.900000,1,-0.855368,1.310028,0.376751,0.432200,0.395903,-0.151764,0.795884,0.469117,0.057815,0.087104,-0.158648,0.560139,0.647583,0.491642,-0.466238,-0.814487,0.345300,0.459029,0.110934,0.881468,0.031377,-0.817966,1.378991,0.102033,-0.039463,0.054660,0.277633,-0.563231,0.188794,0.779001,-0.200712,78.041368,3.384832,0.000000,1,0.064932,-6.831687,28.680002,37.040726,1.218931,45.448458,0.000000
22.883333,13.933333,1,-0.855614,1.308671,0.376791,0.432112,0.397100,-0.153043,0.795091,0.470349,0.058434,0.087150,-0.159754,0.560600,0.646305,0.492439,-0.463966,-0.815647,0.345623,0.457414,0.113537,0.881976,0.041401,-0.817966,1.378991,0.102033,-0.040402,0.055669,0.277710,-0.564215,0.188166,0.778831,-0.199190,78.780543,3.375952,0.000000,1,0.073165,-6.888025,28.844852,36.764608,1.226251,45.261533,0.000000
22.916667,13.966667,1,-0.855869,1.307264,0.376880,0.431990,0.398272,-0.154210,0.794345,0.471626,0.059076,0.087245,-0.160854,0.561021,0.645119,0.493156,-0.461846,-0.816774,0.345801,0.455804,0.115894,0.882503,0.042968,-0.817966,1.378991,0.102033,-0.041376,0.056711,0.277839,-0.565165,0.187521,0.778655,-0.197791,79.601870,3.376655,0.000000,1,0.074729,-6.946118,29.010364,36.478817,1.233579,45.069486,0.000000
22.950000,14.000000,1,-0.856038,1.305942,0.377035,0.430962,0.398735,-0.154764,0.794563,0.472784,0.059735,0.087406,-0.161724,0.560309,0.645064,0.493753,-0.460106,-0.818235,0.344664,0.455774,0.115477,0.882573,0.040255,-0.817966,1.378991,0.102033,-0.042336,0.057630,0.278026,-0.565114,0.186377,0.779063,-0.197409,80.622606,3.373743,0.000000,1,0.073672,-7.007477,29.151244,36.220474,1.241013,44.898461,0.000000
22.983333,14.033333,1,-0.856197,1.304588,0.377100,0.429800,0.398952,-0.155391,0.794961,0.473961,0.060422,0.087478,-0.162433,0.559365,0.645135,0.494496,-0.458178,-0.819753,0.343626,0.456315,0.114833,0.882378,0.040942,-0.817966,1.378991,0.102033,-0.043325,0.058565,0.278123,-0.564786,0.185217,0.779669,-0.197049,81.503949,3.344990,0.000000,1,0.075562,-7.071683,29.309968,35.951268,1.248666,44.717554,0.000000
23.016667,14.066667,1,-0.856338,1.303248,0.377085,0.429249,0.398723,-0.155510,0.795350,0.475116,0.061116,0.087470,-0.162472,0.558768,0.645428,0.494777,-0.457597,-0.820254,0.343203,0.457117,0.114052,0.882064,0.040431,-0.817966,1.378991,0.102033,-0.044312,0.059482,0.278140,-0.564341,0.184815,0.780064,-0.197135,82.429590,3.337540,0.000000,1,0.076853,-7.136715,29.479858,35.680298,1.256176,44.533336,0.000000
23.050000,14.100000,1,-0.856481,1.301997,0.376965,0.428900,0.398823,-0.154402,0.795704,0.476201,0.061755,0.087356,-0.162721,0.558496,0.646237,0.493945,-0.459081,-0.820169,0.341419,0.456653,0.111798,0.882593,0.037940,-0.817966,1.378991,0.102033,-0.045223,0.060355,0.278050,-0.564307,0.184479,0.779876,-0.198291,83.521547,3.297114,0.000000,1,0.077462,-7.196108,29.657442,35.418132,1.262518,44.352378,0.000000
23.083333,14.133333,1,-0.856639,1.300707,0.376685,0.428131,0.399371,-0.153696,0.795980,0.477326,0.062409,0.087083,-0.163558,0.558050,0.646797,0.493441,-0.459530,-0.820858,0.339152,0.455765,0.109806,0.883301,0.039897,-0.817966,1.378991,0.102033,-0.046154,0.061271,0.277802,-0.564476,0.183558,0.779777,-0.199052,84.452998,3.339847,0.000000,1,0.080312,-7.256501,29.866816,35.136227,1.268830,44.153610,0.000000
23.116667,14.166667,1,-0.856747,1.299293,0.376381,0.427265,0.399579,-0.153669,0.796346,0.478521,0.063177,0.086785,-0.164130,0.557365,0.647133,0.493583,-0.458874,-0.821788,0.337784,0.455868,0.108560,0.883402,0.043528,-0.817966,1.378991,0.102033,-0.047212,0.062225,0.277528,-0.564284,0.182683,0.780069,-0.199256,85.431646,3.346839,0.000000,1,0.083113,-7.328764,30.092569,34.832975,1.276740,43.939903,0.000000
23.150000,14.200000,1,-0.856786,1.297803,0.376121,0.426953,0.399706,-0.153566,0.796470,0.479734,0.064045,0.086535,-0.164383,0.557142,0.647289,0.493547,-0.458779,-0.822104,0.337145,0.455766,0.107992,0.883524,0.045379,-0.817966,1.378991,0.102033,-0.048374,0.063166,0.277296,-0.564264,0.182347,0.780123,-0.199409,86.597772,3.346781,0.000000,1,0.084698,-7.411994,30.316492,34.523949,1.286014,43.723999,0.000000
23.183333,14.233333,1,-0.856820,1.296338,0.375882,0.426478,0.399640,-0.153292,0.796810,0.480924,0.064903,0.086304,-0.164536,0.556685,0.647713,0.493455,-0.458859,-0.822424,0.336254,0.456046,0.106792,0.883526,0.044544,-0.817966,1.378991,0.102033,-0.049520,0.064086,0.277084,-0.564007,0.181951,0.780297,-0.199818,87.714415,3.254055,0.000000,1,0.085487,-7.493921,30.535165,34.219826,1.294765,43.512425,0.000000
23.216667,14.266667,1,-0.856902,1.294843,0.375635,0.425353,0.399709,-0.153123,0.797409,0.482168,0.065739,0.086065,-0.165099,0.555706,0.648319,0.493574,-0.458254,-0.823480,0.334491,0.456495,0.104849,0.883526,0.045531,-0.817966,1.378991,0.102033,-0.050660,0.065064,0.276867,-0.563584,0.180906,0.780731,-0.200263,88.712625,3.286578,0.000000,1,0.087641,-7.572273,30.763212,33.902640,1.302737,43.292018,0.000000
23.250000,14.300000,1,-0.857047,1.293282,0.375385,0.424798,0.400067,-0.153308,0.797489,0.483502,0.066565,0.085823,-0.165666,0.555369,0.648307,0.493779,-0.457474,-0.824252,0.333655,0.456229,0.104506,0.883704,0.047624,-0.817966,1.378991,0.102033,-0.051815,0.066132,0.276652,-0.563655,0.180244,0.780865,-0.200139,89.945500,3.250778,0.000000,1,0.090495,-7.647806,31.005207,33.564053,1.310060,43.057237,0.000000
23.283333,14.333333,1,-0.857196,1.291760,0.375108,0.424543,0.400486,-0.153508,0.797376,0.484806,0.067365,0.085554,-0.166154,0.555329,0.648117,0.493910,-0.456891,-0.824764,0.333191,0.455683,0.104675,0.883966,0.046611,-0.817966,1.378991,0.102033,-0.052936,0.067180,0.276411,-0.563909,0.179826,0.780837,-0.199907,90.998456,3.245133,0.000000,1,0.091665,-7.720409,31.248652,33.228841,1.316603,42.824469,0.000000
23.316667,14.366667,1,-0.857274,1.290326,0.374753,0.424027,0.400646,-0.153273,0.797616,0.485998,0.068170,0.085207,-0.166527,0.554937,0.648434,0.493809,-0.456843,-0.825229,0.332102,0.455581,0.103604,0.884145,0.044374,-0.817966,1.378991,0.102033,-0.054028,0.068124,0.276086,-0.563832,0.179294,0.780932,-0.200234,91.996363,3.271825,0.000000,1,0.091931,-7.794904,31.490070,32.911752,1.323029,42.602549,0.000000
23.350000,14.400000,1,-0.857336,1.288890,0.374361,0.423941,0.400481,-0.152942,0.797808,0.487182,0.068988,0.084823,-0.166419,0.554784,0.648753,0.493598,-0.457332,-0.825100,0.331750,0.455793,0.102848,0.884124,0.044703,-0.817966,1.378991,0.102033,-0.055129,0.069059,0.275722,-0.563657,0.179294,0.780958,-0.200622,93.083581,3.258237,0.000000,1,0.093579,-7.870830,31.737614,32.592108,1.329383,42.378365,0.000000
23.383333,14.433333,1,-0.857408,1.287448,0.373976,0.424206,0.400505,-0.152658,0.797710,0.488377,0.069802,0.084446,-0.166324,0.555032,0.648793,0.493299,-0.457985,-0.824728,0.331774,0.455468,0.102809,0.884296,0.044818,-0.817966,1.378991,0.102033,-0.056230,0.070005,0.275366,-0.563801,0.179530,0.780748,-0.200824,94.138157,3.277828,0.000000,1,0.095164,-7.945684,31.986658,32.268950,1.335316,42.152444,0.000000
23.416667,14.466667,1,-0.857443,1.286061,0.373525,0.423908,0.400330,-0.152437,0.797998,0.489505,0.070614,0.084003,-0.166301,0.554685,0.649147,0.493230,-0.458136,-0.824848,0.331267,0.455869,0.101903,0.884194,0.043770,-0.817966,1.378991,0.102033,-0.057307,0.070892,0.274941,-0.563523,0.179340,0.780905,-0.201162,95.128738,3.296759,0.000000,1,0.096096,-8.021033,32.237978,31.954698,1.341005,41.931383,0.000000
23.450000,14.500000,1,-0.857483,1.284746,0.372962,0.423480,0.400400,-0.152464,0.798185,0.490580,0.071380,0.083447,-0.166554,0.554332,0.649301,0.493339,-0.457753,-0.825304,0.330660,0.455999,0.101336,0.884193,0.042937,-0.817966,1.378991,0.102033,-0.058321,0.071747,0.274404,-0.563399,0.178922,0.781073,-0.201230,96.228443,3.319333,0.000000,1,0.097454,-8.091653,32.499598,31.645202,1.345754,41.711119,0.000000
23.483333,14.533333,1,-0.857625,1.283468,0.372260,0.423594,0.401713,-0.152291,0.797497,0.491685,0.072043,0.082752,-0.167680,0.555023,0.648767,0.492883,-0.457898,-0.825666,0.329552,0.453400,0.101969,0.885455,0.043962,-0.817966,1.378991,0.102033,-0.059241,0.072670,0.273733,-0.564610,0.178457,0.780352,-0.201046,97.168518,3.174872,0.000000,1,0.077708,-8.150993,32.792511,31.312989,1.342296,41.478766,0.000000
23.516667,14.566667,1,-0.857804,1.282135,0.371522,0.424144,0.402405,-0.151824,0.796945,0.492858,0.072710,0.082020,-0.168058,0.555825,0.648486,0.492220,-0.458951,-0.825218,0.329211,0.451574,0.102445,0.886333,0.046020,-0.817966,1.378991,0.102033,-0.060181,0.073658,0.273030,-0.565471,0.178662,0.779644,-0.201189,98.146315,3.029788,0.000000,1,0.079218,-8.209345,33.097717,30.966302,1.338873,41.236075,0.000000
23.550000,14.600000,1,-0.857946,1.280758,0.370827,0.423821,0.402109,-0.151331,0.797360,0.494042,0.073432,0.081332,-0.167938,0.555401,0.649074,0.491964,-0.459536,-0.825189,0.328466,0.452096,0.100999,0.886233,0.046455,-0.817966,1.378991,0.102033,-0.061180,0.074638,0.272369,-0.565083,0.178509,0.779795,-0.201829,99.242648,3.073811,0.000000,1,0.080736,-8.273507,33.400136,30.615972,1.336330,40.992382,0.000000
23.583333,14.633333,1,-0.858086,1.279317,0.370097,0.422632,0.401752,-0.151663,0.798108,0.495276,0.074196,0.080610,-0.168146,0.554175,0.649589,0.492596,-0.458152,-0.826335,0.327516,0.453605,0.099521,0.885629,0.048634,-0.817966,1.378991,0.102033,-0.062231,0.075658,0.271673,-0.564244,0.177581,0.780595,-0.201904,100.524716,3.151220,0.000000,1,0.082367,-8.341091,33.717661,30.248163,1.334327,40.736295,0.000000
23.616667,14.666667,1,-0.858232,1.277794,0.369281,0.421846,0.401733,-0.152031,0.798463,0.496581,0.075004,0.079801,-0.168477,0.553462,0.649739,0.493086,-0.456963,-0.827246,0.326877,0.454264,0.098908,0.885360,0.052043,-0.817966,1.378991,0.102033,-0.063342,0.076738,0.270893,-0.563876,0.176870,0.781061,-0.201753,101.799506,3.139334,0.000000,1,0.084154,-8.412303,34.061945,29.854060,1.332827,40.460676,0.000000
23.650000,14.700000,1,-0.858299,1.276222,0.368450,0.421645,0.401555,-0.151443,0.798770,0.497876,0.075905,0.078979,-0.168409,0.553201,0.650275,0.492696,-0.457777,-0.827104,0.326095,0.454447,0.097562,0.885415,0.053364,-0.817966,1.378991,0.102033,-0.064538,0.077785,0.270094,-0.563649,0.176778,0.781072,-0.202425,103.108583,3.112798,0.000000,1,0.085958,-8.493436,34.410811,29.455174,1.332528,40.182249,0.000000
23.683333,14.733333,1,-0.858346,1.274641,0.367583,0.421516,0.401379,-0.150646,0.799077,0.499166,0.076829,0.078121,-0.168312,0.553003,0.650904,0.492120,-0.458978,-0.826801,0.325177,0.454491,0.095989,0.885564,0.054130,-0.817966,1.378991,0.102033,-0.065753,0.078824,0.269258,-0.563458,0.176754,0.780993,-0.203281,104.354882,3.071004,0.000000,1,0.087813,-8.576802,34.767099,29.051047,1.332387,39.900170,0.000000
23.716667,14.766667,1,-0.858431,1.273061,0.366720,0.421099,0.401536,-0.150320,0.799280,0.500479,0.077720,0.077267,-0.168640,0.552698,0.651229,0.491921,-0.459149,-0.827120,0.324120,0.454292,0.094922,0.885781,0.054067,-0.817966,1.378991,0.102033,-0.066944,0.079892,0.268428,-0.563424,0.176315,0.781015,-0.203669,105.593106,3.090061,0.000000,1,0.089718,-8.655861,35.127140,28.640132,1.331535,39.614409,0.000000
23.750000,14.800000,1,-0.858529,1.271464,0.365959,0.420365,0.401969,-0.149741,0.799557,0.501813,0.078612,0.076515,-0.169357,0.552232,0.651734,0.491530,-0.459434,-0.827741,0.322126,0.453644,0.093123,0.886304,0.053150,-0.817966,1.378991,0.102033,-0.068145,0.080974,0.267702,-0.563503,0.175474,0.780978,-0.204320,106.884215,3.088002,0.000000,1,0.091618,-8.734091,35.475770,28.228538,1.330402,39.331523,0.000000
23.783333,14.833333,1,-0.858675,1.269830,0.365299,0.419913,0.402338,-0.148938,0.799760,0.503205,0.079485,0.075863,-0.169892,0.551988,0.652272,0.490904,-0.460300,-0.827963,0.320315,0.452850,0.091355,0.886894,0.053045,-0.817966,1.378991,0.102033,-0.069347,0.082111,0.267079,-0.563652,0.174919,0.780782,-0.205132,108.502797,3.082965,0.000000,1,0.093574,-8.808975,35.818783,27.807857,1.328684,39.045609,0.000000
23.816667,14.866667,1,-0.858893,1.268186,0.364676,0.419485,0.402097,-0.148544,0.800178,0.504649,0.080307,0.075248,-0.169868,0.551495,0.652820,0.490739,-0.460640,-0.828091,0.319493,0.453366,0.089942,0.886775,0.053144,-0.817966,1.378991,0.102033,-0.070516,0.083309,0.266499,-0.563264,0.174645,0.780977,-0.205686,109.436150,3.070810,0.000000,1,0.095603,-8.876969,36.164503,27.376319,1.325916,38.753913,0.000000
23.850000,14.900000,1,-0.859071,1.266578,0.364016,0.418792,0.401991,-0.148023,0.800691,0.506040,0.081139,0.074596,-0.170084,0.550823,0.653508,0.490502,-0.460958,-0.828466,0.318058,0.453722,0.087998,0.886788,0.052412,-0.817966,1.378991,0.102033,-0.071679,0.084455,0.265878,-0.562884,0.174074,0.781190,-0.206401,110.429138,3.073501,0.000000,1,0.097621,-8.946616,36.510425,26.951285,1.323112,38.466464,0.000000
23.883333,14.933333,1,-0.859293,1.264966,0.363281,0.418429,0.402747,-0.147530,0.800591,0.507461,0.081940,0.073869,-0.170925,0.550836,0.653639,0.490022,-0.461327,-0.828897,0.316397,0.452291,0.087082,0.887609,0.053576,-0.817966,1.378991,0.102033,-0.072817,0.085644,0.265185,-0.563406,0.173427,0.780855,-0.206789,111.363083,3.074129,0.000000,1,0.099779,-9.012018,36.874634,26.511272,1.319605,38.167837,0.000000
23.916667,14.966667,1,-0.859629,1.263317,0.362516,0.418315,0.403228,-0.147301,0.800451,0.508979,0.082672,0.073110,-0.171407,0.550948,0.653616,0.489757,-0.461516,-0.829098,0.315592,0.451353,0.086811,0.888113,0.055457,-0.817966,1.378991,0.102033,-0.073916,0.086948,0.264470,-0.563787,0.173119,0.780613,-0.206924,112.586638,3.055677,0.000000,1,0.101522,-9.083365,37.279247,25.993103,1.182838,37.943420,0.000000
23.950000,15.000000,1,-0.859972,1.261695,0.361831,0.418224,0.403110,-0.146653,0.800677,0.510481,0.083382,0.072432,-0.171344,0.550811,0.654107,0.489277,-0.462498,-0.828836,0.314843,0.451323,0.085570,0.888249,0.053827,-0.817966,1.378991,0.102033,-0.074991,0.088236,0.263835,-0.563660,0.173101,0.780527,-0.207609,113.939312,3.050595,0.000000,1,0.103797,-9.137007,37.651232,25.531926,1.174471,37.636556,0.000000
23.983333,15.033333,1,-0.860380,1.260097,0.361130,0.418041,0.403103,-0.145978,0.800900,0.512003,0.084025,0.071737,-0.171423,0.550641,0.654606,0.488773,-0.463430,-0.828693,0.313848,0.451123,0.084210,0.888480,0.053753,-0.817966,1.378991,0.102033,-0.076006,0.089563,0.263188,-0.563592,0.172952,0.780421,-0.208316,115.234372,3.205403,0.000000,1,0.106145,-9.182683,38.029856,25.063468,1.165897,37.325472,0.000000
24.016667,15.066667,1,-0.860829,1.258465,0.360299,0.417907,0.403572,-0.145584,0.800805,0.513576,0.084658,0.070912,-0.171904,0.550730,0.654699,0.488380,-0.463868,-0.828829,0.312841,0.450138,0.083638,0.889033,0.056579,-0.817966,1.378991,0.102033,-0.077022,0.090951,0.262413,-0.563957,0.172634,0.780145,-0.208620,116.286174,3.193904,0.000000,1,0.108687,-9.226310,38.440883,24.567497,1.156184,36.995485,0.000000
24.050000,15.100000,1,-0.861178,1.256869,0.359336,0.417938,0.404081,-0.145202,0.800601,0.515059,0.085350,0.069956,-0.172349,0.550985,0.654688,0.487950,-0.464402,-0.828832,0.312037,0.448986,0.083359,0.889642,0.056870,-0.817966,1.378991,0.102033,-0.078065,0.092244,0.261501,-0.564430,0.172448,0.779781,-0.208859,117.412587,3.160205,0.000000,1,0.111271,-9.277496,38.863120,24.076842,1.147518,36.667739,0.000000
24.083333,15.133333,1,-0.861484,1.255386,0.358291,0.417596,0.404259,-0.145054,0.800717,0.516427,0.086008,0.068917,-0.172660,0.550758,0.654856,0.487871,-0.464341,-0.829158,0.311262,0.448782,0.082704,0.889806,0.055190,-0.817966,1.378991,0.102033,-0.079042,0.093441,0.260502,-0.564442,0.172065,0.779806,-0.209047,118.331875,3.159960,0.000000,1,0.113813,-9.326728,39.281627,23.606166,1.139157,36.352325,0.000000
24.116667,15.166667,1,-0.861719,1.254082,0.357157,0.417097,0.404063,-0.144748,0.801131,0.517610,0.086618,0.067788,-0.172708,0.550220,0.655361,0.487782,-0.464480,-0.829402,0.310403,0.449291,0.081349,0.889674,0.052347,-0.817966,1.378991,0.102033,-0.079917,0.094480,0.259407,-0.564061,0.171704,0.780034,-0.209522,119.339670,3.171298,0.000000,1,0.116214,-9.373539,39.685006,23.174362,1.131629,36.061015,0.000000
24.150000,15.200000,1,-0.861863,1.252911,0.355878,0.417128,0.403848,-0.144123,0.801336,0.518631,0.087221,0.066516,-0.172504,0.550150,0.655822,0.487313,-0.465536,-0.828988,0.309927,0.449375,0.080279,0.889729,0.052183,-0.817966,1.378991,0.102033,-0.080735,0.095375,0.258159,-0.563901,0.171839,0.779944,-0.210177,121.209751,3.158513,0.000000,1,0.118539,-9.422027,40.086943,22.769221,1.125070,35.785156,0.000000
24.183333,15.233333,1,-0.862004,1.251794,0.354596,0.417626,0.403842,-0.143377,0.801213,0.519607,0.087794,0.065239,-0.172281,0.550592,0.656048,0.486590,-0.467100,-0.828165,0.309776,0.448739,0.079842,0.890089,0.051171,-0.817966,1.378991,0.102033,-0.081512,0.096234,0.256908,-0.564131,0.172307,0.779512,-0.210777,122.153944,3.168987,0.000000,1,0.120848,-9.467946,40.482915,22.373582,1.118447,35.516101,0.000000
24.216667,15.266667,1,-0.862168,1.250691,0.353392,0.417823,0.403724,-0.142808,0.801272,0.520586,0.088340,0.064040,-0.172090,0.550713,0.656355,0.486106,-0.468173,-0.827659,0.309506,0.448571,0.079168,0.890234,0.049260,-0.817966,1.378991,0.102033,-0.082267,0.097100,0.255734,-0.564127,0.172549,0.779318,-0.211309,123.240013,3.160368,0.000000,1,0.123157,-9.510664,40.867939,21.981329,1.111506,35.251225,0.000000
24.250000,15.300000,1,-0.862342,1.249612,0.352218,0.417548,0.403604,-0.142217,0.801581,0.521552,0.088862,0.062871,-0.172107,0.550411,0.656893,0.485714,-0.468922,-0.827584,0.308573,0.448666,0.077741,0.890312,0.048102,-0.817966,1.378991,0.102033,-0.082996,0.097957,0.254592,-0.563917,0.172365,0.779327,-0.211985,124.329175,3.163276,0.000000,1,0.125470,-9.550956,41.246638,21.593397,1.104373,34.990329,0.000000
24.283333,15.333333,1,-0.862536,1.248584,0.351147,0.417012,0.403545,-0.141941,0.801938,0.522489,0.089338,0.061804,-0.172293,0.549902,0.657334,0.485628,-0.468961,-0.827928,0.307588,0.448951,0.076455,0.890280,0.044922,-0.817966,1.378991,0.102033,-0.083676,0.098793,0.253552,-0.563639,0.171911,0.779513,-0.212406,125.303567,3.153992,0.000000,1,0.127709,-9.586579,41.603758,21.221169,1.097144,34.741564,0.000000
24.316667,15.366667,1,-0.862733,1.247632,0.350212,0.416619,0.403738,-0.141961,0.802042,0.523368,0.089764,0.060873,-0.172640,0.549636,0.657416,0.485694,-0.468592,-0.828386,0.306917,0.448828,0.075998,0.890381,0.040481,-0.817966,1.378991,0.102033,-0.084297,0.099578,0.252647,-0.563638,0.171471,0.779602,-0.212440,126.256925,3.157884,0.000000,1,0.129798,-9.617745,41.927992,20.876738,1.090222,34.512833,0.000000
24.350000,15.400000,1,-0.862944,1.246802,0.349333,0.416262,0.403557,-0.141802,0.802346,0.524157,0.090103,0.059998,-0.172638,0.549235,0.657757,0.485688,-0.468606,-0.828567,0.306406,0.449292,0.075103,0.890223,0.036789,-0.817966,1.378991,0.102033,-0.084811,0.100297,0.251798,-0.563329,0.171230,0.779799,-0.212730,127.125195,3.163425,0.000000,1,0.131725,-9.641106,42.225769,20.563639,1.083355,34.304967,0.000000
24.383333,15.433333,1,-0.863149,1.246101,0.348474,0.415990,0.402561,-0.141391,0.803060,0.524840,0.090371,0.059141,-0.171869,0.548542,0.658576,0.485634,-0.469241,-0.828209,0.306404,0.451100,0.073478,0.889444,0.033845,-0.817966,1.378991,0.102033,-0.085229,0.100933,0.250965,-0.562343,0.171426,0.780272,-0.213445,127.805537,3.151574,0.000000,1,0.133487,-9.658596,42.500678,20.282734,1.076804,34.117820,0.000000
24.416667,15.466667,1,-0.863272,1.245498,0.347717,0.415917,0.401989,-0.140883,0.803474,0.525395,0.090644,0.058387,-0.171390,0.548218,0.659171,0.485362,-0.470097,-0.827792,0.306218,0.451955,0.072239,0.889111,0.029261,-0.817966,1.378991,0.102033,-0.085619,0.101438,0.250227,-0.561819,0.171619,0.780428,-0.214098,128.368526,3.151387,0.000000,1,0.134997,-9.678669,42.736355,20.045099,1.071846,33.959429,0.000000
24.450000,15.500000,1,-0.863337,1.244952,0.347150,0.415796,0.402201,-0.140563,0.803486,0.525869,0.090926,0.057823,-0.171635,0.548204,0.659325,0.485082,-0.470473,-0.827836,0.305522,0.451471,0.071665,0.889403,0.023675,-0.817966,1.378991,0.102033,-0.086002,0.101852,0.249675,-0.561962,0.171425,0.780288,-0.214388,128.842100,3.146296,0.000000,1,0.136259,-9.700828,42.926215,19.846221,1.068281,33.828107,0.000000
24.483333,15.533333,1,-0.863451,1.244405,0.346734,0.415612,0.402709,-0.140290,0.803375,0.526375,0.091169,0.057408,-0.172173,0.548266,0.659347,0.484792,-0.470667,-0.828085,0.304545,0.450498,0.071236,0.889931,0.020929,-0.817966,1.378991,0.102033,-0.086361,0.102297,0.249275,-0.562337,0.171043,0.780050,-0.214575,129.351405,3.128736,0.000000,1,0.137464,-9.718194,43.095543,19.653853,1.064378,33.703140,0.000000
24.516667,15.566667,1,-0.863659,1.243824,0.346399,0.415660,0.403160,-0.140077,0.803161,0.526963,0.091356,0.057075,-0.172557,0.548510,0.659252,0.484507,-0.470954,-0.828123,0.303997,0.449526,0.071221,0.890423,0.021049,-0.817966,1.378991,0.102033,-0.086693,0.102831,0.248964,-0.562761,0.170894,0.779754,-0.214660,129.843916,3.132242,0.000000,1,0.138741,-9.728357,43.264625,19.448145,1.059283,33.571219,0.000000
24.550000,15.600000,1,-0.863949,1.243188,0.346108,0.416032,0.403425,-0.139834,0.802878,0.527646,0.091510,0.056786,-0.172630,0.548962,0.659109,0.484164,-0.471568,-0.827769,0.304010,0.448699,0.071547,0.890814,0.022723,-0.817966,1.378991,0.102033,-0.087020,0.103462,0.248703,-0.563162,0.171120,0.779394,-0.214736,130.230723,3.149292,0.000000,1,0.140149,-9.733415,43.442898,19.220860,1.052987,33.426740,0.000000
24.583333,15.633333,1,-0.864293,1.242431,0.345894,0.416230,0.403651,-0.139401,0.802736,0.528457,0.091693,0.056572,-0.172746,0.549240,0.659178,0.483714,-0.472359,-0.827465,0.303609,0.447949,0.071286,0.891213,0.025745,-0.817966,1.378991,0.102033,-0.087414,0.104203,0.248522,-0.563459,0.171210,0.779073,-0.215050,130.800373,3.135288,0.000000,1,0.141743,-9.739341,43.633221,18.962298,1.045856,33.264235,0.000000
24.616667,15.666667,1,-0.864672,1.241585,0.345741,0.416231,0.403620,-0.139135,0.802798,0.529361,0.091901,0.056422,-0.172720,0.549225,0.659351,0.483503,-0.472785,-0.827321,0.303339,0.447873,0.070848,0.891286,0.028204,-0.817966,1.378991,0.102033,-0.087860,0.105023,0.248408,-0.563439,0.171229,0.779010,-0.215316,131.229025,3.138685,0.000000,1,0.143483,-9.746315,43.831788,18.680677,1.038157,33.088626,0.000000
24.650000,15.700000,1,-0.865059,1.240654,0.345555,0.416208,0.403673,-0.138990,0.802808,0.530337,0.092154,0.056238,-0.172778,0.549228,0.659425,0.483378,-0.472986,-0.827293,0.303101,0.447714,0.070612,0.891384,0.030737,-0.817966,1.378991,0.102033,-0.088367,0.105901,0.248262,-0.563480,0.171188,0.778952,-0.215449,131.644487,3.152498,0.000000,1,0.145420,-9.756809,44.051903,18.371558,1.030030,32.895898,0.000000
24.683333,15.733333,1,-0.865464,1.239600,0.345265,0.415943,0.403405,-0.138957,0.803085,0.531423,0.092468,0.055950,-0.172656,0.548870,0.659686,0.483472,-0.472889,-0.827411,0.302929,0.448348,0.070008,0.891113,0.034979,-0.817966,1.378991,0.102033,-0.088960,0.106874,0.248016,-0.563130,0.171066,0.779187,-0.215615,132.137025,3.141027,0.000000,1,0.147696,-9.771798,44.313789,18.015509,1.021003,32.673249,0.000000
24.716667,15.766667,1,-0.865840,1.238432,0.344864,0.415335,0.402308,-0.138994,0.803944,0.532582,0.092875,0.055553,-0.171943,0.547833,0.660432,0.483885,-0.472583,-0.827538,0.303063,0.450754,0.068530,0.890014,0.038733,-0.817966,1.378991,0.102033,-0.089659,0.107899,0.247659,-0.561897,0.170993,0.779984,-0.216004,132.932831,3.131794,0.000000,1,0.150279,-9.795276,44.613425,17.619793,1.011697,32.425259,0.000000
24.750000,15.800000,1,-0.866125,1.237218,0.344308,0.415149,0.401649,-0.138467,0.804460,0.533723,0.093384,0.055002,-0.171438,0.547368,0.661127,0.483640,-0.473402,-0.827175,0.302775,0.451816,0.067040,0.889588,0.040970,-0.817966,1.378991,0.102033,-0.090446,0.108889,0.247142,-0.561249,0.171123,0.780222,-0.216725,133.695152,3.127688,0.000000,1,0.153059,-9.829539,44.942004,17.205254,1.002942,32.164293,0.000000
24.783333,15.833333,1,-0.866302,1.236007,0.343605,0.416047,0.402443,-0.137291,0.803801,0.534796,0.093979,0.054305,-0.171755,0.548526,0.661068,0.482295,-0.475784,-0.826083,0.302020,0.449236,0.066978,0.890899,0.042330,-0.817966,1.378991,0.102033,-0.091291,0.109799,0.246472,-0.562369,0.171614,0.779108,-0.217443,134.426424,3.124967,0.000000,1,0.155934,-9.873675,45.288259,16.787757,0.995082,31.900287,0.000000
24.816667,15.866667,1,-0.866438,1.234790,0.342777,0.416653,0.403404,-0.136258,0.803181,0.535849,0.094611,0.053483,-0.172350,0.549497,0.660980,0.481097,-0.477682,-0.825403,0.300883,0.446579,0.066802,0.892247,0.044337,-0.817966,1.378991,0.102033,-0.092162,0.110687,0.245674,-0.563505,0.171765,0.778082,-0.218054,135.198653,3.139010,0.000000,1,0.158971,-9.921989,45.656246,16.357587,0.987232,31.627656,0.000000
24.850000,15.900000,1,-0.866631,1.233561,0.341850,0.416169,0.403179,-0.135538,0.803666,0.536946,0.095207,0.052561,-0.172367,0.548960,0.661732,0.480669,-0.478493,-0.825394,0.299615,0.446904,0.064800,0.892232,0.046555,-0.817966,1.378991,0.102033,-0.093006,0.111635,0.244782,-0.563116,0.171441,0.778189,-0.218931,136.242544,3.131090,0.000000,1,0.162263,-9.965559,46.051919,15.901215,0.978101,31.338605,0.000000
24.883333,15.933333,1,-0.866869,1.232304,0.340973,0.415722,0.403056,-0.134692,0.804102,0.538093,0.095782,0.051690,-0.172459,0.548500,0.662497,0.480108,-0.479509,-0.825327,0.298171,0.446952,0.062712,0.892357,0.046525,-0.817966,1.378991,0.102033,-0.093847,0.112632,0.243943,-0.562835,0.171107,0.778194,-0.219895,137.082435,3.124845,0.000000,1,0.165704,-10.006090,46.450947,15.431509,0.968242,31.042993,0.000000
24.916667,15.966667,1,-0.867100,1.231029,0.340151,0.415686,0.403550,-0.133879,0.804008,0.539250,0.096374,0.050873,-0.172921,0.548687,0.662777,0.479340,-0.480662,-0.825151,0.296799,0.445632,0.061649,0.893091,0.046054,-0.817966,1.378991,0.102033,-0.094708,0.113631,0.243157,-0.563276,0.170876,0.777734,-0.220571,137.891326,3.098166,0.000000,1,0.169228,-10.047920,46.846472,14.958436,0.958379,30.746941,0.000000
24.950000,16.000000,1,-0.867364,1.229780,0.339312,0.415858,0.404046,-0.133281,0.803770,0.540406,0.096924,0.050039,-0.173292,0.549061,0.662833,0.478700,-0.481632,-0.824892,0.295945,0.444301,0.061245,0.893782,0.045831,-0.817966,1.378991,0.102033,-0.095529,0.114641,0.242357,-0.563802,0.170828,0.777245,-0.220985,138.857618,3.095709,0.000000,1,0.172861,-10.085345,47.246683,14.481023,0.947947,30.448964,0.000000
24.983333,16.033333,1,-0.867677,1.228540,0.338533,0.416020,0.404427,-0.132561,0.803613,0.541583,0.097428,0.049265,-0.173565,0.549376,0.663015,0.477988,-0.482806,-0.824531,0.295037,0.443122,0.060572,0.894413,0.044904,-0.817966,1.378991,0.102033,-0.096313,0.115682,0.241620,-0.564228,0.170823,0.776778,-0.221546,139.702162,3.113089,0.000000,1,0.176582,-10.117456,47.642679,14.000578,0.936918,30.150788,0.000000
25.016667,16.066667,1,-0.868136,1.227184,0.337919,0.415754,0.404325,-0.132243,0.803854,0.542943,0.097885,0.048655,-0.173592,0.549090,0.663372,0.477811,-0.483125,-0.824568,0.294410,0.443297,0.059607,0.894391,0.046750,-0.817966,1.378991,0.102033,-0.097108,0.116899,0.241059,-0.564030,0.170634,0.776848,-0.221947,140.334577,3.478301,0.000000,1,0.180671,-10.141533,48.048864,13.478314,0.923940,29.830387,0.000000
25.050000,16.100000,1,-0.868708,1.225695,0.337452,0.415048,0.403736,-0.132536,0.804467,0.544476,0.098329,0.048192,-0.173378,0.548193,0.663785,0.478345,-0.482252,-0.825126,0.294281,0.444948,0.058660,0.893633,0.049857,-0.817966,1.378991,0.102033,-0.097944,0.118277,0.240654,-0.563197,0.170245,0.777526,-0.221989,140.932651,3.452569,0.000000,1,0.185181,-10.161204,48.469183,12.911352,0.909300,29.485975,0.000000
25.083333,16.133333,1,-0.869134,1.224209,0.337072,0.414949,0.403665,-0.132336,0.804586,0.545919,0.098887,0.047817,-0.173359,0.548072,0.663980,0.478220,-0.482506,-0.825083,0.293984,0.445030,0.058155,0.893626,0.047755,-0.817966,1.378991,0.102033,-0.098867,0.119531,0.240326,-0.563097,0.170191,0.777543,-0.222225,141.675099,3.431833,0.000000,1,0.189590,-10.193683,48.864224,12.369534,0.896550,29.158684,0.000000
25.116667,16.166667,1,-0.869368,1.222727,0.336691,0.415337,0.404374,-0.131930,0.804097,0.547243,0.099596,0.047443,-0.173823,0.548737,0.663727,0.477641,-0.483290,-0.824812,0.293456,0.443280,0.058505,0.894472,0.046436,-0.817966,1.378991,0.102033,-0.099903,0.120630,0.239985,-0.563900,0.170242,0.776915,-0.222344,142.252121,3.439156,0.000000,1,0.193921,-10.243283,49.244278,11.850906,0.885965,28.846234,0.000000
25.150000,16.200000,1,-0.869523,1.221266,0.336258,0.415016,0.405017,-0.131852,0.803951,0.548503,0.100355,0.047017,-0.174543,0.548737,0.663631,0.477510,-0.483039,-0.825337,0.292390,0.442224,0.058256,0.895011,0.045956,-0.817966,1.378991,0.102033,-0.100968,0.121657,0.239587,-0.564331,0.169672,0.776728,-0.222343,142.821137,3.359807,0.000000,1,0.198325,-10.298810,49.626578,11.337701,0.876011,28.537361,0.000000
25.183333,16.233333,1,-0.869605,1.219884,0.335843,0.414297,0.405103,-0.131665,0.804309,0.549656,0.101126,0.046610,-0.174941,0.548130,0.664032,0.477504,-0.482771,-0.825937,0.291136,0.442376,0.056914,0.895022,0.043339,-0.817966,1.378991,0.102033,-0.102013,0.122576,0.239201,-0.564099,0.168988,0.776947,-0.222686,143.374057,3.320148,0.000000,1,0.202564,-10.356957,49.986578,10.855835,0.867112,28.248135,0.000000
25.216667,16.266667,1,-0.869679,1.218537,0.335635,0.414275,0.405033,-0.131328,0.804411,0.550775,0.101880,0.046409,-0.174889,0.548078,0.664273,0.477248,-0.483296,-0.825752,0.290791,0.442342,0.056310,0.895077,0.040957,-0.817966,1.378991,0.102033,-0.103041,0.123456,0.239020,-0.564036,0.169006,0.776889,-0.223034,143.785812,3.329130,0.000000,1,0.206581,-10.413737,50.304875,10.405090,0.858918,27.980255,0.000000
25.250000,16.300000,1,-0.869792,1.217169,0.335673,0.414344,0.405417,-0.131107,0.804218,0.551936,0.102613,0.046454,-0.175203,0.548311,0.664201,0.476966,-0.483615,-0.825734,0.290311,0.441471,0.056283,0.895509,0.041200,-0.817966,1.378991,0.102033,-0.104069,0.124365,0.239088,-0.564410,0.168906,0.776610,-0.223136,144.088913,3.316276,0.000000,1,0.210525,-10.467267,50.590062,9.966467,0.850738,27.722722,0.000000
25.283333,16.333333,1,-0.869944,1.215813,0.335891,0.413750,0.405788,-0.131124,0.804334,0.553111,0.103305,0.046679,-0.175800,0.547945,0.664295,0.477036,-0.483062,-0.826442,0.289213,0.441128,0.055613,0.895719,0.041465,-0.817966,1.378991,0.102033,-0.105068,0.125287,0.239338,-0.564479,0.168206,0.776699,-0.223179,144.350550,3.318042,0.000000,1,0.214382,-10.516205,50.847473,9.542470,0.842546,27.476162,0.000000
25.316667,16.366667,1,-0.870081,1.214487,0.336194,0.413209,0.405730,-0.131274,0.804617,0.554253,0.103990,0.046989,-0.175988,0.547434,0.664478,0.477298,-0.482430,-0.826992,0.288697,0.441625,0.054993,0.895513,0.040998,-0.817966,1.378991,0.102033,-0.106053,0.126174,0.239671,-0.564189,0.167738,0.777009,-0.223186,144.421715,3.286412,0.000000,1,0.218134,-10.564680,51.084641,9.136462,0.834785,27.241477,0.000000
25.350000,16.400000,1,-0.870206,1.213160,0.336444,0.412886,0.405869,-0.131327,0.804704,0.555388,0.104686,0.047245,-0.176256,0.547206,0.664532,0.477386,-0.482074,-0.827372,0.288201,0.441579,0.054662,0.895556,0.040699,-0.817966,1.378991,0.102033,-0.107046,0.127055,0.239950,-0.564170,0.167384,0.777100,-0.223182,144.588567,3.272373,0.000000,1,0.222074,-10.614316,51.334295,8.720592,0.826802,27.000915,0.000000
25.383333,16.433333,1,-0.870309,1.211929,0.336528,0.412717,0.406242,-0.131273,0.804612,0.556432,0.105344,0.047336,-0.176665,0.547221,0.664473,0.477298,-0.481952,-0.827654,0.287596,0.440953,0.054529,0.895872,0.037120,-0.817966,1.378991,0.102033,-0.107970,0.127870,0.240061,-0.564427,0.167070,0.776980,-0.223186,144.778068,3.258650,0.000000,1,0.226042,-10.661452,51.595003,8.314342,0.818864,26.764778,0.000000
25.416667,16.466667,1,-0.870270,1.210825,0.336508,0.412864,0.406998,-0.130842,0.804224,0.557291,0.106039,0.047323,-0.177280,0.547692,0.664321,0.476743,-0.482577,-0.827609,0.286674,0.439231,0.054499,0.896720,0.033150,-0.817966,1.378991,0.102033,-0.108876,0.128502,0.240057,-0.565169,0.166883,0.776426,-0.223377,145.042901,3.249479,0.000000,1,0.229644,-10.715510,51.835396,7.955143,0.812749,26.555527,0.000000
25.450000,16.500000,1,-0.870135,1.209719,0.336531,0.413122,0.408072,-0.130248,0.803643,0.558093,0.106813,0.047354,-0.178130,0.548403,0.664071,0.475956,-0.483471,-0.827511,0.285449,0.436763,0.054560,0.897920,0.033448,-0.817966,1.378991,0.102033,-0.109843,0.129057,0.240089,-0.566243,0.166660,0.775621,-0.223620,145.299598,3.231746,0.000000,1,0.233130,-10.778038,52.060234,7.612954,0.807710,26.357014,0.000000
25.483333,16.533333,1,-0.870102,1.208528,0.336595,0.413080,0.408747,-0.130140,0.803339,0.559024,0.107555,0.047425,-0.178754,0.548667,0.663849,0.475727,-0.483462,-0.827774,0.284700,0.435468,0.054704,0.898541,0.035793,-0.817966,1.378991,0.102033,-0.110816,0.129742,0.240171,-0.566823,0.166330,0.775283,-0.223568,145.453124,3.235599,0.000000,1,0.237131,-10.834984,52.310347,7.227057,0.800958,26.133885,0.000000
25.516667,16.566667,1,-0.870201,1.207253,0.336599,0.412670,0.408878,-0.130558,0.803416,0.560102,0.108243,0.047436,-0.179052,0.548360,0.663729,0.476137,-0.482468,-0.828421,0.284505,0.435682,0.054809,0.898430,0.038360,-0.817966,1.378991,0.102033,-0.111777,0.130585,0.240203,-0.566749,0.165894,0.775526,-0.223235,145.542858,3.238587,0.000000,1,0.241907,-10.883879,52.608784,6.778344,0.791781,25.874293,0.000000
25.550000,16.600000,1,-0.870289,1.205869,0.336595,0.412151,0.408925,-0.130849,0.803611,0.561261,0.109006,0.047439,-0.179324,0.547915,0.663771,0.476486,-0.481608,-0.829064,0.284088,0.436047,0.054501,0.898272,0.041612,-0.817966,1.378991,0.102033,-0.112830,0.131487,0.240227,-0.566558,0.165397,0.775819,-0.223074,145.497431,3.222476,0.000000,1,0.247283,-10.938411,52.937410,6.286414,0.781742,25.590356,0.000000
25.583333,16.633333,1,-0.870375,1.204400,0.336635,0.412489,0.409397,-0.130912,0.803187,0.562486,0.109821,0.047487,-0.179596,0.548431,0.663366,0.476354,-0.481664,-0.828987,0.284219,0.435003,0.055381,0.898724,0.044172,-0.817966,1.378991,0.102033,-0.113955,0.132435,0.240296,-0.567119,0.165496,0.775463,-0.222809,145.368800,3.219175,0.000000,1,0.253144,-10.996722,53.282300,5.764036,0.771059,25.290121,0.000000
25.616667,16.666667,1,-0.870561,1.202943,0.336539,0.413022,0.409610,-0.131371,0.802729,0.563762,0.110550,0.047399,-0.179549,0.549006,0.662755,0.476560,-0.481305,-0.828833,0.285276,0.434539,0.057035,0.898845,0.044154,-0.817966,1.378991,0.102033,-0.115006,0.133463,0.240237,-0.567527,0.165876,0.775265,-0.222177,145.338846,3.203150,0.000000,1,0.259682,-11.045511,53.668124,5.201946,0.758559,24.966779,0.000000
25.650000,16.700000,1,-0.870757,1.201638,0.336138,0.413045,0.409609,-0.131518,0.802694,0.564922,0.111183,0.047003,-0.179537,0.549027,0.662658,0.476676,-0.481092,-0.828888,0.285474,0.434606,0.057303,0.898796,0.041380,-0.817966,1.378991,0.102033,-0.115922,0.134427,0.239870,-0.567532,0.165894,0.775300,-0.222029,145.479127,3.223689,0.000000,1,0.266491,-11.086880,54.084444,4.641360,0.745591,24.642711,0.000000
25.683333,16.733333,1,-0.870821,1.200474,0.335503,0.412947,0.409890,-0.131058,0.802676,0.565889,0.111839,0.046375,-0.179834,0.549063,0.662848,0.476258,-0.481675,-0.828854,0.284587,0.433894,0.056585,0.899185,0.039820,-0.817966,1.378991,0.102033,-0.116800,0.135215,0.239260,-0.567749,0.165693,0.775070,-0.222429,145.880314,3.241737,0.000000,1,0.273162,-11.133882,54.501917,4.114277,0.733943,24.336971,0.000000
25.716667,16.766667,1,-0.870831,1.199314,0.334802,0.413524,0.410603,-0.130702,0.802073,0.566820,0.112537,0.045680,-0.180218,0.549899,0.662472,0.475672,-0.482516,-0.828441,0.284365,0.432035,0.057306,0.900034,0.040649,-0.817966,1.378991,0.102033,-0.117704,0.135960,0.238580,-0.568637,0.165912,0.774366,-0.222449,146.203511,3.209552,0.000000,1,0.280146,-11.185412,54.930637,3.580746,0.722409,24.028202,0.000000
25.750000,16.800000,1,-0.870904,1.198160,0.334163,0.414642,0.411290,-0.130744,0.801136,0.567787,0.113179,0.045048,-0.180336,0.551212,0.661621,0.475292,-0.483153,-0.827733,0.285346,0.430120,0.059474,0.900811,0.039642,-0.817966,1.378991,0.102033,-0.118567,0.136750,0.237967,-0.569727,0.166624,0.773554,-0.221950,146.533740,3.189858,0.000000,1,0.287475,-11.230769,55.360009,3.037210,0.710182,23.715501,0.000000
25.783333,16.833333,1,-0.871068,1.197058,0.333601,0.415348,0.411686,-0.130709,0.800572,0.568765,0.113718,0.044491,-0.180377,0.552023,0.661136,0.475009,-0.483660,-0.827237,0.285924,0.428947,0.060726,0.901286,0.037441,-0.817966,1.378991,0.102033,-0.119337,0.137576,0.237434,-0.570383,0.167091,0.773040,-0.221704,146.871339,3.204367,0.000000,1,0.294957,-11.265674,55.778449,2.499125,0.697449,23.407695,0.000000
25.816667,16.866667,1,-0.871334,1.195961,0.333163,0.414953,0.411692,-0.130596,0.800792,0.569801,0.114170,0.044058,-0.180558,0.551670,0.661382,0.475007,-0.483534,-0.827540,0.285258,0.429105,0.059944,0.901263,0.036314,-0.817966,1.378991,0.102033,-0.120044,0.138472,0.237032,-0.570220,0.166733,0.773178,-0.221913,147.201302,3.208905,0.000000,1,0.302776,-11.290960,56.190148,1.953089,0.683936,23.097594,0.000000
25.850000,16.900000,1,-0.871706,1.194792,0.332880,0.414317,0.411064,-0.130742,0.801420,0.570958,0.114580,0.043777,-0.180278,0.550819,0.661874,0.475417,-0.482957,-0.827933,0.285094,0.430732,0.058845,0.900560,0.037774,-0.817966,1.378991,0.102033,-0.120749,0.139488,0.236792,-0.569387,0.166428,0.773806,-0.222092,147.306994,3.216462,0.000000,1,0.311359,-11.309769,56.610873,1.371553,0.669121,22.770045,0.000000
25.883333,16.933333,1,-0.872045,1.193655,0.332633,0.415304,0.410447,-0.131135,0.801161,0.572070,0.114996,0.043535,-0.179285,0.551429,0.661470,0.475648,-0.483233,-0.826979,0.287388,0.431528,0.060628,0.900060,0.036366,-0.817966,1.378991,0.102033,-0.121449,0.140456,0.236586,-0.569261,0.167582,0.773786,-0.221614,147.480354,3.216340,0.000000,1,0.320041,-11.329926,57.018705,0.804226,0.654841,22.452019,0.000000
25.916667,16.966667,1,-0.872259,1.192750,0.332115,0.417423,0.410219,-0.131446,0.800125,0.572922,0.115375,0.043020,-0.178137,0.553229,0.660414,0.475457,-0.484416,-0.825097,0.290785,0.430896,0.064242,0.900112,0.031934,-0.817966,1.378991,0.102033,-0.122031,0.141201,0.236098,-0.569972,0.169593,0.773050,-0.220827,147.792439,3.196822,0.000000,1,0.328039,-11.351292,57.407899,0.304684,0.642532,22.170861,0.000000
25.950000,17.000000,1,-0.872392,1.192151,0.331235,0.418440,0.409760,-0.131443,0.799830,0.573479,0.115638,0.042142,-0.177273,0.553936,0.660154,0.475317,-0.485295,-0.823961,0.292536,0.431170,0.065542,0.899887,0.032182,-0.817966,1.378991,0.102033,-0.122408,0.141719,0.235238,-0.570009,0.170713,0.772817,-0.220682,148.199290,3.182616,0.000000,1,0.335115,-11.366877,57.780174,-0.116456,0.632071,21.931476,0.000000
25.983333,17.033333,1,-0.872554,1.191688,0.330269,0.418509,0.409195,-0.131334,0.800101,0.573946,0.115797,0.041178,-0.176736,0.553743,0.660444,0.475338,-0.485637,-0.823601,0.292982,0.432135,0.065156,0.899452,0.032501,-0.817966,1.378991,0.102033,-0.122658,0.142184,0.234292,-0.569543,0.171024,0.773026,-0.220911,148.635550,3.214486,0.000000,1,0.341887,-11.374187,58.139811,-0.506232,0.622052,21.709621,0.000000
26.016667,17.066667,1,-0.872784,1.191189,0.329409,0.418456,0.408095,-0.131810,0.800611,0.574483,0.115924,0.040319,-0.175771,0.553205,0.660686,0.475987,-0.485082,-0.823430,0.294377,0.434480,0.065198,0.898319,0.030626,-0.817966,1.378991,0.102033,-0.122898,0.142720,0.233456,-0.568539,0.171446,0.773721,-0.220739,149.026252,3.226004,0.000000,1,0.349131,-11.376982,58.501356,-0.914246,0.611360,21.479281,0.000000
26.050000,17.100000,1,-0.873058,1.190658,0.328579,0.418681,0.406551,-0.132754,0.801124,0.575071,0.116033,0.039489,-0.174284,0.552716,0.660719,0.477053,-0.484092,-0.823055,0.297045,0.437737,0.066150,0.896666,0.030679,-0.817966,1.378991,0.102033,-0.123138,0.143306,0.232654,-0.567250,0.172302,0.774644,-0.220151,149.527333,3.224373,0.000000,1,0.357007,-11.377225,58.876386,-1.346405,0.599956,21.236775,0.000000
26.083333,17.133333,1,-0.873306,1.190195,0.327672,0.419105,0.405125,-0.133604,0.801483,0.575589,0.116124,0.038583,-0.172814,0.552460,0.660660,0.477966,-0.483368,-0.822491,0.299772,0.440601,0.067328,0.895175,0.031434,-0.817966,1.378991,0.102033,-0.123338,0.143836,0.231772,-0.566155,0.173290,0.775389,-0.219571,150.028203,3.212458,0.000000,1,0.364862,-11.376933,59.248489,-1.762972,0.589002,21.003181,0.000000
26.116667,17.166667,1,-0.873452,1.189839,0.326694,0.419143,0.403908,-0.134254,0.801968,0.575961,0.116232,0.037606,-0.171703,0.551951,0.660801,0.478759,-0.482616,-0.822272,0.301579,0.443185,0.067720,0.893869,0.031532,-0.817966,1.378991,0.102033,-0.123511,0.144225,0.230811,-0.565082,0.173841,0.776143,-0.219232,150.410168,3.243920,0.000000,1,0.372006,-11.380994,59.593062,-2.128700,0.579663,20.797644,0.000000
26.150000,17.200000,1,-0.873437,1.189541,0.325696,0.419400,0.403160,-0.134499,0.802169,0.576189,0.116433,0.036610,-0.170918,0.551847,0.660871,0.479063,-0.482572,-0.821839,0.302830,0.444557,0.068072,0.893160,0.031235,-0.817966,1.378991,0.102033,-0.123733,0.144453,0.229820,-0.564528,0.174395,0.776456,-0.219113,150.807809,3.253855,0.000000,1,0.378307,-11.396518,59.903227,-2.441068,0.572335,20.621645,0.000000
26.183333,17.233333,1,-0.873347,1.189283,0.324807,0.420071,0.402902,-0.134430,0.801960,0.576340,0.116670,0.035724,-0.170387,0.552333,0.660717,0.478905,-0.483237,-0.821062,0.303874,0.444620,0.068843,0.893070,0.027907,-0.817966,1.378991,0.102033,-0.123972,0.144589,0.228931,-0.564593,0.175117,0.776259,-0.219070,151.220106,3.252416,0.000000,1,0.383708,-11.416793,60.168050,-2.702488,0.566580,20.474452,0.000000
26.216667,17.266667,1,-0.873272,1.189053,0.324135,0.420400,0.402754,-0.134382,0.801869,0.576479,0.116876,0.035054,-0.170109,0.552562,0.660658,0.478820,-0.483589,-0.820664,0.304387,0.444681,0.069187,0.893013,0.021434,-0.817966,1.378991,0.102033,-0.124184,0.144708,0.228260,-0.564607,0.175480,0.776167,-0.219068,151.500531,3.294078,0.000000,1,0.388205,-11.434237,60.379781,-2.917169,0.561891,20.354248,0.000000
26.250000,17.300000,1,-0.873260,1.188896,0.323626,0.420621,0.402397,-0.134637,0.801890,0.576597,0.116985,0.034546,-0.169690,0.552601,0.660563,0.479055,-0.483423,-0.820434,0.305271,0.445350,0.069724,0.892637,0.015985,-0.817966,1.378991,0.102033,-0.124305,0.144823,0.227753,-0.564381,0.175830,0.776313,-0.218851,151.826829,3.311319,0.000000,1,0.391727,-11.442785,60.542458,-3.083111,0.558025,20.261569,0.000000
26.283333,17.333333,1,-0.873291,1.188853,0.323258,0.420966,0.402083,-0.135150,0.801781,0.576650,0.116990,0.034178,-0.169252,0.552771,0.660237,0.479463,-0.482938,-0.820234,0.306573,0.446003,0.070881,0.892220,0.011143,-0.817966,1.378991,0.102033,-0.124312,0.144897,0.227389,-0.564240,0.176269,0.776459,-0.218342,152.129433,3.317955,0.000000,1,0.393822,-11.442436,60.644278,-3.179784,0.555510,20.207190,0.000000
26.316667,17.366667,1,-0.873339,1.188878,0.323103,0.420928,0.402099,-0.135611,0.801714,0.576658,0.116939,0.034022,-0.169282,0.552746,0.659972,0.479847,-0.482182,-0.820510,0.307024,0.446231,0.071561,0.892052,0.004932,-0.817966,1.378991,0.102033,-0.124259,0.144928,0.227237,-0.564226,0.176218,0.776605,-0.217901,152.310896,3.318237,0.000000,1,0.394450,-11.437450,60.678767,-3.207978,0.554533,20.191026,0.000000
26.350000,17.400000,1,-0.873394,1.188953,0.323192,0.420694,0.402229,-0.136082,0.801692,0.576632,0.116848,0.034111,-0.169501,0.552596,0.659741,0.480259,-0.481242,-0.821024,0.307125,0.446362,0.072022,0.891949,0.003883,-0.817966,1.378991,0.102033,-0.124168,0.144922,0.227328,-0.564228,0.175939,0.776787,-0.217473,152.331018,3.312455,0.000000,1,0.393607,-11.429229,60.643160,-3.168361,0.555139,20.212891,0.000000
26.383333,17.433333,1,-0.873443,1.189106,0.323517,0.420440,0.402289,-0.136695,0.801691,0.576539,0.116714,0.034434,-0.169665,0.552397,0.659466,0.480808,-0.480075,-0.821597,0.307418,0.446708,0.072638,0.891726,0.010855,-0.817966,1.378991,0.102033,-0.124025,0.144850,0.227653,-0.564154,0.175671,0.777053,-0.216929,152.252016,3.331963,0.000000,1,0.391018,-11.417980,60.528748,-3.046715,0.557701,20.280430,0.000000
26.416667,17.466667,1,-0.873443,1.189363,0.324091,0.419591,0.402290,-0.137698,0.801963,0.576335,0.116553,0.035006,-0.170039,0.551639,0.659258,0.481830,-0.477853,-0.822901,0.307393,0.447700,0.072931,0.891205,0.018873,-0.817966,1.378991,0.102033,-0.123833,0.144662,0.228222,-0.563761,0.174880,0.777727,-0.216174,152.035702,3.310358,0.000000,1,0.386262,-11.406033,60.318316,-2.819816,0.562937,20.406443,0.000000
26.450000,17.500000,1,-0.873400,1.189788,0.324920,0.419002,0.402655,-0.138891,0.801883,0.575969,0.116322,0.035833,-0.170623,0.551278,0.658652,0.482865,-0.475459,-0.824201,0.307623,0.447958,0.074132,0.890976,0.027984,-0.817966,1.378991,0.102033,-0.123539,0.144322,0.229039,-0.563796,0.174163,0.778166,-0.215078,151.691914,3.308240,0.000000,1,0.378928,-11.390271,59.993429,-2.461160,0.571397,20.605692,0.000000
26.483333,17.533333,1,-0.873295,1.190419,0.325937,0.418800,0.403291,-0.139871,0.801498,0.575403,0.116016,0.036847,-0.171279,0.551386,0.657871,0.483573,-0.473642,-0.825139,0.307912,0.447375,0.075738,0.891134,0.036039,-0.817966,1.378991,0.102033,-0.123122,0.143798,0.230036,-0.564245,0.173683,0.778239,-0.214022,151.230518,3.279948,0.000000,1,0.369186,-11.370756,59.558736,-1.967863,0.583200,20.880029,0.000000
26.516667,17.566667,1,-0.873120,1.191209,0.327128,0.418024,0.403581,-0.140485,0.801650,0.574667,0.115668,0.038035,-0.171881,0.550821,0.657730,0.484194,-0.472026,-0.826290,0.307305,0.447586,0.075695,0.891031,0.043198,-0.817966,1.378991,0.102033,-0.122625,0.143112,0.231201,-0.564148,0.172841,0.778626,-0.213554,150.655387,3.264252,0.000000,1,0.357816,-11.350186,59.034882,-1.368337,0.597795,21.214812,0.000000
26.550000,17.600000,1,-0.872952,1.192128,0.328462,0.416978,0.403855,-0.141026,0.801961,0.573833,0.115234,0.039365,-0.172590,0.550008,0.657763,0.484821,-0.470323,-0.827647,0.306264,0.447942,0.075120,0.890901,0.048862,-0.817966,1.378991,0.102033,-0.122023,0.142347,0.232506,-0.563922,0.171764,0.779116,-0.213229,149.769219,3.242200,0.000000,1,0.345752,-11.323008,58.452801,-0.703367,0.613858,21.588317,0.000000
26.583333,17.633333,1,-0.872853,1.193179,0.329793,0.415953,0.404296,-0.141610,0.802169,0.572934,0.114667,0.040691,-0.173439,0.549288,0.657685,0.485441,-0.468532,-0.829070,0.305158,0.447999,0.074740,0.890905,0.050980,-0.817966,1.378991,0.102033,-0.121275,0.141556,0.233811,-0.563851,0.170632,0.779530,-0.212814,149.183480,3.232146,0.000000,1,0.333820,-11.284075,57.854220,-0.013368,0.630034,21.977800,0.000000
26.616667,17.666667,1,-0.872740,1.194312,0.331164,0.414644,0.404358,-0.142364,0.802681,0.571963,0.114060,0.042055,-0.174074,0.548144,0.657801,0.486348,-0.466328,-0.830675,0.304166,0.449005,0.073993,0.890460,0.053439,-0.817966,1.378991,0.102033,-0.120470,0.140705,0.235153,-0.563318,0.169404,0.780295,-0.212400,148.150192,3.207676,0.000000,1,0.322020,-11.242508,57.234677,0.702208,0.646808,22.384098,0.000000
26.650000,17.700000,1,-0.872661,1.195466,0.332666,0.413300,0.403605,-0.143495,0.803552,0.570995,0.113413,0.043552,-0.173992,0.546604,0.658067,0.487748,-0.463656,-0.832152,0.304213,0.451733,0.073349,0.889133,0.056886,-0.817966,1.378991,0.102033,-0.119631,0.139858,0.236628,-0.562042,0.168492,0.781568,-0.211827,147.417992,3.196211,0.000000,1,0.310654,-11.196724,56.598733,1.422836,0.663531,22.796697,0.000000
26.683333,17.733333,1,-0.872650,1.196626,0.334328,0.412054,0.402498,-0.145187,0.804442,0.570063,0.112706,0.045206,-0.173547,0.544996,0.658100,0.489658,-0.460232,-0.833653,0.305301,0.455324,0.073571,0.887281,0.060786,-0.817966,1.378991,0.102033,-0.118751,0.139053,0.238266,-0.560481,0.167813,0.783121,-0.210766,146.465382,3.168145,0.000000,1,0.299825,-11.144322,55.950087,2.139000,0.679773,23.210572,0.000000
26.716667,17.766667,1,-0.872627,1.197839,0.336128,0.411467,0.401722,-0.146880,0.804823,0.569081,0.111976,0.046999,-0.173105,0.544126,0.657681,0.491342,-0.457236,-0.834675,0.307008,0.457910,0.074981,0.885831,0.065120,-0.817966,1.378991,0.102033,-0.117839,0.138198,0.240041,-0.559497,0.167585,0.784224,-0.209453,145.454127,3.149274,0.000000,1,0.289090,-11.090270,55.270385,2.880654,0.696623,23.642540,0.000000
26.750000,17.800000,1,-0.872545,1.199154,0.337929,0.411426,0.400916,-0.148187,0.805007,0.567983,0.111231,0.048794,-0.172396,0.543732,0.657259,0.492590,-0.455270,-0.834993,0.309056,0.460044,0.076579,0.884588,0.066961,-0.817966,1.378991,0.102033,-0.116881,0.137236,0.241812,-0.558735,0.167872,0.784991,-0.208384,144.386697,3.143320,0.000000,1,0.278438,-11.036584,54.569825,3.652876,0.714362,24.094680,0.000000
26.783333,17.833333,1,-0.872449,1.200644,0.339790,0.411266,0.399978,-0.149317,0.805346,0.566736,0.110391,0.050646,-0.171622,0.543172,0.657056,0.493748,-0.453518,-0.835281,0.310850,0.462400,0.077646,0.883265,0.071563,-0.817966,1.378991,0.102033,-0.115793,0.136153,0.243637,-0.557809,0.168113,0.785818,-0.207550,143.287528,3.165542,0.000000,1,0.267570,-10.976134,53.826004,4.480636,0.733218,24.582014,0.000000
26.816667,17.866667,1,-0.872358,1.202271,0.341759,0.410138,0.399119,-0.150708,0.806088,0.565382,0.109463,0.052607,-0.171348,0.541780,0.657092,0.495323,-0.450590,-0.836611,0.311530,0.465280,0.077741,0.881743,0.076701,-0.817966,1.378991,0.102033,-0.114594,0.134985,0.245570,-0.556525,0.167438,0.787100,-0.206684,142.138752,3.142761,0.000000,1,0.256710,-10.908531,53.043622,5.349360,0.752749,25.097213,0.000000
26.850000,17.900000,1,-0.872282,1.204006,0.343837,0.408565,0.398248,-0.152463,0.806987,0.563952,0.108458,0.054674,-0.171260,0.539984,0.657104,0.497295,-0.446735,-0.838504,0.311992,0.468594,0.077770,0.879984,0.081235,-0.817966,1.378991,0.102033,-0.113303,0.133758,0.247610,-0.555028,0.166359,0.788675,-0.205573,140.764183,3.133112,0.000000,1,0.246065,-10.834345,52.233085,6.243686,0.772536,25.631887,0.000000
26.883333,17.933333,1,-0.872207,1.205823,0.346043,0.407350,0.397514,-0.154160,0.807641,0.562457,0.107401,0.056870,-0.171136,0.538570,0.656924,0.499105,-0.443214,-0.840085,0.312759,0.471411,0.078326,0.878429,0.085765,-0.817966,1.378991,0.102033,-0.111949,0.132474,0.249776,-0.553808,0.165544,0.790009,-0.204394,139.545648,3.117355,0.000000,1,0.235699,-10.755706,51.396373,7.157488,0.792526,26.183023,0.000000
26.916667,17.966667,1,-0.872200,1.207675,0.348385,0.406589,0.397020,-0.155715,0.807969,0.560975,0.106268,0.059201,-0.171025,0.537672,0.656519,0.500643,-0.440215,-0.841273,0.313801,0.473452,0.079468,0.877227,0.089563,-0.817966,1.378991,0.102033,-0.110530,0.131216,0.252082,-0.553002,0.165040,0.790993,-0.203179,137.892337,3.117207,0.000000,1,0.225884,-10.668837,50.551206,8.062905,0.811619,26.734673,0.000000
26.950000,18.000000,1,-0.872208,1.209581,0.350807,0.405867,0.397473,-0.157192,0.807823,0.559459,0.105087,0.061612,-0.171746,0.537232,0.655727,0.501904,-0.437192,-0.842758,0.314040,0.473689,0.081051,0.876955,0.092491,-0.817966,1.378991,0.102033,-0.109059,0.129933,0.254468,-0.553049,0.164158,0.791496,-0.201801,136.465774,3.108525,0.000000,1,0.216502,-10.577386,49.697147,8.968786,0.830281,27.291527,0.000000
26.983333,18.033333,1,-0.872108,1.211553,0.353346,0.405019,0.398025,-0.158563,0.807709,0.557825,0.103954,0.064139,-0.172613,0.536724,0.655010,0.503085,-0.434222,-0.844342,0.313908,0.473761,0.082332,0.876797,0.096483,-0.817966,1.378991,0.102033,-0.107605,0.128517,0.256963,-0.553132,0.163122,0.791974,-0.200533,135.008355,3.105552,0.000000,1,0.207274,-10.492007,48.812557,9.901588,0.850090,27.869803,0.000000
27.016667,18.066667,1,-0.871910,1.213474,0.356039,0.403440,0.397356,-0.160571,0.808431,0.556174,0.102927,0.066823,-0.172707,0.535014,0.654752,0.505205,-0.429880,-0.846369,0.314423,0.476767,0.082944,0.875108,0.099418,-0.817966,1.378991,0.102033,-0.106253,0.127044,0.259606,-0.551803,0.161945,0.793500,-0.199113,134.061152,3.131815,0.000000,1,0.198506,-10.416942,47.917193,10.825655,0.870447,28.449047,0.000000
27.050000,18.100000,1,-0.871513,1.215365,0.358674,0.401637,0.396832,-0.162328,0.809235,0.554426,0.102079,0.069450,-0.173032,0.533167,0.654678,0.507138,-0.425741,-0.848534,0.314219,0.479515,0.082913,0.873608,0.098031,-0.817966,1.378991,0.102033,-0.105044,0.125433,0.262179,-0.550510,0.160507,0.794977,-0.197957,133.519956,3.136923,0.000000,1,0.190207,-10.360713,47.032692,11.740964,0.892146,29.026977,0.000000
27.083333,18.133333,1,-0.870919,1.217346,0.360984,0.400652,0.396851,-0.163000,0.809579,0.552488,0.101336,0.071753,-0.173485,0.532295,0.654681,0.507895,-0.423890,-0.849709,0.313547,0.480329,0.082592,0.873191,0.093004,-0.817966,1.378991,0.102033,-0.103873,0.123632,0.264414,-0.550082,0.159594,0.795563,-0.197533,133.492071,3.090250,0.000000,1,0.182322,-10.318108,46.180690,12.656571,0.915119,29.605814,0.000000
27.116667,18.166667,1,-0.870284,1.219452,0.362902,0.400430,0.396809,-0.163455,0.809618,0.550425,0.100555,0.073664,-0.173544,0.532078,0.654512,0.508321,-0.422985,-0.850081,0.313760,0.480726,0.082994,0.872934,0.087552,-0.817966,1.378991,0.102033,-0.102616,0.121746,0.266253,-0.549936,0.159402,0.795797,-0.197150,133.852957,3.078602,0.000000,1,0.174973,-10.273536,45.380381,13.554998,0.937528,30.173689,0.000000
27.150000,18.200000,1,-0.869758,1.221582,0.364568,0.399717,0.396633,-0.164465,0.809852,0.548408,0.099676,0.075322,-0.173699,0.531363,0.654267,0.509330,-0.420824,-0.851070,0.313987,0.481881,0.083527,0.872247,0.082640,-0.817966,1.378991,0.102033,-0.101269,0.119948,0.267847,-0.549444,0.158814,0.796447,-0.196373,134.222960,3.104471,0.000000,1,0.168346,-10.218062,44.641067,14.401265,0.957470,30.710256,0.000000
27.183333,18.233333,1,-0.869347,1.223662,0.366114,0.398523,0.396253,-0.165801,0.810354,0.546500,0.098736,0.076859,-0.173884,0.530126,0.654113,0.510751,-0.417795,-0.852539,0.314045,0.483817,0.083800,0.871148,0.078734,-0.817966,1.378991,0.102033,-0.099890,0.118278,0.269329,-0.548554,0.157872,0.797476,-0.195440,134.243980,3.100243,0.000000,1,0.162392,-10.154327,43.952825,15.189724,0.974916,31.212956,0.000000
27.216667,18.266667,1,-0.868958,1.225638,0.367581,0.397747,0.396245,-0.166976,0.810498,0.544689,0.097842,0.078318,-0.174218,0.529431,0.653714,0.511869,-0.415277,-0.853704,0.314220,0.484759,0.084612,0.870546,0.074734,-0.817966,1.378991,0.102033,-0.098579,0.116695,0.270736,-0.548179,0.157150,0.798113,-0.194473,133.990916,3.098069,0.000000,1,0.157016,-10.093185,43.308376,15.924645,0.990974,31.684391,0.000000
27.250000,18.300000,1,-0.868550,1.227533,0.368992,0.397106,0.396210,-0.167981,0.810621,0.542931,0.097012,0.079721,-0.174467,0.528844,0.653373,0.512825,-0.413144,-0.854663,0.314424,0.485600,0.085329,0.870007,0.071930,-0.817966,1.378991,0.102033,-0.097343,0.115147,0.272087,-0.547843,0.156566,0.798659,-0.193646,133.563838,3.117385,0.000000,1,0.152056,-10.037368,42.693782,16.623356,1.006431,32.135111,0.000000
27.283333,18.333333,1,-0.868032,1.229401,0.370211,0.396458,0.395863,-0.169004,0.810896,0.541127,0.096289,0.080933,-0.174440,0.528110,0.653158,0.513863,-0.411031,-0.855515,0.314878,0.487020,0.085910,0.869155,0.068712,-0.817966,1.378991,0.102033,-0.096189,0.113539,0.273240,-0.547228,0.156110,0.799356,-0.192877,133.311736,3.178406,0.000000,1,0.147400,-9.992840,42.112277,17.302496,1.022409,32.573349,0.000000
27.316667,18.366667,1,-0.867257,1.231239,0.371110,0.396154,0.395704,-0.169780,0.810960,0.539194,0.095793,0.081827,-0.174430,0.527769,0.652868,0.514585,-0.409552,-0.856030,0.315405,0.487795,0.086676,0.868644,0.065615,-0.817966,1.378991,0.102033,-0.095207,0.111764,0.274057,-0.546935,0.155889,0.799757,-0.192223,133.362331,3.270236,0.000000,1,0.143000,-9.973500,41.571724,17.970762,1.040678,33.002546,0.000000
27.350000,18.400000,1,-0.866219,1.233063,0.371719,0.396260,0.395971,-0.170070,0.810717,0.537113,0.095517,0.082435,-0.174621,0.527985,0.652522,0.514738,-0.409106,-0.856149,0.315659,0.487361,0.087445,0.868811,0.065549,-0.817966,1.378991,0.102033,-0.094385,0.109805,0.274569,-0.547209,0.155863,0.799665,-0.191847,133.540264,2.981299,0.000000,1,0.138786,-9.979262,41.063276,18.637007,1.061644,33.428343,0.000000
27.383333,18.433333,1,-0.865068,1.234892,0.372105,0.396420,0.396121,-0.170165,0.810545,0.534960,0.095331,0.082821,-0.174684,0.528196,0.652327,0.514746,-0.409044,-0.856101,0.315871,0.487031,0.087909,0.868949,0.065861,-0.817966,1.378991,0.102033,-0.093622,0.107766,0.274852,-0.547409,0.155940,0.799554,-0.191678,133.702024,2.696007,0.000000,1,0.134789,-9.995523,40.586223,19.292278,1.083608,33.845704,0.000000
27.416667,18.466667,1,-0.863921,1.236772,0.372272,0.396226,0.395904,-0.170374,0.810702,0.532768,0.095115,0.082986,-0.174575,0.527925,0.652373,0.515003,-0.408592,-0.856273,0.315990,0.487623,0.087865,0.868621,0.066264,-0.817966,1.378991,0.102033,-0.092811,0.105713,0.274915,-0.547127,0.155855,0.799789,-0.191571,133.680879,2.831239,0.000000,1,0.131015,-10.009490,40.142637,19.933693,1.105116,34.252481,0.000000
27.450000,18.500000,1,-0.862868,1.238669,0.372283,0.396525,0.395824,-0.170374,0.810595,0.530620,0.094814,0.082996,-0.174370,0.528158,0.652278,0.514954,-0.408835,-0.855976,0.316479,0.487597,0.088258,0.868597,0.065080,-0.817966,1.378991,0.102033,-0.091925,0.103734,0.274829,-0.547187,0.156161,0.799701,-0.191517,133.482794,3.001930,0.000000,1,0.127523,-10.014109,39.735363,20.546839,1.124901,34.640192,0.000000
27.483333,18.533333,1,-0.861970,1.240536,0.372290,0.396691,0.395470,-0.170675,0.810623,0.528588,0.094407,0.082999,-0.173978,0.528149,0.652169,0.515234,-0.408531,-0.855812,0.317315,0.488267,0.088815,0.868163,0.062163,-0.817966,1.378991,0.102033,-0.090971,0.101897,0.274748,-0.546938,0.156459,0.799874,-0.191264,133.238135,3.003456,0.000000,1,0.098398,-10.007821,39.361869,21.108472,1.122992,35.019979,0.000000
27.516667,18.566667,1,-0.861215,1.242352,0.372294,0.396462,0.394727,-0.171342,0.810957,0.526684,0.093918,0.082999,-0.173411,0.527612,0.652167,0.515977,-0.407392,-0.855994,0.318286,0.490018,0.089215,0.867135,0.058995,-0.817966,1.378991,0.102033,-0.089972,0.100204,0.274674,-0.546165,0.156562,0.800483,-0.190838,133.145459,2.916856,0.000000,1,0.096493,-9.990489,39.007035,21.642286,1.120882,35.379760,0.000000
27.550000,18.600000,1,-0.860508,1.244192,0.372194,0.396607,0.394226,-0.171763,0.811040,0.524789,0.093376,0.082894,-0.172896,0.527520,0.652053,0.516388,-0.406901,-0.855837,0.319335,0.491013,0.089867,0.866505,0.059206,-0.817966,1.378991,0.102033,-0.088922,0.098543,0.274500,-0.545775,0.156904,0.800761,-0.190506,133.195875,2.892291,0.000000,1,0.094799,-9.967341,38.672869,22.163578,1.118964,35.727648,0.000000
27.583333,18.633333,1,-0.859833,1.246121,0.371967,0.397156,0.393764,-0.172102,0.810924,0.522841,0.092756,0.082662,-0.172236,0.527807,0.651799,0.516636,-0.406843,-0.855300,0.320842,0.491672,0.090986,0.866014,0.061702,-0.817966,1.378991,0.102033,-0.087778,0.096860,0.274199,-0.545597,0.157596,0.800832,-0.190147,133.339730,2.892227,0.000000,1,0.092836,-9.936749,38.351623,22.688172,1.116945,36.073964,0.000000
27.616667,18.666667,1,-0.859211,1.248119,0.371653,0.397736,0.393368,-0.172502,0.810747,0.520871,0.092054,0.082341,-0.171621,0.528150,0.651464,0.516912,-0.406697,-0.854783,0.322404,0.492215,0.092281,0.865568,0.063470,-0.817966,1.378991,0.102033,-0.086546,0.095184,0.273813,-0.545489,0.158285,0.800874,-0.189706,133.413002,2.932694,0.000000,1,0.090929,-9.897630,38.042091,23.211363,1.114658,36.416492,0.000000
27.650000,18.700000,1,-0.858721,1.250048,0.371290,0.398693,0.393450,-0.172861,0.810160,0.519035,0.091289,0.081972,-0.171268,0.529048,0.650784,0.516969,-0.406821,-0.854087,0.324086,0.491652,0.094296,0.865671,0.060693,-0.817966,1.378991,0.102033,-0.085288,0.093657,0.273389,-0.545968,0.159108,0.800528,-0.189097,133.369970,2.944572,0.000000,1,0.090227,-9.849064,37.765048,23.695116,1.112025,36.730345,0.000000
27.683333,18.733333,1,-0.858374,1.251911,0.370895,0.399657,0.393485,-0.173566,0.809517,0.517339,0.090449,0.081569,-0.170867,0.529931,0.649898,0.517311,-0.406388,-0.853494,0.326186,0.491303,0.096875,0.865585,0.058069,-0.817966,1.378991,0.102033,-0.083997,0.092286,0.272942,-0.546399,0.159951,0.800288,-0.188155,133.231103,2.905395,0.000000,1,0.089730,-9.789771,37.518102,24.140305,1.108776,37.016578,0.000000
27.716667,18.766667,1,-0.858152,1.253700,0.370543,0.400662,0.393229,-0.174486,0.808947,0.515777,0.089553,0.081208,-0.170187,0.530721,0.648981,0.517876,-0.405682,-0.852827,0.328798,0.491539,0.099720,0.865128,0.055098,-0.817966,1.378991,0.102033,-0.082690,0.091058,0.272547,-0.546586,0.160953,0.800217,-0.187059,133.134803,2.772824,0.000000,1,0.088860,-9.721624,37.288388,24.553392,1.104993,37.281449,0.000000
27.750000,18.800000,1,-0.857961,1.255411,0.370264,0.401090,0.392764,-0.175019,0.808846,0.514294,0.088680,0.080920,-0.169578,0.530898,0.648653,0.518304,-0.405208,-0.852457,0.330338,0.492342,0.100984,0.864524,0.052339,-0.817966,1.378991,0.102033,-0.081430,0.089894,0.272228,-0.546347,0.161532,0.800385,-0.186537,133.156190,2.723745,0.000000,1,0.087442,-9.653965,37.063607,24.947620,1.101629,37.534822,0.000000
27.783333,18.833333,1,-0.857766,1.257056,0.369980,0.401326,0.392075,-0.175378,0.808985,0.512863,0.087848,0.080628,-0.168854,0.530802,0.648617,0.518684,-0.404910,-0.852111,0.331593,0.493599,0.101568,0.863739,0.050412,-0.817966,1.378991,0.102033,-0.080224,0.088769,0.271904,-0.545832,0.162039,0.800692,-0.186287,133.212579,2.783314,0.000000,1,0.086457,-9.589506,36.851563,25.324119,1.098949,37.775757,0.000000
27.816667,18.866667,1,-0.857655,1.258610,0.369642,0.401900,0.391518,-0.176199,0.808792,0.511555,0.087006,0.080281,-0.168095,0.531070,0.648079,0.519328,-0.404084,-0.851673,0.333722,0.494591,0.103475,0.862944,0.047838,-0.817966,1.378991,0.102033,-0.079039,0.087768,0.271534,-0.545568,0.162786,0.800912,-0.185464,133.268369,2.807891,0.000000,1,0.086653,-9.521326,36.669586,25.664644,1.096145,37.990715,0.000000
27.850000,18.900000,1,-0.857570,1.260158,0.369159,0.402664,0.391342,-0.176714,0.808385,0.510268,0.086147,0.079791,-0.167596,0.531678,0.647488,0.519604,-0.403846,-0.851090,0.335492,0.494660,0.105341,0.862679,0.048697,-0.817966,1.378991,0.102033,-0.077840,0.086801,0.271022,-0.545731,0.163543,0.800798,-0.184807,133.175413,2.802684,0.000000,1,0.086733,-9.450707,36.515725,25.987844,1.093241,38.190355,0.000000
27.883333,18.933333,1,-0.857412,1.261705,0.368510,0.403217,0.391076,-0.176872,0.808203,0.508936,0.085349,0.079133,-0.167111,0.532057,0.647257,0.519662,-0.404050,-0.850534,0.336652,0.494884,0.106266,0.862437,0.050563,-0.817966,1.378991,0.102033,-0.076682,0.085785,0.270338,-0.545732,0.164157,0.800725,-0.184577,133.023587,2.766171,0.000000,1,0.086531,-9.387099,36.385178,26.305144,1.091301,38.382008,0.000000
27.916667,18.966667,1,-0.857178,1.263192,0.367805,0.403717,0.390826,-0.177005,0.808045,0.507607,0.084649,0.078422,-0.166664,0.532393,0.647058,0.519709,-0.404252,-0.850025,0.337696,0.495102,0.107079,0.862211,0.049869,-0.817966,1.378991,0.102033,-0.075616,0.084749,0.269596,-0.545725,0.164716,0.800660,-0.184380,132.887968,2.780707,0.000000,1,0.085994,-9.333595,36.268367,26.611783,1.090713,38.565134,0.000000
27.950000,19.000000,1,-0.856911,1.264679,0.367086,0.404123,0.390436,-0.176947,0.808043,0.506258,0.083974,0.077696,-0.166134,0.532583,0.647083,0.519652,-0.404722,-0.849477,0.338511,0.495557,0.107366,0.861914,0.050207,-0.817966,1.378991,0.102033,-0.074569,0.083687,0.268837,-0.545559,0.165255,0.800651,-0.184430,132.852693,2.780325,0.000000,1,0.084882,-9.283058,36.153713,26.918832,1.090578,38.748203,0.000000
27.983333,19.033333,1,-0.856561,1.266194,0.366301,0.405447,0.390133,-0.176110,0.807709,0.504838,0.083351,0.076906,-0.165277,0.533632,0.647163,0.518750,-0.407165,-0.847825,0.339721,0.495037,0.107728,0.862168,0.052230,-0.817966,1.378991,0.102033,-0.073548,0.082546,0.268007,-0.545889,0.166602,0.800014,-0.185004,132.974170,2.789360,0.000000,1,0.083714,-9.238986,36.041495,27.234508,1.091304,38.935651,0.000000
28.016667,19.066667,1,-0.856177,1.267649,0.365464,0.406786,0.389823,-0.175239,0.807375,0.503444,0.082790,0.076063,-0.164407,0.534691,0.647258,0.517816,-0.409674,-0.846135,0.340915,0.494507,0.108055,0.862431,0.051662,-0.817966,1.378991,0.102033,-0.072594,0.081418,0.267123,-0.546221,0.167965,0.799363,-0.185607,133.147112,2.779011,0.000000,1,0.083468,-9.201059,35.945596,27.535305,1.092933,39.111713,0.000000
28.050000,19.100000,1,-0.855879,1.269035,0.364666,0.407242,0.388764,-0.175330,0.807636,0.502157,0.082203,0.075260,-0.163255,0.534625,0.647450,0.518008,-0.410031,-0.845328,0.342482,0.496208,0.108313,0.861421,0.048819,-0.817966,1.378991,0.102033,-0.071645,0.080395,0.266285,-0.545482,0.168839,0.799672,-0.185654,133.153758,2.774012,0.000000,1,0.083173,-9.158213,35.861020,27.812590,1.094090,39.272722,0.000000
28.083333,19.133333,1,-0.855660,1.270415,0.363940,0.407749,0.387532,-0.175491,0.807937,0.500923,0.081555,0.074527,-0.161924,0.534528,0.647647,0.518279,-0.410334,-0.844430,0.344330,0.498218,0.108668,0.860215,0.047244,-0.817966,1.378991,0.102033,-0.070654,0.079437,0.265523,-0.544610,0.169832,0.800055,-0.185658,133.163542,2.753819,0.000000,1,0.082119,-9.107496,35.773488,28.082742,1.094311,39.430648,0.000000
28.116667,19.166667,1,-0.855501,1.271841,0.363129,0.408579,0.386595,-0.175301,0.808008,0.499687,0.080833,0.073709,-0.160717,0.534852,0.647796,0.518134,-0.411414,-0.843210,0.346027,0.499372,0.109060,0.859496,0.049450,-0.817966,1.378991,0.102033,-0.069589,0.078503,0.264680,-0.544150,0.170995,0.800074,-0.185860,133.145065,2.731277,0.000000,1,0.081903,-9.048489,35.699355,28.348234,1.093497,39.583339,0.000000
28.150000,19.200000,1,-0.855423,1.273385,0.362137,0.409879,0.386049,-0.174994,0.807677,0.498407,0.079976,0.072709,-0.159649,0.535773,0.647642,0.517706,-0.412985,-0.841648,0.347954,0.499505,0.110144,0.859281,0.055092,-0.817966,1.378991,0.102033,-0.068377,0.077574,0.263661,-0.544240,0.172417,0.799682,-0.185966,133.126318,2.749899,0.000000,1,0.082175,-8.975160,35.646429,28.614390,1.090830,39.732017,0.000000
28.183333,19.233333,1,-0.855426,1.275095,0.361085,0.411646,0.385817,-0.174752,0.806941,0.497043,0.078957,0.071647,-0.158657,0.537253,0.647099,0.517156,-0.414756,-0.839780,0.350353,0.498823,0.112182,0.859413,0.060230,-0.817966,1.378991,0.102033,-0.066982,0.076614,0.262582,-0.544810,0.174121,0.798960,-0.185816,133.021919,2.782306,0.000000,1,0.081095,-8.884852,35.589690,28.899446,1.085890,39.891977,0.000000
28.216667,19.266667,1,-0.855451,1.276922,0.360032,0.413223,0.385374,-0.174657,0.806368,0.495598,0.077849,0.070583,-0.157558,0.538469,0.646634,0.516808,-0.416170,-0.838052,0.352805,0.498691,0.114079,0.859240,0.063253,-0.817966,1.378991,0.102033,-0.065480,0.075601,0.261503,-0.545105,0.175744,0.798449,-0.185616,132.997536,2.770870,0.000000,1,0.079519,-8.785495,35.521768,29.203877,1.079689,40.065048,0.000000
28.250000,19.300000,1,-0.855492,1.278798,0.358983,0.414729,0.384725,-0.174641,0.805908,0.494124,0.076698,0.069523,-0.156307,0.539530,0.646235,0.516582,-0.417423,-0.836330,0.355400,0.499002,0.115898,0.858816,0.064494,-0.817966,1.378991,0.102033,-0.063929,0.074571,0.260428,-0.545187,0.177391,0.798079,-0.185401,133.095781,2.755484,0.000000,1,0.078329,-8.681242,35.450309,29.514694,1.072804,40.242487,0.000000
28.283333,19.333333,1,-0.855596,1.280756,0.357930,0.416201,0.383717,-0.174829,0.805589,0.492622,0.075448,0.068457,-0.154748,0.540399,0.645870,0.516599,-0.418356,-0.834563,0.358444,0.500060,0.117811,0.857940,0.066772,-0.817966,1.378991,0.102033,-0.062275,0.073542,0.259351,-0.544931,0.179159,0.797934,-0.185076,133.138045,2.768556,0.000000,1,0.077273,-8.565761,35.376201,29.832392,1.064386,40.424327,0.000000
28.316667,19.366667,1,-0.855731,1.282754,0.356908,0.417422,0.382911,-0.174888,0.805327,0.491107,0.074148,0.067422,-0.153482,0.541134,0.645613,0.516528,-0.419284,-0.833063,0.360841,0.500846,0.119254,0.857282,0.067455,-0.817966,1.378991,0.102033,-0.060571,0.072512,0.258307,-0.544748,0.180616,0.797773,-0.184895,133.136707,2.760615,0.000000,1,0.076010,-8.444115,35.297044,30.154174,1.055089,40.609563,0.000000
28.350000,19.400000,1,-0.855897,1.284719,0.355960,0.418622,0.382166,-0.175177,0.804995,0.489637,0.072844,0.066460,-0.152280,0.541878,0.645190,0.516632,-0.419803,-0.831687,0.363403,0.501618,0.121081,0.856574,0.065631,-0.817966,1.378991,0.102033,-0.058877,0.071523,0.257338,-0.544605,0.182021,0.797649,-0.184474,133.096427,2.762911,0.000000,1,0.074826,-8.320397,35.215048,30.468358,1.045475,40.791362,0.000000
28.383333,19.433333,1,-0.856026,1.286658,0.355079,0.419685,0.381512,-0.175265,0.804733,0.488166,0.071584,0.065567,-0.151221,0.542538,0.644920,0.516588,-0.420538,-0.830402,0.365487,0.502230,0.122421,0.856025,0.064011,-0.817966,1.378991,0.102033,-0.057227,0.070516,0.256435,-0.544486,0.183267,0.797493,-0.184267,133.089647,2.752490,0.000000,1,0.073283,-8.200825,35.125291,30.783738,1.036340,40.975594,0.000000
28.416667,19.466667,1,-0.856130,1.288530,0.354212,0.420918,0.381092,-0.174997,0.804347,0.486733,0.070383,0.064688,-0.150297,0.543455,0.644698,0.516170,-0.421959,-0.828907,0.367238,0.502189,0.123550,0.855886,0.061974,-0.817966,1.378991,0.102033,-0.055646,0.069528,0.255546,-0.544657,0.184572,0.797064,-0.184313,133.126395,2.749761,0.000000,1,0.072556,-8.086602,35.042070,31.087106,1.027886,41.151952,0.000000
28.450000,19.500000,1,-0.856273,1.290318,0.353332,0.422384,0.380860,-0.174993,0.803688,0.485390,0.069202,0.063796,-0.149437,0.544667,0.644117,0.515868,-0.423098,-0.827346,0.369441,0.501772,0.125563,0.855838,0.059926,-0.817966,1.378991,0.102033,-0.054109,0.068622,0.254647,-0.545089,0.186000,0.796511,-0.183992,133.140353,2.763206,0.000000,1,0.072621,-7.972689,34.976332,31.366058,1.019443,41.311291,0.000000
28.483333,19.533333,1,-0.856455,1.292015,0.352499,0.423515,0.380374,-0.175305,0.803255,0.484144,0.068045,0.062951,-0.148497,0.545465,0.643594,0.515949,-0.423490,-0.826123,0.371720,0.502124,0.127470,0.855350,0.056991,-0.817966,1.378991,0.102033,-0.052622,0.067798,0.253799,-0.545142,0.187230,0.796299,-0.183501,133.133350,2.760099,0.000000,1,0.072307,-7.859215,34.918921,31.623860,1.010991,41.457426,0.000000
28.516667,19.566667,1,-0.856647,1.293696,0.351765,0.424328,0.379837,-0.175199,0.803103,0.482916,0.066888,0.062206,-0.147655,0.545953,0.643508,0.515781,-0.424335,-0.825044,0.373151,0.502594,0.128191,0.854966,0.055329,-0.817966,1.378991,0.102033,-0.051144,0.066987,0.253051,-0.545024,0.188203,0.796146,-0.183520,133.127145,2.766771,0.000000,1,0.070887,-7.744932,34.849736,31.882714,1.002278,41.606846,0.000000
28.550000,19.600000,1,-0.856886,1.295441,0.351031,0.424980,0.379287,-0.174966,0.803070,0.481667,0.065654,0.061459,-0.146873,0.546291,0.643584,0.515553,-0.425266,-0.824074,0.374234,0.503133,0.128457,0.854609,0.057233,-0.817966,1.378991,0.102033,-0.049587,0.066175,0.252305,-0.544827,0.189038,0.796040,-0.183710,133.092022,2.943898,0.000000,1,0.070010,-7.621656,34.777978,32.146981,0.992135,41.759836,0.000000
28.583333,19.633333,1,-0.857192,1.297212,0.350145,0.425626,0.378690,-0.175118,0.802976,0.480435,0.064354,0.060560,-0.146050,0.546603,0.643433,0.515643,-0.425563,-0.823227,0.375757,0.503901,0.129326,0.854025,0.060125,-0.817966,1.378991,0.102033,-0.047965,0.065409,0.251411,-0.544576,0.189880,0.796052,-0.183529,133.056074,2.960284,0.000000,1,0.070897,-7.489766,34.734562,32.395875,0.980644,41.898270,0.000000
28.616667,19.666667,1,-0.857487,1.299041,0.349095,0.426448,0.378207,-0.175340,0.802719,0.479152,0.063028,0.059496,-0.145250,0.547125,0.643107,0.515723,-0.425864,-0.822270,0.377508,0.504390,0.130632,0.853537,0.063895,-0.817966,1.378991,0.102033,-0.046300,0.064611,0.250351,-0.544500,0.190831,0.795951,-0.183206,133.023539,2.944410,0.000000,1,0.071417,-7.355099,34.713418,32.642081,0.968566,42.030434,0.000000
28.650000,19.700000,1,-0.857805,1.300977,0.347942,0.427149,0.377659,-0.175615,0.802544,0.477796,0.061622,0.058329,-0.144447,0.547510,0.642829,0.515887,-0.425992,-0.821426,0.379197,0.505082,0.131812,0.852946,0.068258,-0.817966,1.378991,0.102033,-0.044533,0.063772,0.249188,-0.544314,0.191700,0.795946,-0.182876,133.067938,2.919671,0.000000,1,0.071341,-7.211422,34.701016,32.895996,0.954974,42.164967,0.000000
28.683333,19.733333,1,-0.858240,1.302973,0.346695,0.427877,0.376762,-0.176160,0.802459,0.476463,0.060087,0.057066,-0.143317,0.547762,0.642511,0.516330,-0.425727,-0.820502,0.381488,0.506488,0.133281,0.851884,0.071793,-0.817966,1.378991,0.102033,-0.042645,0.062996,0.247938,-0.543823,0.192740,0.796151,-0.182352,133.106248,2.901020,0.000000,1,0.072107,-7.051717,34.707943,33.138659,0.938890,42.289198,0.000000
28.716667,19.766667,1,-0.858725,1.304965,0.345381,0.429062,0.375856,-0.176763,0.802118,0.475163,0.058515,0.055737,-0.141975,0.548422,0.641939,0.516711,-0.425706,-0.819118,0.384473,0.507669,0.135514,0.850828,0.073061,-0.817966,1.378991,0.102033,-0.040728,0.062267,0.246625,-0.543521,0.194197,0.796163,-0.181651,133.040499,2.916020,0.000000,1,0.072673,-6.886157,34.732730,33.366811,0.921750,42.401744,0.000000
28.750000,19.800000,1,-0.859169,1.306973,0.344009,0.430220,0.374867,-0.177082,0.801890,0.473827,0.056966,0.054348,-0.140572,0.549019,0.641596,0.516887,-0.426135,-0.817619,0.387180,0.508911,0.137188,0.849817,0.074158,-0.817966,1.378991,0.102033,-0.038823,0.061500,0.245250,-0.543142,0.195671,0.796151,-0.181257,132.857412,2.937391,0.000000,1,0.072547,-6.723016,34.765860,33.594631,0.904700,42.512462,0.000000
28.783333,19.833333,1,-0.859608,1.308967,0.342628,0.431382,0.373882,-0.177315,0.801674,0.472497,0.055431,0.052952,-0.139172,0.549621,0.641302,0.516992,-0.426702,-0.816079,0.389796,0.510112,0.138726,0.848847,0.073953,-0.817966,1.378991,0.102033,-0.036931,0.060736,0.243866,-0.542769,0.197149,0.796111,-0.180945,132.675938,2.965278,0.000000,1,0.072307,-6.560307,34.804424,33.816878,0.887468,42.619150,0.000000
28.816667,19.866667,1,-0.860024,1.310896,0.341311,0.432418,0.372935,-0.177913,0.801424,0.471205,0.053952,0.051619,-0.137860,0.550129,0.640813,0.517408,-0.426567,-0.814806,0.392597,0.511442,0.140705,0.847720,0.071190,-0.817966,1.378991,0.102033,-0.035106,0.059989,0.242546,-0.542367,0.198489,0.796200,-0.180294,132.954060,3.167319,0.000000,1,0.071524,-6.402727,34.840672,34.031485,0.870753,42.722434,0.000000
28.850000,19.900000,1,-0.860400,1.312757,0.340087,0.433244,0.372115,-0.178394,0.801253,0.469945,0.052545,0.050381,-0.136756,0.550503,0.640447,0.517756,-0.426453,-0.813760,0.394883,0.512621,0.142251,0.846749,0.067752,-0.817966,1.378991,0.102033,-0.033362,0.059247,0.241317,-0.541988,0.199585,0.796299,-0.179785,133.046527,3.003200,0.000000,1,0.070378,-6.252364,34.868647,34.242203,0.854862,42.825671,0.000000
28.883333,19.933333,1,-0.860750,1.314513,0.339020,0.434305,0.371429,-0.178406,0.800993,0.468752,0.051220,0.049301,-0.135669,0.551149,0.640213,0.517645,-0.427275,-0.812354,0.396885,0.513258,0.143443,0.846162,0.062528,-0.817966,1.378991,0.102033,-0.031722,0.058536,0.240246,-0.541842,0.200846,0.796112,-0.179647,133.112798,2.984611,0.000000,1,0.068878,-6.109985,34.881555,34.446802,0.839931,42.929157,0.000000
28.916667,19.966667,1,-0.861115,1.316142,0.338158,0.435509,0.370802,-0.178294,0.800655,0.467671,0.049957,0.048426,-0.134572,0.551948,0.639964,0.517388,-0.428401,-0.810773,0.398899,0.513665,0.144673,0.845706,0.056366,-0.817966,1.378991,0.102033,-0.030179,0.057902,0.239382,-0.541813,0.202213,0.795801,-0.179580,133.122928,3.077406,0.000000,1,0.067383,-5.972832,34.876367,34.640453,0.825572,43.030923,0.000000
28.950000,20.000000,1,-0.861512,1.317665,0.337481,0.436654,0.370184,-0.178475,0.800278,0.466693,0.048731,0.047737,-0.133508,0.552698,0.639549,0.517375,-0.428998,-0.809353,0.401134,0.514194,0.146304,0.845103,0.051403,-0.817966,1.378991,0.102033,-0.028706,0.057345,0.238706,-0.541758,0.203516,0.795584,-0.179235,133.072221,3.123913,0.000000,1,0.066102,-5.838167,34.854360,34.824548,0.811372,43.131399,0.000000
28.983333,20.033333,1,-0.861888,1.319151,0.336900,0.437223,0.369341,-0.179270,0.800178,0.465732,0.047543,0.047143,-0.132497,0.552835,0.639106,0.518037,-0.428166,-0.808658,0.403418,0.515663,0.147976,0.843916,0.049177,-0.817966,1.378991,0.102033,-0.027278,0.056788,0.238125,-0.541240,0.204384,0.795883,-0.178484,133.026583,3.076006,0.000000,1,0.064916,-5.707302,34.819918,35.010442,0.797502,43.235710,0.000000
29.016667,20.066667,1,-0.862194,1.320719,0.336213,0.438374,0.368841,-0.179611,0.799703,0.464664,0.046363,0.046444,-0.131535,0.553644,0.638533,0.518124,-0.428491,-0.807326,0.405734,0.516031,0.149949,0.843343,0.052162,-0.817966,1.378991,0.102033,-0.025824,0.056133,0.237433,-0.541287,0.205638,0.795647,-0.177950,133.020597,3.060552,0.000000,1,0.064458,-5.578052,34.791285,35.209401,0.783607,43.345785,0.000000
29.050000,20.100000,1,-0.862438,1.322445,0.335369,0.439876,0.368883,-0.179221,0.798945,0.463432,0.045138,0.045588,-0.130907,0.555010,0.638036,0.517434,-0.430251,-0.805592,0.407316,0.514974,0.151548,0.843703,0.058091,-0.817966,1.378991,0.102033,-0.024276,0.055343,0.236578,-0.541986,0.206988,0.794827,-0.177922,132.988108,3.041106,0.000000,1,0.064151,-5.444809,34.770319,35.429839,0.768823,43.465722,0.000000
29.083333,20.133333,1,-0.862709,1.324305,0.334443,0.441200,0.368871,-0.178935,0.798285,0.462109,0.043812,0.044648,-0.130308,0.556192,0.637578,0.516879,-0.431711,-0.804055,0.408805,0.514149,0.153027,0.843939,0.062875,-0.817966,1.378991,0.102033,-0.022603,0.054499,0.235640,-0.542557,0.208199,0.794137,-0.177851,132.977353,3.038340,0.000000,1,0.063904,-5.299660,34.753272,35.663005,0.751963,43.591609,0.000000
29.116667,20.166667,1,-0.863121,1.326155,0.333491,0.442396,0.368600,-0.179169,0.797696,0.460879,0.042379,0.043682,-0.129532,0.557144,0.636952,0.516822,-0.432234,-0.802717,0.410877,0.514045,0.155028,0.843637,0.063633,-0.817966,1.378991,0.102033,-0.020853,0.053775,0.234685,-0.542829,0.209396,0.793748,-0.177355,132.962271,3.071914,0.000000,1,0.064591,-5.139920,34.752863,35.874513,0.732662,43.701975,0.000000
29.150000,20.200000,1,-0.863646,1.327952,0.332590,0.443996,0.368461,-0.179254,0.796851,0.459759,0.040889,0.042766,-0.128695,0.558518,0.636165,0.516516,-0.433297,-0.800937,0.413224,0.513421,0.157463,0.843566,0.062316,-0.817966,1.378991,0.102033,-0.019079,0.053170,0.233789,-0.543397,0.210905,0.793069,-0.176866,132.936851,3.053814,0.000000,1,0.064725,-4.971109,34.758749,36.065526,0.711736,43.799861,0.000000
29.183333,20.233333,1,-0.864159,1.329666,0.331845,0.445296,0.368224,-0.179344,0.796215,0.458698,0.039455,0.042006,-0.127905,0.559579,0.635560,0.516308,-0.434132,-0.799436,0.415249,0.513144,0.159407,0.843370,0.058157,-0.817966,1.378991,0.102033,-0.017382,0.052595,0.233050,-0.543748,0.212185,0.792573,-0.176474,132.920161,3.034862,0.000000,1,0.063269,-4.807722,34.747194,36.253865,0.691393,43.900363,0.000000
29.216667,20.266667,1,-0.864617,1.331292,0.331169,0.446562,0.367778,-0.179513,0.795674,0.457675,0.038118,0.041316,-0.126941,0.560516,0.635005,0.516213,-0.434821,-0.797901,0.417475,0.513291,0.161308,0.842919,0.054578,-0.817966,1.378991,0.102033,-0.015790,0.052026,0.232377,-0.543898,0.213524,0.792203,-0.176060,132.906259,3.027742,0.000000,1,0.062373,-4.654913,34.730386,36.436758,0.672456,43.999184,0.000000
29.250000,20.300000,1,-0.865015,1.332844,0.330457,0.447972,0.367748,-0.179669,0.794859,0.456674,0.036874,0.040591,-0.126287,0.561769,0.634214,0.515985,-0.435623,-0.796377,0.419542,0.512601,0.163649,0.842887,0.052603,-0.817966,1.378991,0.102033,-0.014293,0.051454,0.231666,-0.544478,0.214811,0.791576,-0.175523,132.898617,3.039419,0.000000,1,0.062351,-4.512543,34.724380,36.609143,0.654928,44.089908,0.000000
29.283333,20.333333,1,-0.865312,1.334292,0.329744,0.449558,0.367762,-0.179661,0.793959,0.455696,0.035773,0.039867,-0.125594,0.563198,0.633419,0.515572,-0.436824,-0.794615,0.421630,0.511677,0.166012,0.842987,0.049227,-0.817966,1.378991,0.102033,-0.012939,0.050865,0.230949,-0.545176,0.216242,0.790801,-0.175089,132.900720,3.022463,0.000000,1,0.062010,-4.386752,34.723750,36.772819,0.639798,44.174787,0.000000
29.316667,20.366667,1,-0.865549,1.335661,0.329113,0.451610,0.367578,-0.179397,0.792939,0.454745,0.034767,0.039226,-0.124518,0.564957,0.632632,0.514874,-0.438799,-0.792147,0.424215,0.510758,0.168543,0.843042,0.045764,-0.817966,1.378991,0.102033,-0.011687,0.050271,0.230312,-0.545909,0.218188,0.789819,-0.174822,132.895141,3.017721,0.000000,1,0.061037,-4.271814,34.714023,36.934910,0.626174,44.260981,0.000000
29.350000,20.400000,1,-0.865781,1.336972,0.328577,0.452705,0.367032,-0.179581,0.792525,0.453838,0.033798,0.038680,-0.123541,0.565695,0.632184,0.514849,-0.439337,-0.790731,0.426294,0.511186,0.170161,0.842457,0.043072,-0.817966,1.378991,0.102033,-0.010486,0.049702,0.229770,-0.545896,0.219415,0.789569,-0.174459,132.891652,3.021024,0.000000,1,0.060146,-4.160573,34.694071,37.094436,0.612934,44.348190,0.000000
29.383333,20.433333,1,-0.865956,1.338234,0.328019,0.453145,0.366375,-0.179816,0.792525,0.452934,0.032905,0.038113,-0.122756,0.565797,0.632079,0.515054,-0.439300,-0.790020,0.427649,0.512201,0.170813,0.841709,0.041740,-0.817966,1.378991,0.102033,-0.009357,0.049117,0.229203,-0.545500,0.220096,0.789698,-0.174252,132.877242,3.016333,0.000000,1,0.059944,-4.058150,34.679776,37.249236,0.600909,44.431582,0.000000
29.416667,20.466667,1,-0.866049,1.339486,0.327392,0.453761,0.365762,-0.179787,0.792462,0.451990,0.032084,0.037478,-0.121932,0.566074,0.632037,0.514997,-0.439822,-0.789039,0.428921,0.512949,0.171323,0.841149,0.042091,-0.817966,1.378991,0.102033,-0.008285,0.048478,0.228563,-0.545226,0.220922,0.789658,-0.174247,132.868046,3.022266,0.000000,1,0.059821,-3.964579,34.674000,37.404827,0.590111,44.513477,0.000000
29.450000,20.500000,1,-0.866131,1.340774,0.326675,0.454780,0.364970,-0.179873,0.792223,0.451010,0.031251,0.036753,-0.120769,0.566634,0.631788,0.514960,-0.440462,-0.787555,0.430987,0.513828,0.172517,0.840368,0.044294,-0.817966,1.378991,0.102033,-0.007188,0.047814,0.227831,-0.544966,0.222190,0.789524,-0.174057,132.851117,3.001125,0.000000,1,0.060064,-3.869542,34.680906,37.559296,0.578888,44.591865,0.000000
29.483333,20.533333,1,-0.866240,1.342101,0.325908,0.456638,0.364281,-0.179923,0.791460,0.450016,0.030374,0.035977,-0.119325,0.567993,0.631089,0.514657,-0.441780,-0.785140,0.434033,0.514036,0.174976,0.839732,0.046097,-0.817966,1.378991,0.102033,-0.006043,0.047151,0.227050,-0.545160,0.224175,0.788921,-0.173640,132.819113,3.009288,0.000000,1,0.060174,-3.768768,34.695766,37.712027,0.566548,44.667516,0.000000
29.516667,20.566667,1,-0.866373,1.343408,0.325127,0.457732,0.363445,-0.180263,0.791135,0.449052,0.029490,0.035187,-0.118088,0.568601,0.630650,0.514809,-0.442054,-0.783618,0.436498,0.515038,0.176671,0.838763,0.045830,-0.817966,1.378991,0.102033,-0.004899,0.046520,0.226258,-0.544885,0.225525,0.788826,-0.173182,132.821599,3.010393,0.000000,1,0.060294,-3.666474,34.717592,37.856212,0.553785,44.737011,0.000000
29.550000,20.600000,1,-0.866497,1.344660,0.324332,0.457863,0.362427,-0.180680,0.791431,0.448126,0.028646,0.034383,-0.117116,0.568264,0.630726,0.515309,-0.441480,-0.783144,0.437928,0.516933,0.176936,0.837540,0.044658,-0.817966,1.378991,0.102033,-0.003804,0.045915,0.225451,-0.544032,0.226080,0.789305,-0.172960,132.787163,3.020519,0.000000,1,0.060472,-3.568465,34.747688,37.989692,0.541551,44.798914,0.000000
29.583333,20.633333,1,-0.866565,1.345894,0.323474,0.458732,0.361775,-0.180455,0.791277,0.447181,0.027858,0.033517,-0.116146,0.568751,0.630692,0.515034,-0.442500,-0.781772,0.439348,0.517539,0.177476,0.837052,0.045133,-0.817966,1.378991,0.102033,-0.002755,0.045280,0.224579,-0.543838,0.227157,0.789102,-0.173085,132.775299,3.011599,0.000000,1,0.060651,-3.477175,34.787740,38.120143,0.530239,44.856981,0.000000
29.616667,20.666667,1,-0.866646,1.347144,0.322549,0.460073,0.361478,-0.180199,0.790692,0.446230,0.027051,0.032584,-0.115285,0.569821,0.630288,0.514539,-0.443917,-0.779999,0.441066,0.517232,0.178894,0.836940,0.046737,-0.817966,1.378991,0.102033,-0.001684,0.044650,0.223640,-0.544163,0.228508,0.788500,-0.173026,132.773528,3.025686,0.000000,1,0.061118,-3.383189,34.840211,38.244910,0.518312,44.909203,0.000000
29.650000,20.700000,1,-0.866785,1.348433,0.321594,0.461336,0.361081,-0.180270,0.790121,0.445284,0.026174,0.031621,-0.114367,0.570777,0.629750,0.514342,-0.444744,-0.778371,0.443104,0.517258,0.180670,0.836542,0.048290,-0.817966,1.378991,0.102033,-0.000546,0.044046,0.222675,-0.544357,0.229825,0.788058,-0.172686,132.750364,3.005829,0.000000,1,0.061374,-3.280148,34.899118,38.365793,0.504710,44.957947,0.000000
29.683333,20.733333,1,-0.866953,1.349727,0.320656,0.462187,0.360538,-0.180524,0.789814,0.444351,0.025272,0.030673,-0.113502,0.571299,0.629364,0.514428,-0.444963,-0.777211,0.444916,0.517838,0.182036,0.835887,0.048225,-0.817966,1.378991,0.102033,0.000613,0.043459,0.221727,-0.544239,0.230828,0.787928,-0.172312,132.732432,3.005083,0.000000,1,0.061235,-3.173357,34.957827,38.484379,0.490303,45.005626,0.000000
29.716667,20.766667,1,-0.867165,1.351030,0.319742,0.463177,0.359899,-0.180631,0.789501,0.443437,0.024328,0.029750,-0.112488,0.571901,0.629039,0.514378,-0.445523,-0.775793,0.446828,0.518464,0.183312,0.835220,0.048157,-0.817966,1.378991,0.102033,0.001805,0.042902,0.220808,-0.544100,0.232003,0.787733,-0.172066,132.725674,3.042603,0.000000,1,0.061070,-3.060841,35.015089,38.600445,0.474760,45.052401,0.000000
29.750000,20.800000,1,-0.867438,1.352320,0.318912,0.464346,0.359426,-0.180647,0.789027,0.442571,0.023342,0.028910,-0.111544,0.572738,0.628612,0.514176,-0.446362,-0.774205,0.448740,0.518663,0.184811,0.834766,0.046741,-0.817966,1.378991,0.102033,0.003021,0.042396,0.219975,-0.544186,0.233269,0.787353,-0.171821,132.728017,3.048946,0.000000,1,0.060572,-2.942324,35.063691,38.713449,0.458030,45.099653,0.000000
29.783333,20.833333,1,-0.867758,1.353552,0.318193,0.465273,0.358807,-0.181059,0.788667,0.441779,0.022353,0.028180,-0.110575,0.573295,0.628109,0.514379,-0.446375,-0.772956,0.450874,0.519387,0.186505,0.833938,0.043864,-0.817966,1.378991,0.102033,0.004215,0.041955,0.219257,-0.544030,0.234373,0.787250,-0.171283,132.702702,3.079471,0.000000,1,0.059988,-2.822469,35.101747,38.820080,0.440897,45.146035,0.000000
29.816667,20.866667,1,-0.868136,1.354751,0.317532,0.466393,0.358351,-0.181510,0.788109,0.441050,0.021337,0.027509,-0.109667,0.574097,0.627412,0.514529,-0.446466,-0.771562,0.453166,0.519725,0.188654,0.833244,0.042596,-0.817966,1.378991,0.102033,0.005417,0.041577,0.218602,-0.544098,0.235579,0.786989,-0.170613,132.695677,3.082519,0.000000,1,0.059840,-2.698393,35.136617,38.918807,0.422873,45.188983,0.000000
29.850000,20.900000,1,-0.868555,1.355893,0.316943,0.467415,0.358164,-0.181927,0.787492,0.440389,0.020321,0.026909,-0.109043,0.574932,0.626679,0.514622,-0.446547,-0.770391,0.455076,0.519621,0.190767,0.832828,0.040553,-0.817966,1.378991,0.102033,0.006596,0.041261,0.218021,-0.544364,0.236579,0.786649,-0.169944,132.653902,3.084447,0.000000,1,0.059625,-2.573635,35.166935,39.009046,0.404554,45.228510,0.000000
29.883333,20.933333,1,-0.868921,1.356927,0.316534,0.468093,0.357681,-0.182393,0.787201,0.439784,0.019411,0.026491,-0.108307,0.575326,0.626212,0.514906,-0.446284,-0.769504,0.456831,0.520256,0.192257,0.832088,0.035110,-0.817966,1.378991,0.102033,0.007653,0.040958,0.217619,-0.544218,0.237396,0.786624,-0.169391,132.646469,3.096682,0.000000,1,0.058175,-2.461481,35.172190,39.102281,0.388183,45.275590,0.000000
29.916667,20.966667,1,-0.869169,1.357869,0.316249,0.468626,0.357152,-0.182770,0.787037,0.439180,0.018650,0.026199,-0.107595,0.575569,0.625898,0.515166,-0.446055,-0.768739,0.458340,0.521026,0.193350,0.831353,0.030444,-0.817966,1.378991,0.102033,0.008561,0.040607,0.217335,-0.543971,0.238103,0.786670,-0.168979,132.648085,3.114745,0.000000,1,0.056706,-2.367833,35.156178,39.204655,0.374773,45.332586,0.000000
29.950000,21.000000,1,-0.869322,1.358782,0.315933,0.468920,0.357040,-0.182867,0.786890,0.438543,0.017981,0.025876,-0.107363,0.575783,0.625724,0.515186,-0.446113,-0.768364,0.458911,0.521093,0.193885,0.831187,0.029362,-0.817966,1.378991,0.102033,0.009392,0.040201,0.217014,-0.543996,0.238417,0.786591,-0.168822,132.672062,3.129807,0.000000,1,0.056356,-2.285895,35.142663,39.310039,0.363200,45.390584,0.000000
29.983333,21.033333,1,-0.869391,1.359625,0.315572,0.469361,0.356870,-0.182697,0.786744,0.437911,0.017422,0.025509,-0.107015,0.576102,0.625670,0.514967,-0.446714,-0.767702,0.459434,0.521095,0.194168,0.831119,0.027585,-0.817966,1.378991,0.102033,0.010116,0.039772,0.216644,-0.544041,0.238894,0.786397,-0.168901,132.587952,3.153636,0.000000,1,0.056478,-2.217746,35.138371,39.409184,0.353848,45.443053,0.000000
30.016667,21.066667,1,-0.869405,1.360382,0.315184,0.469809,0.356396,-0.182555,0.786725,0.437314,0.016960,0.025116,-0.106392,0.576291,0.625718,0.514827,-0.447267,-0.766899,0.460237,0.521648,0.194316,0.830738,0.025529,-0.817966,1.378991,0.102033,0.010739,0.039351,0.216245,-0.543820,0.239510,0.786338,-0.169019,132.620846,3.117054,0.000000,1,0.056753,-2.161477,35.143134,39.497946,0.346418,45.487828,0.000000
30.050000,21.100000,1,-0.869421,1.361112,0.314739,0.470538,0.355784,-0.182650,0.786544,0.436741,0.016513,0.024667,-0.105519,0.576672,0.625515,0.514827,-0.447638,-0.765763,0.461765,0.522365,0.195194,0.830081,0.025641,-0.817966,1.378991,0.102033,0.011344,0.038953,0.215790,-0.543592,0.240438,0.786249,-0.168848,132.613726,3.148635,0.000000,1,0.057303,-2.106882,35.161049,39.576333,0.339172,45.523966,0.000000
30.083333,21.133333,1,-0.869454,1.361859,0.314229,0.471398,0.355105,-0.182964,0.786262,0.436164,0.016043,0.024151,-0.104527,0.577140,0.625125,0.514978,-0.447745,-0.764504,0.463744,0.523198,0.196585,0.829227,0.027163,-0.817966,1.378991,0.102033,0.011973,0.038562,0.215270,-0.543355,0.241508,0.786173,-0.168435,132.602458,3.160304,0.000000,1,0.057764,-2.049352,35.190760,39.649317,0.331316,45.554473,0.000000
30.116667,21.166667,1,-0.869501,1.362610,0.313662,0.472185,0.354609,-0.183230,0.785952,0.435591,0.015559,0.023580,-0.103732,0.577625,0.624731,0.515072,-0.447880,-0.763400,0.465429,0.523728,0.197901,0.828580,0.028272,-0.817966,1.378991,0.102033,0.012616,0.038183,0.214696,-0.543250,0.242433,0.786044,-0.168050,132.653859,3.183386,0.000000,1,0.058238,-1.989859,35.231321,39.715979,0.323016,45.579107,0.000000
30.150000,21.200000,1,-0.869544,1.363290,0.313126,0.472791,0.354065,-0.183463,0.785779,0.435074,0.015121,0.023040,-0.102974,0.577926,0.624474,0.515199,-0.447933,-0.762479,0.466886,0.524434,0.198858,0.827903,0.026004,-0.817966,1.378991,0.102033,0.013199,0.037841,0.214152,-0.543025,0.243216,0.786019,-0.167762,132.606204,3.210901,0.000000,1,0.058336,-1.935925,35.272617,39.773787,0.315575,45.598927,0.000000
30.183333,21.233333,1,-0.869588,1.363885,0.312652,0.473189,0.353167,-0.183707,0.785886,0.434626,0.014733,0.022561,-0.101992,0.577882,0.624461,0.515460,-0.447797,-0.761648,0.468371,0.525891,0.199293,0.826874,0.022857,-0.817966,1.378991,0.102033,0.013712,0.037549,0.213671,-0.542398,0.243964,0.786255,-0.167601,132.599826,3.220751,0.000000,1,0.058314,-1.887914,35.310652,39.822552,0.309064,45.614779,0.000000
30.216667,21.266667,1,-0.869619,1.364450,0.312166,0.473836,0.352077,-0.183799,0.785964,0.434192,0.014373,0.022072,-0.100726,0.577975,0.624489,0.515571,-0.448082,-0.760371,0.470168,0.527502,0.199736,0.825741,0.022394,-0.817966,1.378991,0.102033,0.014196,0.037263,0.213179,-0.541712,0.245026,0.786406,-0.167561,132.569039,3.192267,0.000000,1,0.058493,-1.843303,35.352415,39.867008,0.303049,45.627547,0.000000
30.250000,21.300000,1,-0.869618,1.364987,0.311658,0.474909,0.351350,-0.183652,0.785675,0.433762,0.014056,0.021560,-0.099598,0.578612,0.624300,0.515304,-0.449083,-0.758666,0.471964,0.528151,0.200661,0.825101,0.022180,-0.817966,1.378991,0.102033,0.014637,0.036970,0.212663,-0.541537,0.246320,0.786123,-0.167553,132.632962,3.151438,0.000000,1,0.058693,-1.804252,35.398909,39.908211,0.297906,45.637567,0.000000
30.283333,21.333333,1,-0.869657,1.365415,0.311193,0.475818,0.350837,-0.183660,0.785353,0.433444,0.013773,0.021093,-0.098735,0.579198,0.624010,0.515163,-0.449717,-0.757308,0.473540,0.528560,0.201726,0.824579,0.018975,-0.817966,1.378991,0.102033,0.015013,0.036773,0.212195,-0.541477,0.247369,0.785870,-0.167390,132.611531,2.881146,0.000000,1,0.059282,-1.768918,35.449303,39.930823,0.293340,45.636832,0.000000
30.316667,21.366667,1,-0.869757,1.365682,0.310820,0.476152,0.350387,-0.183903,0.785295,0.433291,0.013536,0.020717,-0.098182,0.579296,0.623850,0.515351,-0.449547,-0.756757,0.474580,0.529251,0.202342,0.823985,0.014088,-0.817966,1.378991,0.102033,0.015296,0.036715,0.211825,-0.541217,0.247863,0.785945,-0.167149,132.639108,2.762178,0.000000,1,0.060032,-1.738914,35.500488,39.928547,0.289638,45.622734,0.000000
30.350000,21.400000,1,-0.869820,1.365834,0.310505,0.476328,0.350016,-0.183930,0.785347,0.433207,0.013398,0.020401,-0.097771,0.579288,0.623885,0.515397,-0.449613,-0.756372,0.475131,0.529822,0.202417,0.823599,0.010678,-0.817966,1.378991,0.102033,0.015464,0.036693,0.211511,-0.540964,0.248184,0.786017,-0.167151,132.585862,2.837232,0.000000,1,0.060264,-1.721210,35.548589,39.917190,0.287996,45.604676,0.000000
30.383333,21.433333,1,-0.869784,1.365966,0.310192,0.476998,0.349600,-0.183688,0.785182,0.433080,0.013351,0.020088,-0.097101,0.579702,0.623847,0.515103,-0.450480,-0.755271,0.476061,0.530112,0.202772,0.823325,0.010215,-0.817966,1.378991,0.102033,0.015555,0.036604,0.211195,-0.540893,0.248979,0.785786,-0.167287,132.580579,2.910901,0.000000,1,0.059931,-1.715442,35.591964,39.913894,0.288342,45.592211,0.000000
30.416667,21.466667,1,-0.869688,1.366108,0.309858,0.478137,0.349222,-0.183318,0.784744,0.432908,0.013345,0.019754,-0.096258,0.580554,0.623624,0.514572,-0.451901,-0.753565,0.477416,0.530033,0.203655,0.823159,0.011280,-0.817966,1.378991,0.102033,0.015619,0.036462,0.210853,-0.541061,0.250184,0.785263,-0.167402,132.624187,2.926641,0.000000,1,0.059786,-1.715149,35.634914,39.917073,0.289566,45.583441,0.000000
30.450000,21.500000,1,-0.869618,1.366269,0.309493,0.479530,0.348841,-0.182950,0.784149,0.432738,0.013308,0.019389,-0.095299,0.581633,0.623262,0.513972,-0.453503,-0.751535,0.479093,0.529820,0.204926,0.822980,0.012139,-0.817966,1.378991,0.102033,0.015715,0.036332,0.210482,-0.541336,0.251622,0.784606,-0.167439,132.565164,2.915305,0.000000,1,0.060112,-1.710853,35.683304,39.917514,0.290039,45.572032,0.000000
30.483333,21.533333,1,-0.869589,1.366456,0.309121,0.480638,0.348473,-0.182690,0.783695,0.432570,0.013222,0.019016,-0.094477,0.582461,0.622976,0.513531,-0.454720,-0.749893,0.480510,0.529776,0.205951,0.822752,0.012533,-0.817966,1.378991,0.102033,0.015857,0.036219,0.210106,-0.541496,0.252793,0.784116,-0.167450,132.568953,2.882331,0.000000,1,0.060287,-1.700310,35.733514,39.916608,0.289368,45.559586,0.000000
30.516667,21.566667,1,-0.869580,1.366662,0.308785,0.481064,0.348031,-0.182733,0.783620,0.432400,0.013110,0.018678,-0.093892,0.582646,0.622890,0.513533,-0.454936,-0.749161,0.481447,0.530338,0.206384,0.822282,0.011823,-0.817966,1.378991,0.102033,0.016024,0.036108,0.209766,-0.541288,0.253372,0.784088,-0.167377,132.567942,2.894112,0.000000,1,0.060014,-1.686356,35.777005,39.919554,0.288043,45.550894,0.000000
30.550000,21.600000,1,-0.869565,1.366911,0.308497,0.481539,0.347273,-0.182912,0.783623,0.432193,0.012974,0.018390,-0.093000,0.582733,0.622813,0.513690,-0.454948,-0.748254,0.482844,0.531476,0.206910,0.821414,0.011418,-0.817966,1.378991,0.102033,0.016221,0.035965,0.209475,-0.540819,0.254131,0.784199,-0.167223,132.533683,2.937058,0.000000,1,0.059272,-1.669572,35.807860,39.934475,0.286161,45.551667,0.000000
30.583333,21.633333,1,-0.869553,1.367213,0.308244,0.482436,0.346350,-0.182950,0.783471,0.431944,0.012805,0.018135,-0.091775,0.583125,0.622661,0.513649,-0.455484,-0.746691,0.484754,0.532627,0.207740,0.820459,0.011822,-0.817966,1.378991,0.102033,0.016462,0.035789,0.209216,-0.540390,0.255348,0.784122,-0.167119,132.517788,2.969392,0.000000,1,0.058591,-1.648563,35.828325,39.960767,0.283483,45.561003,0.000000
30.616667,21.666667,1,-0.869621,1.367530,0.308032,0.483474,0.345482,-0.183120,0.783174,0.431731,0.012562,0.017920,-0.090534,0.583668,0.622323,0.513663,-0.455909,-0.745011,0.486935,0.533644,0.209036,0.819468,0.011640,-0.817966,1.378991,0.102033,0.016761,0.035665,0.209003,-0.540066,0.256666,0.783977,-0.166828,132.512586,2.984671,0.000000,1,0.058538,-1.618001,35.844941,39.984255,0.279096,45.569741,0.000000
30.650000,21.700000,1,-0.869774,1.367847,0.307849,0.484475,0.344711,-0.183555,0.782794,0.431570,0.012251,0.017733,-0.089397,0.584223,0.621791,0.513875,-0.455881,-0.743502,0.489263,0.534590,0.210769,0.818407,0.011903,-0.817966,1.378991,0.102033,0.017111,0.035608,0.208825,-0.539806,0.257902,0.783871,-0.166261,132.505287,2.991506,0.000000,1,0.058765,-1.578400,35.861481,40.000458,0.273088,45.574592,0.000000
30.683333,21.733333,1,-0.869867,1.368162,0.307633,0.485443,0.344060,-0.183847,0.782412,0.431374,0.011990,0.017515,-0.088382,0.584801,0.621322,0.513961,-0.456066,-0.742042,0.491302,0.535298,0.212296,0.817549,0.011788,-0.817966,1.378991,0.102033,0.017424,0.035507,0.208610,-0.539640,0.259060,0.783696,-0.165820,132.514525,3.005561,0.000000,1,0.058701,-1.545222,35.880529,40.020104,0.268138,45.580710,0.000000
30.716667,21.766667,1,-0.869812,1.368482,0.307319,0.486561,0.343350,-0.183806,0.782039,0.431085,0.011845,0.017199,-0.087249,0.585487,0.621009,0.513751,-0.456894,-0.740255,0.493225,0.535923,0.213470,0.816833,0.013550,-0.817966,1.378991,0.102033,0.017654,0.035289,0.208288,-0.539496,0.260386,0.783386,-0.165678,132.514644,3.048250,0.000000,1,0.058678,-1.527415,35.908101,40.048445,0.265809,45.589493,0.000000
30.750000,21.800000,1,-0.869662,1.368764,0.306964,0.487727,0.342805,-0.183621,0.781595,0.430770,0.011799,0.016844,-0.086243,0.586288,0.620699,0.513382,-0.458002,-0.738438,0.494918,0.536185,0.214590,0.816368,0.014323,-0.817966,1.378991,0.102033,0.017798,0.035022,0.207919,-0.539523,0.261685,0.782945,-0.165629,132.530193,3.068158,0.000000,1,0.058796,-1.522403,35.940654,40.077614,0.265674,45.597577,0.000000
30.783333,21.833333,1,-0.869550,1.368891,0.306746,0.487931,0.342759,-0.183792,0.781447,0.430601,0.011814,0.016626,-0.086110,0.586452,0.620491,0.513469,-0.457870,-0.738205,0.495388,0.536207,0.215151,0.816206,0.008285,-0.817966,1.378991,0.102033,0.017839,0.034870,0.207693,-0.539566,0.261888,0.782895,-0.165406,132.525169,3.129756,0.000000,1,0.058917,-1.524734,35.963178,40.090503,0.266810,45.599352,0.000000
30.816667,21.866667,1,-0.869502,1.368806,0.306769,0.487143,0.343333,-0.184269,0.781575,0.430640,0.011903,0.016650,-0.086973,0.586003,0.620390,0.513957,-0.456567,-0.739641,0.494446,0.535775,0.215103,0.816502,0.003018,-0.817966,1.378991,0.102033,0.017741,0.034881,0.207714,-0.539720,0.260912,0.783191,-0.165043,132.473218,3.219785,0.000000,1,0.058905,-1.536007,35.963197,40.084359,0.269499,45.596285,0.000000
30.850000,21.900000,1,-0.869461,1.368630,0.306943,0.486418,0.344048,-0.184775,0.781592,0.430756,0.012040,0.016826,-0.087934,0.585675,0.620179,0.514423,-0.455274,-0.741070,0.493500,0.535066,0.215292,0.816917,0.007531,-0.817966,1.378991,0.102033,0.017571,0.034943,0.207888,-0.540025,0.259932,0.783399,-0.164601,132.433878,3.176616,0.000000,1,0.058456,-1.553139,35.943428,40.077124,0.273186,45.597294,0.000000
30.883333,21.933333,1,-0.869398,1.368553,0.307144,0.486454,0.344533,-0.184928,0.781320,0.430779,0.012134,0.017028,-0.088352,0.585925,0.619868,0.514441,-0.455089,-0.741306,0.493314,0.534237,0.215914,0.817296,0.006729,-0.817966,1.378991,0.102033,0.017468,0.034927,0.208087,-0.540464,0.259750,0.783214,-0.164331,132.446698,3.081034,0.000000,1,0.057272,-1.565048,35.909496,40.090643,0.275916,45.612680,0.000000
30.916667,21.966667,1,-0.869279,1.368609,0.307358,0.487246,0.345096,-0.184706,0.780631,0.430663,0.012194,0.017243,-0.088505,0.586887,0.619356,0.513935,-0.456076,-0.740502,0.493611,0.532732,0.217130,0.817956,0.007540,-0.817966,1.378991,0.102033,0.017435,0.034786,0.208292,-0.541309,0.260226,0.782501,-0.164190,132.501904,2.968496,0.000000,1,0.055690,-1.573026,35.859064,40.133048,0.277915,45.647294,0.000000
30.950000,22.000000,1,-0.869150,1.368733,0.307668,0.487923,0.345684,-0.184669,0.779956,0.430487,0.012219,0.017553,-0.088731,0.587759,0.618773,0.513602,-0.456680,-0.739910,0.493939,0.531300,0.218495,0.818523,0.010733,-0.817966,1.378991,0.102033,0.017449,0.034590,0.208591,-0.542122,0.260585,0.781881,-0.163892,132.531298,2.780119,0.000000,1,0.054144,-1.576756,35.785008,40.196648,0.279146,45.698654,0.000000
30.983333,22.033333,1,-0.869080,1.368878,0.308157,0.487684,0.346173,-0.185093,0.779788,0.430329,0.012182,0.018041,-0.089274,0.587765,0.618433,0.513909,-0.455855,-0.740582,0.493695,0.530693,0.219140,0.818744,0.015433,-0.817966,1.378991,0.102033,0.017511,0.034418,0.209071,-0.542439,0.260145,0.781904,-0.163433,132.482296,2.560052,0.000000,1,0.052663,-1.572437,35.680257,40.273467,0.278955,45.764115,0.000000
31.016667,22.066667,1,-0.869075,1.369085,0.308740,0.487160,0.346615,-0.185594,0.779800,0.430161,0.012055,0.018624,-0.089901,0.587494,0.618220,0.514367,-0.454690,-0.741615,0.493218,0.530350,0.219445,0.818885,0.018584,-0.817966,1.378991,0.102033,0.017660,0.034254,0.209650,-0.542590,0.259467,0.782116,-0.162994,132.404770,2.492973,0.000000,1,0.051501,-1.556488,35.556928,40.361795,0.276709,45.839859,0.000000
31.050000,22.100000,1,-0.869073,1.369399,0.309288,0.487141,0.347121,-0.185824,0.779532,0.429909,0.011862,0.019169,-0.090362,0.587706,0.617878,0.514455,-0.454342,-0.741953,0.493031,0.529528,0.220124,0.819235,0.018928,-0.817966,1.378991,0.102033,0.017896,0.034031,0.210191,-0.543023,0.259225,0.781966,-0.162658,132.419746,2.062993,0.000000,1,0.050608,-1.532296,35.431639,40.463373,0.272989,45.922878,0.000000
31.083333,22.133333,1,-0.869039,1.369802,0.309849,0.487437,0.347591,-0.186072,0.779078,0.429568,0.011641,0.019728,-0.090651,0.588182,0.617364,0.514476,-0.454194,-0.741877,0.493282,0.528600,0.221288,0.819521,0.020756,-0.817966,1.378991,0.102033,0.018185,0.033728,0.210742,-0.543558,0.259282,0.781667,-0.162217,132.443761,1.817543,0.000000,1,0.049267,-1.504652,35.294744,40.583999,0.268630,46.018572,0.000000
31.116667,22.166667,1,-0.868980,1.370191,0.310505,0.487331,0.348111,-0.186391,0.778836,0.429221,0.011447,0.020383,-0.091163,0.588322,0.617006,0.514656,-0.453637,-0.742358,0.493071,0.527825,0.221987,0.819831,0.022952,-0.817966,1.378991,0.102033,0.018444,0.033408,0.211387,-0.543964,0.258953,0.781577,-0.161815,132.482921,1.365922,0.000000,1,0.048066,-1.480552,35.140254,40.713965,0.264878,46.123176,0.000000
31.150000,22.200000,1,-0.868864,1.370529,0.311255,0.486972,0.348783,-0.186570,0.778717,0.428882,0.011328,0.021131,-0.091924,0.588302,0.616819,0.514767,-0.453130,-0.743194,0.492276,0.526879,0.222168,0.820390,0.024914,-0.817966,1.378991,0.102033,0.018626,0.033068,0.212122,-0.544398,0.258330,0.781526,-0.161596,132.480340,0.992225,0.000000,1,0.046951,-1.466132,34.969518,40.850703,0.262830,46.235006,0.000000
31.183333,22.233333,1,-0.868677,1.370909,0.312027,0.486962,0.349531,-0.186715,0.778353,0.428467,0.011240,0.021903,-0.092597,0.588628,0.616431,0.514738,-0.452941,-0.743612,0.491819,0.525590,0.222877,0.821024,0.026425,-0.817966,1.378991,0.102033,0.018799,0.032644,0.212875,-0.545049,0.257992,0.781248,-0.161288,132.435603,0.807446,0.000000,1,0.045570,-1.455924,34.787081,41.004022,0.261520,46.358230,0.000000
31.216667,22.266667,1,-0.868503,1.371343,0.312798,0.487102,0.350191,-0.186892,0.777926,0.428016,0.011110,0.022673,-0.093126,0.589051,0.615972,0.514709,-0.452805,-0.743805,0.491652,0.524380,0.223811,0.821544,0.027047,-0.817966,1.378991,0.102033,0.019023,0.032198,0.213625,-0.545688,0.257826,0.780932,-0.160921,132.412221,0.871371,0.000000,1,0.044670,-1.440252,34.601295,41.164228,0.259237,46.485669,0.000000
31.250000,22.300000,1,-0.868428,1.371772,0.313592,0.486938,0.350601,-0.187093,0.777796,0.427629,0.010903,0.023465,-0.093566,0.589088,0.615767,0.514832,-0.452386,-0.744271,0.491333,0.523796,0.224153,0.821823,0.027177,-0.817966,1.378991,0.102033,0.019302,0.031833,0.214406,-0.545974,0.257494,0.780891,-0.160679,132.395643,1.149133,0.000000,1,0.044479,-1.414532,34.417534,41.314167,0.255166,46.606874,0.000000
31.283333,22.333333,1,-0.868411,1.372199,0.314370,0.486665,0.351073,-0.187615,0.777628,0.427278,0.010652,0.024240,-0.094108,0.589056,0.615384,0.515228,-0.451368,-0.744995,0.491172,0.523256,0.224894,0.821965,0.026611,-0.817966,1.378991,0.102033,0.019613,0.031517,0.215174,-0.546258,0.257031,0.780957,-0.160134,132.389578,1.558427,0.000000,1,0.044364,-1.382876,34.240536,41.455292,0.250022,46.721521,0.000000
31.316667,22.366667,1,-0.868361,1.372677,0.315093,0.486346,0.351444,-0.188623,0.777416,0.426866,0.010397,0.024961,-0.094578,0.588940,0.614743,0.516038,-0.449520,-0.745863,0.491549,0.523060,0.226292,0.821706,0.026042,-0.817966,1.378991,0.102033,0.019948,0.031146,0.215884,-0.546421,0.256560,0.781202,-0.159137,132.441343,2.025974,0.000000,1,0.043657,-1.350805,34.067491,41.603035,0.244778,46.838581,0.000000
31.350000,22.400000,1,-0.868309,1.373214,0.315771,0.486045,0.351323,-0.189539,0.777437,0.426406,0.010107,0.025637,-0.094599,0.588619,0.614351,0.516867,-0.447799,-0.746442,0.492241,0.523710,0.227247,0.821028,0.026021,-0.817966,1.378991,0.102033,0.020330,0.030741,0.216550,-0.546159,0.256322,0.781626,-0.158338,132.450307,2.588750,0.000000,1,0.042997,-1.314431,33.897611,41.756135,0.238729,46.957583,0.000000
31.383333,22.433333,1,-0.868328,1.373765,0.316462,0.485932,0.350978,-0.190123,0.777520,0.425978,0.009753,0.026323,-0.094339,0.588365,0.614164,0.517426,-0.446741,-0.746580,0.492991,0.524558,0.227805,0.820332,0.026510,-0.817966,1.378991,0.102033,0.020766,0.030385,0.217231,-0.545789,0.256358,0.781968,-0.157863,132.422979,3.072275,0.000000,1,0.042668,-1.269381,33.728859,41.904023,0.231083,47.073380,0.000000
31.416667,22.466667,1,-0.868394,1.374320,0.317252,0.485594,0.350777,-0.190744,0.777670,0.425576,0.009358,0.027110,-0.094306,0.587974,0.614019,0.518048,-0.445466,-0.747081,0.493386,0.525284,0.228174,0.819764,0.029031,-0.817966,1.378991,0.102033,0.021229,0.030057,0.218014,-0.545449,0.256128,0.782376,-0.157388,132.381988,3.508963,0.000000,1,0.041696,-1.218949,33.544806,42.055468,0.222419,47.194675,0.000000
31.450000,22.500000,1,-0.868439,1.374873,0.318119,0.484925,0.350801,-0.191447,0.777904,0.425161,0.008980,0.027973,-0.094622,0.587387,0.613912,0.518783,-0.443821,-0.748134,0.493274,0.525815,0.228318,0.819384,0.030896,-0.817966,1.378991,0.102033,0.021678,0.029708,0.218873,-0.545162,0.255497,0.782885,-0.156879,132.360106,3.922111,0.000000,1,0.040504,-1.170604,33.345799,42.215522,0.214090,47.324108,0.000000
31.483333,22.533333,1,-0.868466,1.375433,0.318889,0.484546,0.351005,-0.192076,0.777893,0.424731,0.008613,0.028740,-0.094971,0.587140,0.613620,0.519344,-0.442526,-0.748881,0.493303,0.525837,0.228902,0.819206,0.028563,-0.817966,1.378991,0.102033,0.022122,0.029347,0.219634,-0.545161,0.255052,0.783143,-0.156317,132.382271,4.380891,0.000000,1,0.040397,-1.123815,33.162668,42.369816,0.206009,47.446477,0.000000
31.516667,22.566667,1,-0.868494,1.375986,0.319532,0.484387,0.351300,-0.192615,0.777726,0.424306,0.008251,0.029379,-0.095304,0.587131,0.613230,0.519753,-0.441547,-0.749368,0.493441,0.525545,0.229733,0.819161,0.025462,-0.817966,1.378991,0.102033,0.022566,0.028999,0.220268,-0.545338,0.254768,0.783223,-0.155757,132.436002,4.943857,0.000000,1,0.040750,-1.077438,33.003063,42.511611,0.197970,47.556331,0.000000
31.550000,22.600000,1,-0.868489,1.376512,0.320144,0.484246,0.351302,-0.192924,0.777736,0.423884,0.007932,0.029987,-0.095367,0.587007,0.613100,0.520034,-0.440939,-0.749628,0.493589,0.525704,0.230026,0.818977,0.024182,-0.817966,1.378991,0.102033,0.022968,0.028643,0.220869,-0.545272,0.254634,0.783367,-0.155489,132.449867,5.469111,0.000000,1,0.040471,-1.036664,32.849641,42.649575,0.190928,47.662590,0.000000
31.583333,22.633333,1,-0.868406,1.376971,0.320740,0.484243,0.351126,-0.192964,0.777808,0.423467,0.007716,0.030582,-0.095211,0.586925,0.613146,0.520101,-0.440859,-0.749559,0.493765,0.526033,0.229973,0.818780,0.022738,-0.817966,1.378991,0.102033,0.023271,0.028265,0.221452,-0.545113,0.254707,0.783453,-0.155490,132.438664,5.879720,0.000000,1,0.040088,-1.009138,32.699483,42.784716,0.186310,47.766533,0.000000
31.616667,22.666667,1,-0.868294,1.377366,0.321313,0.483933,0.350967,-0.193033,0.778055,0.423085,0.007561,0.031153,-0.095205,0.586576,0.613335,0.520274,-0.440503,-0.749894,0.493575,0.526513,0.229513,0.818601,0.021121,-0.817966,1.378991,0.102033,0.023506,0.027905,0.222010,-0.544837,0.254494,0.783703,-0.155549,132.382636,6.165856,0.000000,1,0.040072,-0.989632,32.557218,42.910556,0.183167,47.863559,0.000000
31.650000,22.700000,1,-0.868240,1.377750,0.321852,0.483465,0.350770,-0.193495,0.778320,0.422746,0.007368,0.031690,-0.095235,0.586070,0.613363,0.520805,-0.439384,-0.750514,0.493629,0.527256,0.229432,0.818145,0.019921,-0.817966,1.378991,0.102033,0.023767,0.027598,0.222538,-0.544449,0.254146,0.784140,-0.155270,132.347676,6.419524,0.000000,1,0.040241,-0.964968,32.425255,43.025247,0.179050,47.952094,0.000000
31.683333,22.733333,1,-0.868246,1.378124,0.322360,0.483169,0.350521,-0.194210,0.778438,0.422451,0.007133,0.032196,-0.095141,0.585695,0.613148,0.521497,-0.437977,-0.750957,0.494206,0.528063,0.229996,0.817466,0.018925,-0.817966,1.378991,0.102033,0.024057,0.027348,0.223039,-0.544081,0.253973,0.784565,-0.154696,132.358272,6.696806,0.000000,1,0.040462,-0.934675,32.303355,43.128510,0.173860,48.032063,0.000000
31.716667,22.766667,1,-0.868223,1.378444,0.322829,0.482959,0.350491,-0.194835,0.778425,0.422182,0.006953,0.032664,-0.095205,0.585495,0.612856,0.522052,-0.436795,-0.751370,0.494625,0.528402,0.230687,0.817053,0.017071,-0.817966,1.378991,0.102033,0.024288,0.027109,0.223501,-0.543947,0.253784,0.784829,-0.154137,132.411593,7.033356,0.000000,1,0.040573,-0.911562,32.190948,43.223327,0.169992,48.105229,0.000000
31.750000,22.800000,1,-0.868143,1.378716,0.323250,0.482898,0.350707,-0.195228,0.778268,0.421917,0.006849,0.033083,-0.095424,0.585538,0.612541,0.522334,-0.436123,-0.751651,0.494791,0.528153,0.231376,0.817019,0.015202,-0.817966,1.378991,0.102033,0.024447,0.026857,0.223910,-0.544100,0.253626,0.784857,-0.153713,132.439540,7.332384,0.000000,1,0.040617,-0.898328,32.087943,43.312645,0.167959,48.173207,0.000000
31.783333,22.833333,1,-0.868067,1.378945,0.323643,0.482845,0.350906,-0.195489,0.778145,0.421689,0.006768,0.033476,-0.095625,0.585582,0.612314,0.522514,-0.435669,-0.751878,0.494845,0.527894,0.231854,0.817051,0.013843,-0.817966,1.378991,0.102033,0.024575,0.026636,0.224294,-0.544246,0.253486,0.784858,-0.153421,132.451044,7.624831,0.000000,1,0.040820,-0.887966,31.993419,43.392455,0.166455,48.234084,0.000000
31.816667,22.866667,1,-0.868015,1.379116,0.324050,0.482648,0.351066,-0.195811,0.778114,0.421521,0.006702,0.033882,-0.095854,0.585478,0.612142,0.522790,-0.435005,-0.752285,0.494811,0.527803,0.232187,0.817015,0.013341,-0.817966,1.378991,0.102033,0.024671,0.026467,0.224694,-0.544294,0.253231,0.784966,-0.153121,132.401099,7.876087,0.000000,1,0.040981,-0.879579,31.902449,43.461644,0.165315,48.288500,0.000000
31.850000,22.900000,1,-0.867957,1.379275,0.324439,0.482490,0.351320,-0.196070,0.778032,0.421359,0.006649,0.034270,-0.096152,0.585450,0.611954,0.522987,-0.434479,-0.752672,0.494685,0.527504,0.232535,0.817109,0.012717,-0.817966,1.378991,0.102033,0.024754,0.026301,0.225076,-0.544443,0.252972,0.785000,-0.152851,132.345550,8.062797,0.000000,1,0.040912,-0.872784,31.815494,43.527849,0.164461,48.340436,0.000000
31.883333,22.933333,1,-0.867896,1.379446,0.324778,0.482401,0.351502,-0.196309,0.777945,0.421186,0.006591,0.034609,-0.096353,0.585453,0.611769,0.523163,-0.434033,-0.752930,0.494683,0.527289,0.232910,0.817141,0.011543,-0.817966,1.378991,0.102033,0.024846,0.026129,0.225408,-0.544559,0.252807,0.785022,-0.152596,132.364450,8.277477,0.000000,1,0.040915,-0.865426,31.736324,43.592012,0.163486,48.389455,0.000000
31.916667,22.966667,1,-0.867859,1.379603,0.325055,0.482369,0.351538,-0.196584,0.777879,0.421038,0.006523,0.034886,-0.096399,0.585442,0.611587,0.523380,-0.433562,-0.753056,0.494904,0.527313,0.233336,0.817004,0.009630,-0.817966,1.378991,0.102033,0.024942,0.025989,0.225680,-0.544569,0.252757,0.785084,-0.152322,132.385818,8.425079,0.000000,1,0.041370,-0.856659,31.670771,43.645959,0.162234,48.429734,0.000000
31.950000,23.000000,1,-0.867808,1.379743,0.325231,0.482294,0.351526,-0.196740,0.777892,0.420897,0.006477,0.035061,-0.096421,0.585369,0.611528,0.523525,-0.433248,-0.753185,0.494983,0.527417,0.233472,0.816898,0.006894,-0.817966,1.378991,0.102033,0.025019,0.025855,0.225849,-0.544522,0.252691,0.785164,-0.152189,132.427493,8.555743,0.000000,1,0.041994,-0.850878,31.624138,43.690143,0.161536,48.460209,0.000000
31.983333,23.033333,1,-0.867719,1.379879,0.325305,0.482087,0.351416,-0.196816,0.778051,0.420734,0.006466,0.035135,-0.096413,0.585134,0.611636,0.523664,-0.432960,-0.753413,0.494888,0.527754,0.233213,0.816754,0.005381,-0.817966,1.378991,0.102033,0.025073,0.025697,0.225916,-0.544332,0.252550,0.785338,-0.152200,132.423588,8.634412,0.000000,1,0.042438,-0.849593,31.593681,43.729660,0.161677,48.484315,0.000000
32.016667,23.066667,1,-0.867639,1.380005,0.325296,0.481910,0.351265,-0.196915,0.778203,0.420585,0.006454,0.035126,-0.096357,0.584908,0.611727,0.523821,-0.432655,-0.753590,0.494885,0.528151,0.233011,0.816556,0.004486,-0.817966,1.378991,0.102033,0.025126,0.025558,0.225899,-0.544120,0.252453,0.785519,-0.152188,132.383764,8.659212,0.000000,1,0.043107,-0.848298,31.579683,43.759403,0.161808,48.499263,0.000000
32.050000,23.100000,1,-0.867599,1.380078,0.325238,0.481901,0.351158,-0.197071,0.778218,0.420503,0.006443,0.035068,-0.096264,0.584852,0.611670,0.523967,-0.432385,-0.753589,0.495123,0.528389,0.233186,0.816351,0.003047,-0.817966,1.378991,0.102033,0.025161,0.025486,0.225838,-0.544017,0.252489,0.785604,-0.152057,132.323368,8.648477,0.000000,1,0.098267,-0.848298,31.579683,43.759403,0.161808,48.499263,0.000000
32.083333,23.133333,1,-0.867585,1.380062,0.325158,0.481918,0.351110,-0.197208,0.778194,0.420507,0.006465,0.034988,-0.096213,0.584848,0.611587,0.524078,-0.432171,-0.753578,0.495326,0.528499,0.233409,0.816217,0.002484,-0.817966,1.378991,0.102033,0.025142,0.025489,0.225757,-0.543979,0.252523,0.785645,-0.151924,132.300692,8.599038,0.000000,1,0.044716,-0.849778,31.595758,43.764721,0.162463,48.493830,0.000000
32.116667,23.166667,1,-0.867571,1.379982,0.325049,0.481965,0.351116,-0.197319,0.778134,0.420563,0.006524,0.034880,-0.096197,0.584893,0.611484,0.524150,-0.432025,-0.753550,0.495497,0.528489,0.233666,0.816149,0.004056,-0.817966,1.378991,0.102033,0.025073,0.025533,0.225649,-0.544002,0.252561,0.785642,-0.151797,132.322520,8.521875,0.000000,1,0.045759,-0.857430,31.619842,43.746597,0.164289,48.474115,0.000000
32.150000,23.200000,1,-0.867532,1.379899,0.324920,0.482070,0.351319,-0.197366,0.777966,0.420605,0.006608,0.034751,-0.096332,0.585077,0.611314,0.524118,-0.432040,-0.753525,0.495521,0.528078,0.234031,0.816311,0.004778,-0.817966,1.378991,0.102033,0.024986,0.025559,0.225519,-0.544224,0.252566,0.785510,-0.151673,132.378882,8.450858,0.000000,1,0.045904,-0.868213,31.646699,43.728769,0.166691,48.454151,0.000000
32.183333,23.233333,1,-0.867459,1.379830,0.324820,0.482313,0.351862,-0.197137,0.777627,0.420617,0.006708,0.034653,-0.096712,0.585539,0.611115,0.523764,-0.432636,-0.753417,0.495165,0.526904,0.234370,0.816972,0.004243,-0.817966,1.378991,0.102033,0.024889,0.025548,0.225416,-0.544816,0.252554,0.785096,-0.151709,132.405784,8.392321,0.000000,1,0.045454,-0.881396,31.665163,43.719249,0.169528,48.441002,0.000000
32.216667,23.266667,1,-0.867391,1.379727,0.324817,0.482490,0.352638,-0.196728,0.777270,0.420658,0.006825,0.034651,-0.097330,0.586044,0.610981,0.523241,-0.433491,-0.753461,0.494350,0.525302,0.234457,0.817978,0.003710,-0.817966,1.378991,0.102033,0.024766,0.025556,0.225410,-0.545588,0.252383,0.784579,-0.151894,132.373973,8.402417,0.000000,1,0.045020,-0.896573,31.669258,43.711987,0.172732,48.432884,0.000000
32.250000,23.300000,1,-0.867370,1.379580,0.324898,0.482710,0.353580,-0.196388,0.776791,0.420763,0.006929,0.034733,-0.098078,0.586662,0.610708,0.522728,-0.434273,-0.753545,0.493535,0.523391,0.234833,0.819094,0.005055,-0.817966,1.378991,0.102033,0.024634,0.025623,0.225492,-0.546524,0.252178,0.783981,-0.151959,132.287905,8.439164,0.000000,1,0.044986,-0.909947,31.664468,43.699669,0.175587,48.424471,0.000000
32.283333,23.333333,1,-0.867358,1.379424,0.325005,0.483284,0.354812,-0.196016,0.775966,0.420880,0.007031,0.034841,-0.098928,0.587728,0.610142,0.522031,-0.435394,-0.753311,0.492905,0.520741,0.235881,0.820481,0.005693,-0.817966,1.378991,0.102033,0.024500,0.025700,0.225601,-0.547870,0.252168,0.783060,-0.151882,132.268019,8.548362,0.000000,1,0.044925,-0.923085,31.656137,43.687091,0.178384,48.416977,0.000000
32.316667,23.366667,1,-0.867312,1.379243,0.325140,0.483923,0.356365,-0.195408,0.775009,0.420997,0.007175,0.034977,-0.100038,0.588996,0.609564,0.521065,-0.436968,-0.753088,0.491851,0.517400,0.236849,0.822313,0.006895,-0.817966,1.378991,0.102033,0.024325,0.025764,0.225735,-0.549534,0.252081,0.781908,-0.151950,132.303467,8.782232,0.000000,1,0.044752,-0.941654,31.643010,43.676619,0.182199,48.411968,0.000000
32.350000,23.400000,1,-0.867261,1.379024,0.325334,0.484553,0.357982,-0.194525,0.774091,0.421141,0.007346,0.035173,-0.101210,0.590283,0.609143,0.519872,-0.438980,-0.752838,0.490440,0.513868,0.237402,0.824367,0.008919,-0.817966,1.378991,0.102033,0.024114,0.025843,0.225930,-0.551257,0.251963,0.780667,-0.152278,132.345250,9.021032,0.000000,1,0.044585,-0.963727,31.621887,43.665784,0.186670,48.408901,0.000000
32.383333,23.433333,1,-0.867275,1.378817,0.325579,0.485353,0.359025,-0.193854,0.773275,0.421315,0.007457,0.035419,-0.101792,0.591467,0.608719,0.518910,-0.440743,-0.752153,0.489911,0.511327,0.238200,0.825715,0.009623,-0.817966,1.378991,0.102033,0.023951,0.025963,0.226178,-0.552541,0.252247,0.779629,-0.152472,132.306687,9.241404,0.000000,1,0.044469,-0.977842,31.594601,43.653641,0.189626,48.406784,0.000000
32.416667,23.466667,1,-0.867338,1.378678,0.325855,0.486514,0.359555,-0.193687,0.772341,0.421465,0.007487,0.035696,-0.101751,0.592746,0.607964,0.518342,-0.441935,-0.750892,0.490769,0.509642,0.240053,0.826220,0.009493,-0.817966,1.378991,0.102033,0.023870,0.026081,0.226461,-0.553515,0.253072,0.778731,-0.152164,132.242656,9.426134,0.000000,1,0.043972,-0.981468,31.559344,43.648800,0.190578,48.410660,0.000000
32.450000,23.500000,1,-0.867348,1.378616,0.326170,0.488130,0.359807,-0.193695,0.771200,0.421520,0.007513,0.036011,-0.101259,0.594310,0.606948,0.517838,-0.443181,-0.748960,0.492595,0.508242,0.242722,0.826302,0.009611,-0.817966,1.378991,0.102033,0.023819,0.026107,0.226776,-0.554434,0.254429,0.777744,-0.151602,132.262017,9.600462,0.000000,1,0.042745,-0.984713,31.508180,43.665039,0.191432,48.429866,0.000000
32.483333,23.533333,1,-0.867224,1.378567,0.326541,0.489598,0.360149,-0.193335,0.770200,0.421485,0.007637,0.036383,-0.100914,0.595781,0.606221,0.517066,-0.444917,-0.747159,0.493763,0.506668,0.244624,0.826708,0.011823,-0.817966,1.378991,0.102033,0.023696,0.026015,0.227139,-0.555379,0.255619,0.776711,-0.151435,132.305497,9.797287,0.000000,1,0.041385,-1.000975,31.437796,43.703198,0.194734,48.465648,0.000000
32.516667,23.566667,1,-0.866980,1.378504,0.326979,0.490562,0.360761,-0.192646,0.769472,0.421388,0.007866,0.036824,-0.101037,0.596918,0.605884,0.516126,-0.446811,-0.746046,0.493735,0.504802,0.245393,0.827621,0.015187,-0.817966,1.378991,0.102033,0.023488,0.025832,0.227562,-0.556354,0.256240,0.775759,-0.151689,132.367766,10.041741,0.000000,1,0.040201,-1.031109,31.349173,43.758435,0.200666,48.515134,0.000000
32.550000,23.600000,1,-0.866735,1.378486,0.327435,0.491520,0.361125,-0.192088,0.768830,0.421255,0.008067,0.037282,-0.100940,0.597939,0.605563,0.515339,-0.448474,-0.744852,0.494031,0.503428,0.246210,0.828215,0.015524,-0.817966,1.378991,0.102033,0.023316,0.025619,0.228002,-0.557103,0.256961,0.774947,-0.151870,132.336158,10.363447,0.000000,1,0.039486,-1.057728,31.253785,43.822187,0.205946,48.570834,0.000000
32.583333,23.633333,1,-0.866583,1.378578,0.327862,0.492616,0.361500,-0.191601,0.768073,0.421091,0.008129,0.037710,-0.100791,0.599089,0.605109,0.514564,-0.450130,-0.743501,0.494561,0.501970,0.247368,0.828755,0.013877,-0.817966,1.378991,0.102033,0.023288,0.025418,0.228417,-0.557920,0.257802,0.774067,-0.151933,132.294078,10.740493,0.000000,1,0.039077,-1.066215,31.160348,43.889919,0.207795,48.628123,0.000000
32.616667,23.666667,1,-0.866497,1.378769,0.328209,0.493679,0.362484,-0.190812,0.767123,0.420887,0.008078,0.038057,-0.101203,0.600481,0.604619,0.513436,-0.452283,-0.742407,0.494239,0.499325,0.248389,0.830047,0.012179,-0.817966,1.378991,0.102033,0.023381,0.025213,0.228755,-0.559268,0.258352,0.772864,-0.152166,132.254325,11.103925,0.000000,1,0.038992,-1.059997,31.077168,43.959118,0.206849,48.683579,0.000000
32.650000,23.700000,1,-0.866401,1.378930,0.328577,0.495683,0.362751,-0.190059,0.765890,0.420700,0.008055,0.038425,-0.100554,0.602398,0.603861,0.512208,-0.455064,-0.739752,0.495665,0.497458,0.250481,0.830539,0.012383,-0.817966,1.378991,0.102033,0.023443,0.025018,0.229114,-0.560388,0.260070,0.771462,-0.152234,132.275186,11.468070,0.000000,1,0.038762,-1.057286,30.992210,44.026297,0.206573,48.738382,0.000000
32.683333,23.733333,1,-0.866284,1.378871,0.329139,0.498483,0.361632,-0.189572,0.764721,0.420678,0.008177,0.038988,-0.098309,0.604409,0.603042,0.511239,-0.457941,-0.735435,0.499426,0.497759,0.253351,0.829487,0.017307,-0.817966,1.378991,0.102033,0.023312,0.024926,0.229668,-0.560620,0.263111,0.770287,-0.152103,132.271838,11.759987,0.000000,1,0.038714,-1.073276,30.888674,44.077639,0.209886,48.789367,0.000000
32.716667,23.766667,1,-0.866277,1.378628,0.329751,0.501305,0.361420,-0.188572,0.763223,0.420868,0.008323,0.039601,-0.096869,0.606844,0.602160,0.509666,-0.461713,-0.731370,0.501915,0.496233,0.256039,0.829576,0.019752,-0.817966,1.378991,0.102033,0.023098,0.025029,0.230282,-0.561676,0.265785,0.768566,-0.152263,132.173115,12.053975,0.000000,1,0.040210,-1.091862,30.797069,44.092355,0.213730,48.817720,0.000000
32.750000,23.800000,1,-0.866467,1.378502,0.329928,0.504005,0.365251,-0.186049,0.760234,0.421083,0.008245,0.039777,-0.099112,0.610977,0.600634,0.506085,-0.468109,-0.729054,0.499353,0.486834,0.258831,0.834266,0.008675,-0.817966,1.378991,0.102033,0.023107,0.025246,0.230473,-0.566289,0.266614,0.764731,-0.153036,132.214076,12.334167,0.000000,1,0.043308,-1.081104,30.785746,44.067230,0.211974,48.804525,0.000000
32.783333,23.833333,1,-0.866783,1.378593,0.329514,0.506511,0.371959,-0.182651,0.756129,0.421200,0.007943,0.039360,-0.104023,0.616223,0.598506,0.501238,-0.475880,-0.728190,0.493231,0.471784,0.261941,0.841907,0.015854,-0.817966,1.378991,0.102033,0.023379,0.025468,0.230078,-0.573378,0.266030,0.759433,-0.154035,132.362291,12.517112,0.000000,1,0.047139,-1.041218,30.870453,44.013337,0.204632,48.751892,0.000000
32.816667,23.866667,1,-0.866926,1.378492,0.329093,0.509467,0.374517,-0.180923,0.753290,0.421367,0.007893,0.038938,-0.105009,0.620019,0.596757,0.498429,-0.481084,-0.725097,0.492740,0.464666,0.265708,0.844680,0.013677,-0.817966,1.378991,0.102033,0.023395,0.025669,0.229669,-0.576954,0.267634,0.756124,-0.154185,132.382074,12.581296,0.000000,1,0.047899,-1.034258,30.961990,43.947835,0.203550,48.691685,0.000000
32.850000,23.900000,1,-0.866945,1.378174,0.328777,0.512363,0.374623,-0.180410,0.751395,0.421632,0.008073,0.038624,-0.103820,0.622665,0.595303,0.497116,-0.484194,-0.721159,0.495465,0.462580,0.269672,0.844569,0.013475,-0.817966,1.378991,0.102033,0.023159,0.025894,0.229359,-0.578306,0.270229,0.754259,-0.153724,132.326201,12.524342,0.000000,1,0.048326,-1.057206,31.044800,43.871057,0.208152,48.627996,0.000000
32.883333,23.933333,1,-0.866883,1.377637,0.328597,0.514891,0.374796,-0.179832,0.749717,0.422024,0.008448,0.038448,-0.102853,0.625011,0.594072,0.495844,-0.487120,-0.717702,0.497612,0.460566,0.272999,0.844600,0.017087,-0.817966,1.378991,0.102033,0.022697,0.026177,0.229185,-0.579561,0.272463,0.752551,-0.153426,132.198658,12.477640,0.000000,1,0.048905,-1.105275,31.115827,43.780450,0.217520,48.560195,0.000000
32.916667,23.966667,1,-0.866834,1.376888,0.328643,0.517176,0.375645,-0.178850,0.747952,0.422592,0.008936,0.038499,-0.102603,0.627440,0.592943,0.494176,-0.490525,-0.714791,0.498456,0.457283,0.275782,0.845480,0.022538,-0.817966,1.378991,0.102033,0.022068,0.026585,0.229241,-0.581319,0.274187,0.750563,-0.153441,132.078948,12.450346,0.000000,1,0.049420,-1.167792,31.164247,43.673808,0.229618,48.489771,0.000000
32.950000,24.000000,1,-0.866829,1.376099,0.328778,0.519363,0.376858,-0.177966,0.746036,0.423219,0.009414,0.038638,-0.102721,0.629944,0.591636,0.492529,-0.493726,-0.712214,0.498985,0.453379,0.278830,0.846582,0.024010,-0.817966,1.378991,0.102033,0.021431,0.027046,0.229387,-0.583352,0.275664,0.748472,-0.153297,132.160041,12.425747,0.000000,1,0.049704,-1.228568,31.203114,43.562765,0.241352,48.419622,0.000000
32.983333,24.033333,1,-0.866852,1.375435,0.328858,0.522223,0.377900,-0.177382,0.743646,0.423763,0.009795,0.038722,-0.102386,0.632979,0.589774,0.490939,-0.496992,-0.708703,0.500738,0.449470,0.283366,0.847160,0.020085,-0.817966,1.378991,0.102033,0.020911,0.027458,0.229480,-0.585515,0.277822,0.746111,-0.152659,132.406731,12.428033,0.000000,1,0.049437,-1.276705,31.243734,43.463060,0.250649,48.355311,0.000000
33.016667,24.066667,1,-0.866902,1.374888,0.328850,0.525156,0.379067,-0.176852,0.741110,0.424230,0.010084,0.038717,-0.102131,0.636134,0.587758,0.489329,-0.500252,-0.705153,0.502502,0.445276,0.288220,0.847737,0.016486,-0.817966,1.378991,0.102033,0.020504,0.027827,0.229484,-0.587818,0.279990,0.743640,-0.151903,132.575432,12.461237,0.000000,1,0.049486,-1.313091,31.292344,43.371219,0.257689,48.293407,0.000000
33.050000,24.100000,1,-0.867016,1.374421,0.328856,0.527352,0.380870,-0.176143,0.738791,0.424672,0.010273,0.038725,-0.102775,0.638913,0.586013,0.487663,-0.503243,-0.702883,0.502694,0.440226,0.292051,0.849062,0.014426,-0.817966,1.378991,0.102033,0.020199,0.028198,0.229505,-0.590370,0.281215,0.741254,-0.151408,132.542428,12.480257,0.000000,1,0.049329,-1.336479,31.336133,43.285524,0.262250,48.236180,0.000000
33.083333,24.133333,1,-0.867250,1.374175,0.328887,0.529363,0.382069,-0.175814,0.736809,0.425010,0.010235,0.038756,-0.102957,0.641257,0.584399,0.486485,-0.505465,-0.700646,0.503587,0.436559,0.295755,0.849674,0.010225,-0.817966,1.378991,0.102033,0.020141,0.028530,0.229555,-0.592299,0.282529,0.739348,-0.150742,132.329992,12.566747,0.000000,1,0.048221,-1.330500,31.364852,43.222786,0.261257,48.195137,0.000000
33.116667,24.166667,1,-0.867504,1.374121,0.328945,0.531737,0.382057,-0.175975,0.735065,0.425205,0.010063,0.038812,-0.101891,0.643384,0.582778,0.485845,-0.507146,-0.697390,0.506410,0.435169,0.299976,0.848907,0.007995,-0.817966,1.378991,0.102033,0.020250,0.028762,0.229630,-0.593302,0.284690,0.737913,-0.149762,132.217699,12.660878,0.000000,1,0.046753,-1.307604,31.374562,43.189980,0.257049,48.174946,0.000000
33.150000,24.200000,1,-0.867668,1.374134,0.329098,0.533782,0.382441,-0.175744,0.733437,0.425294,0.009923,0.038962,-0.101327,0.645393,0.581434,0.484908,-0.509195,-0.694676,0.508081,0.433092,0.303334,0.848776,0.006715,-0.817966,1.378991,0.102033,0.020354,0.028875,0.229792,-0.594524,0.286388,0.736388,-0.149183,132.292445,12.860845,0.000000,1,0.045042,-1.289110,31.356590,43.185631,0.253623,48.176927,0.000000
33.183333,24.233333,1,-0.867714,1.374201,0.329364,0.535521,0.382792,-0.175257,0.732101,0.425268,0.009843,0.039227,-0.100872,0.647110,0.580465,0.483873,-0.511384,-0.692293,0.509133,0.431193,0.305769,0.848869,0.008348,-0.817966,1.378991,0.102033,0.020429,0.028855,0.230059,-0.595593,0.287826,0.735005,-0.148972,132.341961,13.090462,0.000000,1,0.043058,-1.278751,31.306686,43.212626,0.251683,48.203616,0.000000
33.216667,24.266667,1,-0.867665,1.374377,0.329713,0.537554,0.382126,-0.175126,0.730990,0.425098,0.009773,0.039577,-0.099372,0.648637,0.579537,0.483251,-0.513187,-0.689037,0.511730,0.431212,0.308523,0.847862,0.011833,-0.817966,1.378991,0.102033,0.020531,0.028690,0.230402,-0.595880,0.289969,0.734013,-0.148558,132.487417,13.463421,0.000000,1,0.040959,-1.270068,31.227249,43.274237,0.250033,48.256105,0.000000
33.250000,24.300000,1,-0.867638,1.374766,0.330113,0.539870,0.380391,-0.175438,0.730113,0.424772,0.009557,0.039974,-0.096786,0.649941,0.578619,0.483125,-0.514446,-0.684901,0.516000,0.433280,0.311664,0.845656,0.016743,-0.817966,1.378991,0.102033,0.020816,0.028411,0.230793,-0.595335,0.292826,0.733460,-0.147868,132.474295,13.864640,0.000000,1,0.038932,-1.242782,31.122876,43.370889,0.244883,48.333415,0.000000
33.283333,24.333333,1,-0.867779,1.375447,0.330587,0.542089,0.379380,-0.175506,0.728978,0.424313,0.009028,0.040443,-0.094894,0.651480,0.577581,0.482669,-0.516052,-0.681204,0.519280,0.433917,0.314791,0.844170,0.025272,-0.817966,1.378991,0.102033,0.021435,0.028086,0.231264,-0.595393,0.295284,0.732548,-0.147267,132.364686,14.327259,0.000000,1,0.037065,-1.175282,30.991568,43.500342,0.232161,48.434801,0.000000
33.316667,24.366667,1,-0.868109,1.376211,0.331256,0.543624,0.379169,-0.175559,0.727930,0.423902,0.008299,0.041104,-0.094023,0.652765,0.576626,0.482244,-0.517201,-0.678899,0.521151,0.433398,0.317323,0.843488,0.032000,-0.817966,1.378991,0.102033,0.022227,0.027851,0.231939,-0.595864,0.296772,0.731673,-0.146719,132.200135,14.941104,0.000000,1,0.035958,-1.081172,30.830505,43.636824,0.214393,48.547163,0.000000
33.350000,24.400000,1,-0.868530,1.376871,0.332162,0.544397,0.379855,-0.175755,0.726947,0.423629,0.007555,0.042002,-0.094294,0.653768,0.575664,0.481981,-0.517605,-0.678212,0.521645,0.431627,0.319438,0.843598,0.035940,-0.817966,1.378991,0.102033,0.022985,0.027736,0.232859,-0.596794,0.297173,0.730882,-0.146071,132.001159,15.578724,0.000000,1,0.035231,-0.984651,30.641002,43.765626,0.196115,48.662328,0.000000
33.383333,24.433333,1,-0.868843,1.377454,0.333079,0.545166,0.381629,-0.175343,0.725539,0.423352,0.006945,0.042913,-0.095544,0.655254,0.574597,0.480991,-0.519038,-0.677963,0.520544,0.427541,0.321420,0.844925,0.033908,-0.817966,1.378991,0.102033,0.023616,0.027580,0.233783,-0.598699,0.297109,0.729412,-0.145753,132.068448,16.308737,0.000000,1,0.034464,-0.905544,30.449303,43.895075,0.181071,48.778217,0.000000
33.416667,24.466667,1,-0.868928,1.378076,0.333906,0.546519,0.382956,-0.174608,0.723998,0.422907,0.006493,0.043735,-0.096135,0.657062,0.573555,0.479648,-0.521391,-0.676542,0.520040,0.423877,0.323585,0.845944,0.031160,-0.817966,1.378991,0.102033,0.024145,0.027225,0.234604,-0.600467,0.297777,0.727703,-0.145661,132.410007,17.109542,0.000000,1,0.032853,-0.847312,30.256773,44.048760,0.169929,48.907151,0.000000
33.450000,24.500000,1,-0.868809,1.378694,0.334778,0.547944,0.383201,-0.174020,0.722932,0.422342,0.006207,0.044605,-0.095724,0.658450,0.572871,0.478644,-0.523474,-0.674461,0.520651,0.422343,0.325312,0.846049,0.032276,-0.817966,1.378991,0.102033,0.024546,0.026707,0.235457,-0.601310,0.298979,0.726511,-0.145670,132.585831,17.784725,0.000000,1,0.030878,-0.810845,30.044166,44.228357,0.162894,49.054897,0.000000
33.483333,24.533333,1,-0.868646,1.379292,0.335693,0.549158,0.383677,-0.173446,0.721896,0.421766,0.005968,0.045518,-0.095614,0.659752,0.572207,0.477667,-0.525385,-0.672810,0.520861,0.420486,0.326875,0.846371,0.033150,-0.817966,1.378991,0.102033,0.024905,0.026162,0.236349,-0.602264,0.299888,0.725343,-0.145681,132.519803,18.453036,0.000000,1,0.029874,-0.780447,29.822886,44.412988,0.157010,49.207399,0.000000
33.516667,24.566667,1,-0.868500,1.379928,0.336544,0.550239,0.384824,-0.173001,0.720567,0.421171,0.005693,0.046366,-0.096164,0.661236,0.571224,0.476678,-0.527061,-0.671754,0.520532,0.417406,0.328911,0.847106,0.032162,-0.817966,1.378991,0.102033,0.025304,0.025613,0.237179,-0.603750,0.300382,0.723951,-0.145434,132.249793,19.467130,0.000000,1,0.029449,-0.745447,29.610917,44.595994,0.150236,49.356548,0.000000
33.550000,24.600000,1,-0.868314,1.380625,0.337342,0.550883,0.386225,-0.172843,0.719363,0.420503,0.005414,0.047162,-0.097134,0.662442,0.570224,0.476004,-0.527970,-0.671549,0.519874,0.414166,0.330820,0.847953,0.032278,-0.817966,1.378991,0.102033,0.025731,0.024998,0.237952,-0.605264,0.300361,0.722784,-0.144991,132.063174,20.178035,0.000000,1,0.028538,-0.709799,29.401204,44.788369,0.143320,49.510056,0.000000
33.583333,24.633333,1,-0.868032,1.381329,0.338101,0.550829,0.387897,-0.172409,0.718609,0.419771,0.005207,0.047919,-0.098658,0.663142,0.569746,0.475287,-0.528737,-0.672435,0.517946,0.410737,0.331311,0.849428,0.032195,-0.817966,1.378991,0.102033,0.026106,0.024305,0.238680,-0.606725,0.299593,0.721874,-0.145008,132.085618,20.778599,0.000000,1,0.027583,-0.683679,29.192139,44.989252,0.138234,49.667894,0.000000
33.616667,24.666667,1,-0.867608,1.382012,0.338777,0.550795,0.390368,-0.171036,0.717624,0.418971,0.005127,0.048595,-0.100894,0.664216,0.569484,0.473630,-0.530990,-0.673480,0.514270,0.405419,0.331017,0.852094,0.031517,-0.817966,1.378991,0.102033,0.026382,0.023517,0.239317,-0.608925,0.298514,0.720318,-0.145744,132.373838,21.262232,0.000000,1,0.026865,-0.674325,28.990899,45.196197,0.136412,49.826939,0.000000
33.650000,24.700000,1,-0.867065,1.382683,0.339475,0.551412,0.392765,-0.169576,0.716188,0.418109,0.005149,0.049293,-0.102774,0.665840,0.568859,0.471692,-0.533888,-0.673515,0.511216,0.399791,0.331674,0.854494,0.033295,-0.817966,1.378991,0.102033,0.026575,0.022639,0.239968,-0.611340,0.298062,0.718336,-0.146341,132.551642,21.969031,0.000000,1,0.025599,-0.678470,28.779944,45.415956,0.137249,49.995325,0.000000
33.683333,24.733333,1,-0.866534,1.383426,0.340369,0.553076,0.394098,-0.168721,0.714372,0.417197,0.005118,0.050188,-0.103233,0.667930,0.567627,0.470119,-0.536663,-0.671609,0.510817,0.395800,0.334284,0.855334,0.038342,-0.817966,1.378991,0.102033,0.026828,0.021715,0.240814,-0.613249,0.299014,0.716334,-0.146225,132.481902,22.829241,0.000000,1,0.023344,-0.675620,28.529438,45.659722,0.136734,50.186762,0.000000
33.716667,24.766667,1,-0.866215,1.384345,0.341316,0.555497,0.395704,-0.167734,0.711834,0.416272,0.004809,0.051132,-0.103601,0.670822,0.565811,0.468105,-0.540290,-0.668714,0.510792,0.390721,0.338249,0.856110,0.040722,-0.817966,1.378991,0.102033,0.027349,0.020853,0.241724,-0.615725,0.300540,0.713637,-0.145880,132.312308,23.928284,0.000000,1,0.022253,-0.636198,28.268447,45.909867,0.128995,50.384328,0.000000
33.750000,24.800000,1,-0.866188,1.385366,0.342274,0.558275,0.397398,-0.166873,0.708912,0.415440,0.004206,0.052084,-0.103890,0.674076,0.563599,0.466031,-0.544044,-0.665368,0.511177,0.385250,0.343127,0.856648,0.042017,-0.817966,1.378991,0.102033,0.028126,0.020161,0.242661,-0.618428,0.302351,0.710659,-0.145240,132.165830,24.636484,0.000000,1,0.022436,-0.557513,28.014961,46.142911,0.113404,50.570803,0.000000
33.783333,24.833333,1,-0.866345,1.386384,0.343412,0.561219,0.398390,-0.166511,0.706111,0.414722,0.003456,0.053215,-0.103473,0.677166,0.561269,0.464454,-0.547152,-0.661503,0.512872,0.381231,0.348541,0.856261,0.046046,-0.817966,1.378991,0.102033,0.029006,0.019606,0.243790,-0.620569,0.304609,0.708031,-0.144219,132.156528,25.795213,0.000000,1,0.021936,-0.458853,27.741304,46.367204,0.093723,50.757911,0.000000
33.816667,24.866667,1,-0.866601,1.387351,0.344615,0.563941,0.398665,-0.166333,0.703825,0.414105,0.002656,0.054410,-0.102511,0.679734,0.559316,0.463269,-0.549747,-0.657588,0.515127,0.378867,0.353314,0.855353,0.046936,-0.817966,1.378991,0.102033,0.029904,0.019158,0.244990,-0.621979,0.306974,0.705960,-0.143285,132.316141,26.864667,0.000000,1,0.021805,-0.353155,27.466281,46.576221,0.072510,50.937290,0.000000
33.850000,24.900000,1,-0.866709,1.388238,0.345593,0.566208,0.399047,-0.165922,0.701883,0.413462,0.002025,0.055381,-0.101849,0.681941,0.557774,0.462030,-0.552311,-0.654326,0.516537,0.376506,0.357030,0.854852,0.039759,-0.817966,1.378991,0.102033,0.030655,0.018653,0.245959,-0.623294,0.308881,0.704079,-0.142722,132.473898,27.725835,0.000000,1,0.021657,-0.269617,27.228457,46.772469,0.055659,51.100176,0.000000
33.883333,24.933333,1,-0.866492,1.389060,0.346240,0.567898,0.400250,-0.165181,0.700005,0.412675,0.001698,0.056025,-0.102180,0.683997,0.556434,0.460530,-0.554942,-0.652291,0.516290,0.372728,0.359880,0.855313,0.032036,-0.817966,1.378991,0.102033,0.031165,0.017947,0.246577,-0.625095,0.309913,0.702076,-0.142478,132.620855,27.930390,0.000000,1,0.021368,-0.226320,27.035147,46.970552,0.046898,51.252441,0.000000
33.916667,24.966667,1,-0.866148,1.389848,0.346722,0.569537,0.401299,-0.164502,0.698231,0.411839,0.001493,0.056506,-0.102394,0.685938,0.555160,0.459131,-0.557428,-0.650255,0.516180,0.369310,0.362625,0.855636,0.029584,-0.817966,1.378991,0.102033,0.031578,0.017171,0.247023,-0.626735,0.310966,0.700195,-0.142231,132.597123,28.043377,0.000000,1,0.021334,-0.199286,26.866219,47.165478,0.041413,51.396693,0.000000
33.950000,25.000000,1,-0.865882,1.390742,0.347130,0.571457,0.401362,-0.163878,0.696771,0.410965,0.001163,0.056911,-0.101601,0.687690,0.554141,0.457917,-0.559978,-0.647241,0.517207,0.367761,0.365210,0.855204,0.030536,-0.817966,1.378991,0.102033,0.032123,0.016398,0.247399,-0.627627,0.312700,0.698651,-0.142087,132.324503,29.743495,0.000000,1,0.021077,-0.155652,26.707367,47.361525,0.032491,51.539001,0.000000
33.983333,25.033333,1,-0.865635,1.391913,0.347311,0.573551,0.401592,-0.162596,0.695216,0.409882,0.000654,0.057087,-0.100883,0.689670,0.553332,0.456071,-0.563644,-0.643869,0.517434,0.365566,0.367292,0.855253,0.036304,-0.817966,1.378991,0.102033,0.032907,0.015487,0.247544,-0.628758,0.314535,0.696728,-0.142484,132.037160,31.095416,0.000000,1,0.020870,-0.087880,26.569009,47.579776,0.018532,51.687887,0.000000
34.016667,25.066667,1,-0.865302,1.393247,0.347378,0.575659,0.402637,-0.161265,0.693176,0.408616,0.000117,0.057149,-0.100889,0.692029,0.552113,0.453969,-0.567466,-0.640921,0.516916,0.361648,0.369985,0.855758,0.041295,-0.817966,1.378991,0.102033,0.033772,0.014417,0.247568,-0.630613,0.316029,0.694329,-0.142688,132.167690,32.529489,0.000000,1,0.020052,-0.016005,26.433901,47.823133,0.003629,51.849491,0.000000
34.050000,25.100000,1,-0.865021,1.394543,0.347601,0.576823,0.401964,-0.161145,0.692627,0.407411,-0.000441,0.057366,-0.099769,0.692773,0.551679,0.453611,-0.568567,-0.638729,0.518417,0.362261,0.371393,0.854888,0.040354,-0.817966,1.378991,0.102033,0.034635,0.013401,0.247751,-0.630519,0.317386,0.693826,-0.142537,132.529157,33.689748,0.000000,1,0.018741,0.059117,26.277889,48.065599,-0.012060,52.016349,0.000000
34.083333,25.133333,1,-0.864898,1.395844,0.348033,0.576995,0.400130,-0.161803,0.693392,0.406299,-0.001131,0.057792,-0.098046,0.692107,0.552065,0.454532,-0.567576,-0.637580,0.520913,0.366145,0.371222,0.853307,0.041285,-0.817966,1.378991,0.102033,0.035591,0.012497,0.248153,-0.628962,0.318326,0.694852,-0.142325,132.625414,34.543957,0.000000,1,0.017569,0.152291,26.094257,48.305284,-0.031656,52.189286,0.000000
34.116667,25.166667,1,-0.864957,1.397265,0.348626,0.577677,0.399678,-0.162064,0.693024,0.405200,-0.002039,0.058375,-0.097338,0.692517,0.551622,0.454597,-0.567734,-0.636347,0.522245,0.366715,0.372477,0.852514,0.046237,-0.817966,1.378991,0.102033,0.036748,0.011655,0.248725,-0.628847,0.319139,0.694665,-0.141921,132.527101,35.058242,0.000000,1,0.016671,0.275469,25.884167,48.553112,-0.057732,52.373891,0.000000
34.150000,25.200000,1,-0.865137,1.398890,0.349326,0.579142,0.399859,-0.162063,0.691696,0.404011,-0.003169,0.059064,-0.096849,0.693915,0.550441,0.454000,-0.569008,-0.634210,0.523457,0.365391,0.375270,0.851858,0.053357,-0.817966,1.378991,0.102033,0.038139,0.010782,0.249408,-0.629631,0.320397,0.693505,-0.141289,132.303876,36.690119,0.000000,1,0.015821,0.429213,25.647491,48.823704,-0.090496,52.578084,0.000000
34.183333,25.233333,1,-0.865321,1.400720,0.350129,0.581601,0.399352,-0.161687,0.690012,0.402660,-0.004425,0.059855,-0.095304,0.695897,0.549112,0.452904,-0.571591,-0.630033,0.525683,0.364746,0.378787,0.850577,0.060208,-0.817966,1.378991,0.102033,0.039693,0.009782,0.250191,-0.630243,0.322867,0.691896,-0.140823,132.150016,38.096953,0.000000,1,0.014633,0.601223,25.378052,49.129799,-0.127426,52.810439,0.000000
34.216667,25.266667,1,-0.865466,1.402853,0.351026,0.584282,0.398994,-0.161410,0.688015,0.401045,-0.005834,0.060738,-0.093794,0.698145,0.547459,0.451756,-0.574237,-0.625601,0.528086,0.363673,0.382982,0.849157,0.069549,-0.817966,1.378991,0.102033,0.041464,0.008563,0.251060,-0.631078,0.325474,0.690053,-0.140120,132.170494,39.627236,0.000000,1,0.013896,0.795350,25.068178,49.489240,-0.169438,53.082711,0.000000
34.250000,25.300000,1,-0.865560,1.405164,0.351985,0.585903,0.398949,-0.161648,0.686606,0.399256,-0.007310,0.061682,-0.093032,0.699583,0.546100,0.451336,-0.575282,-0.623117,0.529883,0.362781,0.386240,0.848062,0.075126,-0.817966,1.378991,0.102033,0.043345,0.007193,0.251984,-0.631721,0.326968,0.688936,-0.139240,132.357036,41.272404,0.000000,1,0.013622,1.000449,24.732110,49.882604,-0.214264,53.380740,0.000000
34.283333,25.333333,1,-0.865615,1.407535,0.353058,0.586514,0.398457,-0.162138,0.686254,0.397396,-0.008792,0.062740,-0.092319,0.699913,0.545567,0.451614,-0.575045,-0.622002,0.531448,0.363541,0.387667,0.847085,0.078083,-0.817966,1.378991,0.102033,0.045248,0.005750,0.253019,-0.631536,0.327730,0.688865,-0.138640,132.516862,42.773819,0.000000,1,0.013382,1.208262,24.370377,50.294318,-0.260200,53.696178,0.000000
34.316667,25.366667,1,-0.865745,1.409975,0.354157,0.587447,0.397452,-0.162823,0.685876,0.395527,-0.010376,0.063824,-0.091001,0.700303,0.544926,0.452051,-0.574737,-0.620126,0.533967,0.365212,0.389549,0.845501,0.080379,-0.817966,1.378991,0.102033,0.047251,0.004324,0.254084,-0.631030,0.329003,0.688878,-0.137858,132.515638,44.291507,0.000000,1,0.014060,1.431699,24.004450,50.706679,-0.310170,54.013726,0.000000
34.350000,25.400000,1,-0.865887,1.412547,0.355154,0.589083,0.397072,-0.163289,0.684582,0.393559,-0.012048,0.064804,-0.089933,0.701604,0.543566,0.451884,-0.575426,-0.617452,0.536319,0.365064,0.392896,0.844015,0.082847,-0.817966,1.378991,0.102033,0.049368,0.002834,0.255045,-0.631379,0.330652,0.687973,-0.136831,132.393093,45.866457,0.000000,1,0.014806,1.669284,23.649573,51.126453,-0.363918,54.332793,0.000000
34.383333,25.433333,1,-0.865991,1.415277,0.355979,0.591642,0.397083,-0.162954,0.682445,0.391441,-0.013783,0.065612,-0.088807,0.703909,0.541815,0.450624,-0.578103,-0.613334,0.538163,0.363286,0.397099,0.842814,0.085637,-0.817966,1.378991,0.102033,0.051594,0.001228,0.255829,-0.632486,0.332990,0.685967,-0.136114,132.254629,47.450288,0.000000,1,0.015638,1.918359,23.313745,51.558186,-0.420931,54.653549,0.000000
34.416667,25.466667,1,-0.866052,1.418118,0.356610,0.594030,0.396864,-0.162585,0.680584,0.389209,-0.015547,0.066225,-0.087552,0.705955,0.540325,0.449456,-0.580648,-0.609321,0.539978,0.362088,0.400767,0.841592,0.087324,-0.817966,1.378991,0.102033,0.053887,-0.000466,0.256415,-0.633320,0.335272,0.684195,-0.135559,132.218813,49.240184,0.000000,1,0.016305,2.174415,23.004694,51.993955,-0.480285,54.969523,0.000000
34.450000,25.500000,1,-0.866101,1.420974,0.357091,0.594708,0.396245,-0.163022,0.680247,0.386958,-0.017310,0.066689,-0.086694,0.706289,0.539830,0.449693,-0.580521,-0.607977,0.541626,0.363053,0.402136,0.840523,0.086901,-0.817966,1.378991,0.102033,0.056188,-0.002170,0.256852,-0.633051,0.336152,0.684119,-0.135014,132.312241,51.186077,0.000000,1,0.016558,2.432861,22.723238,52.419785,-0.541012,55.272933,0.000000
34.483333,25.533333,1,-0.866201,1.423846,0.357577,0.594411,0.394328,-0.164281,0.681317,0.384724,-0.019124,0.067157,-0.085103,0.705166,0.540219,0.451288,-0.578193,-0.607613,0.544518,0.367566,0.401841,0.838701,0.087435,-0.817966,1.378991,0.102033,0.058533,-0.003843,0.257295,-0.631204,0.336688,0.685679,-0.134415,132.439987,52.693847,0.000000,1,0.017130,2.700710,22.445522,52.838972,-0.604768,55.572346,0.000000
34.516667,25.566667,1,-0.866355,1.426734,0.357929,0.594145,0.392772,-0.165451,0.682164,0.382511,-0.020988,0.067490,-0.083821,0.704233,0.540450,0.452707,-0.576061,-0.607390,0.547020,0.371271,0.401776,0.837099,0.087395,-0.817966,1.378991,0.102033,0.060927,-0.005474,0.257608,-0.629690,0.337099,0.686991,-0.133787,132.475338,54.174308,0.000000,1,0.017753,2.978249,22.196412,53.241882,-0.671690,55.855418,0.000000
34.550000,25.600000,1,-0.866456,1.429616,0.358163,0.594047,0.392113,-0.166464,0.682382,0.380270,-0.022806,0.067706,-0.083270,0.703853,0.540191,0.453708,-0.574431,-0.607398,0.548724,0.372958,0.402520,0.835991,0.086794,-0.817966,1.378991,0.102033,0.063287,-0.007137,0.257800,-0.629040,0.337276,0.687652,-0.132995,132.426003,55.912950,0.000000,1,0.017796,3.251931,21.968740,53.638875,-0.738568,56.129650,0.000000
34.583333,25.633333,1,-0.866454,1.432547,0.358355,0.594655,0.391504,-0.166809,0.682118,0.377928,-0.024570,0.067881,-0.082453,0.704127,0.539802,0.453894,-0.574363,-0.606141,0.550182,0.373911,0.403630,0.835029,0.088119,-0.817966,1.378991,0.102033,0.065624,-0.008909,0.257943,-0.628753,0.338088,0.687598,-0.132567,132.297722,58.100751,0.000000,1,0.018103,3.521421,21.742191,54.048389,-0.805268,56.410773,0.000000
34.616667,25.666667,1,-0.866330,1.435633,0.358434,0.595793,0.390507,-0.166664,0.681732,0.375389,-0.026328,0.067942,-0.081054,0.704702,0.539524,0.453585,-0.575382,-0.603678,0.551823,0.375201,0.404689,0.833937,0.092675,-0.817966,1.378991,0.102033,0.068016,-0.010864,0.257963,-0.628363,0.339564,0.687237,-0.132517,132.214139,60.438745,0.000000,1,0.019358,3.794577,21.522279,54.481877,-0.873685,56.703286,0.000000
34.650000,25.700000,1,-0.866099,1.438925,0.358224,0.594777,0.388996,-0.167352,0.683312,0.372621,-0.028123,0.067714,-0.080148,0.703113,0.540623,0.454901,-0.573282,-0.604567,0.553034,0.379153,0.402607,0.833157,0.099221,-0.817966,1.378991,0.102033,0.070516,-0.013011,0.257684,-0.626583,0.339279,0.688973,-0.132666,132.356981,63.062595,0.000000,1,0.021451,4.078193,21.339416,54.932466,-0.945587,56.994474,0.000000
34.683333,25.733333,1,-0.865871,1.442372,0.357879,0.590864,0.386205,-0.170086,0.687602,0.369731,-0.030011,0.067351,-0.079372,0.698354,0.543216,0.459259,-0.565562,-0.609813,0.555218,0.388094,0.397234,0.831618,0.104135,-0.817966,1.378991,0.102033,0.073144,-0.015241,0.257269,-0.622386,0.336868,0.694013,-0.132293,132.313158,65.221804,0.000000,1,0.023576,4.380016,21.176424,55.389869,-1.023080,57.283894,0.000000
34.716667,25.766667,1,-0.865726,1.445829,0.357653,0.588243,0.383183,-0.172524,0.690925,0.366882,-0.031974,0.067106,-0.077818,0.694650,0.545081,0.462917,-0.559305,-0.612766,0.558296,0.396542,0.393661,0.829328,0.104043,-0.817966,1.378991,0.102033,0.075828,-0.017418,0.256977,-0.618542,0.335743,0.698091,-0.131726,132.395355,67.359251,0.000000,1,0.024340,4.696168,21.000651,55.842342,-1.105425,57.575079,0.000000
34.750000,25.800000,1,-0.865635,1.449425,0.357437,0.587316,0.380487,-0.174210,0.692777,0.363955,-0.034063,0.066869,-0.075806,0.692614,0.545975,0.465242,-0.555607,-0.613030,0.561690,0.403012,0.392329,0.826837,0.108110,-0.817966,1.378991,0.102033,0.078655,-0.019635,0.256695,-0.615727,0.336038,0.700546,-0.131126,132.341447,69.819039,0.000000,1,0.026469,5.035537,20.822356,56.302571,-1.194904,57.871772,0.000000
34.783333,25.833333,1,-0.865637,1.453250,0.357099,0.587525,0.378337,-0.175214,0.693524,0.360901,-0.036363,0.066509,-0.073782,0.691840,0.546191,0.466464,-0.553936,-0.611648,0.564838,0.407465,0.392463,0.824588,0.115202,-0.817966,1.378991,0.102033,0.081724,-0.021909,0.256295,-0.613894,0.337143,0.701720,-0.130603,132.233599,72.610488,0.000000,1,0.029973,5.411800,20.663056,56.768263,-1.295214,58.166276,0.000000
34.816667,25.866667,1,-0.865706,1.457263,0.356651,0.588493,0.377440,-0.176147,0.692955,0.357738,-0.038828,0.066035,-0.072545,0.692312,0.545268,0.467037,-0.553227,-0.609768,0.567559,0.408874,0.394840,0.822754,0.121132,-0.817966,1.378991,0.102033,0.084985,-0.024234,0.255786,-0.613491,0.338400,0.701670,-0.129511,132.165030,75.874380,0.000000,1,0.033162,5.819240,20.523408,57.236202,-1.405165,58.456620,0.000000
34.850000,25.900000,1,-0.865831,1.461321,0.356341,0.589430,0.376687,-0.177350,0.692261,0.354572,-0.041366,0.065701,-0.071449,0.692821,0.544112,0.467799,-0.552119,-0.608073,0.570449,0.410067,0.397674,0.820792,0.122170,-0.817966,1.378991,0.102033,0.088313,-0.026551,0.255418,-0.613194,0.339559,0.701626,-0.128118,132.220443,79.109089,0.000000,1,0.034424,6.243405,20.364612,57.706316,-1.521252,58.754699,0.000000
34.883333,25.933333,1,-0.865941,1.465344,0.356180,0.589576,0.375700,-0.178652,0.692338,0.351425,-0.043873,0.065514,-0.070494,0.692514,0.543598,0.468994,-0.550151,-0.607525,0.572929,0.412253,0.399063,0.819022,0.120830,-0.817966,1.378991,0.102033,0.091601,-0.028868,0.255196,-0.612350,0.340097,0.702304,-0.127006,132.308579,82.127592,0.000000,1,0.034601,6.668316,20.184945,58.177523,-1.639383,59.060520,0.000000
34.916667,25.966667,1,-0.865887,1.469330,0.356036,0.589517,0.374330,-0.179834,0.692825,0.348209,-0.046227,0.065348,-0.069287,0.691851,0.543503,0.470262,-0.548107,-0.607050,0.575386,0.415304,0.399608,0.817213,0.119653,-0.817966,1.378991,0.102033,0.094759,-0.031294,0.254984,-0.611085,0.340617,0.703299,-0.126198,132.369649,84.858054,0.000000,1,0.034482,7.077096,20.000158,58.659020,-1.754969,59.374009,0.000000
34.950000,26.000000,1,-0.865671,1.473410,0.355748,0.589661,0.372870,-0.180843,0.693227,0.344820,-0.048506,0.065037,-0.067911,0.691329,0.543409,0.471337,-0.546458,-0.606156,0.577891,0.418360,0.400189,0.815367,0.122886,-0.817966,1.378991,0.102033,0.097900,-0.033898,0.254615,-0.609832,0.341364,0.704148,-0.125503,132.381257,87.738519,0.000000,1,0.035973,7.483444,19.834586,59.155846,-1.871664,59.690212,0.000000
34.983333,26.033333,1,-0.865376,1.477549,0.355338,0.589514,0.371769,-0.181589,0.693749,0.341337,-0.050758,0.064604,-0.066986,0.690705,0.543540,0.472233,-0.545018,-0.605890,0.579528,0.420819,0.400155,0.814117,0.125081,-0.817966,1.378991,0.102033,0.101043,-0.036591,0.254118,-0.608778,0.341695,0.704971,-0.125096,132.325007,90.476148,0.000000,1,0.037345,7.893396,19.691620,59.654499,-1.991360,60.000850,0.000000
35.016667,26.066667,1,-0.865106,1.481722,0.354853,0.589309,0.370106,-0.182598,0.694546,0.337841,-0.053048,0.064098,-0.065583,0.689779,0.543798,0.473484,-0.543023,-0.605435,0.581871,0.424484,0.399965,0.812306,0.126309,-0.817966,1.378991,0.102033,0.104231,-0.039283,0.253549,-0.607198,0.342213,0.706171,-0.124592,132.264426,93.245765,0.000000,1,0.038735,8.315850,19.569165,60.142969,-2.116765,60.300216,0.000000
35.050000,26.100000,1,-0.864972,1.485977,0.354219,0.589037,0.367501,-0.184292,0.695712,0.334362,-0.055495,0.063439,-0.063362,0.688373,0.544077,0.475509,-0.539753,-0.604660,0.585707,0.430193,0.399932,0.809313,0.129127,-0.817966,1.378991,0.102033,0.107570,-0.041904,0.252837,-0.604740,0.343067,0.708028,-0.123660,132.262477,96.137200,0.000000,1,0.041124,8.768517,19.485618,60.607402,-2.253108,60.575095,0.000000
35.083333,26.133333,1,-0.864974,1.490332,0.353341,0.588217,0.365409,-0.185986,0.697056,0.330884,-0.058107,0.062536,-0.061844,0.686703,0.544514,0.477617,-0.536115,-0.605076,0.588612,0.435201,0.399359,0.806916,0.133269,-0.817966,1.378991,0.102033,0.111075,-0.044463,0.251889,-0.602499,0.343198,0.710020,-0.122811,132.329396,98.834243,0.000000,1,0.044078,9.253697,19.458735,61.042594,-2.401216,60.816835,0.000000
35.116667,26.166667,1,-0.864978,1.494756,0.352333,0.586908,0.363657,-0.187801,0.698587,0.327353,-0.060762,0.061501,-0.060848,0.684748,0.545064,0.479920,-0.531949,-0.606505,0.590916,0.439843,0.398406,0.804867,0.136118,-0.817966,1.378991,0.102033,0.114640,-0.047053,0.250810,-0.600347,0.342733,0.712214,-0.121941,132.384718,100.630968,0.000000,1,0.046287,9.754429,19.462558,61.467546,-2.556137,61.043680,0.000000
