time_take_s,time_episode_s,tool_tracked,tool_world_x_m,tool_world_y_m,tool_world_z_m,tool_world_qx,tool_world_qy,tool_world_qz,tool_world_qw,tcp_robot_x_m,tcp_robot_y_m,tcp_robot_z_m,tcp_robot_qx,tcp_robot_qy,tcp_robot_qz,tcp_robot_qw,tcp_robot_rot6d_r00,tcp_robot_rot6d_r01,tcp_robot_rot6d_r02,tcp_robot_rot6d_r10,tcp_robot_rot6d_r11,tcp_robot_rot6d_r12,tcp_speed_m_s,box_world_x_m,box_world_y_m,box_world_z_m,tool_in_box_x_m,tool_in_box_y_m,tool_in_box_z_m,tool_in_box_qx,tool_in_box_qy,tool_in_box_qz,tool_in_box_qw,flap_left_deg,flap_right_deg,gripper,ik_reachable,ik_pos_err_mm,q1_deg,q2_deg,q3_deg,q4_deg,q5_deg,q6_deg
9.208333,0.000000,1,-0.871084,1.386971,0.475409,-0.210481,-0.271146,0.195341,-0.918705,0.416933,-0.002025,0.185716,-0.146004,0.305340,0.736539,0.585628,-0.271446,-0.951838,0.142556,0.773514,-0.127615,0.620798,0.000000,-0.827688,1.375316,0.101730,0.007740,0.019932,0.375763,-0.366070,-0.038081,0.814416,-0.448631,0.286339,0.080772,0.000000,1,0.010283,0.260621,6.353410,51.484867,-0.075878,60.195467,0.000000
9.241666,0.033333,1,-0.870999,1.386986,0.474574,-0.215035,-0.271227,0.194946,-0.917710,0.416870,-0.001958,0.184882,-0.144048,0.309455,0.735847,0.584822,-0.274467,-0.949832,0.149957,0.771526,-0.124442,0.623908,0.025180,-0.827688,1.375316,0.101730,0.007765,0.019894,0.374925,-0.369106,-0.034687,0.813466,-0.448142,0.237207,0.058351,0.000000,1,0.009598,0.252101,6.462276,51.497708,-0.073302,60.139512,0.000000
9.275000,0.066667,1,-0.870822,1.386969,0.473697,-0.219357,-0.272351,0.194296,-0.916492,0.416779,-0.001798,0.184007,-0.143131,0.313829,0.735070,0.583693,-0.277632,-0.947947,0.155937,0.768272,-0.121628,0.628462,0.026821,-0.827688,1.375316,0.101730,0.007747,0.019772,0.374039,-0.372772,-0.032143,0.812146,-0.447690,0.265719,0.047103,0.000000,1,0.009447,0.231359,6.573504,51.515134,-0.067904,60.086667,0.000000
9.308333,0.100000,1,-0.870585,1.386952,0.472757,-0.223355,-0.274149,0.193442,-0.915169,0.416650,-0.001588,0.183069,-0.142963,0.318214,0.734290,0.582340,-0.280883,-0.946198,0.160665,0.764227,-0.119240,0.633829,0.029098,-0.827688,1.375316,0.101730,0.007723,0.019593,0.373086,-0.376730,-0.030280,0.810592,-0.447323,0.278747,0.046527,0.000000,1,0.009254,0.204231,6.689810,51.537952,-0.061037,60.036471,0.000000
9.341666,0.133333,1,-0.870355,1.387003,0.471670,-0.227139,-0.275259,0.192552,-0.914092,0.416472,-0.001424,0.181983,-0.142274,0.322100,0.733743,0.581061,-0.284253,-0.944351,0.165533,0.761045,-0.117241,0.638016,0.033360,-0.827688,1.375316,0.101730,0.007771,0.019421,0.371989,-0.380039,-0.028126,0.809214,-0.447160,0.270999,0.044468,0.000000,1,0.008924,0.183031,6.821999,51.567392,-0.055559,59.986159,0.000000
9.375000,0.166667,1,-0.870124,1.387090,0.470395,-0.231343,-0.276484,0.191641,-0.912859,0.416264,-0.001279,0.180710,-0.141501,0.326412,0.733069,0.579692,-0.287869,-0.942284,0.170977,0.757533,-0.114824,0.642619,0.038958,-0.827688,1.375316,0.101730,0.007860,0.019254,0.370704,-0.383705,-0.025730,0.807708,-0.446897,0.283920,0.056576,0.000000,1,0.008704,0.164276,6.979203,51.598702,-0.050664,59.930211,0.000000
9.408333,0.200000,1,-0.869862,1.387156,0.469004,-0.236627,-0.279148,0.190285,-0.910975,0.416055,-0.001095,0.179320,-0.141538,0.332336,0.732018,0.577641,-0.292596,-0.939764,0.176725,0.751611,-0.111767,0.650068,0.042512,-0.827688,1.375316,0.101730,0.007926,0.019066,0.369301,-0.389152,-0.023448,0.805393,-0.446489,0.280898,0.029901,0.000000,1,0.008751,0.140480,7.154416,51.627443,-0.044615,59.868336,0.000000
9.441666,0.233333,1,-0.869610,1.387211,0.467558,-0.242110,-0.282081,0.188533,-0.908993,0.415860,-0.000912,0.177875,-0.141728,0.338557,0.731058,0.575192,-0.298135,-0.936964,0.182248,0.745031,-0.109067,0.658052,0.044088,-0.827688,1.375316,0.101730,0.007984,0.018893,0.367843,-0.394935,-0.021181,0.802738,-0.446306,0.265558,0.028366,0.000000,1,0.008904,0.116730,7.340954,51.651137,-0.038591,59.801220,0.000000
9.475000,0.266667,1,-0.869352,1.387304,0.466013,-0.247216,-0.284618,0.186561,-0.907233,0.415632,-0.000746,0.176332,-0.141734,0.344264,0.730392,0.572644,-0.303980,-0.934097,0.187238,0.738922,-0.107122,0.665221,0.047076,-0.827688,1.375316,0.101730,0.008082,0.018714,0.366287,-0.400182,-0.018935,0.800111,-0.446450,0.245261,0.059831,0.000000,1,0.008980,0.095195,7.538948,51.678241,-0.033095,59.733402,0.000000
9.508333,0.300000,1,-0.869058,1.387456,0.464410,-0.251722,-0.287710,0.184516,-0.905435,0.415335,-0.000587,0.174731,-0.142504,0.349681,0.729723,0.570018,-0.309545,-0.931572,0.190672,0.732249,-0.105607,0.672799,0.049081,-0.827688,1.375316,0.101730,0.008235,0.018495,0.364673,-0.405450,-0.017501,0.797384,-0.446634,0.254695,0.041712,0.000000,1,0.008782,0.074516,7.738005,51.715688,-0.027811,59.671898,0.000000
9.541666,0.333333,1,-0.868839,1.387713,0.462676,-0.256630,-0.290343,0.182792,-0.903564,0.414999,-0.000549,0.172996,-0.142682,0.355253,0.728847,0.567643,-0.314846,-0.928827,0.195328,0.726074,-0.103153,0.679835,0.053017,-0.827688,1.375316,0.101730,0.008505,0.018344,0.362933,-0.410632,-0.015471,0.794832,-0.446524,0.280255,0.069159,0.000000,1,0.009065,0.069659,7.953427,51.756713,-0.026212,59.608196,0.000000
9.575000,0.366667,1,-0.868681,1.388153,0.460695,-0.262421,-0.292030,0.181351,-0.901646,0.414555,-0.000666,0.171013,-0.141618,0.361194,0.727804,0.565495,-0.320321,-0.925442,0.202366,0.720835,-0.099509,0.685926,0.061058,-0.827688,1.375316,0.101730,0.008970,0.018243,0.360954,-0.415678,-0.012162,0.792470,-0.446156,0.285083,0.100346,0.000000,1,0.009713,0.085168,8.194100,51.811922,-0.029355,59.545298,0.000000
9.608333,0.400000,1,-0.868449,1.388808,0.458634,-0.267861,-0.294693,0.179771,-0.899494,0.413893,-0.000853,0.168950,-0.141586,0.367258,0.726614,0.563122,-0.325694,-0.922342,0.207866,0.714348,-0.096030,0.693170,0.065249,-0.827688,1.375316,0.101730,0.009642,0.018045,0.358895,-0.421223,-0.009753,0.789807,-0.445736,0.291454,0.128421,0.000000,1,0.008734,0.109979,8.421897,51.903714,-0.034681,59.507329,0.000000
9.641666,0.433333,1,-0.868139,1.389649,0.456531,-0.273249,-0.297871,0.177956,-0.897184,0.413037,-0.001090,0.166844,-0.142039,0.373505,0.725389,0.560472,-0.331392,-0.919226,0.212612,0.707017,-0.092729,0.701091,0.068565,-0.827688,1.375316,0.101730,0.010488,0.017748,0.356792,-0.427119,-0.007713,0.786857,-0.445384,0.288763,0.133782,0.000000,1,0.007674,0.141408,8.634016,52.028771,-0.041577,59.493346,0.000000
9.675000,0.466667,1,-0.867796,1.390661,0.454324,-0.278651,-0.299662,0.176432,-0.895225,0.412024,-0.001403,0.164633,-0.141242,0.379145,0.724346,0.558232,-0.336856,-0.915808,0.218686,0.701603,-0.089252,0.706956,0.073575,-0.827688,1.375316,0.101730,0.011502,0.017403,0.354586,-0.431988,-0.004762,0.784400,-0.445062,0.296871,0.147054,0.000000,1,0.007435,0.183021,8.845504,52.178430,-0.050884,59.493919,0.000000
9.708333,0.500000,1,-0.867469,1.391813,0.451995,-0.283728,-0.300413,0.175075,-0.893644,0.410908,-0.001811,0.162299,-0.139658,0.384029,0.723562,0.556305,-0.342040,-0.912308,0.225172,0.697776,-0.086092,0.711123,0.078570,-0.827688,1.375316,0.101730,0.012661,0.017060,0.352263,-0.435870,-0.001380,0.782363,-0.444886,0.237841,0.168179,0.000000,1,0.007969,0.237463,9.066300,52.341797,-0.063240,59.499978,0.000000
9.741666,0.533333,1,-0.867212,1.392985,0.449504,-0.289131,-0.301056,0.173936,-0.891916,0.409820,-0.002285,0.159802,-0.137832,0.389158,0.722551,0.554508,-0.347047,-0.908597,0.232401,0.694044,-0.082155,0.715230,0.082934,-0.827688,1.375316,0.101730,0.013851,0.016795,0.349782,-0.439878,0.002314,0.780368,-0.444442,0.324804,0.197191,0.000000,1,0.009981,0.300915,9.319391,52.493020,-0.077779,59.490203,0.000000
9.775000,0.566667,1,-0.867038,1.394045,0.446898,-0.295114,-0.302030,0.172742,-0.889857,0.408871,-0.002757,0.157190,-0.136044,0.394954,0.721271,0.552514,-0.352442,-0.904486,0.240186,0.689563,-0.077481,0.720069,0.084569,-0.827688,1.375316,0.101730,0.014945,0.016632,0.347189,-0.444507,0.006232,0.778085,-0.443800,0.325095,0.196533,0.000000,1,0.012391,0.364329,9.611217,52.611956,-0.092394,59.451535,0.000000
9.808333,0.600000,1,-0.866955,1.394934,0.444255,-0.301208,-0.303712,0.171291,-0.887520,0.408113,-0.003199,0.154541,-0.134841,0.401166,0.719860,0.550169,-0.358265,-0.900276,0.247285,0.683901,-0.072760,0.725938,0.083695,-0.827688,1.375316,0.101730,0.015882,0.016584,0.344562,-0.449738,0.009778,0.775405,-0.443155,0.317047,0.162268,0.000000,1,0.014499,0.423775,9.935587,52.690397,-0.106155,59.381373,0.000000
9.841666,0.633333,1,-0.866929,1.395648,0.441784,-0.306822,-0.306015,0.169976,-0.885055,0.407529,-0.003582,0.152066,-0.134408,0.407227,0.718272,0.547892,-0.363498,-0.896540,0.253150,0.677602,-0.067961,0.732282,0.077155,-0.827688,1.375316,0.101730,0.016649,0.016606,0.342107,-0.455114,0.012553,0.772695,-0.442330,0.299590,0.139199,0.000000,1,0.014412,0.475554,10.256736,52.737018,-0.118172,59.295541,0.000000
9.875000,0.666667,1,-0.867022,1.396247,0.439657,-0.312262,-0.308427,0.169027,-0.882494,0.407108,-0.003995,0.149935,-0.134149,0.413182,0.716434,0.545900,-0.367994,-0.893059,0.258894,0.671347,-0.062548,0.738499,0.066353,-0.827688,1.375316,0.101730,0.017309,0.016741,0.340000,-0.460450,0.015114,0.770147,-0.441170,0.311086,0.121113,0.000000,1,0.012897,0.531109,10.545169,52.759458,-0.131120,59.207334,0.000000
9.908333,0.700000,1,-0.867314,1.396779,0.437868,-0.318079,-0.310105,0.168122,-0.879998,0.406860,-0.004530,0.148140,-0.133065,0.419146,0.714635,0.543973,-0.372773,-0.889032,0.265823,0.665938,-0.056819,0.743840,0.056673,-0.827688,1.375316,0.101730,0.017921,0.017063,0.338242,-0.465484,0.018441,0.767704,-0.440018,0.294186,0.166091,0.000000,1,0.011977,0.602880,10.801851,52.756912,-0.147922,59.115961,0.000000
9.941666,0.733333,1,-0.867809,1.397250,0.436405,-0.323190,-0.311244,0.167479,-0.877853,0.406783,-0.005194,0.146670,-0.131811,0.424238,0.713029,0.542437,-0.376777,-0.885385,0.272274,0.661708,-0.051569,0.747986,0.048451,-0.827688,1.375316,0.101730,0.018489,0.017575,0.336820,-0.469654,0.021580,0.765703,-0.438928,0.308486,0.168535,0.000000,1,0.011472,0.691589,11.027950,52.730041,-0.168740,59.021360,0.000000
9.975000,0.766667,1,-0.868451,1.397699,0.435096,-0.327247,-0.312113,0.167514,-0.876033,0.406811,-0.005963,0.145353,-0.130781,0.428265,0.711406,0.541652,-0.379018,-0.882687,0.277864,0.658651,-0.046404,0.751016,0.045758,-0.827688,1.375316,0.101730,0.019052,0.018226,0.335560,-0.472927,0.024081,0.764387,-0.437576,0.297421,0.167771,0.000000,1,0.011740,0.794276,11.242374,52.686852,-0.192859,58.921967,0.000000
10.008333,0.800000,1,-0.869136,1.398106,0.433724,-0.331725,-0.313698,0.167575,-0.873768,0.406899,-0.006741,0.143973,-0.130206,0.432990,0.709377,0.540694,-0.381392,-0.879868,0.283501,0.654357,-0.040338,0.755110,0.047584,-0.827688,1.375316,0.101730,0.019579,0.018928,0.334240,-0.477002,0.026432,0.762738,-0.435890,0.309449,0.117067,0.000000,1,0.012926,0.897944,11.474412,52.629534,-0.217216,58.809876,0.000000
10.041666,0.833333,1,-0.869802,1.398423,0.432228,-0.336383,-0.316048,0.167272,-0.871195,0.407049,-0.007448,0.142469,-0.130236,0.438219,0.707236,0.539277,-0.384437,-0.876937,0.288427,0.648648,-0.034288,0.760315,0.050059,-0.827688,1.375316,0.101730,0.020018,0.019632,0.332791,-0.481767,0.028430,0.760599,-0.434259,0.320042,0.090900,0.000000,1,0.014524,0.992035,11.734158,52.555843,-0.239326,58.680752,0.000000
10.075000,0.866667,1,-0.870443,1.398674,0.430599,-0.340547,-0.317735,0.166891,-0.869034,0.407236,-0.008094,0.140834,-0.129894,0.442708,0.705495,0.537972,-0.387428,-0.874083,0.293050,0.644062,-0.029191,0.764416,0.053053,-0.827688,1.375316,0.101730,0.020392,0.020327,0.331209,-0.485722,0.030489,0.758730,-0.432981,0.338021,0.150113,0.000000,1,0.016183,1.077966,12.020017,52.469688,-0.259507,58.537230,0.000000
10.108333,0.900000,1,-0.870959,1.398855,0.428818,-0.345219,-0.319083,0.166352,-0.866797,0.407402,-0.008597,0.139048,-0.129023,0.447501,0.703758,0.536489,-0.391065,-0.870593,0.298557,0.639642,-0.023845,0.768303,0.055870,-0.827688,1.375316,0.101730,0.020684,0.020915,0.329466,-0.489756,0.033158,0.756717,-0.431762,0.354557,0.162159,0.000000,1,0.017526,1.144622,12.328268,52.381215,-0.275154,58.385986,0.000000
10.141666,0.933333,1,-0.871246,1.399042,0.426941,-0.349410,-0.320740,0.165685,-0.864631,0.407428,-0.008920,0.137168,-0.128644,0.451999,0.702141,0.534926,-0.394611,-0.867480,0.302920,0.634893,-0.019103,0.772364,0.057242,-0.827688,1.375316,0.101730,0.020955,0.021283,0.327614,-0.493709,0.035265,0.754658,-0.430696,0.337714,0.256498,0.000000,1,0.017461,1.187776,12.635975,52.314684,-0.285267,58.247234,0.000000
10.175000,0.966667,1,-0.871411,1.399332,0.425073,-0.352960,-0.322774,0.164653,-0.862628,0.407296,-0.009207,0.135296,-0.128888,0.456091,0.700830,0.533110,-0.398362,-0.864809,0.305636,0.629670,-0.015549,0.776707,0.056946,-0.827688,1.375316,0.101730,0.021312,0.021516,0.325764,-0.497532,0.036650,0.752461,-0.430024,0.320582,0.109955,0.000000,1,0.016553,1.226577,12.925194,52.275769,-0.294308,58.129557,0.000000
10.208333,1.000000,1,-0.871494,1.399676,0.423392,-0.356100,-0.324978,0.163222,-0.860779,0.407073,-0.009462,0.133613,-0.129470,0.459891,0.699833,0.531009,-0.402533,-0.862320,0.307198,0.624151,-0.013058,0.781194,0.051516,-0.827688,1.375316,0.101730,0.021706,0.021649,0.324098,-0.501225,0.037625,0.750107,-0.429764,0.332526,0.083359,0.000000,1,0.014545,1.261409,13.174133,52.258968,-0.302391,58.036585,0.000000
10.241666,1.033333,1,-0.871436,1.399988,0.422188,-0.358641,-0.327325,0.161822,-0.859097,0.406790,-0.009592,0.132407,-0.130447,0.463217,0.698970,0.529012,-0.406259,-0.860379,0.307738,0.618677,-0.011151,0.785567,0.037371,-0.827688,1.375316,0.101730,0.022039,0.021619,0.322898,-0.504633,0.038051,0.747888,-0.429605,0.267862,0.044077,0.000000,1,0.010513,1.279636,13.338875,52.269556,-0.306607,57.984455,0.000000
10.275000,1.066667,1,-0.871308,1.400351,0.421529,-0.360747,-0.328978,0.160860,-0.857764,0.406424,-0.009701,0.131746,-0.130994,0.465844,0.698219,0.527560,-0.409042,-0.858751,0.308596,0.614660,-0.009339,0.788737,0.022898,-0.827688,1.375316,0.101730,0.022398,0.021482,0.322238,-0.507238,0.038591,0.746233,-0.429369,0.234833,0.014487,0.000000,1,0.006976,1.295278,13.405200,52.315015,-0.310204,57.981489,0.000000
10.308333,1.100000,1,-0.871210,1.400928,0.421176,-0.363031,-0.329787,0.160163,-0.856620,0.405904,-0.009966,0.131390,-0.130704,0.468253,0.697519,0.526425,-0.411585,-0.856788,0.310663,0.611978,-0.007232,0.790841,0.020491,-0.827688,1.375316,0.101730,0.022965,0.021330,0.321891,-0.509326,0.039811,0.744921,-0.429063,0.242448,0.028579,0.000000,1,0.005968,1.332295,13.404412,52.399527,-0.318729,58.020489,0.000000
10.341666,1.133333,1,-0.871183,1.401763,0.420932,-0.365495,-0.330645,0.159491,-0.855365,0.405221,-0.010444,0.131141,-0.130379,0.470846,0.696709,0.525264,-0.414199,-0.854689,0.312964,0.609136,-0.004805,0.793051,0.026118,-0.827688,1.375316,0.101730,0.023796,0.021206,0.321660,-0.511568,0.041133,0.743543,-0.428660,0.247289,0.077300,0.000000,1,0.006446,1.398344,13.368269,52.517405,-0.334004,58.088808,0.000000
10.375000,1.166667,1,-0.871221,1.402839,0.420797,-0.367474,-0.331507,0.159035,-0.854268,0.404384,-0.011121,0.130998,-0.130271,0.473005,0.695942,0.524366,-0.416139,-0.853095,0.314733,0.606619,-0.002612,0.794988,0.032563,-0.827688,1.375316,0.101730,0.024871,0.021110,0.321547,-0.513494,0.042081,0.742420,-0.428213,0.269504,0.037248,0.000000,1,0.007657,1.491737,13.298097,52.666337,-0.355698,58.184860,0.000000
10.408333,1.200000,1,-0.871362,1.404075,0.420791,-0.368979,-0.331844,0.159093,-0.853477,0.403482,-0.011977,0.130982,-0.129902,0.474507,0.695216,0.524064,-0.416964,-0.851955,0.316724,0.605397,-0.000400,0.795923,0.037322,-0.827688,1.375316,0.101730,0.026115,0.021086,0.321571,-0.514715,0.043000,0.741874,-0.427601,0.274759,0.030236,0.000000,1,0.009053,1.609814,13.200654,52.830719,-0.383287,58.298219,0.000000
10.441666,1.233333,1,-0.871595,1.405255,0.420920,-0.370123,-0.332597,0.159020,-0.852702,0.402680,-0.012875,0.131101,-0.130067,0.475870,0.694562,0.523654,-0.417738,-0.851211,0.317703,0.603630,0.001331,0.797263,0.036285,-0.827688,1.375316,0.101730,0.027311,0.021154,0.321734,-0.516013,0.043376,0.741236,-0.427103,0.270107,0.064468,0.000000,1,0.009605,1.733646,13.092805,52.980562,-0.412446,58.407543,0.000000
10.475000,1.266667,1,-0.871918,1.406285,0.421059,-0.370927,-0.333188,0.158818,-0.852160,0.402051,-0.013754,0.131231,-0.130240,0.476855,0.694172,0.523233,-0.418530,-0.850638,0.318195,0.602215,0.002327,0.798330,0.032667,-0.827688,1.375316,0.101730,0.028371,0.021329,0.321911,-0.516975,0.043604,0.740690,-0.426866,0.250399,0.044584,0.000000,1,0.009110,1.854694,13.002817,53.098373,-0.441192,58.494678,0.000000
10.508333,1.300000,1,-0.872263,1.407181,0.420978,-0.371749,-0.332828,0.158567,-0.851989,0.401543,-0.014568,0.131142,-0.129553,0.477431,0.694134,0.522928,-0.419524,-0.849670,0.319470,0.602260,0.002788,0.798295,0.028901,-0.827688,1.375316,0.101730,0.029306,0.021557,0.321867,-0.517244,0.044468,0.740417,-0.426924,0.330798,0.022993,0.000000,1,0.007934,1.966672,12.962589,53.185521,-0.467996,58.550456,0.000000
10.541666,1.333333,1,-0.872509,1.407956,0.420623,-0.372861,-0.332305,0.158547,-0.851711,0.401073,-0.015227,0.130780,-0.128589,0.478194,0.693898,0.522782,-0.420328,-0.848495,0.321527,0.602535,0.003940,0.798083,0.026608,-0.827688,1.375316,0.101730,0.030115,0.021718,0.321541,-0.517575,0.045654,0.740224,-0.426731,0.337519,0.088389,0.000000,1,0.006977,2.057795,12.971561,53.256142,-0.490001,58.582530,0.000000
10.575000,1.366667,1,-0.872584,1.408607,0.420092,-0.374549,-0.332210,0.158496,-0.851016,0.400599,-0.015674,0.130244,-0.127752,0.479665,0.693307,0.522423,-0.421508,-0.846955,0.324034,0.601843,0.006008,0.798592,0.025303,-0.827688,1.375316,0.101730,0.030784,0.021738,0.321027,-0.518597,0.046996,0.739694,-0.426265,0.343867,0.131869,0.000000,1,0.006314,2.120411,13.008657,53.321842,-0.505337,58.603549,0.000000
10.608333,1.400000,1,-0.872469,1.409064,0.419506,-0.376057,-0.332776,0.157732,-0.850271,0.400165,-0.015851,0.129656,-0.127591,0.481270,0.692990,0.521406,-0.423712,-0.845470,0.325036,0.599848,0.006971,0.800084,0.022557,-0.827688,1.375316,0.101730,0.031236,0.021597,0.320444,-0.520005,0.047789,0.738634,-0.426299,0.343244,0.114854,0.000000,1,0.005805,2.146532,13.058245,53.379610,-0.512088,58.616629,0.000000
10.641666,1.433333,1,-0.872187,1.409322,0.418919,-0.376808,-0.333101,0.156729,-0.849998,0.399790,-0.015775,0.129069,-0.127552,0.482086,0.693197,0.520387,-0.425857,-0.844442,0.324905,0.598479,0.006418,0.801113,0.021016,-0.827688,1.375316,0.101730,0.031470,0.021318,0.319845,-0.520748,0.048171,0.737769,-0.426846,0.337914,0.035072,0.000000,1,0.005588,2.138092,13.113305,53.428192,-0.510676,58.623220,0.000000
10.675000,1.466667,1,-0.871805,1.409447,0.418414,-0.376887,-0.332598,0.156313,-0.850236,0.399460,-0.015539,0.128565,-0.127069,0.481930,0.693595,0.520118,-0.426662,-0.843979,0.325053,0.599026,0.005559,0.800710,0.019392,-0.827688,1.375316,0.101730,0.031556,0.020951,0.319320,-0.520435,0.048570,0.737689,-0.427321,0.360726,0.042708,0.000000,1,0.005526,2.107709,13.159148,53.472430,-0.504055,58.630452,0.000000
10.708333,1.500000,1,-0.871318,1.409550,0.418110,-0.376189,-0.332151,0.156884,-0.850615,0.399085,-0.015209,0.128265,-0.126976,0.481105,0.693675,0.520798,-0.425294,-0.844706,0.324956,0.600351,0.005384,0.799718,0.017489,-0.827688,1.375316,0.101730,0.031603,0.020474,0.318989,-0.519642,0.048319,0.738354,-0.427167,0.336029,0.020878,0.000000,1,0.005539,2.064710,13.166220,53.532994,-0.494387,58.658591,0.000000
10.741666,1.533333,1,-0.870721,1.409587,0.417851,-0.375279,-0.332281,0.157210,-0.850905,0.398696,-0.014753,0.128010,-0.127496,0.480349,0.693786,0.521221,-0.424147,-0.845717,0.323825,0.600746,0.004812,0.799426,0.019534,-0.827688,1.375316,0.101730,0.031568,0.019893,0.318695,-0.519145,0.047536,0.738771,-0.427138,0.349500,0.034148,0.000000,1,0.005636,2.004524,13.163505,53.598715,-0.480595,58.692709,0.000000
10.775000,1.566667,1,-0.870106,1.409450,0.417385,-0.375343,-0.332361,0.155939,-0.851080,0.398436,-0.014173,0.127550,-0.127544,0.480438,0.694509,0.520162,-0.426328,-0.845069,0.322649,0.599960,0.002778,0.800025,0.023535,-0.827688,1.375316,0.101730,0.031364,0.019329,0.318191,-0.519269,0.047566,0.738064,-0.428205,0.340170,0.082943,0.000000,1,0.005667,1.926961,13.208591,53.633934,-0.462672,58.695799,0.000000
10.808333,1.600000,1,-0.869548,1.409212,0.416718,-0.376364,-0.331828,0.153981,-0.851194,0.398291,-0.013578,0.126889,-0.126621,0.481109,0.695489,0.518456,-0.430341,-0.842998,0.322740,0.599323,0.000525,0.800507,0.027031,-0.827688,1.375316,0.101730,0.031072,0.018847,0.317487,-0.519569,0.048738,0.736888,-0.429730,0.346960,0.066363,0.000000,1,0.006705,1.846639,13.300214,53.639776,-0.444081,58.668806,0.000000
10.841666,1.633333,1,-0.869070,1.409045,0.416162,-0.377180,-0.331550,0.153105,-0.851099,0.398137,-0.013090,0.126338,-0.126013,0.481714,0.695798,0.517626,-0.432367,-0.841731,0.323337,0.598923,-0.000029,0.800807,0.022565,-0.827688,1.375316,0.101730,0.030858,0.018428,0.316901,-0.519907,0.049561,0.736259,-0.430306,0.345840,0.042226,0.000000,1,0.006237,1.780779,13.373640,53.650000,-0.428877,58.649886,0.000000
10.875000,1.666667,1,-0.868646,1.408955,0.415781,-0.377059,-0.331761,0.153591,-0.850982,0.397954,-0.012694,0.125960,-0.126253,0.481702,0.695477,0.518011,-0.431449,-0.842162,0.323441,0.598897,0.000744,0.800826,0.017323,-0.827688,1.375316,0.101730,0.030723,0.018042,0.316493,-0.519976,0.049319,0.736484,-0.429865,0.337790,0.022478,0.000000,1,0.005709,1.727467,13.415403,53.671548,-0.416605,58.646934,0.000000
10.908333,1.700000,1,-0.868249,1.408821,0.415382,-0.376413,-0.331840,0.154593,-0.851056,0.397823,-0.012292,0.125565,-0.126608,0.481160,0.695093,0.518942,-0.429339,-0.843264,0.323380,0.599589,0.001632,0.800307,0.017353,-0.827688,1.375316,0.101730,0.030548,0.017690,0.316068,-0.519599,0.048751,0.737189,-0.429178,0.352570,0.062600,0.000000,1,0.005918,1.673209,13.465601,53.682924,-0.404082,58.635992,0.000000
10.941666,1.733333,1,-0.867957,1.408356,0.414666,-0.376608,-0.331549,0.154065,-0.851179,0.398019,-0.011771,0.124855,-0.126262,0.481204,0.695439,0.518523,-0.430384,-0.842717,0.323415,0.599686,0.000846,0.800235,0.027074,-0.827688,1.375316,0.101730,0.030067,0.017503,0.315328,-0.519519,0.049104,0.736944,-0.429654,0.362798,0.103884,0.000000,1,0.009362,1.601557,13.603471,53.622929,-0.387470,58.559583,0.000000
10.975000,1.766667,1,-0.867778,1.407649,0.413724,-0.377638,-0.331285,0.152285,-0.851146,0.398477,-0.011193,0.123920,-0.125575,0.482004,0.696208,0.516912,-0.434067,-0.840811,0.323454,0.598701,-0.000949,0.800972,0.035729,-0.827688,1.375316,0.101730,0.029367,0.017474,0.314365,-0.520021,0.050103,0.735768,-0.430945,0.357913,0.157057,0.000000,1,0.013273,1.521269,13.807863,53.505309,-0.368823,58.431605,0.000000
11.008333,1.800000,1,-0.867671,1.406995,0.412842,-0.378157,-0.331135,0.151403,-0.851131,0.398935,-0.010705,0.123042,-0.125214,0.482401,0.696590,0.516114,-0.435896,-0.839846,0.323502,0.598233,-0.001833,0.801320,0.033096,-0.827688,1.375316,0.101730,0.028728,0.017505,0.313466,-0.520263,0.050617,0.735186,-0.431585,0.347756,0.166514,0.000000,1,0.013233,1.453408,14.003548,53.388248,-0.353077,58.306612,0.000000
11.041666,1.833333,1,-0.867603,1.406340,0.411845,-0.378917,-0.330901,0.150766,-0.850997,0.399418,-0.010246,0.122051,-0.124668,0.482975,0.696758,0.515482,-0.437473,-0.838755,0.324203,0.597908,-0.002027,0.801562,0.035841,-0.827688,1.375316,0.101730,0.028095,0.017581,0.312456,-0.520591,0.051363,0.734683,-0.431957,0.289029,0.250834,0.000000,1,0.014633,1.389511,14.221117,53.261493,-0.338229,58.169701,0.000000
11.075000,1.866667,1,-0.867546,1.405603,0.410601,-0.380303,-0.330879,0.149744,-0.850568,0.399973,-0.009744,0.120812,-0.124037,0.484206,0.696837,0.514372,-0.440073,-0.836985,0.325257,0.596748,-0.001932,0.802426,0.043414,-0.827688,1.375316,0.101730,0.027389,0.017694,0.311198,-0.521489,0.052453,0.733706,-0.432404,0.298593,0.455454,0.000000,1,0.017661,1.319740,14.487834,53.110983,-0.321973,58.005005,0.000000
11.108333,1.900000,1,-0.867557,1.404752,0.409212,-0.381647,-0.331241,0.148785,-0.849993,0.400660,-0.009226,0.119429,-0.123766,0.485571,0.696757,0.513257,-0.442498,-0.835425,0.325976,0.595036,-0.001576,0.803697,0.048882,-0.827688,1.375316,0.101730,0.026581,0.017897,0.309797,-0.522642,0.053261,0.732650,-0.432703,0.321959,0.482261,0.000000,1,0.020665,1.247577,14.793455,52.928968,-0.305151,57.811578,0.000000
11.141666,1.933333,1,-0.867743,1.403744,0.407743,-0.382512,-0.331028,0.148361,-0.849761,0.401578,-0.008753,0.117966,-0.123192,0.486251,0.696742,0.512771,-0.443779,-0.834343,0.327004,0.594734,-0.001252,0.803922,0.053718,-0.827688,1.375316,0.101730,0.025644,0.018298,0.308325,-0.523052,0.054066,0.732214,-0.432847,0.324547,0.522928,0.000000,1,0.024159,1.181081,15.137619,52.699749,-0.289680,57.581184,0.000000
11.175000,1.966667,1,-0.868061,1.402604,0.406229,-0.382847,-0.330217,0.148043,-0.849981,0.402681,-0.008306,0.116457,-0.122318,0.486187,0.697081,0.512581,-0.444599,-0.833559,0.327889,0.595682,-0.001767,0.803218,0.057657,-0.827688,1.375316,0.101730,0.024595,0.018851,0.306813,-0.522673,0.054859,0.732198,-0.433232,0.326456,0.506598,0.000000,1,0.027194,1.117847,15.509845,52.432691,-0.274984,57.322174,0.000000
11.208333,2.000000,1,-0.868467,1.401430,0.404671,-0.382755,-0.329092,0.147604,-0.850535,0.403865,-0.007908,0.114904,-0.121353,0.485599,0.697770,0.512429,-0.445380,-0.832974,0.328317,0.597257,-0.003220,0.802043,0.059790,-0.827688,1.375316,0.101730,0.023524,0.019498,0.305261,-0.521788,0.055536,0.732356,-0.433945,0.284736,0.499890,0.000000,1,0.029330,1.061413,15.898612,52.146840,-0.261859,57.048418,0.000000
11.241666,2.033333,1,-0.868908,1.400304,0.403038,-0.383326,-0.328192,0.147237,-0.850689,0.405030,-0.007566,0.113275,-0.120295,0.485707,0.698073,0.512165,-0.446433,-0.831912,0.329575,0.598200,-0.003553,0.801339,0.060951,-0.827688,1.375316,0.101730,0.022507,0.020176,0.303638,-0.521497,0.056566,0.732263,-0.434318,0.298481,0.462956,0.000000,1,0.030833,1.012810,16.298411,51.859018,-0.250515,56.770745,0.000000
11.275000,2.066667,1,-0.869321,1.399242,0.401339,-0.384790,-0.327724,0.146269,-0.850376,0.406128,-0.007238,0.111581,-0.119228,0.486808,0.698230,0.511153,-0.449015,-0.829887,0.331170,0.597723,-0.003482,0.801695,0.061362,-0.827688,1.375316,0.101730,0.021551,0.020822,0.301950,-0.522113,0.058007,0.731423,-0.434804,0.312900,0.493760,0.000000,1,0.031828,0.966597,16.702178,51.578839,-0.239689,56.496526,0.000000
11.308333,2.100000,1,-0.869671,1.398272,0.399624,-0.385353,-0.327004,0.145267,-0.850570,0.407115,-0.006917,0.109869,-0.118336,0.486987,0.698853,0.510338,-0.451103,-0.828559,0.331657,0.598046,-0.004797,0.801448,0.060046,-0.827688,1.375316,0.101730,0.020680,0.021396,0.300241,-0.521961,0.058930,0.730936,-0.435679,0.272592,0.506771,0.000000,1,0.031961,0.921723,17.097030,51.316653,-0.229137,56.235203,0.000000
11.341666,2.133333,1,-0.870010,1.397337,0.397913,-0.385658,-0.326368,0.144525,-0.850802,0.408068,-0.006607,0.108162,-0.117634,0.486974,0.699391,0.509774,-0.452585,-0.827633,0.331949,0.598493,-0.005972,0.801105,0.059379,-0.827688,1.375316,0.101730,0.019840,0.021953,0.298538,-0.521701,0.059596,0.730644,-0.436389,0.254298,0.538033,0.000000,1,0.032603,0.878521,17.487506,51.059329,-0.218952,55.978361,0.000000
11.375000,2.166667,1,-0.870362,1.396408,0.396216,-0.386888,-0.326021,0.143696,-0.850517,0.409022,-0.006311,0.106469,-0.116779,0.487919,0.699512,0.508901,-0.454764,-0.825923,0.333228,0.598007,-0.005909,0.801469,0.058973,-0.827688,1.375316,0.101730,0.019009,0.022521,0.296850,-0.522252,0.060777,0.729911,-0.436794,0.267725,0.539697,0.000000,1,0.033502,0.837401,17.875928,50.800669,-0.209234,55.721996,0.000000
11.408333,2.200000,1,-0.870723,1.395572,0.394530,-0.387407,-0.325188,0.143196,-0.850684,0.409908,-0.006080,0.104786,-0.115804,0.488010,0.699885,0.508523,-0.455987,-0.824843,0.334230,0.598788,-0.006500,0.800881,0.057490,-0.827688,1.375316,0.101730,0.018271,0.023086,0.295174,-0.521979,0.061728,0.729738,-0.437276,0.284030,0.499036,0.000000,1,0.033748,0.805193,18.255733,50.553199,-0.201492,55.474798,0.000000
11.441666,2.233333,1,-0.871097,1.394859,0.392867,-0.386687,-0.324082,0.143264,-0.851422,0.410705,-0.005932,0.103125,-0.115134,0.486870,0.700509,0.508909,-0.455511,-0.825102,0.334240,0.600881,-0.007938,0.799299,0.055445,-0.827688,1.375316,0.101730,0.017655,0.023646,0.293524,-0.520694,0.061904,0.730359,-0.437746,0.301351,0.486238,0.000000,1,0.033643,0.784268,18.622439,50.321739,-0.196235,55.240654,0.000000
11.475000,2.266667,1,-0.871595,1.394183,0.391200,-0.386784,-0.323271,0.142936,-0.851742,0.411545,-0.005906,0.101459,-0.114366,0.486592,0.700940,0.508755,-0.456178,-0.824513,0.334784,0.601914,-0.008794,0.798512,0.055975,-0.827688,1.375316,0.101730,0.017092,0.024324,0.291879,-0.520161,0.062515,0.730408,-0.438211,0.311498,0.493183,0.000000,1,0.035048,0.779561,18.994829,50.080133,-0.194550,55.000028,0.000000
11.508333,2.300000,1,-0.872275,1.393512,0.389482,-0.387894,-0.322758,0.142180,-0.851558,0.412491,-0.006027,0.099740,-0.113415,0.487356,0.701118,0.507991,-0.458164,-0.822870,0.336110,0.601776,-0.008859,0.798616,0.058993,-0.827688,1.375316,0.101730,0.016560,0.025184,0.290193,-0.520511,0.063712,0.729801,-0.438634,0.288206,0.555638,0.000000,1,0.037623,0.794242,19.388067,49.813920,-0.197106,54.740833,0.000000
11.541666,2.333333,1,-0.873147,1.392899,0.387648,-0.387902,-0.321800,0.142294,-0.851897,0.413507,-0.006336,0.097904,-0.112554,0.486935,0.701369,0.508240,-0.458047,-0.822540,0.337076,0.603315,-0.009173,0.797450,0.063628,-0.827688,1.375316,0.101730,0.016113,0.026233,0.288404,-0.519805,0.064341,0.730158,-0.438784,0.291693,0.557090,0.000000,1,0.040636,0.833601,19.809079,49.526143,-0.205002,54.462863,0.000000
11.575000,2.366667,1,-0.874115,1.392409,0.385687,-0.388477,-0.321198,0.142304,-0.851861,0.414483,-0.006794,0.095939,-0.111759,0.487180,0.701333,0.508229,-0.458426,-0.821769,0.338439,0.603983,-0.008717,0.796950,0.067225,-0.827688,1.375316,0.101730,0.015804,0.027369,0.286497,-0.519730,0.065170,0.730163,-0.438744,0.316662,0.582194,0.000000,1,0.042835,0.892554,20.248288,49.236313,-0.217061,54.179509,0.000000
11.608333,2.400000,1,-0.875080,1.392083,0.383589,-0.389598,-0.320730,0.141857,-0.851600,0.415326,-0.007347,0.093835,-0.110842,0.487975,0.701304,0.507708,-0.459893,-0.820291,0.340030,0.603939,-0.008226,0.796988,0.069987,-0.827688,1.375316,0.101730,0.015660,0.028488,0.284455,-0.520114,0.066337,0.729700,-0.438883,0.322495,0.584709,0.000000,1,0.044288,0.964058,20.697591,48.960861,-0.231711,53.902020,0.000000
11.641666,2.433333,1,-0.875969,1.391935,0.381346,-0.390584,-0.319928,0.141276,-0.851546,0.415981,-0.007945,0.091587,-0.109687,0.488499,0.701518,0.507159,-0.461517,-0.818726,0.341597,0.604398,-0.008318,0.796639,0.072510,-0.827688,1.375316,0.101730,0.015686,0.029516,0.282268,-0.520167,0.067624,0.729313,-0.439267,0.915246,0.614491,0.000000,1,0.045276,1.041640,21.151958,48.710038,-0.247542,53.637390,0.000000
11.675000,2.466667,1,-0.876743,1.391937,0.379042,-0.392009,-0.319431,0.140720,-0.851170,0.416446,-0.008540,0.089276,-0.108610,0.489553,0.701435,0.506488,-0.463347,-0.816878,0.343540,0.604197,-0.007616,0.796799,0.072924,-0.827688,1.375316,0.101730,0.015848,0.030413,0.280015,-0.520729,0.069043,0.728698,-0.439403,0.631295,0.647968,0.000000,1,0.045363,1.119217,21.597347,48.488471,-0.263262,53.392035,0.000000
11.708333,2.500000,1,-0.877409,1.392048,0.376790,-0.394053,-0.319067,0.139900,-0.850498,0.416761,-0.009116,0.087019,-0.107377,0.491222,0.701209,0.505448,-0.465984,-0.814341,0.345987,0.603358,-0.006447,0.797445,0.070530,-0.827688,1.375316,0.101730,0.016103,0.031188,0.277810,-0.521793,0.070853,0.727689,-0.439523,0.338574,0.691112,0.000000,1,0.044511,1.194552,22.018440,48.295589,-0.278416,53.169833,0.000000
11.741666,2.533333,1,-0.878010,1.392241,0.374702,-0.396216,-0.318578,0.138618,-0.849886,0.416969,-0.009691,0.084925,-0.105982,0.492939,0.701243,0.504021,-0.469460,-0.811368,0.348266,0.602398,-0.005947,0.798174,0.065422,-0.827688,1.375316,0.101730,0.016426,0.031876,0.275766,-0.522849,0.072845,0.726427,-0.440029,0.281013,0.716545,0.000000,1,0.042831,1.269877,22.401046,48.129708,-0.293495,52.973665,0.000000
11.775000,2.566667,1,-0.878613,1.392433,0.372776,-0.397842,-0.317828,0.137723,-0.849553,0.417180,-0.010268,0.082994,-0.104590,0.494060,0.701350,0.503065,-0.471973,-0.808997,0.350380,0.602301,-0.005661,0.798249,0.060817,-0.827688,1.375316,0.101730,0.016744,0.032558,0.273884,-0.523359,0.074591,0.725630,-0.440446,0.306011,0.726995,0.000000,1,0.042072,1.345509,22.756873,47.970845,-0.308598,52.789389,0.000000
11.808333,2.600000,1,-0.879244,1.392551,0.370873,-0.398639,-0.316913,0.137588,-0.849542,0.417467,-0.010823,0.081084,-0.103416,0.494365,0.701403,0.502934,-0.472726,-0.807769,0.352192,0.603267,-0.005322,0.797521,0.060268,-0.827688,1.375316,0.101730,0.016992,0.033277,0.272024,-0.523198,0.075797,0.725570,-0.440530,0.347132,0.704184,0.000000,1,0.043322,1.418012,23.117137,47.797424,-0.323032,52.596756,0.000000
11.841666,2.633333,1,-0.879940,1.392594,0.368927,-0.399535,-0.316016,0.137436,-0.849480,0.417853,-0.011385,0.079133,-0.102214,0.494766,0.701418,0.502764,-0.473561,-0.806440,0.354111,0.604151,-0.004870,0.796855,0.062001,-0.827688,1.375316,0.101730,0.017175,0.034072,0.270125,-0.523114,0.077067,0.725461,-0.440589,0.484687,0.720965,0.000000,1,0.045566,1.490897,23.495654,47.600534,-0.337522,52.387246,0.000000
11.875000,2.666667,1,-0.880708,1.392650,0.366991,-0.401052,-0.315509,0.136854,-0.849048,0.418273,-0.012012,0.077191,-0.101088,0.495898,0.701297,0.502045,-0.475464,-0.804423,0.356141,0.603906,-0.004072,0.797045,0.062513,-0.827688,1.375316,0.101730,0.017379,0.034936,0.268240,-0.523727,0.078564,0.724787,-0.440706,0.704033,0.731483,0.000000,1,0.046875,1.572186,23.877089,47.395193,-0.353686,52.173208,0.000000
11.908333,2.700000,1,-0.881505,1.392735,0.364955,-0.402409,-0.315104,0.136176,-0.848665,0.418685,-0.012678,0.075148,-0.100123,0.496933,0.701263,0.501262,-0.477423,-0.802542,0.357761,0.603524,-0.003588,0.797337,0.065639,-0.827688,1.375316,0.101730,0.017620,0.035829,0.266257,-0.524314,0.079875,0.724082,-0.440931,0.615892,0.725162,0.000000,1,0.048932,1.658539,24.275776,47.182461,-0.370814,51.951368,0.000000
11.941666,2.733333,1,-0.882241,1.392836,0.362803,-0.403576,-0.314691,0.135714,-0.848338,0.419049,-0.013305,0.072989,-0.099237,0.497793,0.701181,0.500699,-0.478906,-0.800960,0.359323,0.603362,-0.003006,0.797461,0.068312,-0.827688,1.375316,0.101730,0.017871,0.036668,0.264155,-0.524769,0.081041,0.723559,-0.441035,0.436730,0.733627,0.000000,1,0.050737,1.739714,24.690130,46.969004,-0.386793,51.725810,0.000000
11.975000,2.766667,1,-0.882878,1.392823,0.360586,-0.405193,-0.314291,0.135153,-0.847805,0.419445,-0.013783,0.070768,-0.098160,0.499064,0.700961,0.499954,-0.480821,-0.798873,0.361405,0.602920,-0.001963,0.797799,0.069199,-0.827688,1.375316,0.101730,0.017998,0.037428,0.261981,-0.525526,0.082545,0.722822,-0.441064,0.358836,0.821276,0.000000,1,0.052594,1.801232,25.118969,46.743619,-0.398704,51.490878,0.000000
12.008333,2.800000,1,-0.883421,1.392673,0.358405,-0.406919,-0.313827,0.134596,-0.847239,0.419893,-0.014104,0.068584,-0.096979,0.500403,0.700710,0.499197,-0.482795,-0.796642,0.363691,0.602528,-0.000799,0.798098,0.067567,-0.827688,1.375316,0.101730,0.017975,0.038111,0.259835,-0.526305,0.084171,0.722065,-0.441067,0.318071,0.899603,0.000000,1,0.053640,1.841959,25.547048,46.508777,-0.406340,51.252036,0.000000
12.041666,2.833333,1,-0.883923,1.392481,0.356239,-0.408362,-0.312781,0.134236,-0.846988,0.420350,-0.014367,0.066416,-0.095401,0.501228,0.700651,0.498756,-0.484283,-0.794543,0.366294,0.603272,-0.000028,0.797535,0.066949,-0.827688,1.375316,0.101730,0.017906,0.038756,0.257700,-0.526466,0.085958,0.721689,-0.441145,0.365689,0.923337,0.000000,1,0.054659,1.874870,25.973836,46.271185,-0.412322,51.013060,0.000000
12.075000,2.866667,1,-0.884274,1.392378,0.354032,-0.409563,-0.311772,0.133774,-0.846854,0.420645,-0.014562,0.064206,-0.093964,0.501852,0.700741,0.498275,-0.485786,-0.792635,0.368431,0.604011,0.000266,0.796976,0.067130,-0.827688,1.375316,0.101730,0.017906,0.039244,0.255516,-0.526501,0.087541,0.721328,-0.441383,0.374109,0.675933,0.000000,1,0.054725,1.899686,26.391574,46.059273,-0.416565,50.791267,0.000000
12.108333,2.900000,1,-0.884492,1.392358,0.351810,-0.410531,-0.311287,0.132820,-0.846714,0.420794,-0.014701,0.061983,-0.093103,0.502500,0.701045,0.497354,-0.487941,-0.790904,0.369302,0.603766,-0.000264,0.797161,0.066971,-0.827688,1.375316,0.101730,0.017970,0.039591,0.253312,-0.526783,0.088617,0.720621,-0.441987,0.423389,0.696727,0.000000,1,0.054620,1.917671,26.797194,45.872033,-0.419353,50.586844,0.000000
12.141666,2.933333,1,-0.884731,1.392361,0.349669,-0.411789,-0.311090,0.131625,-0.846361,0.420938,-0.014872,0.059841,-0.092373,0.503538,0.701268,0.496124,-0.490656,-0.788859,0.370079,0.602806,-0.000619,0.797887,0.064615,-0.827688,1.375316,0.101730,0.018059,0.039950,0.251190,-0.527470,0.089731,0.719591,-0.442620,0.514091,0.587196,0.000000,1,0.054717,1.939879,27.188996,45.688962,-0.422930,50.389152,0.000000
12.175000,2.966667,1,-0.884996,1.392352,0.347719,-0.413377,-0.310899,0.130527,-0.845827,0.421105,-0.015058,0.057888,-0.091499,0.504874,0.701288,0.494900,-0.493404,-0.786525,0.371389,0.601743,-0.000353,0.798690,0.059054,-0.827688,1.375316,0.101730,0.018135,0.040325,0.249259,-0.528371,0.091089,0.718494,-0.443051,0.597493,0.433555,0.000000,1,0.053866,1.963876,27.550885,45.512483,-0.426816,50.203610,0.000000
12.208333,3.000000,1,-0.885204,1.392369,0.345975,-0.414856,-0.310634,0.129891,-0.845299,0.421218,-0.015217,0.056142,-0.090606,0.506081,0.701105,0.494090,-0.495331,-0.784526,0.373050,0.601110,0.000485,0.799166,0.052701,-0.827688,1.375316,0.101730,0.018223,0.040629,0.247531,-0.529139,0.092401,0.717704,-0.443143,0.621000,0.450488,0.000000,1,0.052093,1.984513,27.871482,45.359672,-0.429978,50.042184,0.000000
12.241666,3.033333,1,-0.885460,1.392413,0.344364,-0.416624,-0.310261,0.128942,-0.844711,0.421339,-0.015430,0.054529,-0.089489,0.507497,0.701010,0.492973,-0.497938,-0.781990,0.374899,0.600328,0.001152,0.799753,0.048952,-0.827688,1.375316,0.101730,0.018340,0.040969,0.245939,-0.530019,0.094010,0.716671,-0.443424,0.579062,0.431845,0.000000,1,0.051633,2.012320,28.170028,45.213490,-0.434517,49.890595,0.000000
12.275000,3.066667,1,-0.885812,1.392494,0.342874,-0.417422,-0.309676,0.128197,-0.844645,0.421487,-0.015746,0.053036,-0.088613,0.507950,0.701286,0.492273,-0.499631,-0.780470,0.375813,0.600425,0.000691,0.799680,0.045998,-0.827688,1.375316,0.101730,0.018506,0.041393,0.244475,-0.530113,0.095018,0.716158,-0.443925,0.491406,0.420582,0.000000,1,0.051520,2.053293,28.450937,45.069073,-0.441606,49.745015,0.000000
12.308333,3.100000,1,-0.886182,1.392586,0.341469,-0.417689,-0.309449,0.128140,-0.844605,0.421637,-0.016082,0.051628,-0.088291,0.508087,0.701277,0.492202,-0.499883,-0.780059,0.376330,0.600621,0.000831,0.799533,0.043657,-0.827688,1.375316,0.101730,0.018680,0.041827,0.243097,-0.530117,0.095370,0.716101,-0.443937,0.438560,0.383894,0.000000,1,0.051446,2.096867,28.717472,44.929333,-0.449176,49.606091,0.000000
12.341666,3.133333,1,-0.886508,1.392678,0.340097,-0.418557,-0.309730,0.128143,-0.844072,0.421760,-0.016384,0.050253,-0.088156,0.508992,0.700803,0.491967,-0.500394,-0.779285,0.377254,0.599801,0.002208,0.800146,0.042402,-0.827688,1.375316,0.101730,0.018849,0.042216,0.241749,-0.530885,0.095845,0.715705,-0.443555,0.426774,0.396500,0.000000,1,0.051544,2.136143,28.975689,44.796366,-0.455885,49.473328,0.000000
12.375000,3.166667,1,-0.886743,1.392746,0.338765,-0.419322,-0.310004,0.127849,-0.843636,0.421849,-0.016599,0.048919,-0.088063,0.509800,0.700548,0.491509,-0.501328,-0.778440,0.377758,0.598862,0.002955,0.800847,0.040623,-0.827688,1.375316,0.101730,0.018981,0.042517,0.240435,-0.531586,0.096253,0.715186,-0.443464,0.428419,0.405795,0.000000,1,0.051410,2.164241,29.223032,44.672917,-0.460406,49.348797,0.000000
12.408333,3.200000,1,-0.886924,1.392732,0.337551,-0.420061,-0.310166,0.127325,-0.843288,0.421970,-0.016722,0.047703,-0.087881,0.510535,0.700474,0.490884,-0.502620,-0.777436,0.378109,0.597970,0.003225,0.801512,0.036835,-0.827688,1.375316,0.101730,0.019021,0.042767,0.239234,-0.532192,0.096722,0.714584,-0.443605,0.432708,0.467979,0.000000,1,0.051121,2.180074,29.452644,44.552152,-0.462553,49.230530,0.000000
12.441666,3.233333,1,-0.887086,1.392600,0.336505,-0.420984,-0.310384,0.126866,-0.842816,0.422173,-0.016761,0.046657,-0.087667,0.511460,0.700262,0.490262,-0.503915,-0.776300,0.378718,0.596947,0.003896,0.802271,0.031986,-0.827688,1.375316,0.101730,0.018939,0.043005,0.238198,-0.532957,0.097292,0.713934,-0.443610,0.399093,0.497327,0.000000,1,0.050828,2.184626,29.660322,44.428754,-0.462532,49.116683,0.000000
12.475000,3.266667,1,-0.887199,1.392397,0.335494,-0.421684,-0.310346,0.127011,-0.842458,0.422404,-0.016719,0.045647,-0.087321,0.512071,0.699880,0.490231,-0.504098,-0.775635,0.379836,0.596776,0.005085,0.802392,0.031131,-0.827688,1.375316,0.101730,0.018778,0.043201,0.237192,-0.533377,0.097843,0.713770,-0.443246,0.374919,0.480177,0.000000,1,0.051291,2.178288,29.864250,44.303005,-0.460416,49.002739,0.000000
12.508333,3.300000,1,-0.887270,1.392193,0.334402,-0.422167,-0.310283,0.127236,-0.842206,0.422611,-0.016642,0.044556,-0.087048,0.512477,0.699556,0.490318,-0.504021,-0.775230,0.380763,0.596790,0.006089,0.802375,0.033393,-0.827688,1.375316,0.101730,0.018613,0.043362,0.236103,-0.533637,0.098245,0.713737,-0.442898,0.404783,0.513005,0.000000,1,0.052375,2.167569,30.079935,44.175303,-0.457450,48.884996,0.000000
12.541666,3.333333,1,-0.887327,1.392013,0.333274,-0.422877,-0.310621,0.126757,-0.841797,0.422790,-0.016567,0.043429,-0.087038,0.513264,0.699408,0.489707,-0.505223,-0.774357,0.380948,0.595663,0.006505,0.803208,0.034303,-0.827688,1.375316,0.101730,0.018470,0.043507,0.234978,-0.534354,0.098575,0.713114,-0.442965,0.404722,0.553120,0.000000,1,0.053062,2.157342,30.299505,44.049210,-0.454563,48.767395,0.000000
12.575000,3.366667,1,-0.887457,1.391839,0.332223,-0.423966,-0.310940,0.125887,-0.841262,0.423008,-0.016555,0.042378,-0.086842,0.514382,0.699323,0.488689,-0.507283,-0.772843,0.381285,0.594164,0.006811,0.804315,0.032199,-0.827688,1.375316,0.101730,0.018342,0.043719,0.233933,-0.535307,0.099216,0.712144,-0.443231,0.337510,0.697366,0.000000,1,0.053329,2.155080,30.509908,43.920671,-0.453187,48.651066,0.000000
12.608333,3.400000,1,-0.887690,1.391643,0.331261,-0.425000,-0.311034,0.125451,-0.840771,0.423306,-0.016614,0.041415,-0.086468,0.515350,0.699083,0.488078,-0.508606,-0.771537,0.382165,0.593291,0.007612,0.804952,0.030287,-0.827688,1.375316,0.101730,0.018202,0.044031,0.232983,-0.536051,0.099950,0.711498,-0.443204,0.256028,0.839538,0.000000,1,0.053908,2.161569,30.713118,43.782622,-0.453479,48.531708,0.000000
12.641666,3.433333,1,-0.887943,1.391419,0.330320,-0.425341,-0.310904,0.125904,-0.840578,0.423637,-0.016671,0.040474,-0.086198,0.515599,0.698710,0.488397,-0.508077,-0.771383,0.383180,0.593609,0.008749,0.804706,0.029984,-0.827688,1.375316,0.101730,0.018037,0.044364,0.232056,-0.536166,0.100282,0.711661,-0.442728,0.245876,0.897350,0.000000,1,0.054638,2.167760,30.915943,43.639404,-0.453707,48.409918,0.000000
12.675000,3.466667,1,-0.888134,1.391161,0.329374,-0.425028,-0.310640,0.126982,-0.840672,0.423959,-0.016659,0.039528,-0.086095,0.515203,0.698311,0.489403,-0.506145,-0.772224,0.384040,0.594798,0.009898,0.803814,0.029965,-0.827688,1.375316,0.101730,0.017831,0.044642,0.231119,-0.535749,0.100188,0.712445,-0.441993,0.237852,0.954706,0.000000,1,0.055168,2.165026,31.118454,43.497646,-0.452233,48.289214,0.000000
12.708333,3.500000,1,-0.888207,1.390836,0.328334,-0.425213,-0.310421,0.127790,-0.840537,0.424263,-0.016511,0.038490,-0.085814,0.515273,0.697830,0.490064,-0.504946,-0.772399,0.385266,0.595528,0.011339,0.803255,0.032776,-0.827688,1.375316,0.101730,0.017544,0.044817,0.230079,-0.535692,0.100450,0.712884,-0.441293,0.264989,0.694116,0.000000,1,0.056454,2.144607,31.335377,43.352079,-0.447424,48.163095,0.000000
12.741666,3.533333,1,-0.888159,1.390508,0.327221,-0.426872,-0.310700,0.127389,-0.839653,0.424498,-0.016264,0.037379,-0.085326,0.516886,0.697227,0.489309,-0.506593,-0.770526,0.386850,0.594110,0.013188,0.804275,0.034833,-0.827688,1.375316,0.101730,0.017241,0.044877,0.228960,-0.536975,0.101538,0.711969,-0.440963,0.239974,0.527348,0.000000,1,0.057101,2.111719,31.557867,43.214176,-0.440252,48.039956,0.000000
12.775000,3.566667,1,-0.888121,1.390236,0.326142,-0.428863,-0.310907,0.126323,-0.838723,0.424692,-0.016059,0.036303,-0.084631,0.518762,0.696880,0.487936,-0.509512,-0.767872,0.388291,0.592260,0.014392,0.805619,0.033392,-0.827688,1.375316,0.101730,0.016994,0.044937,0.227876,-0.538430,0.102940,0.710588,-0.441092,0.217685,0.471877,0.000000,1,0.057036,2.084443,31.770828,43.085574,-0.434109,47.924448,0.000000
12.808333,3.600000,1,-0.888215,1.389980,0.325257,-0.429796,-0.311270,0.126022,-0.838156,0.424954,-0.015970,0.035419,-0.084541,0.519761,0.696511,0.487415,-0.510560,-0.766862,0.388911,0.591097,0.015449,0.806452,0.027782,-0.827688,1.375316,0.101730,0.016775,0.045114,0.226994,-0.539304,0.103419,0.709966,-0.440913,0.178616,0.331915,0.000000,1,0.056480,2.072051,31.956751,42.958528,-0.430739,47.816721,0.000000
12.841666,3.633333,1,-0.888473,1.389683,0.324592,-0.430095,-0.311909,0.126442,-0.837701,0.425347,-0.015991,0.034754,-0.084979,0.520317,0.695920,0.487590,-0.510069,-0.767080,0.389125,0.590216,0.016948,0.807068,0.023188,-0.827688,1.375316,0.101730,0.016532,0.045447,0.226340,-0.539964,0.103216,0.709887,-0.440280,0.162086,0.280938,0.000000,1,0.056389,2.073231,32.117153,42.823329,-0.429906,47.711116,0.000000
12.875000,3.666667,1,-0.888865,1.389345,0.324083,-0.430378,-0.312470,0.126895,-0.837278,0.425853,-0.016096,0.034244,-0.085353,0.520823,0.695342,0.487809,-0.509515,-0.767296,0.389425,0.589480,0.018429,0.807573,0.021793,-0.827688,1.375316,0.101730,0.016261,0.045910,0.225850,-0.540554,0.103053,0.709854,-0.439646,0.160877,0.259976,0.000000,1,0.056780,2.084811,32.261514,42.678410,-0.431010,47.604388,0.000000
12.908333,3.700000,1,-0.889364,1.389009,0.323629,-0.430951,-0.312744,0.127151,-0.836842,0.426422,-0.016287,0.033788,-0.085343,0.521461,0.694841,0.487844,-0.509451,-0.766953,0.390184,0.588941,0.019826,0.807933,0.022590,-0.827688,1.375316,0.101730,0.016005,0.046473,0.225421,-0.541121,0.103301,0.709695,-0.439146,0.152710,0.322126,0.000000,1,0.057565,2.107264,32.402730,42.525248,-0.434119,47.494128,0.000000
12.941666,3.733333,1,-0.889906,1.388737,0.323117,-0.431683,-0.313112,0.127555,-0.836266,0.426967,-0.016551,0.033274,-0.085345,0.522284,0.694149,0.487948,-0.509246,-0.766565,0.391210,0.588268,0.021747,0.808373,0.023824,-0.827688,1.375316,0.101730,0.015819,0.047076,0.224938,-0.541858,0.103605,0.709527,-0.438437,0.170464,0.393761,0.000000,1,0.058434,2.139273,32.552451,42.370864,-0.438965,47.381241,0.000000
12.975000,3.766667,1,-0.890430,1.388516,0.322455,-0.432526,-0.313776,0.127954,-0.835520,0.427459,-0.016830,0.032609,-0.085562,0.523339,0.693309,0.487973,-0.509122,-0.766188,0.392110,0.587077,0.024004,0.809175,0.026194,-0.827688,1.375316,0.101730,0.015685,0.047662,0.224305,-0.542886,0.103801,0.709221,-0.437613,0.188031,0.453259,0.000000,1,0.059801,2.173374,32.724082,42.213416,-0.444173,47.261486,0.000000
13.008333,3.800000,1,-0.890899,1.388345,0.321610,-0.433860,-0.314148,0.127946,-0.834689,0.427878,-0.017092,0.031762,-0.085301,0.524703,0.692576,0.487595,-0.509949,-0.764909,0.393530,0.585877,0.026125,0.809978,0.029424,-0.827688,1.375316,0.101730,0.015598,0.048196,0.223487,-0.544021,0.104570,0.708598,-0.437029,0.201603,0.474653,0.000000,1,0.061316,2.205637,32.921014,42.054268,-0.449018,47.134839,0.000000
13.041666,3.833333,1,-0.891327,1.388217,0.320581,-0.435323,-0.314184,0.127704,-0.833951,0.428238,-0.017347,0.030731,-0.084683,0.526031,0.692030,0.487047,-0.511229,-0.763193,0.395197,0.585010,0.027846,0.810548,0.033646,-0.827688,1.375316,0.101730,0.015554,0.048696,0.222484,-0.544993,0.105663,0.707902,-0.436682,0.207348,0.498912,0.000000,1,0.063133,2.237160,33.145129,41.890206,-0.453705,46.999216,0.000000
13.075000,3.866667,1,-0.891783,1.388056,0.319429,-0.436605,-0.314034,0.127638,-0.833347,0.428642,-0.017602,0.029576,-0.083978,0.527114,0.691526,0.486714,-0.512113,-0.761683,0.396962,0.584619,0.029480,0.810772,0.037498,-0.827688,1.375316,0.101730,0.015483,0.049234,0.221358,-0.545708,0.106735,0.707426,-0.436301,0.218014,0.661504,0.000000,1,0.065543,2.268562,33.396080,41.706266,-0.458367,46.846803,0.000000
13.108333,3.900000,1,-0.892328,1.387785,0.318242,-0.437401,-0.313408,0.127984,-0.833112,0.429187,-0.017862,0.028388,-0.083061,0.527549,0.691163,0.486915,-0.512029,-0.760714,0.398925,0.585438,0.030789,0.810133,0.040002,-0.827688,1.375316,0.101730,0.015316,0.049878,0.220202,-0.545751,0.107740,0.707506,-0.435871,0.977533,1.131245,0.000000,1,0.068238,2.299802,33.667840,41.490548,-0.463004,46.672820,0.000000
13.141666,3.933333,1,-0.892871,1.387348,0.316974,-0.437392,-0.312003,0.128526,-0.833561,0.429864,-0.018020,0.027118,-0.081805,0.526913,0.691320,0.487594,-0.511121,-0.760374,0.400732,0.587958,0.030769,0.808306,0.043429,-0.827688,1.375316,0.101730,0.014986,0.050546,0.218961,-0.544694,0.108637,0.708240,-0.435778,1.062788,1.572858,0.000000,1,0.071393,2.317220,33.967508,41.241617,-0.465143,46.474899,0.000000
13.175000,3.966667,1,-0.893334,1.386744,0.315578,-0.437682,-0.310088,0.128800,-0.834081,0.430626,-0.018012,0.025722,-0.079960,0.526316,0.691661,0.488061,-0.510806,-0.759313,0.403138,0.590976,0.030423,0.806115,0.047696,-0.827688,1.375316,0.101730,0.014484,0.051164,0.217586,-0.543457,0.110101,0.708869,-0.435932,1.281861,2.205646,0.000000,1,0.074681,2.312767,34.298248,40.964801,-0.463340,46.255284,0.000000
13.208333,4.000000,1,-0.893710,1.386032,0.314212,-0.439712,-0.308925,0.129070,-0.833402,0.431422,-0.017869,0.024358,-0.078013,0.527618,0.690940,0.487991,-0.511558,-0.756667,0.407140,0.592023,0.033031,0.805244,0.047573,-0.827688,1.375316,0.101730,0.013862,0.051708,0.216232,-0.543897,0.112394,0.708598,-0.435239,0.769606,3.014652,0.000000,1,0.075958,2.290843,34.627112,40.683180,-0.458371,46.034363,0.000000
13.241666,4.033333,1,-0.894053,1.385492,0.312559,-0.445324,-0.307544,0.128644,-0.830996,0.432062,-0.017802,0.022707,-0.074279,0.532034,0.689001,0.486518,-0.515567,-0.749461,0.415331,0.591384,0.039520,0.805421,0.053167,-0.827688,1.375316,0.101730,0.013413,0.052215,0.214594,-0.546492,0.117568,0.706621,-0.433833,0.270404,3.915594,0.000000,1,0.078544,2.279485,34.992480,40.404424,-0.455184,45.807157,0.000000
13.275000,4.066667,1,-0.894343,1.385531,0.310213,-0.452204,-0.301608,0.129595,-0.829306,0.432206,-0.018032,0.020358,-0.065896,0.535553,0.687086,0.486573,-0.517808,-0.739217,0.430618,0.598053,0.047141,0.800069,0.070938,-0.827688,1.375316,0.101730,0.013550,0.052631,0.212270,-0.546500,0.126645,0.706238,-0.431888,0.774621,4.682395,0.000000,1,0.083026,2.308928,35.434867,40.155486,-0.459010,45.578710,0.000000
13.308333,4.100000,1,-0.894609,1.385666,0.308022,-0.452663,-0.293122,0.133944,-0.831405,0.432261,-0.018304,0.018164,-0.058073,0.532175,0.687010,0.491360,-0.510386,-0.736948,0.443186,0.613328,0.049290,0.788289,0.066340,-0.827688,1.375316,0.101730,0.013774,0.053003,0.210102,-0.540424,0.132427,0.710928,-0.430100,1.342343,5.132039,0.000000,1,0.081667,2.344065,35.842085,39.934060,-0.463741,45.374443,0.000000
13.341666,4.133333,1,-0.895040,1.385470,0.306598,-0.453652,-0.288616,0.136329,-0.832055,0.432677,-0.018515,0.016738,-0.053586,0.531052,0.686522,0.493761,-0.506657,-0.734870,0.450849,0.621042,0.051631,0.782075,0.045009,-0.827688,1.375316,0.101730,0.013672,0.053537,0.208704,-0.537675,0.136062,0.713129,-0.428766,1.830300,5.570758,0.000000,1,0.077666,2.369590,36.147761,39.710401,-0.466797,45.193740,0.000000
13.375000,4.166667,1,-0.895565,1.385100,0.305701,-0.456470,-0.286365,0.137158,-0.831154,0.433290,-0.018702,0.015840,-0.050312,0.532575,0.685356,0.494085,-0.506698,-0.730838,0.457311,0.623658,0.055512,0.779724,0.033104,-0.827688,1.375316,0.101730,0.013397,0.054157,0.207834,-0.537802,0.139651,0.713099,-0.427499,2.113191,5.967208,0.000000,1,0.075300,2.390887,36.377586,39.497055,-0.469086,45.036824,0.000000
13.408333,4.200000,1,-0.896067,1.384585,0.305101,-0.460539,-0.285135,0.137714,-0.829239,0.434004,-0.018787,0.015239,-0.047397,0.535678,0.683411,0.493713,-0.508001,-0.725597,0.464159,0.624039,0.061407,0.778976,0.028097,-0.827688,1.375316,0.101730,0.012967,0.054756,0.207256,-0.539495,0.143530,0.712114,-0.425720,2.350114,6.383030,0.000000,1,0.074345,2.398417,36.563121,39.292385,-0.468976,44.895107,0.000000
13.441666,4.233333,1,-0.896416,1.384058,0.304420,-0.465273,-0.284720,0.138199,-0.826654,0.434635,-0.018742,0.014560,-0.044916,0.539743,0.680903,0.492983,-0.509901,-0.719833,0.471001,0.622860,0.068708,0.779310,0.027869,-0.827688,1.375316,0.101730,0.012507,0.055210,0.206589,-0.542221,0.147383,0.710565,-0.423524,3.015216,6.740638,0.000000,1,0.074857,2.389708,36.753988,39.097457,-0.466050,44.757448,0.000000
13.475000,4.266667,1,-0.896428,1.383622,0.303517,-0.469511,-0.285409,0.138017,-0.824046,0.434991,-0.018479,0.013660,-0.043647,0.543855,0.678672,0.491652,-0.512747,-0.714816,0.475531,0.619865,0.075000,0.781116,0.030079,-0.827688,1.375316,0.101730,0.012100,0.055331,0.205680,-0.545459,0.150155,0.708521,-0.421813,3.755758,7.120872,0.000000,1,0.074650,2.354806,36.955796,38.937923,-0.458604,44.636235,0.000000
13.508333,4.300000,1,-0.896254,1.383239,0.302558,-0.471833,-0.286473,0.137399,-0.822453,0.435193,-0.018100,0.012704,-0.043569,0.546414,0.677534,0.490388,-0.515242,-0.712123,0.476871,0.616897,0.078098,0.783160,0.031430,-0.827688,1.375316,0.101730,0.011722,0.055265,0.204705,-0.547750,0.151239,0.706917,-0.421147,4.381942,7.633867,0.000000,1,0.074273,2.305751,37.151507,38.804050,-0.448735,44.530217,0.000000
13.541666,4.333333,1,-0.896107,1.382763,0.301748,-0.472312,-0.287813,0.136800,-0.821809,0.435485,-0.017688,0.011899,-0.044559,0.547443,0.677231,0.489571,-0.516670,-0.711892,0.475670,0.614317,0.078746,0.785120,0.028529,-0.827688,1.375316,0.101730,0.011252,0.055228,0.203880,-0.549063,0.150742,0.706006,-0.421143,5.024956,8.245985,0.000000,1,0.074354,2.252001,37.329117,38.666495,-0.438101,44.426458,0.000000
13.575000,4.366667,1,-0.896006,1.382265,0.300976,-0.473506,-0.288738,0.136321,-0.820877,0.435823,-0.017300,0.011131,-0.044858,0.548927,0.676618,0.488728,-0.518266,-0.710612,0.475848,0.612116,0.080352,0.786675,0.027730,-0.827688,1.375316,0.101730,0.010764,0.055239,0.203094,-0.550525,0.151056,0.704979,-0.420843,5.788621,8.686766,0.000000,1,0.075085,2.201192,37.504720,38.522973,-0.427988,44.320000,0.000000
13.608333,4.400000,1,-0.895931,1.381857,0.300162,-0.476040,-0.289418,0.135700,-0.819273,0.436104,-0.016986,0.010320,-0.044342,0.551504,0.675474,0.487455,-0.520843,-0.707435,0.477763,0.609616,0.083539,0.788283,0.027398,-0.827688,1.375316,0.101730,0.010371,0.055265,0.202271,-0.552667,0.152553,0.703379,-0.420172,6.532516,9.061778,0.000000,1,0.075515,2.160185,37.682705,38.385544,-0.419528,44.216294,0.000000
13.641666,4.433333,1,-0.895907,1.381501,0.299387,-0.478332,-0.290122,0.135124,-0.817783,0.436375,-0.016745,0.009548,-0.043955,0.553876,0.674409,0.486274,-0.523212,-0.704586,0.479383,0.607203,0.086481,0.789826,0.025602,-0.827688,1.375316,0.101730,0.010035,0.055333,0.201489,-0.554671,0.153848,0.701890,-0.419549,7.037240,9.572549,0.000000,1,0.075641,2.128543,37.853211,38.252817,-0.412649,44.116859,0.000000
13.675000,4.466667,1,-0.895932,1.381088,0.298710,-0.479478,-0.290346,0.134918,-0.817066,0.436720,-0.016509,0.008874,-0.043647,0.555004,0.673865,0.485768,-0.524248,-0.703134,0.480382,0.606236,0.088001,0.790401,0.023786,-0.827688,1.375316,0.101730,0.009646,0.055451,0.200808,-0.555576,0.154577,0.701224,-0.419196,7.325752,10.090427,0.000000,1,0.076066,2.097220,38.013415,38.114559,-0.405857,44.016838,0.000000
13.708333,4.500000,1,-0.895950,1.380635,0.298159,-0.479932,-0.290054,0.135166,-0.816863,0.437093,-0.016245,0.008326,-0.043182,0.555281,0.673574,0.485897,-0.524079,-0.702531,0.481447,0.606619,0.088867,0.790010,0.021401,-0.827688,1.375316,0.101730,0.009214,0.055560,0.200251,-0.555646,0.155107,0.701249,-0.418866,7.660514,10.468617,0.000000,1,0.075739,2.062292,38.153636,37.982871,-0.398484,43.924865,0.000000
13.741666,4.533333,1,-0.895908,1.380232,0.297788,-0.481108,-0.290344,0.135130,-0.816073,0.437390,-0.015965,0.007958,-0.042919,0.556467,0.672890,0.485512,-0.524873,-0.701158,0.482583,0.605626,0.090755,0.790557,0.016513,-0.827688,1.375316,0.101730,0.008817,0.055593,0.199871,-0.556618,0.155811,0.700639,-0.418336,7.964186,10.702702,0.000000,1,0.073710,2.025607,38.253407,37.883708,-0.390812,43.859373,0.000000
13.775000,4.566667,1,-0.895809,1.379935,0.297530,-0.482992,-0.290981,0.134857,-0.814778,0.437567,-0.015705,0.007702,-0.042652,0.558443,0.671863,0.484688,-0.526516,-0.698925,0.484029,0.603651,0.093563,0.791740,0.012157,-0.827688,1.375316,0.101730,0.008517,0.055549,0.199602,-0.558304,0.156833,0.699492,-0.417626,8.322512,10.829002,0.000000,1,0.071687,1.992029,38.319890,37.819982,-0.383654,43.820125,0.000000
13.808333,4.600000,1,-0.895658,1.379683,0.297368,-0.484846,-0.292074,0.134282,-0.813379,0.437678,-0.015431,0.007544,-0.042808,0.560596,0.670879,0.483551,-0.528691,-0.696805,0.484715,0.600812,0.096179,0.793583,0.010061,-0.827688,1.375316,0.101730,0.008252,0.055442,0.199427,-0.560315,0.157542,0.698055,-0.417070,8.524471,10.966465,0.000000,1,0.070302,1.956958,38.361444,37.779698,-0.376272,43.798688,0.000000
13.841666,4.633333,1,-0.895488,1.379460,0.297270,-0.486654,-0.293354,0.133662,-0.811940,0.437754,-0.015160,0.007448,-0.043153,0.562790,0.669878,0.482357,-0.530939,-0.694813,0.485118,0.597669,0.098802,0.795632,0.008905,-0.827688,1.375316,0.101730,0.008011,0.055310,0.199315,-0.562435,0.158095,0.696552,-0.416520,8.538512,11.106763,0.000000,1,0.069497,1.922459,38.387633,37.752865,-0.369024,43.787487,0.000000
13.875000,4.666667,1,-0.895297,1.379320,0.297167,-0.488890,-0.294332,0.132982,-0.810352,0.437751,-0.014922,0.007348,-0.043037,0.565235,0.668773,0.481040,-0.533496,-0.692065,0.486238,0.594762,0.101780,0.797433,0.007750,-0.827688,1.375316,0.101730,0.007849,0.055145,0.199199,-0.564607,0.159173,0.694912,-0.415908,8.868898,11.141249,0.000000,1,0.068795,1.892418,38.406487,37.741482,-0.362547,43.785744,0.000000
13.908333,4.700000,1,-0.895103,1.379231,0.297063,-0.491030,-0.295348,0.132079,-0.808835,0.437705,-0.014712,0.007246,-0.042998,0.567608,0.667831,0.479556,-0.536354,-0.689337,0.486968,0.591712,0.104306,0.799373,0.007134,-0.827688,1.375316,0.101730,0.007739,0.054970,0.199081,-0.566749,0.160158,0.693176,-0.415514,8.974630,11.229072,0.000000,1,0.068401,1.866147,38.421125,37.738708,-0.356741,43.789090,0.000000
13.941666,4.733333,1,-0.894990,1.379151,0.296980,-0.492870,-0.296266,0.131489,-0.807476,0.437702,-0.014574,0.007164,-0.043004,0.569669,0.666888,0.478422,-0.538527,-0.687104,0.487727,0.589112,0.106821,0.800960,0.004826,-0.827688,1.375316,0.101730,0.007647,0.054875,0.198991,-0.568619,0.160972,0.691764,-0.414998,9.084641,11.345626,0.000000,1,0.068673,1.848720,38.436463,37.729234,-0.352460,43.788256,0.000000
13.975000,4.766667,1,-0.894959,1.378991,0.296935,-0.494625,-0.297075,0.131252,-0.806142,0.437811,-0.014452,0.007121,-0.042949,0.571608,0.665811,0.477615,-0.540078,-0.685102,0.488826,0.586903,0.109704,0.802191,0.005075,-0.827688,1.375316,0.101730,0.007485,0.054868,0.198941,-0.570350,0.161783,0.690605,-0.414237,9.108277,11.445110,0.000000,1,0.069566,1.833031,38.456552,37.700860,-0.348542,43.775840,0.000000
14.008333,4.800000,1,-0.894874,1.378688,0.296916,-0.496248,-0.298253,0.130778,-0.804786,0.438002,-0.014202,0.007105,-0.043284,0.573591,0.664818,0.476589,-0.541979,-0.683345,0.489182,0.584035,0.112287,0.803925,0.009460,-0.827688,1.375316,0.101730,0.007174,0.054825,0.198912,-0.572271,0.162258,0.689262,-0.413637,9.108767,11.533425,0.000000,1,0.070297,1.800644,38.479653,37.659686,-0.341935,43.755525,0.000000
14.041666,4.833333,1,-0.894645,1.378327,0.296924,-0.497881,-0.300115,0.129722,-0.803254,0.438152,-0.013802,0.007117,-0.044230,0.575889,0.663930,0.474966,-0.544903,-0.681631,0.488324,0.579745,0.114481,0.806715,0.012826,-0.827688,1.375316,0.101730,0.006786,0.054645,0.198899,-0.574718,0.162310,0.687383,-0.413352,9.160879,11.556390,0.000000,1,0.069783,1.749418,38.493142,37.630244,-0.332251,43.743312,0.000000
14.075000,4.866667,1,-0.894411,1.378083,0.296973,-0.499519,-0.301832,0.128596,-0.801774,0.438206,-0.013468,0.007169,-0.045044,0.578125,0.663119,0.473303,-0.547911,-0.679794,0.487518,0.575630,0.116489,0.809370,0.010248,-0.827688,1.375316,0.101730,0.006513,0.054443,0.198930,-0.577060,0.162462,0.685502,-0.413154,9.208984,11.558055,0.000000,1,0.068461,1.707017,38.489471,37.623823,-0.324030,43.746955,0.000000
14.108333,4.900000,1,-0.894268,1.377956,0.297056,-0.500929,-0.302865,0.127945,-0.800608,0.438221,-0.013278,0.007255,-0.045344,0.579852,0.662375,0.472202,-0.549939,-0.678135,0.487545,0.572964,0.118406,0.810982,0.006268,-0.827688,1.375316,0.101730,0.006366,0.054313,0.199002,-0.578740,0.162876,0.684185,-0.412822,9.142233,11.542421,0.000000,1,0.067726,1.682949,38.475825,37.628068,-0.318856,43.758193,0.000000
14.141666,4.933333,1,-0.894134,1.377880,0.297160,-0.502146,-0.303457,0.127755,-0.799651,0.438201,-0.013126,0.007360,-0.045334,0.581209,0.661611,0.471606,-0.551066,-0.676736,0.488216,0.571341,0.120432,0.811828,0.005574,-0.827688,1.375316,0.101730,0.006270,0.054185,0.199096,-0.579962,0.163419,0.683340,-0.412292,9.132515,11.490494,0.000000,1,0.067154,1.663857,38.455038,37.641133,-0.314542,43.775368,0.000000
14.175000,4.966667,1,-0.893956,1.377834,0.297293,-0.503271,-0.304200,0.127403,-0.798718,0.438131,-0.012958,0.007494,-0.045500,0.582551,0.660939,0.470875,-0.552414,-0.675451,0.488472,0.569427,0.122178,0.812912,0.006807,-0.827688,1.375316,0.101730,0.006198,0.054007,0.199217,-0.581239,0.163798,0.682400,-0.411900,9.102468,11.440240,0.000000,1,0.066296,1.642829,38.423463,37.667653,-0.309948,43.801775,0.000000
14.208333,5.000000,1,-0.893825,1.377859,0.297443,-0.504697,-0.304888,0.126957,-0.797626,0.438032,-0.012870,0.007645,-0.045484,0.584139,0.660169,0.469989,-0.554083,-0.673682,0.489024,0.567406,0.124216,0.814015,0.006025,-0.827688,1.375316,0.101730,0.006202,0.053865,0.199360,-0.582671,0.164444,0.681284,-0.411466,9.037436,11.340374,0.000000,1,0.065745,1.632146,38.385975,37.701257,-0.307105,43.832905,0.000000
14.241666,5.033333,1,-0.893810,1.377891,0.297586,-0.506287,-0.304807,0.127078,-0.796629,0.437998,-0.012879,0.007788,-0.044703,0.585531,0.659230,0.469649,-0.554862,-0.671565,0.491049,0.566864,0.126834,0.813989,0.004416,-0.827688,1.375316,0.101730,0.006228,0.053838,0.199502,-0.583627,0.165703,0.680638,-0.410674,9.037257,11.242196,0.000000,1,0.066351,1.633488,38.356790,37.720822,-0.306314,43.854258,0.000000
14.275000,5.066667,1,-0.893797,1.377867,0.297688,-0.507609,-0.304172,0.127574,-0.795951,0.438009,-0.012855,0.007890,-0.043545,0.586435,0.658407,0.469785,-0.554812,-0.669692,0.493656,0.567547,0.129207,0.813139,0.003166,-0.827688,1.375316,0.101730,0.006200,0.053823,0.199603,-0.583995,0.167109,0.680491,-0.409826,8.937616,11.135624,0.000000,1,0.088848,1.633488,38.356790,37.720822,-0.306314,43.854258,0.000000
14.308333,5.100000,1,-0.893713,1.377798,0.297771,-0.508652,-0.303670,0.127969,-0.795413,0.438013,-0.012747,0.007974,-0.042629,0.587148,0.657754,0.469894,-0.554765,-0.668207,0.495716,0.568090,0.131086,0.812460,0.004098,-0.827688,1.375316,0.101730,0.006119,0.053744,0.199679,-0.584284,0.168220,0.680374,-0.409151,8.964677,11.070079,0.000000,1,0.066373,1.616858,38.324491,37.735523,-0.302618,43.873350,0.000000
14.341666,5.133333,1,-0.893642,1.377674,0.297918,-0.509472,-0.303386,0.128175,-0.794963,0.438069,-0.012618,0.008123,-0.042009,0.587758,0.657262,0.469875,-0.554906,-0.667044,0.497124,0.568280,0.132483,0.812100,0.006140,-0.827688,1.375316,0.101730,0.005983,0.053682,0.199819,-0.584595,0.169024,0.680191,-0.408680,8.818289,10.993840,0.000000,1,0.067042,1.600337,38.303301,37.738318,-0.298991,43.883229,0.000000
14.375000,5.166667,1,-0.893624,1.377548,0.298132,-0.510295,-0.303040,0.128341,-0.794540,0.438159,-0.012529,0.008338,-0.041331,0.588342,0.656813,0.469831,-0.555100,-0.665817,0.498549,0.568549,0.133776,0.811699,0.007495,-0.827688,1.375316,0.101730,0.005850,0.053668,0.200030,-0.584863,0.169872,0.680003,-0.408258,8.627156,10.862008,0.000000,1,0.066792,1.588876,38.273498,37.740762,-0.296236,43.894615,0.000000
14.408333,5.200000,1,-0.893608,1.377476,0.298384,-0.511270,-0.303015,0.128304,-0.793929,0.438207,-0.012476,0.008591,-0.040875,0.589206,0.656287,0.469523,-0.555754,-0.664452,0.499640,0.568116,0.135232,0.811761,0.007878,-0.827688,1.375316,0.101730,0.005770,0.053647,0.200279,-0.585469,0.170631,0.679533,-0.407856,8.461169,10.644231,0.000000,1,0.065992,1.582030,38.232737,37.755061,-0.294271,43.914557,0.000000
14.441666,5.233333,1,-0.893566,1.377385,0.298738,-0.512125,-0.303411,0.128051,-0.793267,0.438254,-0.012391,0.008945,-0.040851,0.590151,0.655812,0.469002,-0.556737,-0.663371,0.499983,0.566938,0.136482,0.812376,0.011012,-0.827688,1.375316,0.101730,0.005665,0.053597,0.200628,-0.586315,0.171028,0.678869,-0.407580,8.401894,10.419581,0.000000,1,0.065027,1.571162,38.173207,37.779852,-0.291676,43.944077,0.000000
14.475000,5.266667,1,-0.893525,1.377223,0.299218,-0.512702,-0.303986,0.127755,-0.792722,0.438358,-0.012266,0.009427,-0.041111,0.590926,0.655461,0.468495,-0.557645,-0.662748,0.499798,0.565573,0.137361,0.813178,0.015256,-0.827688,1.375316,0.101730,0.005487,0.053550,0.201102,-0.587115,0.171098,0.678255,-0.407421,8.213891,10.203252,0.000000,1,0.064443,1.554952,38.096144,37.805979,-0.288238,43.977969,0.000000
14.508333,5.300000,1,-0.893458,1.377055,0.299714,-0.513540,-0.304680,0.127474,-0.791958,0.438451,-0.012117,0.009925,-0.041360,0.591988,0.654908,0.467905,-0.558709,-0.661839,0.499814,0.563899,0.138769,0.814101,0.015846,-0.827688,1.375316,0.101730,0.005300,0.053478,0.201590,-0.588170,0.171290,0.677487,-0.407095,7.909744,9.928048,0.000000,1,0.064010,1.535804,38.014793,37.836147,-0.284345,44.014650,0.000000
14.541666,5.333333,1,-0.893334,1.376911,0.300159,-0.514448,-0.305556,0.127292,-0.791060,0.438492,-0.011936,0.010371,-0.041742,0.593196,0.654191,0.467343,-0.559696,-0.660986,0.499838,0.561942,0.140582,0.815143,0.014505,-0.827688,1.375316,0.101730,0.005130,0.053349,0.202024,-0.589404,0.171413,0.676679,-0.406603,7.658994,9.592779,0.000000,1,0.063662,1.512752,37.937195,37.872153,-0.279832,44.053256,0.000000
14.575000,5.366667,1,-0.893251,1.376748,0.300594,-0.515910,-0.306416,0.127207,-0.789787,0.438572,-0.011775,0.010808,-0.041862,0.594894,0.653099,0.466701,-0.560875,-0.659412,0.500595,0.559797,0.143418,0.816124,0.014162,-0.827688,1.375316,0.101730,0.004946,0.053263,0.202450,-0.590979,0.171965,0.675662,-0.405776,7.536859,9.230833,0.000000,1,0.063956,1.492162,37.865517,37.899200,-0.275763,44.085413,0.000000
14.608333,5.400000,1,-0.893264,1.376456,0.301099,-0.518566,-0.307355,0.126937,-0.787724,0.438812,-0.011615,0.011315,-0.041522,0.597699,0.651388,0.465538,-0.563101,-0.656127,0.502408,0.556856,0.147939,0.817329,0.017493,-0.827688,1.375316,0.101730,0.004646,0.053285,0.202950,-0.593378,0.173379,0.673941,-0.404532,6.866783,9.255685,0.000000,1,0.064967,1.471099,37.797783,37.900907,-0.271663,44.102853,0.000000
14.641666,5.433333,1,-0.893279,1.376057,0.301661,-0.522080,-0.308647,0.126030,-0.785039,0.439139,-0.011393,0.011880,-0.041121,0.601431,0.649409,0.463528,-0.566903,-0.651500,0.504152,0.552575,0.153155,0.819271,0.020688,-0.827688,1.375316,0.101730,0.004238,0.053321,0.203505,-0.596600,0.175230,0.671334,-0.403327,6.683402,9.113538,0.000000,1,0.065411,1.441985,37.728710,37.890681,-0.266256,44.113992,0.000000
14.675000,5.466667,1,-0.893215,1.375698,0.302283,-0.524391,-0.309765,0.125239,-0.783182,0.439387,-0.011133,0.012504,-0.041098,0.604006,0.648113,0.461992,-0.569748,-0.648493,0.504820,0.549200,0.156520,0.820902,0.021614,-0.827688,1.375316,0.101730,0.003858,0.053269,0.204115,-0.598920,0.176279,0.669417,-0.402619,6.346907,8.863675,0.000000,1,0.064013,1.408240,37.640755,37.902055,-0.260078,44.140794,0.000000
14.708333,5.500000,1,-0.893049,1.375359,0.303051,-0.525664,-0.311074,0.124514,-0.781925,0.439557,-0.010803,0.013276,-0.041706,0.605733,0.647321,0.460786,-0.571873,-0.647079,0.504232,0.546027,0.158473,0.822643,0.025687,-0.827688,1.375316,0.101730,0.003481,0.053105,0.204865,-0.600716,0.176411,0.667974,-0.402282,6.206299,8.056476,0.000000,1,0.061921,1.365986,37.517795,37.943510,-0.252484,44.191436,0.000000
14.741666,5.533333,1,-0.892892,1.375012,0.304008,-0.526862,-0.312511,0.123644,-0.780683,0.439739,-0.010479,0.014236,-0.042464,0.607451,0.646605,0.459458,-0.574191,-0.645766,0.503281,0.542585,0.160197,0.824584,0.030902,-0.827688,1.375316,0.101730,0.003091,0.052941,0.205805,-0.602562,0.176407,0.666441,-0.402065,5.888765,7.367105,0.000000,1,0.060427,1.324362,37.361814,38.000572,-0.244998,44.257667,0.000000
14.775000,5.566667,1,-0.892788,1.374712,0.305004,-0.527510,-0.313400,0.122819,-0.780019,0.439916,-0.010226,0.015235,-0.042976,0.608429,0.646385,0.458426,-0.575997,-0.644935,0.502281,0.540343,0.160680,0.825961,0.031363,-0.827688,1.375316,0.101730,0.002755,0.052821,0.206788,-0.603648,0.176341,0.665382,-0.402218,4.824252,7.088246,0.000000,1,0.059725,1.291843,37.198418,38.061962,-0.239033,44.327554,0.000000
14.808333,5.600000,1,-0.892601,1.374507,0.305901,-0.527919,-0.314146,0.121899,-0.779586,0.439966,-0.009963,0.016135,-0.043467,0.609128,0.646411,0.457412,-0.577770,-0.644306,0.501050,0.538399,0.160526,0.827259,0.028159,-0.827688,1.375316,0.101730,0.002505,0.052611,0.207668,-0.604479,0.176189,0.664435,-0.402603,4.267707,6.606152,0.000000,1,0.058691,1.258334,37.039867,38.138999,-0.232911,44.404346,0.000000
14.841666,5.633333,1,-0.892328,1.374370,0.306667,-0.528133,-0.314975,0.120936,-0.779257,0.439911,-0.009670,0.016904,-0.044119,0.609689,0.646549,0.456407,-0.579493,-0.643976,0.499483,0.536381,0.160056,0.828660,0.024747,-0.827688,1.375316,0.101730,0.002314,0.052315,0.208413,-0.605246,0.175835,0.663532,-0.403093,3.673113,6.204501,0.000000,1,0.058099,1.221474,36.893537,38.225143,-0.226241,44.482868,0.000000
14.875000,5.666667,1,-0.892081,1.374262,0.307350,-0.527446,-0.315227,0.120702,-0.779656,0.439847,-0.009414,0.017590,-0.044651,0.609185,0.647008,0.456379,-0.579450,-0.644963,0.498258,0.536159,0.158775,0.829050,0.022047,-0.827688,1.375316,0.101730,0.002157,0.052045,0.209079,-0.604998,0.175154,0.663662,-0.403548,3.321660,5.889597,0.000000,1,0.058204,1.189275,36.761518,38.304704,-0.220367,44.554283,0.000000
14.908333,5.700000,1,-0.891947,1.374279,0.307954,-0.525907,-0.314285,0.121973,-0.780877,0.439753,-0.009325,0.018195,-0.044486,0.607384,0.647524,0.458059,-0.576406,-0.647248,0.498824,0.539168,0.157467,0.827346,0.018569,-0.827688,1.375316,0.101730,0.002142,0.051876,0.209674,-0.603294,0.174566,0.665423,-0.403453,2.877701,5.514119,0.000000,1,0.058100,1.178162,36.641285,38.382070,-0.218034,44.621583,0.000000
14.941666,5.733333,1,-0.891962,1.374502,0.308339,-0.524688,-0.312796,0.123472,-0.782059,0.439583,-0.009475,0.018578,-0.043688,0.605626,0.647904,0.459923,-0.573124,-0.648889,0.500472,0.543055,0.156624,0.824961,0.013336,-0.827688,1.375316,0.101730,0.002355,0.051839,0.210063,-0.601386,0.174571,0.667325,-0.403159,2.611869,5.205787,0.000000,1,0.058767,1.197528,36.553731,38.452650,-0.220834,44.677525,0.000000
14.975000,5.766667,1,-0.892054,1.374876,0.308511,-0.524403,-0.311530,0.124334,-0.782618,0.439340,-0.009774,0.018747,-0.042677,0.604805,0.648016,0.460939,-0.571428,-0.649014,0.502246,0.545769,0.156508,0.823190,0.012651,-0.827688,1.375316,0.101730,0.002733,0.051871,0.210247,-0.600251,0.175159,0.668346,-0.402904,2.569026,4.874283,0.000000,1,0.059572,1.236177,36.497296,38.517460,-0.226920,44.723077,0.000000
15.008333,5.800000,1,-0.892162,1.375240,0.308601,-0.526325,-0.310913,0.124027,-0.781622,0.439114,-0.010081,0.018833,-0.041271,0.606254,0.647269,0.460212,-0.573003,-0.645804,0.504585,0.545722,0.158679,0.822806,0.011709,-0.827688,1.375316,0.101730,0.003106,0.051925,0.210349,-0.601028,0.177032,0.667438,-0.402432,2.559854,4.736035,0.000000,1,0.060220,1.275696,36.457903,38.570788,-0.233220,44.758488,0.000000
15.041666,5.833333,1,-0.892277,1.375481,0.308669,-0.529539,-0.311191,0.122807,-0.779530,0.438991,-0.010318,0.018899,-0.040095,0.609262,0.645957,0.458183,-0.576922,-0.640790,0.506507,0.543076,0.162263,0.823856,0.008258,-0.827688,1.375316,0.101730,0.003358,0.052003,0.210428,-0.603311,0.179328,0.665097,-0.401876,2.534813,4.667412,0.000000,1,0.061183,1.306199,36.432947,38.601806,-0.238074,44.778601,0.000000
15.075000,5.866667,1,-0.892405,1.375722,0.308640,-0.531189,-0.310782,0.122712,-0.778585,0.438875,-0.010565,0.018868,-0.038995,0.610560,0.645162,0.457671,-0.578034,-0.638161,0.508554,0.542925,0.164492,0.823514,0.008235,-0.827688,1.375316,0.101730,0.003614,0.052099,0.210412,-0.604064,0.180852,0.664357,-0.401284,2.556175,4.617937,0.000000,1,0.061985,1.337879,36.426300,38.622190,-0.243170,44.788831,0.000000
15.108333,5.900000,1,-0.892492,1.376003,0.308495,-0.532089,-0.309725,0.123418,-0.778279,0.438704,-0.010802,0.018720,-0.037645,0.610897,0.644575,0.458160,-0.577345,-0.636631,0.511247,0.544642,0.166212,0.822033,0.009834,-0.827688,1.375316,0.101730,0.003907,0.052156,0.210277,-0.603845,0.182210,0.664634,-0.400540,2.764472,4.633171,0.000000,1,0.062396,1.368509,36.435010,38.642681,-0.248121,44.795656,0.000000
15.141666,5.933333,1,-0.892540,1.376203,0.308378,-0.532585,-0.308906,0.123921,-0.778186,0.438573,-0.010959,0.018601,-0.036689,0.610977,0.644268,0.458563,-0.576748,-0.635707,0.513067,0.546043,0.167144,0.820914,0.007099,-0.827688,1.375316,0.101730,0.004115,0.052184,0.210166,-0.603546,0.183108,0.664925,-0.400098,2.960316,4.635451,0.000000,1,0.062467,1.388911,36.442700,38.657967,-0.251386,44.800048,0.000000
15.175000,5.966667,1,-0.892593,1.376227,0.308462,-0.532784,-0.308549,0.123954,-0.778186,0.438585,-0.011018,0.018684,-0.036279,0.610996,0.644254,0.458590,-0.576758,-0.635230,0.513647,0.546564,0.167241,0.820548,0.003071,-0.827688,1.375316,0.101730,0.004144,0.052229,0.210254,-0.603408,0.183493,0.664960,-0.400072,2.889372,4.521371,0.000000,1,0.097102,1.388911,36.442700,38.657967,-0.251386,44.800048,0.000000
15.208333,6.000000,1,-0.892635,1.376177,0.308734,-0.533065,-0.308246,0.123855,-0.778130,0.438650,-0.011024,0.018957,-0.035884,0.611112,0.644248,0.458475,-0.577026,-0.634601,0.514122,0.546884,0.167314,0.820319,0.008405,-0.827688,1.375316,0.101730,0.004093,0.052261,0.210527,-0.603365,0.183907,0.664865,-0.400104,2.607148,4.311845,0.000000,1,0.060609,1.396881,36.386796,38.675737,-0.252585,44.820628,0.000000
15.241666,6.033333,1,-0.892621,1.376219,0.309119,-0.533432,-0.307765,0.123788,-0.778079,0.438608,-0.011042,0.019341,-0.035290,0.611226,0.644234,0.458389,-0.577268,-0.633760,0.514889,0.547479,0.167435,0.819897,0.011628,-0.827688,1.375316,0.101730,0.004123,0.052220,0.210911,-0.603244,0.184503,0.664801,-0.400118,2.385974,3.969270,0.000000,1,0.058978,1.399335,36.312695,38.720612,-0.252850,44.859914,0.000000
15.275000,6.066667,1,-0.892596,1.376387,0.309581,-0.533558,-0.307256,0.123920,-0.778173,0.438458,-0.011127,0.019802,-0.034778,0.611111,0.644258,0.458547,-0.577051,-0.633352,0.515634,0.548339,0.167443,0.819321,0.014755,-0.827688,1.375316,0.101730,0.004274,0.052146,0.211373,-0.602945,0.184927,0.664975,-0.400084,2.054786,3.616629,0.000000,1,0.057108,1.410555,36.213718,38.793769,-0.254595,44.920050,0.000000
15.308333,6.100000,1,-0.892612,1.376664,0.310111,-0.533595,-0.306480,0.124388,-0.778379,0.438247,-0.011313,0.020331,-0.034064,0.610798,0.644232,0.459054,-0.576218,-0.633087,0.516888,0.549862,0.167609,0.818266,0.017960,-0.827688,1.375316,0.101730,0.004537,0.052095,0.211909,-0.602386,0.185450,0.665461,-0.399876,1.759281,3.275153,0.000000,1,0.055709,1.434656,36.096105,38.885236,-0.258540,44.994196,0.000000
15.341666,6.133333,1,-0.892664,1.377093,0.310673,-0.534030,-0.304989,0.125325,-0.778516,0.437934,-0.011618,0.020889,-0.032531,0.610523,0.643936,0.459946,-0.574784,-0.632073,0.519719,0.552629,0.168576,0.816201,0.021281,-0.827688,1.375316,0.101730,0.004956,0.052057,0.212480,-0.601543,0.186730,0.666229,-0.399269,1.428397,2.892498,0.000000,1,0.054219,1.474401,35.962754,38.998975,-0.265169,45.083777,0.000000
15.375000,6.166667,1,-0.892742,1.377716,0.311239,-0.535176,-0.302577,0.126815,-0.778429,0.437484,-0.012061,0.021450,-0.029854,0.610476,0.643194,0.461225,-0.572760,-0.629766,0.524730,0.556864,0.170820,0.812848,0.025331,-0.827688,1.375316,0.101730,0.005568,0.052020,0.213061,-0.600463,0.189139,0.667228,-0.398092,1.189678,2.399298,0.000000,1,0.052608,1.532002,35.814930,39.139646,-0.274884,45.190980,0.000000
15.408333,6.200000,1,-0.892868,1.378465,0.311880,-0.536536,-0.299708,0.128369,-0.778348,0.436961,-0.012619,0.022084,-0.026672,0.610416,0.642429,0.462564,-0.570647,-0.626891,0.530443,0.561766,0.173147,0.808974,0.029817,-0.827688,1.375316,0.101730,0.006311,0.052009,0.213721,-0.599179,0.192008,0.668291,-0.396869,0.970951,1.875677,0.000000,1,0.051035,1.604644,35.646550,39.300805,-0.287251,45.313762,0.000000
15.441666,6.233333,1,-0.892993,1.379182,0.312784,-0.537550,-0.297267,0.129556,-0.778388,0.436463,-0.013160,0.022983,-0.024030,0.610236,0.641935,0.463631,-0.568938,-0.624570,0.534997,0.565914,0.174684,0.805746,0.034835,-0.827688,1.375316,0.101730,0.007015,0.051986,0.214644,-0.597997,0.194343,0.669186,-0.396006,0.896652,1.124497,0.000000,1,0.048807,1.675194,35.433455,39.480654,-0.299380,45.456800,0.000000
15.475000,6.266667,1,-0.893002,1.379750,0.314005,-0.538110,-0.295700,0.130389,-0.778458,0.436014,-0.013521,0.024200,-0.022374,0.610040,0.641626,0.464399,-0.567667,-0.623238,0.537893,0.568643,0.175630,0.803616,0.040391,-0.827688,1.375316,0.101730,0.007548,0.051850,0.215873,-0.597179,0.195772,0.669839,-0.395432,1.119062,0.837788,0.000000,1,0.046319,1.722815,35.167884,39.680041,-0.307694,45.622347,0.000000
15.508333,6.300000,1,-0.892836,1.380187,0.315351,-0.538661,-0.295202,0.130807,-0.778197,0.435563,-0.013666,0.025544,-0.021681,0.610313,0.641207,0.464652,-0.567256,-0.622341,0.539362,0.569412,0.176767,0.802822,0.042758,-0.827688,1.375316,0.101730,0.007926,0.051550,0.217214,-0.597154,0.196506,0.669939,-0.394936,1.313775,0.592970,0.000000,1,0.044563,1.742814,34.878459,39.892032,-0.311347,45.799954,0.000000
15.541666,6.333333,1,-0.892490,1.380588,0.316680,-0.540230,-0.295506,0.130751,-0.777002,0.435035,-0.013644,0.026873,-0.021255,0.611858,0.640171,0.464068,-0.568378,-0.620175,0.540674,0.568156,0.179459,0.803115,0.042895,-0.827688,1.375316,0.101730,0.008243,0.051079,0.218526,-0.598382,0.197503,0.669017,-0.394142,1.470892,1.297965,0.000000,1,0.043015,1.741892,34.583338,40.118310,-0.311443,45.986275,0.000000
15.575000,6.366667,1,-0.892095,1.380977,0.318050,-0.542627,-0.296271,0.130044,-0.775157,0.434485,-0.013576,0.028243,-0.020877,0.614352,0.638848,0.462611,-0.571110,-0.616728,0.541738,0.565425,0.182874,0.804271,0.044346,-0.827688,1.375316,0.101730,0.008542,0.050557,0.219876,-0.600493,0.198846,0.667174,-0.393380,1.472650,1.837286,0.000000,1,0.041703,1.735110,34.278513,40.351878,-0.310572,46.178572,0.000000
15.608333,6.400000,1,-0.891707,1.381288,0.319487,-0.543507,-0.296960,0.129789,-0.774318,0.434002,-0.013469,0.029681,-0.021104,0.615451,0.638217,0.462010,-0.572202,-0.615703,0.541752,0.563749,0.184467,0.805083,0.045614,-0.827688,1.375316,0.101730,0.008763,0.050050,0.221292,-0.601571,0.199072,0.666368,-0.392985,1.354276,2.724424,0.000000,1,0.041030,1.722947,33.968670,40.577410,-0.308819,46.367560,0.000000
15.641666,6.433333,1,-0.891081,1.381470,0.320986,-0.543458,-0.298335,0.130127,-0.773768,0.433479,-0.013095,0.031184,-0.022356,0.616024,0.637576,0.462074,-0.571976,-0.616758,0.540789,0.561671,0.185994,0.806184,0.049045,-0.827688,1.375316,0.101730,0.008825,0.049321,0.222754,-0.602552,0.198127,0.666136,-0.392351,1.332382,3.548171,0.000000,1,0.039498,1.676856,33.642503,40.817060,-0.301113,46.567837,0.000000
15.675000,6.466667,1,-0.890346,1.381639,0.322310,-0.543472,-0.299919,0.129837,-0.773194,0.432900,-0.012622,0.032512,-0.023769,0.616745,0.637196,0.461565,-0.572785,-0.617534,0.539045,0.558895,0.186834,0.807917,0.045726,-0.827688,1.375316,0.101730,0.008862,0.048494,0.224034,-0.603739,0.197111,0.665469,-0.392171,1.402173,4.345657,0.000000,1,0.039037,1.618206,33.341486,41.052025,-0.291174,46.759425,0.000000
15.708333,6.500000,1,-0.889823,1.381995,0.323364,-0.543937,-0.300805,0.129096,-0.772647,0.432300,-0.012430,0.033568,-0.024360,0.617558,0.637040,0.460662,-0.574395,-0.617007,0.537934,0.556833,0.187173,0.809261,0.036877,-0.827688,1.375316,0.101730,0.009120,0.047870,0.225061,-0.604706,0.196905,0.664551,-0.392342,1.508584,5.186969,0.000000,1,0.039413,1.595390,33.087968,41.265309,-0.287609,46.927892,0.000000
15.741666,6.533333,1,-0.889450,1.382557,0.324323,-0.544902,-0.301050,0.128830,-0.771916,0.431627,-0.012480,0.034525,-0.024151,0.618533,0.636510,0.460096,-0.575456,-0.615588,0.538425,0.555835,0.188544,0.809629,0.035153,-0.827688,1.375316,0.101730,0.009603,0.047371,0.226005,-0.605508,0.197486,0.663831,-0.392030,1.500721,6.032665,0.000000,1,0.038664,1.603851,32.845540,41.482461,-0.289654,47.095771,0.000000
15.775000,6.566667,1,-0.889150,1.383206,0.325286,-0.546033,-0.300655,0.129006,-0.771240,0.430926,-0.012641,0.035487,-0.023294,0.619373,0.635831,0.459948,-0.575810,-0.613754,0.540138,0.556044,0.190352,0.809062,0.036004,-0.827688,1.375316,0.101730,0.010183,0.046933,0.226960,-0.605935,0.198601,0.663466,-0.391426,1.379645,6.743712,0.000000,1,0.037716,1.626710,32.600271,41.703809,-0.294343,47.266626,0.000000
15.808333,6.600000,1,-0.888945,1.383827,0.326231,-0.547134,-0.299710,0.129656,-0.770719,0.430307,-0.012860,0.036429,-0.021954,0.619940,0.635078,0.460291,-0.575300,-0.611863,0.542821,0.557421,0.192388,0.807632,0.034464,-0.827688,1.375316,0.101730,0.010747,0.046593,0.227902,-0.605926,0.200039,0.663544,-0.390575,1.354353,7.457978,0.000000,1,0.037775,1.656907,32.366979,41.906858,-0.300449,47.424785,0.000000
15.841666,6.633333,1,-0.888712,1.384305,0.327121,-0.547867,-0.298914,0.130236,-0.770409,0.429785,-0.012972,0.037317,-0.020912,0.620244,0.634544,0.460666,-0.574698,-0.610568,0.544912,0.558685,0.193832,0.806412,0.031091,-0.827688,1.375316,0.101730,0.011168,0.046249,0.228784,-0.605794,0.201102,0.663725,-0.389925,1.387971,8.231538,0.000000,1,0.038140,1.672991,32.153183,42.086336,-0.304081,47.565578,0.000000
15.875000,6.666667,1,-0.888436,1.384660,0.327888,-0.548755,-0.298246,0.130346,-0.770017,0.429334,-0.012973,0.038084,-0.019918,0.620743,0.634147,0.460586,-0.574928,-0.608887,0.546548,0.559430,0.194921,0.805633,0.026699,-0.827688,1.375316,0.101730,0.011465,0.045885,0.229540,-0.605864,0.202212,0.663534,-0.389567,1.451970,8.866951,0.000000,1,0.038825,1.674628,31.968049,42.241980,-0.305137,47.686632,0.000000
15.908333,6.700000,1,-0.888179,1.384947,0.328473,-0.550135,-0.297342,0.130218,-0.769404,0.428950,-0.012946,0.038669,-0.018496,0.621577,0.633660,0.460190,-0.575766,-0.606202,0.548646,0.560215,0.196265,0.804761,0.020986,-0.827688,1.375316,0.101730,0.011700,0.045559,0.230112,-0.606077,0.203856,0.663032,-0.389232,1.452159,9.361396,0.000000,1,0.040068,1.672382,31.822392,42.369095,-0.305520,47.782795,0.000000
15.941666,6.733333,1,-0.887952,1.385127,0.328936,-0.551212,-0.296859,0.129966,-0.768862,0.428669,-0.012878,0.039133,-0.017585,0.622327,0.633292,0.459718,-0.576700,-0.604159,0.549917,0.560384,0.197264,0.804398,0.016405,-0.827688,1.375316,0.101730,0.011837,0.045284,0.230565,-0.606411,0.204999,0.662487,-0.389040,1.420601,10.030928,0.000000,1,0.041373,1.664435,31.708725,42.466174,-0.304880,47.855128,0.000000
15.975000,6.766667,1,-0.887732,1.385201,0.329376,-0.552128,-0.297261,0.129599,-0.768111,0.428477,-0.012751,0.039573,-0.017540,0.623329,0.632789,0.459055,-0.577921,-0.602836,0.550087,0.559104,0.198541,0.804974,0.014906,-0.827688,1.375316,0.101730,0.011871,0.045031,0.230991,-0.607300,0.205443,0.661682,-0.388790,1.321766,10.393250,0.000000,1,0.042014,1.648603,31.608508,42.543972,-0.302791,47.914008,0.000000
16.008333,6.800000,1,-0.887508,1.385215,0.329781,-0.553207,-0.297841,0.129378,-0.767147,0.428331,-0.012585,0.039980,-0.017581,0.624558,0.632031,0.458428,-0.579070,-0.601441,0.550406,0.557520,0.200457,0.805598,0.013887,-0.827688,1.375316,0.101730,0.011846,0.044785,0.231382,-0.608422,0.205891,0.660808,-0.388283,1.360335,10.696570,0.000000,1,0.042396,1.627493,31.519049,42.609978,-0.299709,47.964132,0.000000
16.041666,6.833333,1,-0.887281,1.385180,0.330137,-0.554274,-0.298162,0.129301,-0.766264,0.428222,-0.012386,0.040339,-0.017394,0.625660,0.631281,0.457964,-0.579933,-0.599974,0.551099,0.556443,0.202363,0.805866,0.012734,-0.827688,1.375316,0.101730,0.011772,0.044544,0.231723,-0.609342,0.206495,0.660099,-0.387725,1.388192,10.955181,0.000000,1,0.042841,1.601948,31.441941,42.664775,-0.295783,48.005427,0.000000
16.075000,6.866667,1,-0.887077,1.385124,0.330432,-0.554990,-0.298377,0.129310,-0.765660,0.428144,-0.012193,0.040635,-0.017268,0.626400,0.630740,0.457702,-0.580421,-0.599016,0.551627,0.555750,0.203737,0.805999,0.010874,-0.827688,1.375316,0.101730,0.011682,0.044333,0.232004,-0.609959,0.206900,0.659654,-0.387297,1.387675,11.196559,0.000000,1,0.043373,1.577103,31.379115,42.708239,-0.291957,48.037361,0.000000
16.108333,6.900000,1,-0.886905,1.385061,0.330638,-0.554998,-0.298550,0.129523,-0.765551,0.428090,-0.012019,0.040843,-0.017418,0.626485,0.630548,0.457845,-0.580150,-0.599210,0.551700,0.555563,0.204211,0.806007,0.008276,-0.827688,1.375316,0.101730,0.011592,0.044159,0.232198,-0.610088,0.206788,0.659708,-0.387063,1.352155,11.331871,0.000000,1,0.044094,1.554653,31.334798,42.739385,-0.288542,48.058369,0.000000
16.141666,6.933333,1,-0.886742,1.385004,0.330735,-0.554638,-0.298866,0.129776,-0.765646,0.428038,-0.011856,0.040942,-0.017860,0.626304,0.630519,0.458116,-0.579621,-0.600073,0.551318,0.555330,0.204255,0.806157,0.005942,-0.827688,1.375316,0.101730,0.011511,0.043999,0.232284,-0.610088,0.206300,0.659932,-0.386940,1.278016,11.575968,0.000000,1,0.044801,1.533573,31.309975,42.761313,-0.285345,48.069888,0.000000
16.175000,6.966667,1,-0.886628,1.384985,0.330749,-0.554519,-0.299056,0.129849,-0.765646,0.427984,-0.011754,0.040956,-0.018082,0.626282,0.630486,0.458183,-0.579484,-0.600404,0.551102,0.555106,0.204322,0.806294,0.003491,-0.827688,1.375316,0.101730,0.011478,0.043888,0.232291,-0.610151,0.206084,0.659973,-0.386886,1.313554,11.560965,0.000000,1,0.045374,1.520397,31.300289,42.776054,-0.283578,48.074113,0.000000
16.208333,7.000000,1,-0.886629,1.384985,0.330774,-0.554760,-0.298986,0.129939,-0.765484,0.427984,-0.011755,0.040982,-0.017912,0.626467,0.630302,0.458190,-0.579483,-0.600038,0.551502,0.555153,0.204798,0.806141,0.000761,-0.827688,1.375316,0.101730,0.011478,0.043888,0.232316,-0.610251,0.206311,0.659915,-0.386706,1.370819,11.572944,0.000000,1,0.037020,1.520397,31.300289,42.776054,-0.283578,48.074113,0.000000
16.241666,7.033333,1,-0.886697,1.384948,0.330860,-0.554843,-0.298644,0.130081,-0.765533,0.428055,-0.011788,0.041068,-0.017568,0.626389,0.630282,0.458337,-0.579237,-0.599772,0.552048,0.555754,0.204871,0.805708,0.003496,-0.827688,1.375316,0.101730,0.011447,0.043956,0.232406,-0.610048,0.206594,0.660057,-0.386634,1.313253,11.589816,0.000000,1,0.045850,1.524454,31.286758,42.773452,-0.284986,48.070322,0.000000
16.275000,7.066667,1,-0.886712,1.384902,0.330894,-0.554706,-0.298387,0.130104,-0.765728,0.428101,-0.011772,0.041102,-0.017399,0.626151,0.630445,0.458443,-0.579054,-0.599836,0.552172,0.556259,0.204472,0.805461,0.001760,-0.827688,1.375316,0.101730,0.011403,0.043974,0.232440,-0.609770,0.206657,0.660224,-0.386753,1.257575,11.604903,0.000000,1,0.083652,1.524454,31.286758,42.773452,-0.284986,48.070322,0.000000
16.308333,7.100000,1,-0.886685,1.384946,0.330788,-0.555248,-0.298130,0.130089,-0.765438,0.428049,-0.011776,0.040995,-0.016928,0.626523,0.630194,0.458298,-0.579353,-0.598845,0.552933,0.556422,0.205137,0.805179,0.003550,-0.827688,1.375316,0.101730,0.011446,0.043948,0.232333,-0.609926,0.207238,0.660010,-0.386561,1.286383,11.579061,0.000000,1,0.046493,1.522882,31.297852,42.771108,-0.285314,48.060865,0.000000
16.341666,7.133333,1,-0.886713,1.385076,0.330597,-0.556032,-0.297713,0.130109,-0.765027,0.427963,-0.011875,0.040804,-0.016206,0.627041,0.629821,0.458130,-0.579709,-0.597403,0.554118,0.556756,0.206126,0.804695,0.006969,-0.827688,1.375316,0.101730,0.011583,0.043970,0.232146,-0.610117,0.208107,0.659737,-0.386258,1.350144,11.591180,0.000000,1,0.046765,1.535808,31.322367,42.773808,-0.288289,48.051133,0.000000
16.375000,7.166667,1,-0.886864,1.385223,0.330426,-0.556470,-0.296833,0.130384,-0.765004,0.427937,-0.012082,0.040630,-0.015221,0.627040,0.629678,0.458360,-0.579348,-0.596328,0.555652,0.558151,0.206547,0.803621,0.008132,-0.827688,1.375316,0.101730,0.011752,0.044109,0.231987,-0.609739,0.209008,0.659932,-0.386036,1.352741,11.578151,0.000000,1,0.047288,1.562547,31.350100,42.765658,-0.293811,48.035128,0.000000
16.408333,7.200000,1,-0.887096,1.385353,0.330277,-0.556838,-0.295611,0.130683,-0.765158,0.427972,-0.012344,0.040479,-0.013962,0.626825,0.629682,0.458690,-0.578816,-0.595161,0.557454,0.560154,0.206612,0.802209,0.009141,-0.827688,1.375316,0.101730,0.011915,0.044330,0.231855,-0.609064,0.210079,0.660285,-0.385918,1.321314,11.615964,0.000000,1,0.047827,1.596182,31.380696,42.746655,-0.300601,48.012929,0.000000
16.441666,7.233333,1,-0.887322,1.385420,0.330093,-0.557392,-0.294609,0.130897,-0.765105,0.428055,-0.012563,0.040293,-0.012817,0.626873,0.629540,0.458852,-0.578581,-0.593801,0.559146,0.561661,0.207031,0.801046,0.008965,-0.827688,1.375316,0.101730,0.012016,0.044555,0.231686,-0.608670,0.211150,0.660421,-0.385720,1.314296,11.592367,0.000000,1,0.048618,1.624142,31.422067,42.715875,-0.306329,47.982062,0.000000
16.475000,7.266667,1,-0.887495,1.385395,0.329888,-0.557913,-0.294097,0.131251,-0.764861,0.428179,-0.012684,0.040086,-0.012125,0.627113,0.629165,0.459057,-0.578240,-0.592852,0.560504,0.562438,0.208008,0.800248,0.008104,-0.827688,1.375316,0.101730,0.012020,0.044742,0.231491,-0.608617,0.211873,0.660493,-0.385285,1.319403,11.521375,0.000000,1,0.049269,1.639419,31.471232,42.675658,-0.309692,47.944525,0.000000
16.508333,7.300000,1,-0.887674,1.385302,0.329620,-0.558429,-0.293370,0.131919,-0.764649,0.428361,-0.012768,0.039818,-0.011242,0.627253,0.628678,0.459556,-0.577364,-0.591928,0.562380,0.563722,0.209276,0.799013,0.010046,-0.827688,1.375316,0.101730,0.011957,0.044946,0.231233,-0.608396,0.212722,0.660801,-0.384638,1.335331,11.498004,0.000000,1,0.050497,1.649504,31.537225,42.619201,-0.312073,47.894451,0.000000
16.541666,7.333333,1,-0.887947,1.385240,0.329203,-0.559541,-0.291397,0.133047,-0.764395,0.428576,-0.012945,0.039399,-0.008975,0.627372,0.627949,0.460440,-0.575829,-0.589527,0.566462,0.567004,0.211200,0.796179,0.015071,-0.827688,1.375316,0.101730,0.011942,0.045249,0.230833,-0.607623,0.214829,0.661424,-0.383617,1.323474,11.388768,0.000000,1,0.052365,1.671505,31.633575,42.543324,-0.316625,47.826847,0.000000
16.575000,7.366667,1,-0.888291,1.385230,0.328691,-0.561755,-0.288596,0.134603,-0.763561,0.428791,-0.013208,0.038884,-0.005475,0.628109,0.626514,0.461442,-0.574082,-0.585078,0.572812,0.571322,0.214901,0.792091,0.018525,-0.827688,1.375316,0.101730,0.011990,0.045620,0.230342,-0.606930,0.218305,0.661931,-0.381873,1.323418,11.230556,0.000000,1,0.053596,1.704749,31.747738,42.458455,-0.323206,47.750476,0.000000
16.608333,7.400000,1,-0.888708,1.385227,0.328138,-0.564825,-0.285413,0.136522,-0.762151,0.429044,-0.013534,0.038328,-0.001250,0.629447,0.624404,0.462509,-0.572167,-0.579158,0.580690,0.576012,0.220237,0.787214,0.020775,-0.827688,1.375316,0.101730,0.012056,0.046065,0.229815,-0.606493,0.222674,0.662266,-0.379456,1.316307,10.998181,0.000000,1,0.054768,1.745801,31.873523,42.361946,-0.331185,47.665474,0.000000
16.641666,7.433333,1,-0.889293,1.385303,0.327479,-0.569224,-0.281240,0.139057,-0.759968,0.429336,-0.014040,0.037664,0.004455,0.631537,0.621331,0.463776,-0.569785,-0.570689,0.591320,0.581944,0.227855,0.780656,0.026521,-0.827688,1.375316,0.101730,0.012225,0.046672,0.229194,-0.606158,0.228686,0.662472,-0.376041,1.346802,10.808085,0.000000,1,0.056729,1.809964,32.023042,42.247560,-0.343364,47.565564,0.000000
16.675000,7.466667,1,-0.890054,1.385500,0.326696,-0.574781,-0.275279,0.142249,-0.757373,0.429638,-0.014757,0.036874,0.012279,0.633869,0.617600,0.465434,-0.566440,-0.559337,0.605217,0.590471,0.236839,0.771525,0.033280,-0.827688,1.375316,0.101730,0.012539,0.047443,0.228462,-0.605220,0.236733,0.662866,-0.371853,1.404114,10.577144,0.000000,1,0.058813,1.901228,32.197258,42.118610,-0.360449,47.452366,0.000000
16.708333,7.500000,1,-0.890880,1.385713,0.326014,-0.578446,-0.268289,0.146378,-0.756304,0.429965,-0.015539,0.036184,0.020188,0.634043,0.614804,0.468612,-0.559990,-0.550609,0.619065,0.601811,0.243216,0.760704,0.032771,-0.827688,1.375316,0.101730,0.012876,0.048272,0.227835,-0.602293,0.243989,0.665030,-0.368033,1.377758,10.425488,0.000000,1,0.058869,2.000541,32.357028,41.991425,-0.378929,47.344267,0.000000
16.741666,7.533333,1,-0.891681,1.385888,0.325466,-0.579439,-0.262130,0.150591,-0.756875,0.430307,-0.016278,0.035629,0.026165,0.632190,0.613429,0.472606,-0.551917,-0.546739,0.629654,0.612903,0.246041,0.750876,0.029582,-0.827688,1.375316,0.101730,0.013168,0.049073,0.227339,-0.598278,0.248665,0.668423,-0.365295,1.255985,10.130708,0.000000,1,0.058296,2.094290,32.494556,41.872039,-0.396320,47.246312,0.000000
16.775000,7.566667,1,-0.892326,1.385970,0.324714,-0.581108,-0.257648,0.152757,-0.756701,0.430631,-0.016835,0.034872,0.030930,0.631688,0.612306,0.474442,-0.547896,-0.541931,0.637276,0.620083,0.248250,0.744224,0.029821,-0.827688,1.375316,0.101730,0.013353,0.049744,0.226630,-0.595973,0.252812,0.669868,-0.363564,1.312598,9.752275,0.000000,1,0.060096,2.164524,32.665324,41.740529,-0.409392,47.134178,0.000000
16.808333,7.600000,1,-0.892808,1.385942,0.323855,-0.585284,-0.253468,0.153888,-0.754663,0.430945,-0.017194,0.034009,0.036536,0.633572,0.609989,0.474516,-0.546999,-0.532603,0.645853,0.625195,0.253158,0.738270,0.029568,-0.827688,1.375316,0.101730,0.013409,0.050274,0.225801,-0.595508,0.258699,0.669255,-0.361308,1.442056,9.678899,0.000000,1,0.061309,2.209313,32.853455,41.602696,-0.417798,47.014928,0.000000
16.841666,7.633333,1,-0.893310,1.385903,0.323238,-0.590595,-0.248539,0.156007,-0.751723,0.431278,-0.017565,0.033389,0.043321,0.636144,0.606428,0.475067,-0.544869,-0.521071,0.656965,0.631305,0.260736,0.730391,0.023890,-0.827688,1.375316,0.101730,0.013452,0.050812,0.225215,-0.595188,0.265918,0.668651,-0.357693,1.404486,9.778715,0.000000,1,0.059929,2.255470,33.001100,41.480348,-0.426359,46.914360,0.000000
16.875000,7.666667,1,-0.893813,1.385929,0.322918,-0.595376,-0.243801,0.158680,-0.748938,0.431559,-0.017979,0.033064,0.049701,0.638328,0.602757,0.476185,-0.541556,-0.510596,0.667839,0.637499,0.268428,0.722179,0.017878,-0.827688,1.375316,0.101730,0.013552,0.051323,0.224926,-0.594661,0.272593,0.668517,-0.353775,1.344858,9.896168,0.000000,1,0.057329,2.307225,33.090818,41.392764,-0.435821,46.846860,0.000000
16.908333,7.700000,1,-0.894177,1.385971,0.322741,-0.599626,-0.240537,0.160741,-0.746159,0.431746,-0.018293,0.032884,0.054523,0.640691,0.599364,0.476765,-0.539445,-0.501647,0.676277,0.641377,0.275579,0.716025,0.012220,-0.827688,1.375316,0.101730,0.013645,0.051689,0.224772,-0.594899,0.277916,0.667934,-0.350318,1.342134,10.100802,0.000000,1,0.055331,2.346655,33.144444,41.336995,-0.442998,46.805320,0.000000
16.941666,7.733333,1,-0.894441,1.386050,0.322590,-0.604529,-0.237527,0.162336,-0.742815,0.431841,-0.018550,0.032730,0.059406,0.643754,0.595677,0.476676,-0.538502,-0.491404,0.684498,0.644376,0.283279,0.710305,0.009438,-0.827688,1.375316,0.101730,0.013762,0.051948,0.224638,-0.595748,0.283583,0.666621,-0.346816,1.389565,10.580962,0.000000,1,0.054320,2.379158,33.183615,41.301925,-0.448888,46.778437,0.000000
16.975000,7.766667,1,-0.894726,1.386262,0.322502,-0.610029,-0.233518,0.163843,-0.739249,0.431843,-0.018904,0.032638,0.065448,0.646909,0.591832,0.476404,-0.537511,-0.479225,0.693848,0.648579,0.290903,0.703363,0.010973,-0.827688,1.375316,0.101730,0.014012,0.052207,0.224571,-0.596236,0.290363,0.665120,-0.343230,1.403551,11.022048,0.000000,1,0.053106,2.424562,33.202335,41.289792,-0.457046,46.768835,0.000000
17.008333,7.800000,1,-0.894983,1.386463,0.322589,-0.614279,-0.230438,0.165034,-0.736427,0.431838,-0.019231,0.032722,0.070101,0.649353,0.588789,0.476187,-0.536663,-0.469708,0.700976,0.651788,0.296827,0.697901,0.010124,-0.827688,1.375316,0.101730,0.014242,0.052430,0.224677,-0.596623,0.295590,0.663926,-0.340396,1.357829,11.289858,0.000000,1,0.051640,2.466513,33.188771,41.294414,-0.464584,46.775966,0.000000
17.041666,7.833333,1,-0.895158,1.386525,0.322767,-0.617709,-0.228828,0.166025,-0.733832,0.431894,-0.019410,0.032898,0.073071,0.651719,0.586038,0.475902,-0.536356,-0.462549,0.705954,0.653037,0.302441,0.694314,0.007713,-0.827688,1.375316,0.101730,0.014322,0.052585,0.224866,-0.597585,0.299235,0.662719,-0.337865,1.314268,11.577560,0.000000,1,0.051342,2.489210,33.164247,41.296417,-0.468709,46.784206,0.000000
17.075000,7.866667,1,-0.895261,1.386505,0.322874,-0.621052,-0.227528,0.166812,-0.731232,0.431971,-0.019482,0.033005,0.075726,0.654144,0.583373,0.475433,-0.536457,-0.455639,0.710356,0.653781,0.307883,0.691215,0.004506,-0.827688,1.375316,0.101730,0.014313,0.052683,0.224979,-0.598724,0.302617,0.661364,-0.335483,1.303480,11.989887,0.000000,1,0.051970,2.497962,33.153649,41.289313,-0.470363,46.784066,0.000000
17.108333,7.900000,1,-0.895280,1.386414,0.322875,-0.623492,-0.227225,0.166914,-0.729223,0.432056,-0.019442,0.033006,0.077082,0.656203,0.581541,0.474622,-0.537584,-0.450861,0.712550,0.653188,0.311737,0.690047,0.002797,-0.827688,1.375316,0.101730,0.014226,0.052714,0.224980,-0.600045,0.304675,0.659963,-0.334018,1.345234,12.229861,0.000000,1,0.052813,2.492462,33.162040,41.272876,-0.469476,46.774241,0.000000
17.141666,7.933333,1,-0.895267,1.386212,0.322788,-0.625849,-0.227434,0.166669,-0.727192,0.432210,-0.019309,0.032921,0.077941,0.658415,0.579844,0.473493,-0.539460,-0.446469,0.713897,0.651740,0.315411,0.689747,0.006619,-0.827688,1.375316,0.101730,0.014025,0.052733,0.224889,-0.601701,0.306343,0.658299,-0.332795,1.380340,12.458154,0.000000,1,0.054240,2.474592,33.192668,41.236231,-0.466391,46.748169,0.000000
17.175000,7.966667,1,-0.895253,1.385919,0.322690,-0.628352,-0.227471,0.166467,-0.725065,0.432435,-0.019121,0.032825,0.079020,0.660681,0.578043,0.472359,-0.541266,-0.441673,0.715511,0.650501,0.319245,0.689152,0.009263,-0.827688,1.375316,0.101730,0.013736,0.052764,0.224785,-0.603319,0.308235,0.656599,-0.331473,1.337056,12.543727,0.000000,1,0.055190,2.449266,33.232432,41.184958,-0.461966,46.712077,0.000000
17.208333,8.000000,1,-0.895199,1.385637,0.322600,-0.630728,-0.227585,0.166114,-0.723045,0.432628,-0.018907,0.032737,0.079973,0.662866,0.576404,0.471138,-0.543267,-0.437109,0.716796,0.649154,0.322725,0.688802,0.009041,-0.827688,1.375316,0.101730,0.013452,0.052753,0.224687,-0.604916,0.309983,0.654877,-0.330339,1.309775,12.600866,0.000000,1,0.054977,2.420853,33.267622,41.140601,-0.456944,46.680849,0.000000
17.241666,8.033333,1,-0.895196,1.385550,0.322443,-0.634050,-0.226622,0.166148,-0.720429,0.432696,-0.018851,0.032581,0.082312,0.665423,0.574062,0.469989,-0.544670,-0.430062,0.719987,0.649150,0.327356,0.686617,0.005378,-0.827688,1.375316,0.101730,0.013369,0.052770,0.224529,-0.606306,0.313148,0.653003,-0.328509,1.367671,12.909434,0.000000,1,0.054442,2.413256,33.302661,41.113701,-0.455569,46.659093,0.000000
17.275000,8.066667,1,-0.895291,1.385679,0.322388,-0.637990,-0.224631,0.166794,-0.717418,0.432650,-0.019004,0.032524,0.085849,0.668076,0.571095,0.469207,-0.544950,-0.421217,0.724987,0.650630,0.332961,0.682508,0.005088,-0.827688,1.375316,0.101730,0.013511,0.052850,0.224482,-0.607309,0.317443,0.651275,-0.325955,1.432685,13.176562,0.000000,1,0.052734,2.433081,33.309255,41.115735,-0.459021,46.659763,0.000000
17.308333,8.100000,1,-0.895397,1.385912,0.322636,-0.641219,-0.223175,0.167593,-0.714803,0.432527,-0.019231,0.032770,0.088592,0.670330,0.568410,0.468742,-0.544866,-0.414104,0.729136,0.651647,0.338122,0.678992,0.010699,-0.827688,1.375316,0.101730,0.013749,0.052910,0.224740,-0.608256,0.320842,0.649919,-0.323559,1.364837,13.346702,0.000000,1,0.049663,2.462794,33.254269,41.158195,-0.464203,46.696886,0.000000
17.341666,8.133333,1,-0.895409,1.386241,0.323181,-0.643307,-0.222778,0.167993,-0.712954,0.432271,-0.019445,0.033312,0.089877,0.672031,0.566587,0.468269,-0.545293,-0.409830,0.731229,0.651430,0.341803,0.677355,0.019096,-0.827688,1.375316,0.101730,0.014064,0.052847,0.225290,-0.609275,0.322686,0.648832,-0.321986,1.314353,13.834556,0.000000,1,0.046022,2.491486,33.132439,41.252419,-0.469187,46.777664,0.000000
17.375000,8.166667,1,-0.895396,1.386846,0.323839,-0.645256,-0.221342,0.168391,-0.711545,0.431779,-0.019805,0.033966,0.092031,0.673142,0.565154,0.467986,-0.545040,-0.405069,0.734065,0.652868,0.344262,0.674720,0.026816,-0.827688,1.375316,0.101730,0.014645,0.052716,0.225956,-0.609434,0.325105,0.648101,-0.320722,1.275591,14.492092,0.000000,1,0.042877,2.540162,32.966617,41.401426,-0.477744,46.898155,0.000000
17.408333,8.200000,1,-0.895449,1.387793,0.324504,-0.647434,-0.218375,0.168936,-0.710353,0.431055,-0.020424,0.034625,0.095658,0.673774,0.563849,0.467923,-0.543796,-0.398772,0.738422,0.656580,0.345847,0.670293,0.034752,-0.827688,1.375316,0.101730,0.015573,0.052606,0.226640,-0.608596,0.328696,0.647677,-0.319505,1.324985,15.120808,0.000000,1,0.040754,2.623490,32.776914,41.594113,-0.492581,47.047553,0.000000
17.441666,8.233333,1,-0.895496,1.388979,0.325211,-0.649804,-0.215185,0.169609,-0.709001,0.430136,-0.021182,0.035323,0.099571,0.674479,0.562344,0.467902,-0.542307,-0.391927,0.743167,0.660561,0.347709,0.665400,0.041431,-0.827688,1.375316,0.101730,0.016736,0.052455,0.227369,-0.607711,0.332578,0.647226,-0.318083,1.340301,15.733001,0.000000,1,0.038621,2.726061,32.560883,41.826645,-0.511036,47.224387,0.000000
17.475000,8.266667,1,-0.895411,1.390224,0.325997,-0.652433,-0.212518,0.170213,-0.707244,0.429089,-0.021872,0.036102,0.103130,0.675652,0.560510,0.467640,-0.541354,-0.384875,0.747534,0.663594,0.350386,0.660964,0.044260,-0.827688,1.375316,0.101730,0.017939,0.052161,0.228171,-0.607380,0.336317,0.646414,-0.316433,1.318269,16.651568,0.000000,1,0.036246,2.820985,32.317340,42.090755,-0.528336,47.424498,0.000000
17.508333,8.300000,1,-0.895175,1.391427,0.326847,-0.654709,-0.210068,0.170172,-0.705882,0.427986,-0.022416,0.036945,0.106335,0.676601,0.559315,0.466980,-0.541246,-0.378485,0.750868,0.666270,0.351719,0.657554,0.044751,-0.827688,1.375316,0.101730,0.019079,0.051720,0.229026,-0.606999,0.339660,0.645463,-0.315534,1.264838,17.943365,0.000000,1,0.034251,2.897927,32.055937,42.372135,-0.542627,47.637882,0.000000
17.541666,8.333333,1,-0.894850,1.392608,0.327735,-0.655874,-0.208488,0.169703,-0.705382,0.426847,-0.022876,0.037827,0.108265,0.676941,0.559079,0.466327,-0.541635,-0.374849,0.752409,0.668005,0.351419,0.655952,0.045364,-0.827688,1.375316,0.101730,0.020184,0.051191,0.229913,-0.606570,0.341597,0.644838,-0.315544,1.320655,18.949813,0.000000,1,0.032685,2.964449,31.783938,42.663702,-0.555268,47.859024,0.000000
17.575000,8.366667,1,-0.894431,1.393656,0.328738,-0.656294,-0.208346,0.169063,-0.705186,0.425756,-0.023182,0.038826,0.108577,0.677253,0.559191,0.465666,-0.542733,-0.373724,0.752178,0.667861,0.351032,0.656307,0.045314,-0.827688,1.375316,0.101730,0.021143,0.050580,0.230908,-0.606743,0.342028,0.644279,-0.315887,1.396369,19.813559,0.000000,1,0.031113,3.010990,31.495479,42.956226,-0.564487,48.084457,0.000000
17.608333,8.400000,1,-0.893873,1.394290,0.329890,-0.656430,-0.209697,0.167702,-0.704984,0.424913,-0.023131,0.039978,0.107421,0.677976,0.559621,0.464364,-0.545654,-0.374078,0.749885,0.665393,0.350570,0.659054,0.042856,-0.827688,1.375316,0.101730,0.021670,0.049878,0.232035,-0.607860,0.341281,0.643194,-0.316755,1.355144,20.615898,0.000000,1,0.030725,3.009717,31.203079,43.216537,-0.565097,48.293299,0.000000
17.641666,8.433333,1,-0.893234,1.394609,0.331067,-0.656929,-0.211844,0.166082,-0.704260,0.424273,-0.022824,0.041158,0.105714,0.679381,0.559702,0.462601,-0.549651,-0.374198,0.746900,0.661477,0.351116,0.662696,0.041297,-0.827688,1.375316,0.101730,0.021872,0.049136,0.233177,-0.609804,0.340298,0.641529,-0.317453,1.219422,21.738104,0.000000,1,0.031222,2.973803,30.925001,43.441733,-0.559399,48.479526,0.000000
17.675000,8.466667,1,-0.892630,1.395074,0.332141,-0.658139,-0.213687,0.165276,-0.702762,0.423537,-0.022632,0.042234,0.104598,0.681291,0.558731,0.461217,-0.552676,-0.372870,0.745330,0.657916,0.353758,0.664832,0.039527,-0.827688,1.375316,0.101730,0.022227,0.048415,0.234220,-0.611954,0.340037,0.639835,-0.317014,1.229535,22.496370,0.000000,1,0.030232,2.953138,30.656748,43.674728,-0.556593,48.667399,0.000000
17.708333,8.500000,1,-0.891997,1.395574,0.332954,-0.660105,-0.215508,0.164301,-0.700588,0.422757,-0.022436,0.043048,0.103836,0.683871,0.557233,0.459379,-0.556378,-0.369942,0.744034,0.653984,0.357418,0.666752,0.034352,-0.827688,1.375316,0.101730,0.022618,0.047676,0.235003,-0.614569,0.340372,0.637532,-0.316235,1.326721,23.188437,0.000000,1,0.030590,2.932202,30.430402,43.894804,-0.553806,48.837754,0.000000
17.741666,8.533333,1,-0.891287,1.395997,0.333847,-0.661864,-0.217318,0.164006,-0.698435,0.421991,-0.022133,0.043944,0.102995,0.686263,0.555450,0.458159,-0.558964,-0.367605,0.743253,0.650333,0.361735,0.667993,0.036489,-0.827688,1.375316,0.101730,0.022922,0.046867,0.235858,-0.617031,0.340540,0.635690,-0.314965,1.370751,23.836617,0.000000,1,0.029478,2.897263,30.191172,44.118772,-0.548399,49.013366,0.000000
17.775000,8.566667,1,-0.890496,1.396501,0.335100,-0.662016,-0.219227,0.165235,-0.697403,0.421112,-0.021818,0.045199,0.101359,0.687258,0.553983,0.458808,-0.558443,-0.369024,0.742942,0.647664,0.365658,0.668450,0.046948,-0.827688,1.375316,0.101730,0.023286,0.045946,0.237070,-0.618521,0.339376,0.635673,-0.313332,1.310375,24.640206,0.000000,1,0.025904,2.861141,29.877063,44.392210,-0.542721,49.234396,0.000000
17.808333,8.600000,1,-0.889602,1.396844,0.336145,-0.662776,-0.221679,0.163740,-0.696259,0.420299,-0.021321,0.046249,0.099494,0.689035,0.553634,0.456970,-0.562559,-0.368878,0.739903,0.643098,0.367180,0.672014,0.042530,-0.827688,1.375316,0.101730,0.023483,0.044955,0.238065,-0.620851,0.338389,0.633768,-0.313647,1.302587,25.374126,0.000000,1,0.026554,2.800755,29.604519,44.638224,-0.532455,49.430139,0.000000
17.841666,8.633333,1,-0.888905,1.397341,0.336938,-0.664836,-0.222740,0.161667,-0.694438,0.419481,-0.021071,0.047044,0.099450,0.691357,0.552942,0.454303,-0.567437,-0.364894,0.738151,0.639917,0.368730,0.674199,0.035009,-0.827688,1.375316,0.101730,0.023864,0.044154,0.238823,-0.622982,0.339322,0.631030,-0.313934,1.342524,26.195352,0.000000,1,0.027141,2.772502,29.378422,44.861763,-0.528430,49.602095,0.000000
17.875000,8.666667,1,-0.888607,1.398355,0.337741,-0.667083,-0.221225,0.162194,-0.692642,0.418492,-0.021452,0.047842,0.101808,0.692701,0.551107,0.453962,-0.567108,-0.359318,0.741133,0.641408,0.371831,0.671072,0.039801,-0.827688,1.375316,0.101730,0.024809,0.043679,0.239624,-0.623264,0.342018,0.630100,-0.312311,1.368922,26.993291,0.000000,1,0.025781,2.827888,29.138544,45.111276,-0.540671,49.791729,0.000000
17.908333,8.700000,1,-0.888475,1.399658,0.338451,-0.669679,-0.218502,0.163494,-0.690693,0.417371,-0.022138,0.048544,0.105406,0.693821,0.548790,0.454237,-0.565116,-0.352296,0.746010,0.644827,0.375439,0.665766,0.044709,-0.827688,1.375316,0.101730,0.026066,0.043336,0.240348,-0.622855,0.345752,0.629603,-0.310012,1.354443,27.801779,0.000000,1,0.025424,2.924760,28.904233,45.374808,-0.561170,49.987619,0.000000
17.941666,8.733333,1,-0.888225,1.400987,0.339094,-0.672847,-0.215318,0.164719,-0.688319,0.416159,-0.022745,0.049181,0.109670,0.695249,0.546128,0.454253,-0.563254,-0.343665,0.751425,0.648656,0.379433,0.659755,0.044920,-0.827688,1.375316,0.101730,0.027334,0.042876,0.240998,-0.622463,0.350227,0.628758,-0.307480,1.255897,29.204267,0.000000,1,0.024293,3.012408,28.672894,45.650300,-0.580067,50.189247,0.000000
17.975000,8.766667,1,-0.887829,1.402248,0.339732,-0.675765,-0.211906,0.166030,-0.686201,0.414913,-0.023193,0.049813,0.114028,0.696351,0.543654,0.454459,-0.560930,-0.335330,0.756909,0.652944,0.382875,0.653507,0.044036,-0.827688,1.375316,0.101730,0.028515,0.042280,0.241633,-0.621742,0.354660,0.628164,-0.305061,1.190631,30.370678,0.000000,1,0.022924,3.079802,28.438535,45.932729,-0.595172,50.395452,0.000000
18.008333,8.800000,1,-0.887362,1.403474,0.340384,-0.677460,-0.209491,0.166738,-0.685098,0.413652,-0.023565,0.050459,0.116946,0.696797,0.542355,0.454585,-0.559351,-0.330118,0.760361,0.656069,0.384348,0.649499,0.043939,-0.827688,1.375316,0.101730,0.029653,0.041619,0.242277,-0.621002,0.357519,0.627893,-0.303787,1.268180,31.205957,0.000000,1,0.021777,3.137417,28.200361,46.218856,-0.608529,50.604746,0.000000
18.041666,8.833333,1,-0.886984,1.404724,0.340944,-0.679698,-0.207192,0.166733,-0.683580,0.412426,-0.024021,0.051014,0.119999,0.697782,0.541005,0.453888,-0.559171,-0.323645,0.763270,0.658578,0.385828,0.646074,0.042627,-0.827688,1.375316,0.101730,0.030828,0.041048,0.242835,-0.620705,0.360736,0.626844,-0.302757,1.306498,32.193598,0.000000,1,0.021985,3.206177,27.982713,46.489925,-0.624356,50.800788,0.000000
18.075000,8.866667,1,-0.886752,1.406101,0.341379,-0.682664,-0.203519,0.167491,-0.681540,0.411186,-0.024669,0.051441,0.124609,0.698808,0.538848,0.453633,-0.557379,-0.314723,0.768296,0.663034,0.388231,0.640049,0.043888,-0.827688,1.375316,0.101730,0.032152,0.040611,0.243280,-0.619829,0.365390,0.625953,-0.300807,1.267826,33.357346,0.000000,1,0.022562,3.300892,27.787998,46.750991,-0.645655,50.985682,0.000000
18.108333,8.900000,1,-0.886579,1.407504,0.341817,-0.685793,-0.199737,0.168642,-0.679230,0.409962,-0.025379,0.051871,0.129391,0.699934,0.536274,0.453608,-0.554996,-0.305387,0.773769,0.667646,0.391336,0.633328,0.044382,-0.827688,1.375316,0.101730,0.033508,0.040230,0.243731,-0.618965,0.370231,0.625123,-0.298381,1.196317,34.226886,0.000000,1,0.022200,3.404374,27.595613,47.007548,-0.668985,51.167743,0.000000
18.141666,8.933333,1,-0.886374,1.408756,0.342240,-0.688513,-0.196605,0.169410,-0.677198,0.408838,-0.025973,0.052287,0.133407,0.700982,0.534120,0.453368,-0.553319,-0.297275,0.778116,0.671337,0.393837,0.627852,0.040130,-0.827688,1.375316,0.101730,0.034711,0.039837,0.244163,-0.618334,0.374344,0.624227,-0.296429,1.170557,35.180520,0.000000,1,0.021885,3.492065,27.415111,47.244851,-0.689362,51.336500,0.000000
18.175000,8.966667,1,-0.886118,1.409939,0.342562,-0.690633,-0.193285,0.170420,-0.675740,0.407739,-0.026485,0.052603,0.137326,0.701406,0.532369,0.453601,-0.550775,-0.290323,0.782534,0.675609,0.395450,0.622231,0.037580,-0.827688,1.375316,0.101730,0.035843,0.039409,0.244489,-0.617179,0.378115,0.623919,-0.294694,1.215319,36.020138,0.000000,1,0.021888,3.568847,27.254913,47.470230,-0.707706,51.493650,0.000000
18.208333,9.000000,1,-0.885842,1.411094,0.342806,-0.692699,-0.190191,0.171554,-0.674214,0.406650,-0.026961,0.052841,0.141019,0.701885,0.530501,0.453917,-0.548147,-0.283647,0.786816,0.679565,0.397366,0.616679,0.036370,-0.827688,1.375316,0.101730,0.036945,0.038969,0.244737,-0.616156,0.381694,0.623634,-0.292818,1.253119,36.899770,0.000000,1,0.021848,3.641218,27.109880,47.687638,-0.725315,51.642676,0.000000
18.241666,9.033333,1,-0.885586,1.412204,0.342982,-0.695312,-0.187465,0.171997,-0.672172,0.405610,-0.027427,0.053012,0.144623,0.703017,0.528483,0.453384,-0.547053,-0.275867,0.790335,0.682556,0.399580,0.611925,0.034562,-0.827688,1.375316,0.101730,0.038007,0.038560,0.244916,-0.615762,0.385468,0.622503,-0.291102,1.225603,37.189168,0.000000,1,0.022089,3.712001,26.982105,47.890427,-0.742774,51.779457,0.000000
18.275000,9.066667,1,-0.885396,1.413403,0.343094,-0.698390,-0.184083,0.172533,-0.669774,0.404537,-0.027998,0.053117,0.149021,0.704275,0.526106,0.452772,-0.545581,-0.266508,0.794553,0.686315,0.402011,0.606101,0.036584,-0.827688,1.375316,0.101730,0.039168,0.038207,0.245038,-0.615172,0.390027,0.621191,-0.289077,1.153034,37.644217,0.000000,1,0.022186,3.797506,26.864110,48.092415,-0.763447,51.913426,0.000000
18.308333,9.100000,1,-0.885302,1.414827,0.343168,-0.702016,-0.179380,0.174048,-0.666861,0.403343,-0.028781,0.053182,0.154849,0.705439,0.522831,0.452798,-0.541991,-0.255000,0.800762,0.691947,0.405340,0.597419,0.042882,-0.827688,1.375316,0.101730,0.040565,0.037921,0.245131,-0.613921,0.395846,0.620180,-0.285978,1.124154,38.507893,0.000000,1,0.022062,3.913056,26.744042,48.310387,-0.790552,52.056783,0.000000
18.341666,9.133333,1,-0.885215,1.416296,0.343249,-0.705895,-0.174468,0.175482,-0.663686,0.402118,-0.029595,0.053254,0.160976,0.706736,0.519359,0.452633,-0.538419,-0.242623,0.806994,0.697694,0.408706,0.588373,0.044200,-0.827688,1.375316,0.101730,0.042007,0.037636,0.245233,-0.612674,0.401998,0.618929,-0.282764,1.181654,39.580918,0.000000,1,0.021541,4.033896,26.620794,48.533338,-0.818986,52.203871,0.000000
18.375000,9.166667,1,-0.885087,1.417588,0.343304,-0.709108,-0.170082,0.176458,-0.661136,0.401009,-0.030271,0.053301,0.166335,0.707668,0.516648,0.452342,-0.535439,-0.231983,0.812090,0.702823,0.410816,0.580750,0.038975,-0.827688,1.375316,0.101730,0.043269,0.037336,0.245303,-0.611406,0.407309,0.617822,-0.280316,1.189601,40.406039,0.000000,1,0.021393,4.135521,26.512578,48.734054,-0.843629,52.335139,0.000000
18.408333,9.200000,1,-0.884978,1.418781,0.343388,-0.711962,-0.166415,0.177452,-0.658731,0.399991,-0.030903,0.053377,0.170890,0.708600,0.514059,0.452135,-0.532740,-0.222663,0.816461,0.707034,0.413080,0.573993,0.036039,-0.827688,1.375316,0.101730,0.044436,0.037066,0.245400,-0.610447,0.411873,0.616812,-0.277953,1.146527,40.939485,0.000000,1,0.021127,4.230634,26.407764,48.920367,-0.867103,52.457953,0.000000
18.441666,9.233333,1,-0.884872,1.420003,0.343509,-0.714734,-0.162924,0.178549,-0.656301,0.398951,-0.031555,0.053492,0.175251,0.709537,0.511401,0.452011,-0.529947,-0.213623,0.820684,0.711012,0.415513,0.567284,0.036968,-0.827688,1.375316,0.101730,0.045629,0.036792,0.245537,-0.609565,0.416257,0.615843,-0.275495,1.092201,41.634797,0.000000,1,0.020417,4.328939,26.294913,49.112343,-0.891398,52.586177,0.000000
18.475000,9.266667,1,-0.884683,1.421263,0.343639,-0.717497,-0.159498,0.179494,-0.653866,0.397830,-0.032164,0.053615,0.179550,0.710494,0.508807,0.451748,-0.527371,-0.204566,0.824641,0.714843,0.417756,0.560785,0.038440,-0.827688,1.375316,0.101730,0.046851,0.036432,0.245678,-0.608727,0.420596,0.614769,-0.273147,1.105908,42.566866,0.000000,1,0.019379,4.422740,26.173379,49.319658,-0.914836,52.725136,0.000000
18.508333,9.300000,1,-0.884399,1.422438,0.343767,-0.720025,-0.156851,0.179640,-0.651684,0.396721,-0.032645,0.053737,0.183043,0.711586,0.506796,0.450887,-0.526392,-0.196514,0.827220,0.717517,0.419307,0.556194,0.036460,-0.827688,1.375316,0.101730,0.047974,0.035988,0.245809,-0.608338,0.424264,0.613333,-0.271564,1.130956,43.441348,0.000000,1,0.018580,4.499304,26.052511,49.526289,-0.934721,52.863664,0.000000
18.541666,9.333333,1,-0.884108,1.423603,0.343954,-0.722116,-0.154257,0.179724,-0.649963,0.395615,-0.033116,0.053918,0.186295,0.712309,0.505223,0.450178,-0.525268,-0.189482,0.829572,0.720280,0.420087,0.552018,0.036458,-0.827688,1.375316,0.101730,0.049086,0.035535,0.245998,-0.607715,0.427566,0.612197,-0.270342,1.134349,44.164145,0.000000,1,0.017715,4.574697,25.921854,49.736140,-0.954507,53.006761,0.000000
18.575000,9.366667,1,-0.883886,1.424894,0.344132,-0.724056,-0.150257,0.180790,-0.648445,0.394451,-0.033717,0.054089,0.190742,0.712269,0.503391,0.450432,-0.521458,-0.181767,0.833692,0.725205,0.420431,0.545266,0.039656,-0.827688,1.375316,0.101730,0.050332,0.035135,0.246185,-0.605928,0.431648,0.611897,-0.268538,1.111383,45.061561,0.000000,1,0.017509,4.668967,25.789192,49.953389,-0.978568,53.154599,0.000000
18.608333,9.400000,1,-0.883730,1.426278,0.344179,-0.726589,-0.144503,0.182133,-0.646541,0.393251,-0.034426,0.054127,0.197024,0.711980,0.501087,0.450752,-0.516008,-0.171178,0.839305,0.732287,0.420186,0.535911,0.041804,-0.827688,1.375316,0.101730,0.051682,0.034795,0.246247,-0.603199,0.437329,0.611548,-0.266278,1.078830,45.604102,0.000000,1,0.018275,4.778869,25.678604,50.164933,-1.006285,53.293540,0.000000
18.641666,9.433333,1,-0.883515,1.427674,0.344153,-0.728893,-0.138390,0.183322,-0.644947,0.392007,-0.035094,0.054093,0.203525,0.711324,0.499130,0.451071,-0.510225,-0.160741,0.844886,0.739831,0.418893,0.526478,0.042381,-0.827688,1.375316,0.101730,0.053038,0.034400,0.246233,-0.600059,0.443075,0.611337,-0.264350,1.042058,46.216909,0.000000,1,0.018083,4.884417,25.577728,50.378928,-1.033242,53.431264,0.000000
18.675000,9.466667,1,-0.883119,1.429023,0.344133,-0.730150,-0.135230,0.184185,-0.643949,0.390692,-0.035590,0.054067,0.206917,0.711046,0.497851,0.451380,-0.506884,-0.155186,0.847930,0.743694,0.418659,0.521194,0.042180,-0.827688,1.375316,0.101730,0.054324,0.033831,0.246212,-0.598471,0.446090,0.611261,-0.263050,1.106359,47.142563,0.000000,1,0.016677,4.967423,25.468677,50.608302,-1.055347,53.579544,0.000000
18.708333,9.500000,1,-0.882640,1.430359,0.344078,-0.731294,-0.134333,0.184316,-0.642799,0.389336,-0.036010,0.054007,0.208229,0.711675,0.496768,0.450978,-0.506519,-0.151680,0.848782,0.744445,0.419725,0.519261,0.042609,-0.827688,1.375316,0.101730,0.055587,0.033183,0.246153,-0.598516,0.447553,0.610525,-0.262173,1.107822,48.164215,0.000000,1,0.016067,5.040911,25.362299,50.842999,-1.075515,53.730035,0.000000
18.741666,9.533333,1,-0.882154,1.431825,0.343824,-0.732889,-0.132620,0.184050,-0.641413,0.387873,-0.036502,0.053747,0.210469,0.712344,0.495650,0.450110,-0.506208,-0.146342,0.849905,0.746047,0.420067,0.516679,0.046959,-0.827688,1.375316,0.101730,0.056982,0.032523,0.245896,-0.598243,0.449906,0.609377,-0.261438,1.083850,49.236263,0.000000,1,0.017081,5.125945,25.284301,51.080452,-1.098467,53.874267,0.000000
18.775000,9.566667,1,-0.881679,1.433374,0.343502,-0.734709,-0.130961,0.183716,-0.639766,0.386350,-0.037051,0.053418,0.212761,0.713240,0.494330,0.449065,-0.506148,-0.140474,0.850930,0.747471,0.420741,0.514066,0.049570,-0.827688,1.375316,0.101730,0.058464,0.031867,0.245573,-0.598152,0.452398,0.607990,-0.260574,1.050753,50.219046,0.000000,1,0.017354,5.220362,25.215487,51.321523,-1.123767,54.018026,0.000000
18.808333,9.600000,1,-0.881192,1.434792,0.343216,-0.736041,-0.129908,0.183497,-0.638511,0.384925,-0.037513,0.053126,0.214294,0.713967,0.493310,0.448301,-0.506209,-0.136304,0.851572,0.748301,0.421446,0.512278,0.045790,-0.827688,1.375316,0.101730,0.059813,0.031215,0.245283,-0.598204,0.454116,0.606950,-0.259889,1.082119,51.129693,0.000000,1,0.016715,5.302012,25.148960,51.548328,-1.146486,54.153609,0.000000
18.841666,9.633333,1,-0.880693,1.436065,0.342958,-0.737111,-0.128084,0.183330,-0.637693,0.383609,-0.037878,0.052864,0.216401,0.714115,0.492654,0.447776,-0.505335,-0.132126,0.852748,0.750268,0.420925,0.509824,0.041719,-0.827688,1.375316,0.101730,0.061015,0.030568,0.245018,-0.597516,0.456137,0.606291,-0.259469,1.111084,51.929024,0.000000,1,0.016192,5.369084,25.086544,51.758802,-1.166155,54.279392,0.000000
18.875000,9.666667,1,-0.880126,1.437273,0.342777,-0.738381,-0.126445,0.182782,-0.636707,0.382302,-0.038149,0.052679,0.218430,0.714523,0.492019,0.446836,-0.505252,-0.127556,0.853493,0.751851,0.420411,0.507913,0.040416,-0.827688,1.375316,0.101730,0.062143,0.029857,0.244824,-0.597099,0.458200,0.605253,-0.259217,1.093072,52.542286,0.000000,1,0.014977,5.423224,25.010962,51.974187,-1.183000,54.411575,0.000000
18.908333,9.700000,1,-0.879390,1.438469,0.342715,-0.739139,-0.125945,0.182316,-0.636060,0.380904,-0.038281,0.052614,0.219212,0.714981,0.491650,0.446126,-0.505835,-0.125211,0.853494,0.752141,0.420452,0.507449,0.042169,-0.827688,1.375316,0.101730,0.063234,0.028974,0.244739,-0.597211,0.459121,0.604484,-0.259126,1.061234,53.476476,0.000000,1,0.012844,5.459052,24.905359,52.216497,-1.195655,54.566635,0.000000
18.941666,9.733333,1,-0.878481,1.439781,0.342711,-0.740019,-0.125433,0.181468,-0.635380,0.379309,-0.038345,0.052609,0.220058,0.715541,0.491424,0.445059,-0.506993,-0.122505,0.853200,0.752346,0.420155,0.507391,0.047893,-0.827688,1.375316,0.101730,0.064416,0.027902,0.244704,-0.597397,0.460153,0.603441,-0.259298,1.048577,54.706047,0.000000,1,0.011037,5.488059,24.772630,52.498689,-1.206728,54.750715,0.000000
18.975000,9.766667,1,-0.877410,1.441354,0.342608,-0.741413,-0.123424,0.180542,-0.634412,0.377409,-0.038435,0.052503,0.222472,0.715895,0.490973,0.443786,-0.507121,-0.117240,0.853863,0.754307,0.418904,0.505511,0.057166,-0.827688,1.375316,0.101730,0.065837,0.026640,0.244564,-0.596789,0.462564,0.602178,-0.259343,1.054376,55.972517,0.000000,1,0.010716,5.524864,24.634246,52.826110,-1.219647,54.960622,0.000000
19.008333,9.800000,1,-0.876248,1.443113,0.342455,-0.742495,-0.121303,0.179933,-0.633728,0.375305,-0.038564,0.052347,0.224849,0.715920,0.490633,0.442924,-0.506524,-0.112679,0.854832,0.756573,0.417444,0.503326,0.063415,-0.827688,1.375316,0.101730,0.067433,0.025267,0.244372,-0.595896,0.464801,0.601338,-0.259347,1.073848,57.759656,0.000000,1,0.010680,5.570388,24.490487,53.183751,-1.234813,55.188282,0.000000
19.041666,9.833333,1,-0.875111,1.444899,0.342248,-0.743376,-0.119828,0.179066,-0.633221,0.373194,-0.038729,0.052137,0.226556,0.716050,0.490568,0.441913,-0.506771,-0.109125,0.855146,0.758028,0.416030,0.502307,0.063820,-0.827688,1.375316,0.101730,0.069059,0.023918,0.244129,-0.595365,0.466466,0.600439,-0.259660,1.066105,59.556104,0.000000,1,0.010933,5.621543,24.358480,53.536624,-1.251736,55.410142,0.000000
19.075000,9.866667,1,-0.874088,1.446741,0.341922,-0.744677,-0.117029,0.178287,-0.632435,0.371108,-0.039017,0.051806,0.229636,0.715968,0.490213,0.440849,-0.505838,-0.103396,0.856410,0.761045,0.413917,0.499484,0.063963,-0.827688,1.375316,0.101730,0.070759,0.022681,0.243773,-0.594105,0.469320,0.599433,-0.259728,1.045282,61.175302,0.000000,1,0.012213,5.690489,24.254009,53.872678,-1.273409,55.615258,0.000000
19.108333,9.900000,1,-0.873184,1.448639,0.341675,-0.745857,-0.113961,0.178449,-0.631559,0.369048,-0.039434,0.051553,0.232907,0.715660,0.489356,0.440586,-0.503276,-0.097842,0.858568,0.764572,0.412569,0.495194,0.063499,-0.827688,1.375316,0.101730,0.072528,0.021549,0.243505,-0.592549,0.472235,0.598983,-0.259036,1.037450,63.116106,0.000000,1,0.012326,5.778376,24.140806,54.205811,-1.300118,55.821535,0.000000
19.141666,9.933333,1,-0.872369,1.450447,0.341496,-0.746615,-0.113078,0.177965,-0.630958,0.367114,-0.039869,0.051368,0.234032,0.715946,0.489037,0.439879,-0.503470,-0.095125,0.858760,0.765343,0.412144,0.494356,0.059733,-0.827688,1.375316,0.101730,0.074218,0.020514,0.243310,-0.592373,0.473408,0.598248,-0.258995,1.044490,64.743983,0.000000,1,0.011840,5.867925,24.026703,54.520726,-1.327769,56.018514,0.000000
19.175000,9.966667,1,-0.871569,1.452237,0.341420,-0.746265,-0.112694,0.178360,-0.631329,0.365203,-0.040307,0.051287,0.234222,0.715460,0.489190,0.440398,-0.502380,-0.095722,0.859332,0.766030,0.411666,0.493690,0.058875,-0.827688,1.375316,0.101730,0.075890,0.019491,0.243218,-0.591859,0.473381,0.598794,-0.258957,1.067928,66.391335,0.000000,1,0.011243,5.958313,23.896964,54.838013,-1.356025,56.221468,0.000000
19.208333,10.000000,1,-0.870700,1.453942,0.341426,-0.744872,-0.111727,0.180043,-0.632666,0.363318,-0.040639,0.051287,0.234477,0.713779,0.489627,0.442498,-0.498432,-0.098588,0.861305,0.768048,0.410572,0.491460,0.057393,-0.827688,1.375316,0.101730,0.077465,0.018406,0.243200,-0.590231,0.472906,0.600917,-0.258625,1.029309,68.099137,0.000000,1,0.010121,6.033434,23.754563,55.157733,-1.380871,56.429514,0.000000
19.241666,10.033333,1,-0.869796,1.455448,0.341356,-0.743637,-0.111032,0.180403,-0.634138,0.361571,-0.040823,0.051215,0.234553,0.712357,0.490776,0.443476,-0.496628,-0.101125,0.862052,0.769466,0.408247,0.491179,0.052746,-0.827688,1.375316,0.101730,0.078842,0.017316,0.243104,-0.588932,0.472405,0.602264,-0.259368,1.037648,69.579233,0.000000,1,0.009242,6.085408,23.636096,55.450528,-1.400394,56.616211,0.000000
19.275000,10.066667,1,-0.868951,1.456899,0.341221,-0.743697,-0.110100,0.179086,-0.634603,0.359904,-0.041019,0.051076,0.235408,0.711991,0.491779,0.442500,-0.497553,-0.100007,0.861649,0.770441,0.405474,0.491947,0.050540,-0.827688,1.375316,0.101730,0.080172,0.016296,0.242943,-0.588301,0.473096,0.601773,-0.260675,1.045751,71.057684,0.000000,1,0.009466,6.138200,23.537686,55.723494,-1.420486,56.786553,0.000000
19.308333,10.100000,1,-0.868111,1.458431,0.341029,-0.744299,-0.108752,0.177605,-0.634546,0.358175,-0.041269,0.050880,0.236876,0.711925,0.492389,0.441142,-0.498568,-0.097151,0.861389,0.771702,0.402887,0.492096,0.052723,-0.827688,1.375316,0.101730,0.081586,0.015273,0.242727,-0.587703,0.474479,0.600801,-0.261752,1.074051,72.536074,0.000000,1,0.010010,6.200127,23.447399,56.000561,-1.443099,56.956803,0.000000
19.341666,10.133333,1,-0.867195,1.459992,0.340742,-0.744347,-0.108181,0.176979,-0.634762,0.356377,-0.041474,0.050590,0.237405,0.711711,0.492861,0.440675,-0.498888,-0.096455,0.861282,0.772311,0.401454,0.492311,0.054992,-0.827688,1.375316,0.101730,0.083021,0.014177,0.242414,-0.587319,0.474905,0.600568,-0.262371,1.073695,74.101451,0.000000,1,0.010173,6.257188,23.370918,56.282271,-1.464671,57.125443,0.000000
19.375000,10.166667,1,-0.866191,1.461631,0.340367,-0.744420,-0.108427,0.176399,-0.634796,0.354465,-0.041655,0.050211,0.237215,0.711885,0.493150,0.440173,-0.499954,-0.096402,0.860670,0.771882,0.401063,0.493301,0.058734,-0.827688,1.375316,0.101730,0.084523,0.012989,0.242008,-0.587561,0.474815,0.600206,-0.262824,1.052262,75.718133,0.000000,1,0.010539,6.312937,23.304428,56.576026,-1.486076,57.297522,0.000000
19.408333,10.200000,1,-0.865125,1.463389,0.339836,-0.744763,-0.108647,0.175198,-0.634689,0.352420,-0.041855,0.049676,0.237165,0.712288,0.493592,0.439050,-0.501975,-0.095563,0.859586,0.771284,0.400238,0.494905,0.063702,-0.827688,1.375316,0.101730,0.086139,0.011732,0.241444,-0.587965,0.474963,0.599332,-0.263643,1.047379,77.583097,0.000000,1,0.011616,6.374218,23.260265,56.878806,-1.509133,57.467700,0.000000
19.441666,10.233333,1,-0.864054,1.465157,0.339208,-0.744612,-0.108841,0.173915,-0.635185,0.350363,-0.042057,0.049045,0.236919,0.712235,0.494609,0.438124,-0.503832,-0.095916,0.858460,0.770885,0.398463,0.496955,0.064821,-0.827688,1.375316,0.101730,0.087768,0.010475,0.240784,-0.588043,0.474752,0.598853,-0.264937,1.057678,79.472150,0.000000,1,0.012166,6.436757,23.236262,57.174579,-1.532877,57.628073,0.000000
19.475000,10.266667,1,-0.863004,1.466898,0.338645,-0.744375,-0.108805,0.172559,-0.635839,0.348341,-0.042261,0.048478,0.236840,0.712001,0.495798,0.437203,-0.505521,-0.096267,0.857427,0.770789,0.396182,0.498922,0.063289,-0.827688,1.375316,0.101730,0.089370,0.009238,0.240190,-0.587896,0.474627,0.598449,-0.266394,1.061839,81.244579,0.000000,1,0.011818,6.499340,23.205114,57.467801,-1.556991,57.789288,0.000000
19.508333,10.300000,1,-0.861978,1.468567,0.338188,-0.744323,-0.108836,0.170704,-0.636394,0.346392,-0.042441,0.048018,0.236782,0.711962,0.497122,0.435791,-0.508041,-0.096123,0.855953,0.770442,0.393608,0.501489,0.060335,-0.827688,1.375316,0.101730,0.090901,0.008029,0.239701,-0.587926,0.474614,0.597643,-0.268155,1.060504,82.864421,0.000000,1,0.011126,6.557750,23.160620,57.756232,-1.580363,57.952056,0.000000
19.541666,10.333333,1,-0.860896,1.470262,0.337754,-0.743622,-0.108629,0.169520,-0.637565,0.344388,-0.042592,0.047581,0.236651,0.711235,0.498694,0.435254,-0.509101,-0.097489,0.855168,0.770746,0.390601,0.503371,0.061705,-0.827688,1.375316,0.101730,0.092450,0.006760,0.239233,-0.587358,0.474241,0.597740,-0.269839,1.093605,84.429541,0.000000,1,0.011071,6.613111,23.109762,58.054965,-1.603150,58.122228,0.000000
