time_take_s,time_episode_s,tool_tracked,tool_world_x_m,tool_world_y_m,tool_world_z_m,tool_world_qx,tool_world_qy,tool_world_qz,tool_world_qw,tcp_robot_x_m,tcp_robot_y_m,tcp_robot_z_m,tcp_robot_qx,tcp_robot_qy,tcp_robot_qz,tcp_robot_qw,tcp_robot_rot6d_r00,tcp_robot_rot6d_r01,tcp_robot_rot6d_r02,tcp_robot_rot6d_r10,tcp_robot_rot6d_r11,tcp_robot_rot6d_r12,tcp_speed_m_s,box_world_x_m,box_world_y_m,box_world_z_m,tool_in_box_x_m,tool_in_box_y_m,tool_in_box_z_m,tool_in_box_qx,tool_in_box_qy,tool_in_box_qz,tool_in_box_qw,flap_left_deg,flap_right_deg,gripper,ik_reachable,ik_pos_err_mm,q1_deg,q2_deg,q3_deg,q4_deg,q5_deg,q6_deg
8.158333,0.000000,1,-0.808107,1.533494,0.481668,-0.091300,-0.287851,0.147872,-0.941775,0.261604,-0.040066,0.191999,-0.214996,0.205158,0.777649,0.554030,-0.293656,-0.949897,-0.107056,0.773465,-0.301923,0.557310,0.000000,-0.822035,1.392277,0.101602,0.096761,-0.119415,0.375452,-0.317279,-0.073473,0.902434,-0.282043,0.175674,0.155972,0.000000,1,0.076369,7.658084,-10.873480,76.882926,-2.334709,84.294207,0.079311
8.191666,0.033333,1,-0.807910,1.533649,0.480107,-0.092430,-0.288033,0.147212,-0.941712,0.261366,-0.039986,0.190437,-0.214658,0.206249,0.777894,0.553411,-0.295316,-0.949537,-0.105681,0.772444,-0.302395,0.558469,0.047444,-0.822035,1.392277,0.101602,0.096803,-0.119565,0.373878,-0.317962,-0.072528,0.902105,-0.282572,0.169245,0.171085,0.000000,1,0.063743,7.633741,-10.577392,76.914943,-2.366957,84.193295,0.075345
8.225000,0.066667,1,-0.807700,1.533745,0.478609,-0.093983,-0.288394,0.146632,-0.941539,0.261167,-0.039859,0.188941,-0.214291,0.207801,0.778007,0.552814,-0.296951,-0.949246,-0.103689,0.771127,-0.302430,0.560267,0.045451,-0.822035,1.392277,0.101602,0.096787,-0.119695,0.372369,-0.318991,-0.071285,0.901717,-0.282967,0.178915,0.159681,0.000000,1,0.063672,7.600860,-10.288361,76.939408,-2.393286,84.089847,0.071578
8.258333,0.100000,1,-0.807536,1.533763,0.477134,-0.095245,-0.288267,0.145976,-0.941553,0.261059,-0.039723,0.187466,-0.213618,0.208873,0.778319,0.552231,-0.298816,-0.948862,-0.101833,0.770385,-0.302825,0.561073,0.044538,-0.822035,1.392277,0.101602,0.096737,-0.119743,0.370886,-0.319461,-0.070086,0.901467,-0.283531,0.180368,0.179540,0.000000,1,0.063068,7.564932,-9.995718,76.948633,-2.416379,83.974328,0.067999
8.291666,0.133333,1,-0.807393,1.533717,0.475641,-0.097220,-0.288484,0.145181,-0.941407,0.261013,-0.039566,0.185975,-0.212936,0.210737,0.778554,0.551454,-0.301114,-0.948421,-0.099141,0.768926,-0.302977,0.562990,0.045009,-0.822035,1.392277,0.101602,0.096649,-0.119736,0.369388,-0.320557,-0.068398,0.901021,-0.284123,0.172809,0.153787,0.000000,1,0.062118,7.524427,-9.694529,76.947302,-2.435521,83.846407,0.064599
8.325000,0.166667,1,-0.807211,1.533653,0.474036,-0.100262,-0.289290,0.144305,-0.940976,0.260960,-0.039364,0.184372,-0.212305,0.213820,0.778577,0.550478,-0.303801,-0.947969,-0.095184,0.766389,-0.302509,0.566689,0.048506,-0.822035,1.392277,0.101602,0.096524,-0.119741,0.367776,-0.322653,-0.066013,0.900294,-0.284619,0.179361,0.158042,0.000000,1,0.060394,7.476982,-9.372775,76.947573,-2.449484,83.705820,0.061369
8.358333,0.200000,1,-0.806945,1.533541,0.472178,-0.102647,-0.289578,0.143459,-0.940759,0.260894,-0.039064,0.182517,-0.211503,0.216084,0.778773,0.549624,-0.306361,-0.947469,-0.091896,0.764660,-0.302443,0.569055,0.056402,-0.822035,1.392277,0.101602,0.096316,-0.119770,0.365908,-0.323996,-0.063986,0.899770,-0.285212,0.177067,0.162996,0.000000,1,0.056978,7.413049,-9.003607,76.950571,-2.454012,83.538911,0.058301
8.391666,0.233333,1,-0.806573,1.533386,0.470033,-0.104199,-0.289372,0.142443,-0.940806,0.260800,-0.038651,0.180376,-0.210631,0.217379,0.779277,0.548733,-0.309054,-0.946804,-0.089714,0.763656,-0.303277,0.569959,0.065482,-0.822035,1.392277,0.101602,0.096018,-0.119839,0.363747,-0.324534,-0.062485,0.899397,-0.286108,0.177161,0.235028,0.000000,1,0.052878,7.330301,-8.580993,76.958173,-2.448158,83.343524,0.055386
8.425000,0.266667,1,-0.806116,1.533201,0.467649,-0.106773,-0.289839,0.140829,-0.940617,0.260679,-0.038149,0.177997,-0.209910,0.219890,0.779842,0.547204,-0.313011,-0.945780,-0.086745,0.761151,-0.304433,0.572686,0.073021,-0.822035,1.392277,0.101602,0.095650,-0.119943,0.361343,-0.326141,-0.060354,0.898552,-0.287390,0.177453,0.151620,0.000000,1,0.049090,7.232903,-8.113275,76.968295,-2.434003,83.123193,0.052616
8.458333,0.300000,1,-0.805654,1.532995,0.465258,-0.110704,-0.291277,0.138956,-0.939997,0.260573,-0.037630,0.175611,-0.209454,0.224051,0.780146,0.545254,-0.317655,-0.944612,-0.082480,0.756898,-0.304999,0.577997,0.073315,-0.822035,1.392277,0.101602,0.095262,-0.120038,0.358932,-0.329220,-0.057430,0.897215,-0.288656,0.175571,0.153695,0.000000,1,0.048082,7.132556,-7.641524,76.973030,-2.417189,82.895841,0.049986
8.491666,0.333333,1,-0.805151,1.532767,0.462986,-0.114780,-0.292597,0.136983,-0.939387,0.260459,-0.037067,0.173344,-0.208828,0.228289,0.780505,0.543219,-0.322607,-0.943317,-0.077961,0.752624,-0.305594,0.583240,0.070166,-0.822035,1.392277,0.101602,0.094829,-0.120160,0.356636,-0.332260,-0.054322,0.895848,-0.290013,0.176514,0.164736,0.000000,1,0.048631,7.024604,-7.193717,76.978083,-2.395689,82.679206,0.047486
8.525000,0.366667,1,-0.804543,1.532470,0.460801,-0.118119,-0.294324,0.134976,-0.938724,0.260337,-0.036379,0.171167,-0.208896,0.232050,0.780827,0.541133,-0.327076,-0.942011,-0.075084,0.748114,-0.306656,0.588462,0.068592,-0.822035,1.392277,0.101602,0.094277,-0.120332,0.354424,-0.335334,-0.052053,0.894391,-0.291386,0.188393,0.157661,0.000000,1,0.048719,6.894905,-6.765444,76.985708,-2.363213,82.472184,0.045112
8.558333,0.400000,1,-0.803884,1.532066,0.458656,-0.120856,-0.296314,0.132989,-0.938033,0.260269,-0.035586,0.169029,-0.209466,0.235388,0.781113,0.539054,-0.331089,-0.940736,-0.073460,0.743512,-0.308026,0.593556,0.068431,-0.822035,1.392277,0.101602,0.093607,-0.120483,0.352249,-0.338369,-0.050438,0.892898,-0.292737,0.192250,0.164533,0.000000,1,0.048095,6.745165,-6.341182,76.984683,-2.320796,82.261070,0.042856
8.591666,0.433333,1,-0.803185,1.531667,0.456486,-0.124071,-0.298397,0.130442,-0.937310,0.260173,-0.034764,0.166868,-0.209911,0.239196,0.781622,0.536460,-0.336296,-0.939038,-0.071504,0.738198,-0.309992,0.599140,0.069435,-0.822035,1.392277,0.101602,0.092918,-0.120667,0.350047,-0.341716,-0.048425,0.891134,-0.294560,0.189799,0.161308,0.000000,1,0.047016,6.590853,-5.913799,76.985927,-2.275247,82.047822,0.040714
8.625000,0.466667,1,-0.802567,1.531365,0.454343,-0.127590,-0.300658,0.128101,-0.936438,0.260048,-0.034066,0.164732,-0.210378,0.243356,0.781908,0.533984,-0.341204,-0.937446,-0.069096,0.732660,-0.311278,0.605241,0.067505,-0.822035,1.392277,0.101602,0.092355,-0.120846,0.347876,-0.345349,-0.046222,0.889332,-0.296120,0.189296,0.153697,0.000000,1,0.046834,6.459645,-5.491437,76.986938,-2.239098,81.835690,0.038678
8.658333,0.500000,1,-0.802123,1.531119,0.452277,-0.130219,-0.301787,0.126865,-0.935881,0.259984,-0.033541,0.162672,-0.210223,0.246214,0.781977,0.532633,-0.344217,-0.936532,-0.066495,0.729493,-0.311362,0.609010,0.063819,-0.822035,1.392277,0.101602,0.091939,-0.120923,0.345791,-0.347553,-0.044339,0.888314,-0.296883,0.187263,0.158068,0.000000,1,0.047114,6.358528,-5.076951,76.973061,-2.215718,81.618838,0.036744
8.691666,0.533333,1,-0.801800,1.530937,0.450246,-0.132872,-0.301768,0.125837,-0.935653,0.259940,-0.033152,0.160645,-0.209028,0.248579,0.782246,0.531608,-0.347400,-0.935617,-0.062729,0.727777,-0.311202,0.611142,0.061933,-0.822035,1.392277,0.101602,0.091645,-0.120944,0.343748,-0.348746,-0.041932,0.887711,-0.297635,0.199468,0.142842,0.000000,1,0.046877,6.281908,-4.665931,76.951519,-2.202410,81.398633,0.034907
8.725000,0.566667,1,-0.801518,1.530832,0.448123,-0.135581,-0.301992,0.124713,-0.935342,0.259861,-0.032841,0.158525,-0.208026,0.251104,0.782485,0.530462,-0.350671,-0.934629,-0.059152,0.725684,-0.311114,0.613670,0.064324,-0.822035,1.392277,0.101602,0.091440,-0.120973,0.341614,-0.350182,-0.039580,0.886987,-0.298428,0.189524,0.175699,0.000000,1,0.045180,6.220596,-4.237414,76.930680,-2.194835,81.168517,0.033161
8.758333,0.600000,1,-0.801311,1.530795,0.445800,-0.138551,-0.302200,0.123702,-0.934974,0.259773,-0.032628,0.156204,-0.206893,0.253856,0.782623,0.529390,-0.353883,-0.933668,-0.055060,0.723583,-0.310606,0.616402,0.069989,-0.822035,1.392277,0.101602,0.091338,-0.120968,0.339283,-0.351717,-0.036988,0.886269,-0.299089,0.189067,0.173808,0.000000,1,0.042087,6.177655,-3.766480,76.903017,-2.194422,80.911955,0.031503
8.791666,0.633333,1,-0.801211,1.530773,0.443334,-0.142339,-0.302364,0.122794,-0.934472,0.259737,-0.032508,0.153739,-0.205355,0.257321,0.782599,0.528350,-0.357350,-0.932657,-0.049510,0.721289,-0.309264,0.619757,0.074038,-0.822035,1.392277,0.101602,0.091315,-0.120879,0.336817,-0.353574,-0.033646,0.885498,-0.299579,0.179445,0.156692,0.000000,1,0.039519,6.151195,-3.260396,76.858937,-2.200486,80.627916,0.029928
8.825000,0.666667,1,-0.801228,1.530683,0.440849,-0.145930,-0.302289,0.122198,-0.934020,0.259826,-0.032440,0.151254,-0.203689,0.260503,0.782480,0.527611,-0.360275,-0.931814,-0.043877,0.719567,-0.307530,0.622614,0.074604,-0.822035,1.392277,0.101602,0.091307,-0.120654,0.334340,-0.355123,-0.030381,0.884913,-0.299823,0.186344,0.141080,0.000000,1,0.038255,6.132002,-2.740149,76.789579,-2.209079,80.322677,0.028432
8.858333,0.700000,1,-0.801384,1.530610,0.438437,-0.149531,-0.302155,0.121625,-0.933569,0.259985,-0.032495,0.148842,-0.201966,0.263667,0.782352,0.526892,-0.363189,-0.930933,-0.038169,0.717926,-0.305729,0.625389,0.072551,-0.822035,1.392277,0.101602,0.091395,-0.120332,0.331945,-0.356623,-0.027082,0.884340,-0.300048,0.248952,0.180643,0.000000,1,0.038076,6.134088,-2.228467,76.704870,-2.226307,80.013020,0.027010
8.891666,0.733333,1,-0.801581,1.530519,0.436184,-0.151807,-0.301739,0.121342,-0.933373,0.260182,-0.032573,0.146589,-0.200580,0.265520,0.782315,0.526546,-0.365033,-0.930366,-0.034216,0.717334,-0.304496,0.626669,0.067902,-0.822035,1.392277,0.101602,0.091489,-0.119977,0.329712,-0.357276,-0.024851,0.884102,-0.300167,0.299562,0.141388,0.000000,1,0.038766,6.140110,-1.746981,76.614576,-2.244317,79.714868,0.025660
8.925000,0.766667,1,-0.801724,1.530337,0.434185,-0.153987,-0.301496,0.121080,-0.933128,0.260420,-0.032556,0.144591,-0.199391,0.267363,0.782224,0.526199,-0.366715,-0.929831,-0.030565,0.716592,-0.303262,0.628115,0.060355,-0.822035,1.392277,0.101602,0.091472,-0.119626,0.327731,-0.358039,-0.022784,0.883823,-0.300244,0.388195,0.154486,0.000000,1,0.040403,6.128464,-1.317062,76.524148,-2.253558,79.441695,0.024377
8.958333,0.800000,1,-0.801829,1.530076,0.432450,-0.157099,-0.302003,0.120530,-0.932516,0.260697,-0.032465,0.142857,-0.198461,0.270377,0.781940,0.525433,-0.369066,-0.929033,-0.026239,0.714396,-0.301632,0.631392,0.052750,-0.822035,1.392277,0.101602,0.091363,-0.119276,0.326011,-0.359887,-0.020206,0.883090,-0.300373,0.419737,0.184912,0.000000,1,0.042125,6.102687,-0.940641,76.434822,-2.255710,79.195093,0.023158
8.991666,0.833333,1,-0.801950,1.529704,0.430924,-0.159525,-0.302575,0.119976,-0.931990,0.261071,-0.032320,0.141334,-0.197894,0.272805,0.781730,0.524703,-0.371050,-0.928325,-0.023115,0.712379,-0.300528,0.634191,0.047247,-0.822035,1.392277,0.101602,0.091169,-0.118861,0.324504,-0.361488,-0.018271,0.882415,-0.300560,0.360043,0.176377,0.000000,1,0.043089,6.065676,-0.602890,76.335844,-2.252273,78.962130,0.022000
9.025000,0.866667,1,-0.802073,1.529231,0.429489,-0.161201,-0.302554,0.119673,-0.931748,0.261527,-0.032118,0.139902,-0.197129,0.274297,0.781658,0.524321,-0.372455,-0.927823,-0.020535,0.711536,-0.299697,0.635530,0.045495,-0.822035,1.392277,0.101602,0.090894,-0.118389,0.323089,-0.362223,-0.016752,0.882102,-0.300682,0.288823,0.173373,0.000000,1,0.042879,6.016920,-0.280008,76.226713,-2.243008,78.730658,0.020900
9.058333,0.900000,1,-0.802147,1.528710,0.428012,-0.163345,-0.302441,0.119700,-0.931407,0.261992,-0.031849,0.138429,-0.196072,0.276168,0.781352,0.524191,-0.373560,-0.927453,-0.016873,0.710858,-0.297911,0.637126,0.047019,-0.822035,1.392277,0.101602,0.090553,-0.117926,0.321632,-0.363077,-0.014780,0.881863,-0.300455,0.239499,0.177071,0.000000,1,0.041690,5.956247,0.050566,76.115534,-2.227701,78.493665,0.019855
9.091666,0.933333,1,-0.802173,1.528105,0.426481,-0.165435,-0.301900,0.119842,-0.931196,0.262495,-0.031488,0.136904,-0.194654,0.277797,0.781110,0.524218,-0.374610,-0.927094,-0.012840,0.710796,-0.296047,0.638063,0.049387,-0.822035,1.392277,0.101602,0.090116,-0.117447,0.320118,-0.363524,-0.012669,0.881800,-0.300196,0.223859,0.160596,0.000000,1,0.040201,5.878958,0.393440,75.997196,-2.204458,78.246324,0.018862
9.125000,0.966667,1,-0.802102,1.527381,0.424974,-0.167252,-0.301615,0.119467,-0.931012,0.263035,-0.030980,0.135404,-0.193590,0.279297,0.781123,0.523797,-0.376319,-0.926438,-0.009846,0.710161,-0.295260,0.639134,0.050206,-0.822035,1.392277,0.101602,0.089525,-0.116977,0.318625,-0.364090,-0.010906,0.881517,-0.300411,0.229026,0.163020,0.000000,1,0.039343,5.774531,0.731709,75.875427,-2.168802,77.998866,0.017919
9.158333,1.000000,1,-0.801882,1.526525,0.423421,-0.169115,-0.301618,0.118617,-0.930783,0.263591,-0.030272,0.133859,-0.192767,0.280965,0.781307,0.522932,-0.378765,-0.925463,-0.007369,0.708820,-0.295201,0.640649,0.053616,-0.822035,1.392277,0.101602,0.088741,-0.116545,0.317078,-0.364944,-0.009218,0.880975,-0.301022,0.244807,0.168568,0.000000,1,0.037790,5.634506,1.078102,75.752189,-2.117145,77.746100,0.017023
9.191666,1.033333,1,-0.801573,1.525564,0.421810,-0.170911,-0.301405,0.117858,-0.930620,0.264177,-0.029430,0.132259,-0.191779,0.282478,0.781510,0.522177,-0.381104,-0.924520,-0.004748,0.707827,-0.295075,0.641804,0.057034,-0.822035,1.392277,0.101602,0.087820,-0.116118,0.315470,-0.365575,-0.007497,0.880536,-0.301588,0.245260,0.178919,0.000000,1,0.036100,5.469959,1.436649,75.623045,-2.054529,77.483957,0.016172
9.225000,1.066667,1,-0.801246,1.524554,0.420283,-0.172555,-0.301285,0.117034,-0.930460,0.264791,-0.028545,0.130744,-0.190943,0.283896,0.781743,0.521366,-0.383437,-0.923564,-0.002510,0.706732,-0.295162,0.642969,0.055788,-0.822035,1.392277,0.101602,0.086848,-0.115681,0.313946,-0.366222,-0.005952,0.880064,-0.302215,0.246960,0.167433,0.000000,1,0.035861,5.297693,1.778839,75.491452,-1.988378,77.228194,0.015363
9.258333,1.100000,1,-0.800919,1.523459,0.418884,-0.173690,-0.301109,0.116195,-0.930411,0.265472,-0.027610,0.129356,-0.190283,0.284832,0.782079,0.520590,-0.385556,-0.922684,-0.001072,0.705888,-0.295712,0.643643,0.054196,-0.822035,1.392277,0.101602,0.085805,-0.115203,0.312551,-0.366593,-0.004837,0.879674,-0.302919,0.232827,0.185121,0.000000,1,0.035851,5.115826,2.097706,75.353067,-1.918022,76.979937,0.014595
9.291666,1.133333,1,-0.800664,1.522337,0.417750,-0.174316,-0.300816,0.115902,-0.930425,0.266218,-0.026719,0.128234,-0.189744,0.285261,0.782226,0.520333,-0.386502,-0.922288,0.000017,0.705782,-0.295760,0.643737,0.048456,-0.822035,1.392277,0.101602,0.084777,-0.114667,0.311426,-0.366620,-0.004140,0.879577,-0.303178,0.228030,0.163887,0.000000,1,0.037180,4.941347,2.365152,75.212095,-1.850817,76.754864,0.013865
9.325000,1.166667,1,-0.800493,1.521211,0.416963,-0.174921,-0.300400,0.115771,-0.930462,0.267018,-0.025896,0.127458,-0.189102,0.285617,0.782321,0.520229,-0.387205,-0.921993,0.001295,0.705950,-0.295571,0.643640,0.041551,-0.822035,1.392277,0.101602,0.083788,-0.114083,0.310653,-0.366524,-0.003411,0.879576,-0.303307,0.237490,0.189360,0.000000,1,0.039165,4.778843,2.563819,75.073738,-1.788680,76.563854,0.013172
9.358333,1.200000,1,-0.800374,1.520019,0.416472,-0.175288,-0.299587,0.115689,-0.930665,0.267899,-0.025078,0.126979,-0.188211,0.285581,0.782540,0.520242,-0.387851,-0.921719,0.002578,0.706721,-0.295584,0.642787,0.038831,-0.822035,1.392277,0.101602,0.082770,-0.113438,0.310179,-0.365969,-0.002721,0.879749,-0.303481,0.259445,0.185406,0.000000,1,0.040350,4.616728,2.705497,74.933090,-1.726675,76.398641,0.012514
9.391666,1.233333,1,-0.800300,1.518736,0.416179,-0.175089,-0.298572,0.116070,-0.930981,0.268880,-0.024244,0.126697,-0.187389,0.284949,0.782651,0.520718,-0.387477,-0.921873,0.003436,0.708288,-0.295314,0.641185,0.039546,-0.822035,1.392277,0.101602,0.081703,-0.112714,0.309908,-0.364973,-0.002459,0.880222,-0.303312,0.243137,0.187061,0.000000,1,0.040551,4.451008,2.811768,74.783854,-1.663135,76.245691,0.011888
9.425000,1.266667,1,-0.800251,1.517440,0.415987,-0.174910,-0.298061,0.116689,-0.931101,0.269886,-0.023423,0.126517,-0.187008,0.284561,0.782480,0.521323,-0.386501,-0.922280,0.004036,0.709420,-0.294495,0.640310,0.039333,-0.822035,1.392277,0.101602,0.080637,-0.111969,0.309740,-0.364425,-0.002407,0.880615,-0.302830,0.247494,0.206847,0.000000,1,0.040610,4.288266,2.898863,74.633829,-1.600727,76.101359,0.011294
9.458333,1.300000,1,-0.800194,1.516172,0.415801,-0.175153,-0.298134,0.117105,-0.930980,0.270865,-0.022612,0.126343,-0.186962,0.284812,0.782188,0.521641,-0.385871,-0.922541,0.004660,0.709545,-0.293545,0.640607,0.038492,-0.822035,1.392277,0.101602,0.079588,-0.111248,0.309577,-0.364586,-0.002230,0.880698,-0.302396,0.240535,0.184230,0.000000,1,0.040441,4.128595,2.983552,74.487939,-1.539410,75.960329,0.010729
9.491666,1.333333,1,-0.800125,1.514897,0.415608,-0.175951,-0.298405,0.117091,-0.930744,0.271842,-0.021788,0.126162,-0.186850,0.285648,0.781988,0.521524,-0.386199,-0.922398,0.005716,0.708904,-0.292835,0.641640,0.038721,-0.822035,1.392277,0.101602,0.078528,-0.110533,0.309405,-0.365181,-0.001634,0.880493,-0.302277,0.230370,0.166330,0.000000,1,0.039977,3.967588,3.069841,74.341797,-1.477403,75.818487,0.010192
9.525000,1.366667,1,-0.800075,1.513601,0.415389,-0.176876,-0.298538,0.117171,-0.930517,0.272848,-0.020966,0.125954,-0.186555,0.286537,0.781753,0.521493,-0.386483,-0.922268,0.007174,0.708449,-0.291882,0.642577,0.039458,-0.822035,1.392277,0.101602,0.077462,-0.109787,0.309210,-0.365708,-0.000864,0.880344,-0.302078,0.251094,0.166596,0.000000,1,0.039180,3.807530,3.163776,74.189433,-1.415734,75.669957,0.009683
9.558333,1.400000,1,-0.800076,1.512287,0.415066,-0.177558,-0.298365,0.117299,-0.930426,0.273899,-0.020172,0.125643,-0.186096,0.287070,0.781618,0.521566,-0.386674,-0.922177,0.008540,0.708486,-0.291118,0.642882,0.040601,-0.822035,1.392277,0.101602,0.076414,-0.108983,0.308914,-0.365855,-0.000179,0.880341,-0.301910,0.263750,0.187707,0.000000,1,0.037773,3.652920,3.282623,74.024853,-1.356302,75.503647,0.009199
9.591666,1.433333,1,-0.800139,1.510959,0.414654,-0.178095,-0.297791,0.117523,-0.930479,0.274998,-0.019419,0.125242,-0.185341,0.287294,0.781568,0.521787,-0.386775,-0.922119,0.010099,0.709129,-0.290401,0.642498,0.041751,-0.822035,1.392277,0.101602,0.075394,-0.108116,0.308534,-0.365579,0.000552,0.880515,-0.301735,0.261563,0.163523,0.000000,1,0.036396,3.505973,3.423662,73.847917,-1.300019,75.320734,0.008739
9.625000,1.466667,1,-0.800255,1.509607,0.414149,-0.178886,-0.297323,0.118172,-0.930395,0.276149,-0.018693,0.124748,-0.184566,0.287795,0.781207,0.522326,-0.386221,-0.922324,0.012277,0.709856,-0.288699,0.642462,0.043440,-0.822035,1.392277,0.101602,0.074388,-0.107186,0.308065,-0.365499,0.001455,0.880762,-0.301110,0.261907,0.183276,0.000000,1,0.034907,3.364094,3.587551,73.658265,-1.245803,75.120723,0.008302
9.658333,1.500000,1,-0.800417,1.508264,0.413536,-0.179653,-0.296988,0.118991,-0.930249,0.277321,-0.018007,0.124145,-0.183920,0.288334,0.780716,0.522992,-0.385306,-0.922676,0.014415,0.710555,-0.286686,0.642590,0.044554,-0.822035,1.392277,0.101602,0.073419,-0.106218,0.307490,-0.365523,0.002274,0.881026,-0.300302,0.288608,0.163405,0.000000,1,0.033491,3.230255,3.775557,73.460066,-1.194825,74.905234,0.007887
9.691666,1.533333,1,-0.800638,1.506999,0.412800,-0.180399,-0.296293,0.119604,-0.930248,0.278467,-0.017415,0.123420,-0.182961,0.288692,0.780444,0.523535,-0.384872,-0.922819,0.016698,0.711541,-0.285136,0.642189,0.044393,-0.822035,1.392277,0.101602,0.072552,-0.105241,0.306797,-0.365222,0.003237,0.881334,-0.299753,0.322728,0.203792,0.000000,1,0.032290,3.114130,3.987758,73.259706,-1.150936,74.677648,0.007492
9.725000,1.566667,1,-0.800842,1.505781,0.411843,-0.181424,-0.295723,0.120200,-0.930153,0.279565,-0.016834,0.122472,-0.181991,0.289356,0.780098,0.524022,-0.384561,-0.922898,0.019316,0.712256,-0.283348,0.642188,0.046892,-0.822035,1.392277,0.101602,0.071715,-0.104291,0.305879,-0.365158,0.004396,0.881555,-0.299167,0.353867,0.169281,0.000000,1,0.030343,3.001260,4.242512,73.057542,-1.108211,74.429919,0.007118
9.758333,1.600000,1,-0.801036,1.504553,0.410711,-0.182856,-0.295606,0.120873,-0.929823,0.280666,-0.016238,0.121349,-0.181244,0.290588,0.779510,0.524474,-0.384155,-0.923001,0.022249,0.712332,-0.280971,0.643147,0.050444,-0.822035,1.392277,0.101602,0.070869,-0.103332,0.304787,-0.365672,0.005719,0.881599,-0.298386,0.343539,0.203269,0.000000,1,0.028271,2.886462,4.532939,72.847378,-1.064642,74.162102,0.006762
9.791666,1.633333,1,-0.801308,1.503362,0.409546,-0.184527,-0.295484,0.121263,-0.929481,0.281784,-0.015727,0.120194,-0.180387,0.292032,0.779039,0.524668,-0.384368,-0.922831,0.025381,0.712116,-0.278883,0.644295,0.050621,-0.822035,1.392277,0.101602,0.070101,-0.102331,0.303667,-0.366297,0.007264,0.881511,-0.297847,0.333461,0.175511,0.000000,1,0.027188,2.787008,4.831423,72.631378,-1.027172,73.887889,0.006424
9.825000,1.666667,1,-0.801609,1.502245,0.408414,-0.185978,-0.294995,0.121391,-0.929330,0.282860,-0.015283,0.119068,-0.179302,0.293113,0.778854,0.524711,-0.385059,-0.922458,0.028299,0.712235,-0.277527,0.644748,0.048575,-0.822035,1.392277,0.101602,0.069408,-0.101353,0.302578,-0.366506,0.008780,0.881480,-0.297641,0.338784,0.214150,0.000000,1,0.026880,2.700372,5.121007,72.422047,-0.994680,73.621387,0.006103
9.858333,1.700000,1,-0.801870,1.501123,0.407289,-0.186873,-0.294144,0.121816,-0.929365,0.283917,-0.014804,0.117952,-0.178139,0.293534,0.778700,0.525101,-0.385071,-0.922372,0.030837,0.713213,-0.276213,0.644231,0.048292,-0.822035,1.392277,0.101602,0.068687,-0.100404,0.301496,-0.366139,0.009950,0.881743,-0.297275,0.328598,0.196226,0.000000,1,0.026231,2.608350,5.406967,72.216060,-0.959970,73.358538,0.005797
9.891666,1.733333,1,-0.802051,1.499913,0.406202,-0.187548,-0.293757,0.122364,-0.929279,0.284995,-0.014208,0.116875,-0.177488,0.293966,0.778382,0.525551,-0.384589,-0.922509,0.032681,0.713807,-0.274761,0.644194,0.049097,-0.822035,1.392277,0.101602,0.067847,-0.099470,0.300448,-0.366081,0.010715,0.881938,-0.296740,0.360233,0.160431,0.000000,1,0.025477,2.496438,5.685784,72.008501,-0.917447,73.098344,0.005508
9.925000,1.766667,1,-0.802210,1.498656,0.405208,-0.188802,-0.293585,0.122484,-0.929064,0.286098,-0.013568,0.115891,-0.176775,0.295013,0.778142,0.525559,-0.385077,-0.922221,0.034982,0.713618,-0.273510,0.644935,0.048306,-0.822035,1.392277,0.101602,0.066954,-0.098531,0.299492,-0.366483,0.011914,0.881833,-0.296511,0.423867,0.153603,0.000000,1,0.025176,2.377210,5.946712,71.800678,-0.872135,72.846235,0.005232
9.958333,1.800000,1,-0.802355,1.497364,0.404265,-0.190052,-0.293059,0.122537,-0.928968,0.287220,-0.012896,0.114958,-0.175745,0.295898,0.778039,0.525560,-0.385800,-0.921818,0.037551,0.713807,-0.272462,0.645169,0.048207,-0.822035,1.392277,0.101602,0.066022,-0.097586,0.298586,-0.366571,0.013268,0.881814,-0.296402,0.413587,0.166575,0.000000,1,0.024620,2.252893,6.198367,71.591515,-0.824945,72.597901,0.004971
9.991666,1.833333,1,-0.802396,1.495953,0.403375,-0.190792,-0.292601,0.122878,-0.928915,0.288374,-0.012069,0.114080,-0.175004,0.296356,0.777843,0.525839,-0.385734,-0.921767,0.039419,0.714313,-0.271334,0.645085,0.050063,-0.822035,1.392277,0.101602,0.064933,-0.096656,0.297729,-0.366486,0.014126,0.881949,-0.296067,0.400383,0.177570,0.000000,1,0.023846,2.102494,6.440304,71.380081,-0.767844,72.353003,0.004722
10.025000,1.866667,1,-0.802319,1.494437,0.402579,-0.191578,-0.292442,0.122901,-0.928801,0.289540,-0.011088,0.113298,-0.174510,0.296990,0.777734,0.525806,-0.386148,-0.921531,0.040873,0.714220,-0.270650,0.645476,0.051406,-0.822035,1.392277,0.101602,0.063687,-0.095765,0.296961,-0.366693,0.014902,0.881879,-0.295979,0.378370,0.223741,0.000000,1,0.023423,1.926105,6.663280,71.171018,-0.701005,72.117929,0.004486
10.058333,1.900000,1,-0.802221,1.492881,0.401857,-0.192392,-0.291997,0.122690,-0.928800,0.290726,-0.010066,0.112590,-0.173750,0.297519,0.777832,0.525614,-0.387082,-0.921067,0.042463,0.714291,-0.270425,0.645491,0.051540,-0.822035,1.392277,0.101602,0.062395,-0.094871,0.296265,-0.366667,0.015834,0.881813,-0.296158,0.370634,0.190946,0.000000,1,0.023011,1.743631,6.872664,70.961591,-0.632153,71.888996,0.004262
10.091666,1.933333,1,-0.802092,1.491251,0.401179,-0.192774,-0.291260,0.122735,-0.928947,0.291952,-0.008974,0.111928,-0.172921,0.297531,0.777945,0.525715,-0.387445,-0.920852,0.043788,0.715055,-0.270199,0.644740,0.053110,-0.822035,1.392277,0.101602,0.061024,-0.093961,0.295614,-0.366183,0.016501,0.881991,-0.296192,0.359892,0.121280,0.000000,1,0.022210,1.550048,7.075553,70.747127,-0.559443,71.660732,0.004049
10.125000,1.966667,1,-0.801876,1.489592,0.400575,-0.192667,-0.290788,0.122721,-0.929118,0.293149,-0.007797,0.111339,-0.172545,0.297225,0.778104,0.525776,-0.387575,-0.920786,0.044031,0.715647,-0.270434,0.643984,0.053375,-0.822035,1.392277,0.101602,0.059576,-0.093107,0.295030,-0.365718,0.016614,0.882147,-0.296296,0.358140,0.114442,0.000000,1,0.022028,1.343156,7.262074,70.540119,-0.482086,71.443814,0.003846
10.158333,2.000000,1,-0.801656,1.488004,0.400026,-0.192718,-0.290452,0.122499,-0.929242,0.294286,-0.006660,0.110807,-0.172223,0.297119,0.778313,0.525631,-0.388102,-0.920553,0.044263,0.715870,-0.270864,0.643555,0.050819,-0.822035,1.392277,0.101602,0.058182,-0.092303,0.294501,-0.365449,0.016813,0.882167,-0.296556,0.348329,0.179563,0.000000,1,0.022264,1.144545,7.434003,70.344202,-0.408215,71.239433,0.003654
10.191666,2.033333,1,-0.801446,1.486381,0.399446,-0.193057,-0.290217,0.122307,-0.929271,0.295458,-0.005509,0.110242,-0.171862,0.297317,0.778426,0.525470,-0.388688,-0.920275,0.044899,0.715884,-0.270966,0.643496,0.052091,-0.822035,1.392277,0.101602,0.056766,-0.091469,0.293942,-0.365397,0.017226,0.882120,-0.296737,0.330634,0.161400,0.000000,1,0.021185,0.944550,7.614922,70.140378,-0.334235,71.027808,0.003471
10.225000,2.066667,1,-0.801246,1.484707,0.398825,-0.193696,-0.290614,0.121942,-0.929062,0.296676,-0.004335,0.109637,-0.171934,0.298066,0.778406,0.525052,-0.389518,-0.919903,0.045331,0.714911,-0.270954,0.644582,0.053894,-0.822035,1.392277,0.101602,0.055316,-0.090593,0.293343,-0.366041,0.017631,0.881775,-0.296945,0.244523,0.167915,0.000000,1,0.019905,0.741706,7.807585,69.925954,-0.259633,70.806400,0.003298
10.258333,2.100000,1,-0.801094,1.483079,0.398156,-0.194219,-0.290812,0.121586,-0.928937,0.297887,-0.003227,0.108984,-0.171881,0.298624,0.778456,0.524678,-0.390340,-0.919533,0.045759,0.714222,-0.271074,0.645295,0.053009,-0.822035,1.392277,0.101602,0.053932,-0.089702,0.292699,-0.366459,0.018020,0.881511,-0.297190,0.248998,0.147243,0.000000,1,0.019115,0.551186,8.010255,69.708999,-0.190005,70.580182,0.003133
10.291666,2.133333,1,-0.800979,1.481446,0.397453,-0.194847,-0.290761,0.121502,-0.928832,0.299124,-0.002145,0.108296,-0.171556,0.299164,0.778403,0.524555,-0.390820,-0.919278,0.046777,0.713985,-0.270685,0.645721,0.053449,-0.822035,1.392277,0.101602,0.052568,-0.088777,0.292024,-0.366695,0.018609,0.881396,-0.297203,0.249611,0.167371,0.000000,1,0.018087,0.366226,8.221996,69.485041,-0.122841,70.347231,0.002976
10.325000,2.166667,1,-0.800873,1.479780,0.396769,-0.195850,-0.291003,0.121330,-0.928568,0.300392,-0.001050,0.107627,-0.171326,0.300170,0.778250,0.524284,-0.391548,-0.918900,0.048080,0.713194,-0.270050,0.646860,0.054118,-0.822035,1.392277,0.101602,0.051182,-0.087827,0.291368,-0.367359,0.019406,0.881101,-0.297209,0.240816,0.168967,0.000000,1,0.017257,0.180182,8.432509,69.255856,-0.055717,70.112710,0.002827
10.358333,2.200000,1,-0.800771,1.478132,0.396096,-0.196599,-0.291093,0.121171,-0.928403,0.301649,0.000030,0.106969,-0.171073,0.300881,0.778176,0.524067,-0.392175,-0.918579,0.049113,0.712688,-0.269648,0.647584,0.053485,-0.822035,1.392277,0.101602,0.049813,-0.086885,0.290723,-0.367775,0.020041,0.880897,-0.297256,0.256655,0.173716,0.000000,1,0.016738,-0.002165,8.640672,69.027951,0.009623,69.880488,0.002686
10.391666,2.233333,1,-0.800727,1.476516,0.395382,-0.197244,-0.290730,0.121255,-0.928368,0.302915,0.001046,0.106270,-0.170460,0.301297,0.778111,0.524124,-0.392474,-0.918372,0.050561,0.712936,-0.269028,0.647569,0.053025,-0.822035,1.392277,0.101602,0.048504,-0.085912,0.290041,-0.367738,0.020780,0.880928,-0.297158,0.249931,0.172933,0.000000,1,0.015846,-0.172671,8.858094,68.795500,0.070273,69.642832,0.002552
10.425000,2.266667,1,-0.800743,1.474944,0.394642,-0.198206,-0.290566,0.121270,-0.928213,0.304182,0.001986,0.105544,-0.169884,0.302085,0.777971,0.524066,-0.392988,-0.918055,0.052295,0.712777,-0.268199,0.648089,0.052111,-0.822035,1.392277,0.101602,0.047267,-0.084917,0.289335,-0.368020,0.021715,0.880822,-0.297056,0.247337,0.176654,0.000000,1,0.015099,-0.329586,9.081350,68.560652,0.125654,69.402281,0.002424
10.458333,2.300000,1,-0.800741,1.473469,0.393933,-0.199197,-0.290531,0.120993,-0.928048,0.305361,0.002883,0.104847,-0.169413,0.302957,0.777952,0.523743,-0.393985,-0.917544,0.053754,0.712244,-0.267820,0.648830,0.049115,-0.822035,1.392277,0.101602,0.046097,-0.083995,0.288657,-0.368437,0.022626,0.880574,-0.297206,0.242338,0.175482,0.000000,1,0.015290,-0.478337,9.293311,68.340714,0.177733,69.174781,0.002303
10.491666,2.333333,1,-0.800729,1.472118,0.393243,-0.199746,-0.290622,0.120796,-0.927927,0.306435,0.003714,0.104169,-0.169250,0.303490,0.777935,0.523513,-0.394577,-0.917249,0.054431,0.711787,-0.267655,0.649399,0.045518,-0.822035,1.392277,0.101602,0.045019,-0.083156,0.287995,-0.368766,0.023083,0.880389,-0.297312,0.241402,0.158081,0.000000,1,0.015625,-0.615297,9.494702,68.138251,0.225281,68.961395,0.002188
10.525000,2.366667,1,-0.800751,1.470908,0.392589,-0.200099,-0.290927,0.120726,-0.927765,0.307416,0.004430,0.103526,-0.169366,0.303942,0.777823,0.523379,-0.394779,-0.917148,0.054680,0.711238,-0.267387,0.650112,0.041246,-0.822035,1.392277,0.101602,0.044076,-0.082377,0.287369,-0.369194,0.023267,0.880213,-0.297286,0.251745,0.145675,0.000000,1,0.016076,-0.732941,9.683063,67.952243,0.265733,68.762563,0.002078
10.558333,2.400000,1,-0.800735,1.469852,0.392030,-0.200489,-0.291437,0.120295,-0.927576,0.308251,0.005085,0.102976,-0.169651,0.304519,0.777849,0.522912,-0.395563,-0.916817,0.054548,0.710169,-0.267662,0.651166,0.035858,-0.822035,1.392277,0.101602,0.043230,-0.081726,0.286831,-0.369831,0.023401,0.879848,-0.297565,0.248591,0.159739,0.000000,1,0.017278,-0.840094,9.843221,67.794408,0.302240,68.590407,0.001974
10.591666,2.433333,1,-0.800650,1.468886,0.391651,-0.201293,-0.292605,0.119424,-0.927147,0.308974,0.005738,0.102607,-0.170342,0.305761,0.777860,0.521946,-0.397111,-0.916170,0.054177,0.707834,-0.268164,0.653497,0.031246,-0.822035,1.392277,0.101602,0.042412,-0.081193,0.286468,-0.371244,0.023625,0.879065,-0.298103,0.235393,0.166636,0.000000,1,0.018871,-0.946844,9.960177,67.663769,0.338366,68.450287,0.001876
10.625000,2.466667,1,-0.800569,1.467952,0.391466,-0.202269,-0.293632,0.118609,-0.926714,0.309671,0.006367,0.102431,-0.170831,0.307094,0.777842,0.521029,-0.398691,-0.915479,0.054250,0.705634,-0.268444,0.655758,0.028649,-0.822035,1.392277,0.101602,0.041618,-0.080691,0.286297,-0.372608,0.024065,0.878310,-0.298588,0.259135,0.146870,0.000000,1,0.020028,-1.049267,10.037455,67.546845,0.372810,68.333712,0.001782
10.658333,2.500000,1,-0.800523,1.467064,0.391367,-0.202841,-0.294005,0.118073,-0.926539,0.310353,0.006940,0.102340,-0.170913,0.307773,0.777929,0.520472,-0.399794,-0.914986,0.054458,0.704576,-0.268768,0.656762,0.026860,-0.822035,1.392277,0.101602,0.040879,-0.080193,0.286213,-0.373207,0.024425,0.877918,-0.298965,0.242460,0.142351,0.000000,1,0.020477,-1.142102,10.096997,67.436479,0.403790,68.228325,0.001693
10.691666,2.533333,1,-0.800533,1.466161,0.391282,-0.202988,-0.294252,0.117915,-0.926449,0.311080,0.007476,0.102263,-0.171070,0.308015,0.777919,0.520291,-0.400064,-0.914874,0.054359,0.704106,-0.268847,0.657234,0.027195,-0.822035,1.392277,0.101602,0.040162,-0.079642,0.286147,-0.373495,0.024451,0.877763,-0.299057,0.236461,0.152169,0.000000,1,0.019995,-1.228479,10.157232,67.319224,0.432433,68.119868,0.001608
10.725000,2.566667,1,-0.800609,1.465214,0.391149,-0.203074,-0.294453,0.118029,-0.926352,0.311882,0.007986,0.102138,-0.171210,0.308182,0.777782,0.520352,-0.399843,-0.914968,0.054398,0.703912,-0.268516,0.657577,0.028768,-0.822035,1.392277,0.101602,0.039449,-0.079009,0.286038,-0.373708,0.024437,0.877725,-0.298904,0.244326,0.211590,0.000000,1,0.018845,-1.310116,10.232465,67.186839,0.459346,67.998417,0.001528
10.758333,2.600000,1,-0.800658,1.464258,0.390894,-0.203059,-0.294417,0.118031,-0.926366,0.312676,0.008525,0.101891,-0.171185,0.308153,0.777794,0.520359,-0.399844,-0.914967,0.054407,0.703963,-0.268536,0.657514,0.029731,-0.822035,1.392277,0.101602,0.038716,-0.078384,0.285807,-0.373669,0.024440,0.877739,-0.298911,0.251197,0.251172,0.000000,1,0.017763,-1.396117,10.331634,67.048888,0.487597,67.865507,0.001451
10.791666,2.633333,1,-0.800619,1.463314,0.390438,-0.203345,-0.294461,0.117657,-0.926337,0.313408,0.009129,0.101443,-0.171098,0.308428,0.777937,0.520011,-0.400627,-0.914615,0.054566,0.703529,-0.268920,0.657821,0.031479,-0.822035,1.392277,0.101602,0.037945,-0.077824,0.285368,-0.373845,0.024686,0.877551,-0.299224,0.250591,0.229102,0.000000,1,0.016451,-1.492653,10.466459,66.910045,0.519240,67.719088,0.001379
10.825000,2.666667,1,-0.800502,1.462436,0.389843,-0.204192,-0.294843,0.117024,-0.926110,0.314041,0.009758,0.100856,-0.171066,0.309357,0.778020,0.519345,-0.402034,-0.913963,0.055140,0.702281,-0.269158,0.659057,0.032022,-0.822035,1.392277,0.101602,0.037183,-0.077357,0.284784,-0.374576,0.025290,0.877074,-0.299657,0.239647,0.311524,0.000000,1,0.015750,-1.593375,10.622076,66.779724,0.552083,67.569851,0.001310
10.858333,2.700000,1,-0.800390,1.461600,0.389243,-0.205123,-0.295105,0.116562,-0.925879,0.314643,0.010356,0.100265,-0.170888,0.310308,0.778025,0.518828,-0.403229,-0.913379,0.056083,0.701267,-0.269052,0.660178,0.031054,-0.822035,1.392277,0.101602,0.036458,-0.076911,0.284195,-0.375233,0.026021,0.876676,-0.299937,0.244890,0.358753,0.000000,1,0.015527,-1.689137,10.776720,66.653607,0.583075,67.423878,0.001244
10.891666,2.733333,1,-0.800287,1.460762,0.388605,-0.205766,-0.295172,0.116251,-0.925754,0.315252,0.010950,0.099635,-0.170663,0.310914,0.778056,0.518494,-0.404076,-0.912957,0.056844,0.700712,-0.268993,0.660792,0.031735,-0.822035,1.392277,0.101602,0.035738,-0.076454,0.283569,-0.375586,0.026575,0.876438,-0.300141,0.245618,0.402488,0.000000,1,0.014807,-1.783690,10.939378,66.523998,0.613513,67.273692,0.001182
10.925000,2.766667,1,-0.800095,1.459956,0.387818,-0.206186,-0.295254,0.115690,-0.925704,0.315782,0.011596,0.098857,-0.170552,0.311326,0.778264,0.517970,-0.405239,-0.912429,0.057046,0.700040,-0.269567,0.661270,0.034275,-0.822035,1.392277,0.101602,0.034994,-0.076078,0.282788,-0.375861,0.026928,0.876150,-0.300608,0.231789,0.470032,0.000000,1,0.013783,-1.887103,11.125936,66.398652,0.646719,67.117352,0.001123
10.958333,2.800000,1,-0.799830,1.459209,0.386918,-0.206840,-0.295522,0.114966,-0.925563,0.316222,0.012267,0.097965,-0.170504,0.312031,0.778464,0.517260,-0.406741,-0.911742,0.057340,0.698932,-0.270157,0.662200,0.035983,-0.822035,1.392277,0.101602,0.034256,-0.075788,0.281888,-0.376407,0.027413,0.875708,-0.301168,0.258624,0.521336,0.000000,1,0.013050,-1.994710,11.328671,66.281322,0.681120,66.959795,0.001067
10.991666,2.833333,1,-0.799579,1.458555,0.386082,-0.207743,-0.295991,0.114323,-0.925290,0.316595,0.012870,0.097136,-0.170525,0.313049,0.778513,0.516564,-0.408166,-0.911069,0.057908,0.697539,-0.270324,0.663600,0.032718,-0.822035,1.392277,0.101602,0.033600,-0.075547,0.281051,-0.377240,0.028030,0.875185,-0.301588,0.240725,0.564889,0.000000,1,0.013523,-2.091550,11.514434,66.177831,0.711754,66.816600,0.001014
11.025000,2.866667,1,-0.799366,1.457958,0.385348,-0.208500,-0.296210,0.113713,-0.925125,0.316946,0.013408,0.096410,-0.170387,0.313825,0.778642,0.515945,-0.409539,-0.910416,0.058491,0.696529,-0.270630,0.664534,0.029092,-0.822035,1.392277,0.101602,0.033009,-0.075315,0.280318,-0.377786,0.028625,0.874776,-0.302035,0.243157,0.290320,0.000000,1,0.014068,-2.177683,11.678650,66.083318,0.738708,66.686908,0.000963
11.058333,2.900000,1,-0.799158,1.457378,0.384590,-0.209192,-0.296315,0.112867,-0.925039,0.317286,0.013931,0.095658,-0.170176,0.314490,0.778946,0.515149,-0.411323,-0.909585,0.058902,0.695510,-0.271435,0.665274,0.029304,-0.822035,1.392277,0.101602,0.032436,-0.075089,0.279560,-0.378208,0.029219,0.874333,-0.302732,0.276904,0.170442,0.000000,1,0.013600,-2.261423,11.846865,65.989033,0.764773,66.556507,0.000915
11.091666,2.933333,1,-0.798976,1.456873,0.383850,-0.210288,-0.296683,0.111641,-0.924821,0.317582,0.014388,0.094923,-0.170024,0.315635,0.779305,0.513956,-0.413883,-0.908387,0.059444,0.693725,-0.272448,0.666721,0.027432,-0.822035,1.392277,0.101602,0.031939,-0.074886,0.278820,-0.379053,0.030067,0.873605,-0.303694,0.263273,0.161469,0.000000,1,0.013652,-2.334532,12.008734,65.902646,0.787218,66.433276,0.000869
11.125000,2.966667,1,-0.798882,1.456487,0.383256,-0.211446,-0.297173,0.110536,-0.924533,0.317836,0.014702,0.094334,-0.169952,0.316889,0.779547,0.512840,-0.416224,-0.907277,0.060057,0.691853,-0.273153,0.668376,0.021445,-0.822035,1.392277,0.101602,0.031585,-0.074694,0.278229,-0.380028,0.030914,0.872866,-0.304511,0.283443,0.130173,0.000000,1,0.014721,-2.384755,12.139014,65.831737,0.802037,66.330573,0.000826
11.158333,3.000000,1,-0.798874,1.456154,0.382827,-0.212053,-0.297613,0.110116,-0.924302,0.318099,0.014913,0.093907,-0.170078,0.317630,0.779532,0.512363,-0.417117,-0.906849,0.060322,0.690762,-0.273192,0.669488,0.016306,-0.822035,1.392277,0.101602,0.031323,-0.074474,0.277807,-0.380699,0.031273,0.872475,-0.304758,0.254750,0.189527,0.000000,1,0.015641,-2.417977,12.237660,65.768834,0.811249,66.244463,0.000784
11.191666,3.033333,1,-0.798931,1.455823,0.382482,-0.212405,-0.298029,0.109949,-0.924107,0.318398,0.015071,0.093565,-0.170293,0.318132,0.779434,0.512128,-0.417450,-0.906691,0.060384,0.689989,-0.273034,0.670350,0.014441,-0.822035,1.392277,0.101602,0.031098,-0.074210,0.277473,-0.381227,0.031410,0.872225,-0.304801,0.248381,0.173222,0.000000,1,0.015804,-2.442287,12.322144,65.704831,0.817558,66.163641,0.000745
11.225000,3.066667,1,-0.799028,1.455498,0.382144,-0.212882,-0.298391,0.109667,-0.923914,0.318717,0.015193,0.093229,-0.170407,0.318721,0.779390,0.511791,-0.418063,-0.906394,0.060610,0.689145,-0.272974,0.671241,0.014355,-0.822035,1.392277,0.101602,0.030902,-0.073918,0.277149,-0.381767,0.031684,0.871928,-0.304946,0.234655,0.133900,0.000000,1,0.015506,-2.460474,12.406592,65.638072,0.821879,66.081966,0.000708
11.258333,3.100000,1,-0.799115,1.455187,0.381786,-0.213818,-0.298887,0.109169,-0.923597,0.319018,0.015315,0.092873,-0.170436,0.319781,0.779334,0.511205,-0.419242,-0.905803,0.061295,0.687795,-0.272819,0.672687,0.014470,-0.822035,1.392277,0.101602,0.030712,-0.073640,0.276803,-0.382634,0.032317,0.871431,-0.305214,0.274178,0.132317,0.000000,1,0.015239,-2.478760,12.494009,65.572710,0.826225,66.000499,0.000672
11.291666,3.133333,1,-0.799157,1.454882,0.381394,-0.214991,-0.299529,0.108554,-0.923189,0.319288,0.015468,0.092484,-0.170491,0.321119,0.779250,0.510475,-0.420697,-0.905071,0.062136,0.686079,-0.272596,0.674527,0.014949,-0.822035,1.392277,0.101602,0.030501,-0.073400,0.276421,-0.383739,0.033100,0.870802,-0.305536,0.270065,0.135672,0.000000,1,0.014970,-2.502470,12.585994,65.510212,0.832324,65.919419,0.000639
11.325000,3.166667,1,-0.799197,1.454554,0.380916,-0.215746,-0.299957,0.108016,-0.922937,0.319575,0.015639,0.092009,-0.170540,0.321987,0.779269,0.509883,-0.421871,-0.904495,0.062557,0.684848,-0.272689,0.675740,0.017413,-0.822035,1.392277,0.101602,0.030272,-0.073142,0.275954,-0.384467,0.033601,0.870343,-0.305875,0.260705,0.155299,0.000000,1,0.013986,-2.528661,12.695941,65.439719,0.839250,65.828044,0.000607
11.358333,3.200000,1,-0.799273,1.454236,0.380279,-0.216253,-0.300071,0.107673,-0.922821,0.319877,0.015776,0.091374,-0.170418,0.322491,0.779322,0.509524,-0.422686,-0.904083,0.063013,0.684250,-0.272770,0.676312,0.021494,-0.822035,1.392277,0.101602,0.030076,-0.072851,0.275329,-0.384801,0.034013,0.870095,-0.306114,0.240570,0.159064,0.000000,1,0.012401,-2.549517,12.838199,65.357831,0.844454,65.719260,0.000576
11.391666,3.233333,1,-0.799361,1.454030,0.379449,-0.217088,-0.299819,0.107415,-0.922737,0.320098,0.015839,0.090546,-0.169822,0.323126,0.779366,0.509254,-0.423642,-0.903537,0.064400,0.684042,-0.272501,0.676631,0.025779,-0.822035,1.392277,0.101602,0.029981,-0.072605,0.274511,-0.384955,0.034880,0.869930,-0.306292,0.224529,0.178003,0.000000,1,0.011008,-2.558938,13.012479,65.278482,0.845898,65.600493,0.000548
11.425000,3.266667,1,-0.799380,1.453967,0.378508,-0.218397,-0.299817,0.106919,-0.922486,0.320162,0.015873,0.089604,-0.169239,0.324298,0.779370,0.508696,-0.425173,-0.902693,0.066139,0.683158,-0.272118,0.677678,0.028319,-0.822035,1.392277,0.101602,0.029962,-0.072493,0.273574,-0.385548,0.036068,0.869514,-0.306591,0.224556,0.174038,0.000000,1,0.010540,-2.564661,13.198254,65.218072,0.846054,65.487957,0.000520
11.458333,3.300000,1,-0.799348,1.454019,0.377553,-0.219671,-0.300441,0.106229,-0.922060,0.320104,0.015877,0.088650,-0.169233,0.325718,0.779304,0.507891,-0.426815,-0.901847,0.067090,0.681358,-0.271910,0.679570,0.028694,-0.822035,1.392277,0.101602,0.030006,-0.072488,0.272619,-0.386683,0.036952,0.868838,-0.306971,0.236132,0.157906,0.000000,1,0.010672,-2.566529,13.378447,65.176605,0.844915,65.387917,0.000494
11.491666,3.333333,1,-0.799386,1.454118,0.376635,-0.220084,-0.300881,0.105776,-0.921870,0.320050,0.015796,0.087730,-0.169445,0.326285,0.779339,0.507403,-0.427662,-0.901452,0.067005,0.680303,-0.272162,0.680526,0.027737,-0.822035,1.392277,0.101602,0.030129,-0.072458,0.271703,-0.387267,0.037138,0.868465,-0.307269,0.232339,0.214287,0.000000,1,0.010558,-2.554680,13.551903,65.136685,0.839407,65.291608,0.000470
11.525000,3.366667,1,-0.799538,1.454202,0.375748,-0.220442,-0.300782,0.105492,-0.921850,0.320077,0.015634,0.086842,-0.169198,0.326560,0.779449,0.507138,-0.428365,-0.901084,0.067460,0.680070,-0.272338,0.680688,0.027097,-0.822035,1.392277,0.101602,0.030306,-0.072330,0.270827,-0.387346,0.037509,0.868329,-0.307507,0.262416,0.181850,0.000000,1,0.010009,-2.529061,13.724597,65.085414,0.829572,65.190045,0.000446
11.558333,3.400000,1,-0.799776,1.454255,0.374906,-0.221664,-0.300844,0.105169,-0.921573,0.320181,0.015421,0.085998,-0.168711,0.327683,0.779353,0.506724,-0.429534,-0.900402,0.069119,0.679267,-0.271709,0.681741,0.026301,-0.822035,1.392277,0.101602,0.030509,-0.072117,0.270001,-0.387951,0.038586,0.867964,-0.307641,0.239981,0.249255,0.000000,1,0.009580,-2.494614,13.893830,65.024002,0.816999,65.084843,0.000424
11.591666,3.433333,1,-0.800064,1.454315,0.374093,-0.223213,-0.300940,0.105063,-0.921180,0.320308,0.015164,0.085182,-0.168106,0.329114,0.779057,0.506453,-0.430491,-0.899764,0.071433,0.678460,-0.270378,0.683072,0.025956,-0.822035,1.392277,0.101602,0.030747,-0.071871,0.269206,-0.388725,0.039939,0.867600,-0.307519,0.276463,0.208881,0.000000,1,0.009288,-2.452786,14.059158,64.960199,0.802119,64.980225,0.000403
11.625000,3.466667,1,-0.800336,1.454386,0.373288,-0.223938,-0.300910,0.105206,-0.920998,0.320417,0.014913,0.084375,-0.167756,0.329750,0.778834,0.506499,-0.430634,-0.899592,0.072728,0.678321,-0.269448,0.683577,0.025571,-0.822035,1.392277,0.101602,0.030983,-0.071644,0.268419,-0.389017,0.040600,0.867519,-0.307292,0.288951,0.156445,0.000000,1,0.009112,-2.412060,14.221648,64.899359,0.787634,64.878631,0.000382
11.658333,3.500000,1,-0.800538,1.454421,0.372463,-0.224321,-0.301221,0.105275,-0.920795,0.320513,0.014739,0.083548,-0.167863,0.330233,0.778624,0.506471,-0.430619,-0.899569,0.073103,0.677833,-0.268867,0.684290,0.025503,-0.822035,1.392277,0.101602,0.031150,-0.071451,0.267608,-0.389460,0.040805,0.867370,-0.307123,0.327401,0.185886,0.000000,1,0.008745,-2.383974,14.387406,64.838526,0.777247,64.776322,0.000363
11.691666,3.533333,1,-0.800674,1.454358,0.371586,-0.225104,-0.301684,0.105265,-0.920453,0.320648,0.014678,0.082671,-0.167928,0.331142,0.778328,0.506312,-0.430898,-0.899368,0.073916,0.676937,-0.267987,0.685521,0.026690,-0.822035,1.392277,0.101602,0.031199,-0.071248,0.266743,-0.390216,0.041305,0.867068,-0.306949,0.302493,0.185259,0.000000,1,0.007862,-2.373784,14.566104,64.766944,0.772659,64.664164,0.000345
11.725000,3.566667,1,-0.800809,1.454239,0.370687,-0.226133,-0.301706,0.105174,-0.920204,0.320827,0.014652,0.081772,-0.167489,0.332074,0.778151,0.506118,-0.431583,-0.898910,0.075473,0.676435,-0.267143,0.686346,0.027497,-0.822035,1.392277,0.101602,0.031204,-0.071012,0.265858,-0.390694,0.042221,0.866829,-0.306893,0.294837,0.216825,0.000000,1,0.007111,-2.368976,14.752167,64.686022,0.769840,64.544878,0.000328
11.758333,3.600000,1,-0.800944,1.454139,0.369791,-0.227812,-0.301634,0.104846,-0.919851,0.320990,0.014613,0.080875,-0.166678,0.333546,0.777990,0.505664,-0.433045,-0.897993,0.077977,0.675614,-0.266101,0.687558,0.027365,-0.822035,1.392277,0.101602,0.031224,-0.070788,0.264974,-0.391384,0.043769,0.866407,-0.306989,0.286939,0.203642,0.000000,1,0.006811,-2.362352,14.936915,64.607333,0.766442,64.427647,0.000312
11.791666,3.633333,1,-0.801011,1.454066,0.368819,-0.229441,-0.301764,0.104443,-0.919449,0.321092,0.014614,0.079904,-0.166071,0.335064,0.777820,0.505123,-0.434542,-0.897078,0.080151,0.674501,-0.265166,0.689010,0.029303,-0.822035,1.392277,0.101602,0.031226,-0.070628,0.264010,-0.392232,0.045184,0.865902,-0.307125,0.286549,0.169915,0.000000,1,0.006191,-2.362513,15.132455,64.533279,0.765184,64.309422,0.000296
11.825000,3.666667,1,-0.801023,1.453954,0.367776,-0.230325,-0.301907,0.104384,-0.919188,0.321191,0.014683,0.078862,-0.165804,0.335920,0.777617,0.504954,-0.435062,-0.896715,0.081384,0.673928,-0.264359,0.689881,0.031457,-0.822035,1.392277,0.101602,0.031167,-0.070486,0.262973,-0.392751,0.045917,0.865660,-0.307036,0.316797,0.166735,0.000000,1,0.005373,-2.373645,15.341879,64.454292,0.767429,64.184093,0.000281
11.858333,3.700000,1,-0.801087,1.453750,0.366760,-0.231051,-0.301563,0.104922,-0.919057,0.321396,0.014766,0.077848,-0.165170,0.336417,0.777264,0.505374,-0.434632,-0.896750,0.083272,0.674486,-0.262840,0.689915,0.031151,-0.822035,1.392277,0.101602,0.031063,-0.070249,0.261967,-0.392754,0.046709,0.865810,-0.306487,0.259487,0.169541,0.000000,1,0.004734,-2.386316,15.553134,64.358880,0.770223,64.049905,0.000267
11.891666,3.733333,1,-0.801244,1.453512,0.365821,-0.231806,-0.301102,0.105481,-0.918954,0.321684,0.014795,0.076910,-0.164417,0.336889,0.776926,0.505825,-0.434215,-0.896758,0.085334,0.675197,-0.261293,0.689808,0.029451,-0.822035,1.392277,0.101602,0.030986,-0.069921,0.261045,-0.392666,0.047580,0.865998,-0.305934,0.248850,0.179830,0.000000,1,0.004423,-2.389718,15.754716,64.254444,0.770108,63.914811,0.000254
11.925000,3.766667,1,-0.801458,1.453294,0.364888,-0.233132,-0.301007,0.105587,-0.918638,0.321989,0.014764,0.075978,-0.163741,0.338034,0.776603,0.505777,-0.434758,-0.896275,0.087617,0.674875,-0.259845,0.690669,0.029434,-0.822035,1.392277,0.101602,0.030959,-0.069561,0.260133,-0.393167,0.048811,0.865797,-0.305668,0.241016,0.207971,0.000000,1,0.003933,-2.383485,15.955992,64.147558,0.766938,63.778929,0.000241
11.958333,3.800000,1,-0.801706,1.453075,0.363926,-0.235279,-0.301489,0.105435,-0.917950,0.322315,0.014708,0.075016,-0.163216,0.340174,0.776067,0.505334,-0.435996,-0.895390,0.090471,0.673302,-0.257837,0.692953,0.030519,-0.822035,1.392277,0.101602,0.030952,-0.069171,0.259194,-0.394549,0.050531,0.865153,-0.305431,0.282350,0.195646,0.000000,1,0.003275,-2.372975,16.164408,64.034884,0.762424,63.637889,0.000229
11.991666,3.833333,1,-0.801973,1.452817,0.362944,-0.237539,-0.302130,0.105250,-0.917178,0.322685,0.014661,0.074034,-0.162782,0.342487,0.775471,0.504825,-0.437307,-0.894457,0.093326,0.671453,-0.255708,0.695532,0.031503,-0.822035,1.392277,0.101602,0.030926,-0.068740,0.258236,-0.396122,0.052284,0.864418,-0.305180,0.382174,0.191101,0.000000,1,0.002778,-2.363568,16.379551,63.913239,0.758271,63.490194,0.000218
12.025000,3.866667,1,-0.802223,1.452509,0.362015,-0.238647,-0.302376,0.105214,-0.916813,0.323084,0.014657,0.073106,-0.162508,0.343591,0.775168,0.504630,-0.437879,-0.894019,0.094830,0.670673,-0.254588,0.696694,0.030321,-0.822035,1.392277,0.101602,0.030847,-0.068298,0.257331,-0.396831,0.053172,0.864097,-0.305016,0.448391,0.331199,0.000000,1,0.002752,-2.361010,16.586371,63.789392,0.756256,63.344718,0.000207
12.058333,3.900000,1,-0.802416,1.452153,0.361213,-0.239178,-0.302239,0.105321,-0.916708,0.323487,0.014725,0.072306,-0.162149,0.344005,0.775028,0.504678,-0.438016,-0.893839,0.095883,0.670718,-0.253922,0.696894,0.026935,-0.822035,1.392277,0.101602,0.030694,-0.067881,0.256551,-0.396942,0.053707,0.864066,-0.304863,0.475043,0.213711,0.000000,1,0.003114,-2.369978,16.768348,63.672339,0.757805,63.211965,0.000196
12.091666,3.933333,1,-0.802517,1.451717,0.360527,-0.240078,-0.302280,0.105197,-0.916473,0.323898,0.014915,0.071623,-0.161785,0.344830,0.774878,0.504461,-0.438689,-0.893369,0.097180,0.670216,-0.253222,0.697631,0.024582,-0.822035,1.392277,0.101602,0.030419,-0.067497,0.255881,-0.397380,0.054501,0.863822,-0.304846,0.456294,0.202186,0.000000,1,0.003568,-2.398360,16.928303,63.560444,0.765361,63.090059,0.000187
12.125000,3.966667,1,-0.802575,1.451172,0.359903,-0.241264,-0.302577,0.104793,-0.916110,0.324370,0.015203,0.071003,-0.161524,0.346026,0.774741,0.503938,-0.439913,-0.892625,0.098473,0.669060,-0.252626,0.698956,0.024930,-0.822035,1.392277,0.101602,0.030029,-0.067086,0.255273,-0.398179,0.055445,0.863336,-0.305008,0.462977,0.333391,0.000000,1,0.003568,-2.442231,17.079969,63.441740,0.777708,62.967879,0.000177
12.158333,4.000000,1,-0.802621,1.450537,0.359273,-0.242666,-0.303042,0.104522,-0.915617,0.324906,0.015556,0.070379,-0.161316,0.347490,0.774428,0.503476,-0.440977,-0.891924,0.100051,0.667701,-0.251524,0.700650,0.026860,-0.822035,1.392277,0.101602,0.029560,-0.066631,0.254661,-0.399218,0.056506,0.862796,-0.304983,0.444549,0.299033,0.000000,1,0.003385,-2.495855,17.236805,63.311475,0.793037,62.838231,0.000168
12.191666,4.033333,1,-0.802591,1.449834,0.358578,-0.244314,-0.303640,0.104238,-0.915012,0.325452,0.016010,0.069690,-0.161119,0.349235,0.774024,0.502954,-0.442156,-0.891133,0.101878,0.666060,-0.250145,0.702703,0.029671,-0.822035,1.392277,0.101602,0.028993,-0.066192,0.253980,-0.400484,0.057729,0.862153,-0.304912,0.433366,0.211312,0.000000,1,0.003612,-2.565684,17.407167,63.174200,0.813280,62.700647,0.000160
12.225000,4.066667,1,-0.802448,1.449051,0.357867,-0.245526,-0.304163,0.103758,-0.914569,0.325993,0.016603,0.068987,-0.161049,0.350554,0.773848,0.502328,-0.443459,-0.890365,0.102931,0.664539,-0.249556,0.704350,0.032002,-0.822035,1.392277,0.101602,0.028295,-0.065795,0.253277,-0.401496,0.058598,0.861558,-0.305099,0.425101,0.332730,0.000000,1,0.004121,-2.657456,17.580728,63.035063,0.840147,62.561445,0.000152
12.258333,4.100000,1,-0.802203,1.448185,0.357221,-0.246462,-0.304932,0.102947,-0.914152,0.326539,0.017327,0.068351,-0.161324,0.351737,0.773844,0.501419,-0.445106,-0.889528,0.103056,0.662553,-0.249719,0.706161,0.033247,-0.822035,1.392277,0.101602,0.027468,-0.065435,0.252634,-0.402612,0.059119,0.860825,-0.305596,0.418470,0.206203,0.000000,1,0.004497,-2.770040,17.742219,62.897837,0.873241,62.427868,0.000144
12.291666,4.133333,1,-0.801877,1.447235,0.356558,-0.247900,-0.305705,0.101823,-0.913631,0.327103,0.018166,0.067698,-0.161381,0.353370,0.773888,0.500184,-0.447544,-0.888227,0.103718,0.660118,-0.249891,0.708378,0.036100,-0.822035,1.392277,0.101602,0.026525,-0.065088,0.251971,-0.403962,0.060094,0.859870,-0.306312,0.407716,0.450536,0.000000,1,0.005143,-2.900545,17.908462,62.755114,0.911650,62.290230,0.000137
12.325000,4.166667,1,-0.801469,1.446231,0.355765,-0.249668,-0.306607,0.100982,-0.912941,0.327663,0.019104,0.066916,-0.161405,0.355358,0.773656,0.499125,-0.449645,-0.887015,0.104993,0.657590,-0.249189,0.710971,0.040291,-0.822035,1.392277,0.101602,0.025494,-0.064766,0.251173,-0.405564,0.061304,0.858895,-0.306690,0.424073,0.209447,0.000000,1,0.006398,-3.046604,18.100092,62.602826,0.954603,62.139363,0.000130
12.358333,4.200000,1,-0.800960,1.445217,0.354825,-0.251748,-0.307922,0.099981,-0.912037,0.328169,0.020131,0.065989,-0.161660,0.357810,0.773306,0.497831,-0.452060,-0.885639,0.106233,0.654265,-0.248272,0.714352,0.044205,-0.822035,1.392277,0.101602,0.024397,-0.064510,0.250224,-0.407675,0.062616,0.857655,-0.307096,0.432799,0.225956,0.000000,1,0.007870,-3.206967,18.317367,62.447388,1.001638,61.978628,0.000124
12.391666,4.233333,1,-0.800421,1.444219,0.353856,-0.253709,-0.309285,0.098588,-0.911183,0.328644,0.021173,0.065033,-0.162014,0.360176,0.773176,0.496210,-0.455055,-0.884022,0.106915,0.650608,-0.248099,0.717744,0.044745,-0.822035,1.392277,0.101602,0.023296,-0.064287,0.249243,-0.409785,0.063808,0.856281,-0.307876,0.449191,0.441637,0.000000,1,0.008530,-3.369549,18.538678,62.293781,1.049073,61.818004,0.000118
12.425000,4.266667,1,-0.799923,1.443207,0.352890,-0.255674,-0.310314,0.097375,-0.910414,0.329155,0.022190,0.064079,-0.162065,0.362396,0.773041,0.494784,-0.457847,-0.882440,0.108050,0.647513,-0.247715,0.720669,0.044561,-0.822035,1.392277,0.101602,0.022208,-0.064022,0.248267,-0.411596,0.065148,0.855071,-0.308543,0.458798,0.555884,0.000000,1,0.009082,-3.527574,18.762014,62.133579,1.094912,61.653726,0.000112
12.458333,4.300000,1,-0.799437,1.442165,0.351844,-0.257739,-0.311051,0.096369,-0.909687,0.329698,0.023216,0.063046,-0.161810,0.364576,0.772852,0.493561,-0.460431,-0.880883,0.109771,0.644915,-0.246965,0.723252,0.046618,-0.822035,1.392277,0.101602,0.021105,-0.063724,0.247214,-0.413187,0.066701,0.854001,-0.309048,0.488679,0.233332,0.000000,1,0.010352,-3.686363,19.002881,61.961552,1.140755,61.477861,0.000106
12.491666,4.333333,1,-0.798963,1.441166,0.350769,-0.259518,-0.311560,0.095460,-0.909103,0.330214,0.024208,0.061983,-0.161477,0.366398,0.772745,0.492487,-0.462763,-0.879463,0.111332,0.642804,-0.246418,0.725314,0.046277,-0.822035,1.392277,0.101602,0.020044,-0.063440,0.246131,-0.414448,0.068097,0.853100,-0.309542,0.467777,0.234022,0.000000,1,0.010960,-3.839559,19.248017,61.791045,1.184619,61.301912,0.000101
12.525000,4.366667,1,-0.798449,1.440251,0.349701,-0.260347,-0.311798,0.094721,-0.908862,0.330638,0.025180,0.060926,-0.161324,0.367246,0.772863,0.491719,-0.464373,-0.878555,0.111801,0.641572,-0.246685,0.726314,0.044909,-0.822035,1.392277,0.101602,0.019026,-0.063240,0.245051,-0.415045,0.068754,0.852566,-0.310067,0.502422,0.392046,0.000000,1,0.011077,-3.990320,19.486011,61.635168,1.227403,61.136610,0.000096
12.558333,4.400000,1,-0.797851,1.439441,0.348592,-0.261627,-0.312499,0.093454,-0.908384,0.330928,0.026157,0.059829,-0.161388,0.368705,0.773009,0.490374,-0.466974,-0.877137,0.112099,0.639119,-0.247179,0.728306,0.044944,-0.822035,1.392277,0.101602,0.018044,-0.063166,0.243922,-0.416263,0.069624,0.851584,-0.310937,0.499949,0.228874,0.000000,1,0.011480,-4.143034,19.723673,61.497192,1.270420,60.981402,0.000091
12.591666,4.433333,1,-0.797329,1.438711,0.347573,-0.263197,-0.313357,0.092010,-0.907783,0.331200,0.027024,0.058820,-0.161464,0.370494,0.773125,0.488816,-0.469976,-0.875475,0.112545,0.636189,-0.247585,0.730729,0.040741,-0.822035,1.392277,0.101602,0.017169,-0.063084,0.242886,-0.417754,0.070689,0.850414,-0.311898,0.514339,0.248261,0.000000,1,0.010927,-4.278387,19.942495,61.368907,1.308084,60.837989,0.000086
12.625000,4.466667,1,-0.797026,1.437973,0.346779,-0.264658,-0.313944,0.091314,-0.907225,0.331609,0.027719,0.058034,-0.161342,0.372066,0.772945,0.487946,-0.471754,-0.874371,0.113681,0.634252,-0.246950,0.732626,0.033752,-0.822035,1.392277,0.101602,0.016414,-0.062837,0.242090,-0.418937,0.071759,0.849624,-0.312220,0.491811,0.245530,0.000000,1,0.009838,-4.384588,20.125511,61.235939,1.337085,60.704275,0.000082
12.658333,4.500000,1,-0.796881,1.437166,0.346144,-0.265769,-0.314327,0.091326,-0.906766,0.332169,0.028327,0.057408,-0.161189,0.373234,0.772535,0.487753,-0.472230,-0.873936,0.115044,0.633291,-0.245586,0.733915,0.031115,-0.822035,1.392277,0.101602,0.015693,-0.062431,0.241464,-0.419767,0.072590,0.849237,-0.311967,0.486902,0.350292,0.000000,1,0.009656,-4.475078,20.286592,61.090573,1.361429,60.571598,0.000078
12.691666,4.533333,1,-0.796750,1.436347,0.345571,-0.266878,-0.314556,0.091161,-0.906377,0.332746,0.028931,0.056842,-0.160901,0.374331,0.772267,0.487433,-0.473040,-0.873317,0.116406,0.632396,-0.244571,0.735024,0.030254,-0.822035,1.392277,0.101602,0.014970,-0.062013,0.240899,-0.420464,0.073490,0.848836,-0.311907,0.473574,0.412040,0.000000,1,0.009751,-4.564361,20.436946,60.946546,1.385248,60.443529,0.000074
12.725000,4.566667,1,-0.796605,1.435600,0.345084,-0.268387,-0.315332,0.090491,-0.905729,0.333256,0.029501,0.056364,-0.160926,0.376030,0.771996,0.486546,-0.474752,-0.872249,0.117444,0.630197,-0.243749,0.737183,0.027083,-0.822035,1.392277,0.101602,0.014295,-0.061654,0.240420,-0.421835,0.074520,0.847973,-0.312160,0.476323,0.386759,0.000000,1,0.009211,-4.648953,20.566103,60.819811,1.407443,60.331836,0.000070
12.758333,4.600000,1,-0.796531,1.434917,0.344752,-0.269765,-0.316018,0.089778,-0.905152,0.333758,0.029975,0.056038,-0.160930,0.377572,0.771805,0.485653,-0.476485,-0.871184,0.118325,0.628133,-0.243162,0.739135,0.022906,-0.822035,1.392277,0.101602,0.013709,-0.061285,0.240098,-0.423069,0.075473,0.847153,-0.312487,0.474169,0.317426,0.000000,1,0.008381,-4.718187,20.664433,60.706729,1.425000,60.237623,0.000067
12.791666,4.633333,1,-0.796528,1.434239,0.344515,-0.271142,-0.316213,0.089448,-0.904705,0.334298,0.030387,0.055807,-0.160492,0.378894,0.771560,0.485157,-0.477730,-0.870274,0.119988,0.627037,-0.242125,0.740405,0.021536,-0.822035,1.392277,0.101602,0.013168,-0.060868,0.239875,-0.423859,0.076634,0.846633,-0.312544,0.492488,0.350121,0.000000,1,0.008157,-4.777057,20.746446,60.595224,1.439476,60.149758,0.000064
12.825000,4.666667,1,-0.796575,1.433548,0.344338,-0.272428,-0.316445,0.089413,-0.904241,0.334879,0.030768,0.055636,-0.160127,0.380150,0.771167,0.484919,-0.478426,-0.869652,0.121715,0.626163,-0.240679,0.741616,0.021447,-0.822035,1.392277,0.101602,0.012645,-0.060408,0.239715,-0.424633,0.077689,0.846228,-0.312329,0.467223,0.219054,0.000000,1,0.008198,-4.830279,20.819168,60.481888,1.452261,60.064152,0.000060
12.858333,4.700000,1,-0.796686,1.432853,0.344242,-0.272921,-0.317009,0.089680,-0.903868,0.335501,0.031098,0.055545,-0.160410,0.380845,0.770718,0.484994,-0.478098,-0.869770,0.122153,0.625404,-0.239475,0.742645,0.021307,-0.822035,1.392277,0.101602,0.012155,-0.059899,0.239641,-0.425343,0.077878,0.846013,-0.311898,0.464577,0.240656,0.000000,1,0.008113,-4.874799,20.878855,60.368136,1.462476,59.982719,0.000057
12.891666,4.733333,1,-0.796851,1.432165,0.344121,-0.272899,-0.317470,0.090000,-0.903681,0.336150,0.031382,0.055428,-0.160831,0.381033,0.770408,0.485199,-0.477430,-0.870167,0.121943,0.625039,-0.238791,0.743172,0.021541,-0.822035,1.392277,0.101602,0.011703,-0.059350,0.239544,-0.425732,0.077648,0.845978,-0.311519,0.444766,0.234241,0.000000,1,0.008536,-4.911666,20.945239,60.248632,1.470438,59.896244,0.000054
12.925000,4.766667,1,-0.797001,1.431552,0.343832,-0.273306,-0.317928,0.089903,-0.903407,0.336731,0.031635,0.055144,-0.161060,0.381602,0.770209,0.484992,-0.477684,-0.870013,0.122048,0.624169,-0.238324,0.744053,0.020835,-0.822035,1.392277,0.101602,0.011306,-0.058846,0.239278,-0.426320,0.077814,0.845688,-0.311461,0.424528,0.236874,0.000000,1,0.009319,-4.944497,21.039648,60.128281,1.477122,59.800446,0.000052
12.958333,4.800000,1,-0.797088,1.431105,0.343363,-0.274640,-0.318784,0.089269,-0.902763,0.337141,0.031839,0.054678,-0.161236,0.383181,0.769924,0.484141,-0.479222,-0.869068,0.122749,0.621938,-0.237560,0.746163,0.019598,-0.822035,1.392277,0.101602,0.011010,-0.058481,0.238824,-0.427683,0.078651,0.844839,-0.311686,0.383247,0.327273,0.000000,1,0.009709,-4.972088,21.157942,60.023222,1.482095,59.705197,0.000049
12.991666,4.833333,1,-0.797111,1.430836,0.342770,-0.276694,-0.320205,0.088254,-0.901732,0.337372,0.031989,0.054088,-0.161597,0.385659,0.769467,0.482778,-0.481624,-0.867606,0.123687,0.618320,-0.236386,0.749534,0.019545,-0.822035,1.392277,0.101602,0.010820,-0.058264,0.238240,-0.429873,0.079896,0.843477,-0.312046,0.380339,0.225858,0.000000,1,0.009784,-4.993622,21.288439,59.939090,1.485154,59.617242,0.000047
13.025000,4.866667,1,-0.797144,1.430697,0.342125,-0.279004,-0.321616,0.087266,-0.900613,0.337505,0.032054,0.053444,-0.161836,0.388360,0.768921,0.481400,-0.484127,-0.866018,0.125035,0.614616,-0.234861,0.753052,0.019816,-0.822035,1.392277,0.101602,0.010742,-0.058114,0.237601,-0.432166,0.081375,0.842055,-0.312337,0.348923,0.236702,0.000000,1,0.009751,-5.003149,21.422338,59.868328,1.484731,59.535391,0.000044
13.058333,4.900000,1,-0.797220,1.430630,0.341555,-0.280338,-0.322603,0.086663,-0.899904,0.337606,0.032038,0.052874,-0.162128,0.389997,0.768564,0.480548,-0.485577,-0.865122,0.125613,0.612204,-0.233952,0.755296,0.017384,-0.822035,1.392277,0.101602,0.010747,-0.057977,0.237038,-0.433644,0.082153,0.841158,-0.312501,0.338739,0.225878,0.000000,1,0.009159,-5.000635,21.539500,59.809323,1.480895,59.465228,0.000042
13.091666,4.933333,1,-0.797276,1.430613,0.341091,-0.281028,-0.323287,0.086122,-0.899496,0.337655,0.032009,0.052410,-0.162435,0.390921,0.768444,0.479884,-0.486652,-0.864527,0.125548,0.610529,-0.233784,0.756703,0.014023,-0.822035,1.392277,0.101602,0.010776,-0.057892,0.236580,-0.434567,0.082485,0.840550,-0.312768,0.328709,0.237397,0.000000,1,0.008356,-4.996538,21.632596,59.766856,1.476614,59.411632,0.000040
13.125000,4.966667,1,-0.797281,1.430590,0.340743,-0.281792,-0.323865,0.085556,-0.899102,0.337677,0.032024,0.052062,-0.162616,0.391865,0.768349,0.479205,-0.487838,-0.863840,0.125676,0.608947,-0.233609,0.758031,0.010468,-0.822035,1.392277,0.101602,0.010768,-0.057853,0.236233,-0.435430,0.082930,0.839949,-0.313064,0.351036,0.231738,0.000000,1,0.007744,-4.999449,21.701659,59.736929,1.474369,59.372488,0.000038
13.158333,5.000000,1,-0.797294,1.430520,0.340585,-0.282249,-0.324330,0.085159,-0.898829,0.337741,0.032056,0.051904,-0.162830,0.392482,0.768285,0.478729,-0.488609,-0.863417,0.125585,0.607785,-0.233552,0.758980,0.005201,-0.822035,1.392277,0.101602,0.010724,-0.057790,0.236078,-0.436054,0.083145,0.839526,-0.313274,0.318282,0.215191,0.000000,1,0.006991,-5.004565,21.736657,59.714045,1.472867,59.348041,0.000036
13.191666,5.033333,1,-0.797337,1.430406,0.340607,-0.282366,-0.324692,0.085027,-0.898674,0.337858,0.032090,0.051927,-0.163103,0.392749,0.768207,0.478544,-0.488787,-0.863358,0.125301,0.607124,-0.233488,0.759529,0.003717,-0.822035,1.392277,0.101602,0.010657,-0.057689,0.236105,-0.436429,0.083094,0.839322,-0.313311,0.319410,0.225518,0.000000,1,0.006371,-5.009059,21.739971,59.696176,1.471316,59.336416,0.000034
13.225000,5.066667,1,-0.797354,1.430274,0.340687,-0.282649,-0.325059,0.084903,-0.898464,0.337974,0.032156,0.052008,-0.163306,0.393167,0.768076,0.478341,-0.489042,-0.863218,0.125272,0.606391,-0.233219,0.760197,0.004665,-0.822035,1.392277,0.101602,0.010559,-0.057602,0.236189,-0.436881,0.083189,0.839077,-0.313312,0.342930,0.238845,0.000000,1,0.006222,-5.018382,21.731939,59.682570,1.471228,59.330745,0.000033
13.258333,5.100000,1,-0.797325,1.430131,0.340761,-0.282922,-0.325392,0.084706,-0.898276,0.338070,0.032264,0.052084,-0.163484,0.393562,0.767997,0.478082,-0.489422,-0.863013,0.125199,0.605649,-0.233094,0.760826,0.004907,-0.822035,1.392277,0.101602,0.010425,-0.057545,0.236264,-0.437302,0.083293,0.838818,-0.313389,0.356698,0.344497,0.000000,1,0.006318,-5.034639,21.723983,59.671040,1.473194,59.326242,0.000031
13.291666,5.133333,1,-0.797307,1.429961,0.340829,-0.283167,-0.325612,0.084721,-0.898118,0.338195,0.032379,0.052154,-0.163571,0.393880,0.767851,0.478026,-0.489472,-0.862959,0.125373,0.605250,-0.232700,0.761264,0.005507,-0.822035,1.392277,0.101602,0.010277,-0.057463,0.236334,-0.437604,0.083417,0.838684,-0.313294,0.351652,0.173135,0.000000,1,0.006466,-5.051562,21.719123,59.654214,1.475486,59.318025,0.000029
13.325000,5.166667,1,-0.797331,1.429770,0.340875,-0.283084,-0.325711,0.085026,-0.898079,0.338362,0.032475,0.052201,-0.163696,0.393850,0.767680,0.478282,-0.488900,-0.863278,0.125411,0.605392,-0.232257,0.761287,0.005950,-0.822035,1.392277,0.101602,0.010137,-0.057333,0.236385,-0.437647,0.083291,0.838783,-0.313004,0.311057,0.168068,0.000000,1,0.006680,-5.064873,21.721272,59.628977,1.476897,59.303181,0.000028
13.358333,5.200000,1,-0.797327,1.429588,0.340872,-0.282283,-0.325612,0.085369,-0.898335,0.338505,0.032588,0.052200,-0.163962,0.393088,0.767751,0.478704,-0.487919,-0.863953,0.124582,0.606148,-0.232650,0.760565,0.005465,-0.822035,1.392277,0.101602,0.009988,-0.057227,0.236386,-0.437196,0.082606,0.839149,-0.312834,0.345863,0.186415,0.000000,1,0.006888,-5.081077,21.731328,59.603729,1.479184,59.285890,0.000027
13.391666,5.233333,1,-0.797244,1.429427,0.340804,-0.281865,-0.325487,0.085325,-0.898516,0.338583,0.032751,0.052134,-0.164036,0.392656,0.767930,0.478744,-0.487792,-0.864105,0.124027,0.606465,-0.233249,0.760128,0.005791,-0.822035,1.392277,0.101602,0.009811,-0.057194,0.236316,-0.436902,0.082286,0.839283,-0.312968,0.304493,0.177572,0.000000,1,0.007145,-5.106070,21.750191,59.583422,1.483970,59.268507,0.000025
13.425000,5.266667,1,-0.797135,1.429240,0.340718,-0.281886,-0.325399,0.085055,-0.898566,0.338667,0.032952,0.052050,-0.163950,0.392636,0.768096,0.478525,-0.488268,-0.863852,0.123914,0.606361,-0.233701,0.760073,0.006996,-0.822035,1.392277,0.101602,0.009598,-0.057165,0.236226,-0.436841,0.082350,0.839210,-0.313233,0.346699,0.162367,0.000000,1,0.007411,-5.136789,21.773080,59.560283,1.490460,59.248444,0.000024
13.458333,5.300000,1,-0.797087,1.429005,0.340605,-0.282154,-0.325080,0.084907,-0.898611,0.338826,0.033133,0.051939,-0.163546,0.392733,0.768203,0.478411,-0.488752,-0.863493,0.124503,0.606574,-0.233767,0.759882,0.007951,-0.822035,1.392277,0.101602,0.009383,-0.057056,0.236115,-0.436682,0.082735,0.839198,-0.313386,0.358756,0.204332,0.000000,1,0.007855,-5.163290,21.805953,59.522880,1.495913,59.217732,0.000023
13.491666,5.333333,1,-0.797105,1.428763,0.340423,-0.282558,-0.324526,0.085097,-0.898667,0.339030,0.033266,0.051759,-0.162868,0.392847,0.768170,0.478602,-0.488828,-0.863260,0.125813,0.607331,-0.233223,0.759444,0.009093,-0.822035,1.392277,0.101602,0.009203,-0.056886,0.235940,-0.436364,0.083338,0.839356,-0.313245,0.354349,0.169548,0.000000,1,0.008420,-5.181922,21.854886,59.473559,1.499247,59.175663,0.000022
13.525000,5.366667,1,-0.797104,1.428538,0.340113,-0.283055,-0.324060,0.085374,-0.898652,0.339211,0.033406,0.051451,-0.162228,0.393084,0.768036,0.478840,-0.488788,-0.863071,0.127255,0.607994,-0.232393,0.759168,0.011494,-0.822035,1.392277,0.101602,0.009029,-0.056733,0.235635,-0.436165,0.083985,0.839490,-0.312990,0.350993,0.158729,0.000000,1,0.009225,-5.201801,21.927165,59.418295,1.502950,59.123139,0.000021
13.558333,5.400000,1,-0.797046,1.428337,0.339723,-0.283389,-0.323893,0.085417,-0.898603,0.339338,0.033577,0.051064,-0.161929,0.393309,0.767974,0.478856,-0.488952,-0.862874,0.127962,0.608121,-0.232009,0.759184,0.013271,-0.822035,1.392277,0.101602,0.008842,-0.056634,0.235247,-0.436164,0.084359,0.839477,-0.312925,0.343848,0.192382,0.000000,1,0.009722,-5.227352,22.011725,59.365070,1.508218,59.067926,0.000020
13.591666,5.433333,1,-0.796991,1.428154,0.339347,-0.283741,-0.323758,0.085334,-0.898549,0.339452,0.033735,0.050689,-0.161652,0.393564,0.767964,0.478756,-0.489322,-0.862576,0.128557,0.608095,-0.231800,0.759269,0.012669,-0.822035,1.392277,0.101602,0.008670,-0.056546,0.234871,-0.436202,0.084737,0.839403,-0.312969,0.357329,0.215511,0.000000,1,0.009723,-5.251019,22.092944,59.315042,1.512953,59.015551,0.000019
13.625000,5.466667,1,-0.796953,1.427984,0.338940,-0.284669,-0.323749,0.085122,-0.898279,0.339566,0.033873,0.050284,-0.161231,0.394392,0.767822,0.478445,-0.490190,-0.861897,0.129796,0.607544,-0.231092,0.759925,0.013282,-0.822035,1.392277,0.101602,0.008520,-0.056449,0.234466,-0.436609,0.085581,0.839089,-0.313015,0.339362,0.467902,0.000000,1,0.010047,-5.271467,22.179881,59.262927,1.516811,58.960348,0.000018
13.658333,5.500000,1,-0.796896,1.427792,0.338439,-0.285849,-0.323952,0.084720,-0.897869,0.339687,0.034039,0.049785,-0.160889,0.395540,0.767641,0.477901,-0.491450,-0.860990,0.131048,0.606438,-0.230317,0.761044,0.016183,-0.822035,1.392277,0.101602,0.008343,-0.056348,0.233966,-0.437320,0.086562,0.838565,-0.313157,0.355340,0.337001,0.000000,1,0.010975,-5.296312,22.285530,59.202117,1.521944,58.894781,0.000017
13.691666,5.533333,1,-0.796833,1.427555,0.337870,-0.286255,-0.324174,0.084276,-0.897701,0.339840,0.034238,0.049219,-0.160909,0.396003,0.767691,0.477431,-0.492336,-0.860480,0.131070,0.605597,-0.230484,0.761662,0.018583,-0.822035,1.392277,0.101602,0.008128,-0.056221,0.233400,-0.437707,0.086839,0.838220,-0.313463,0.354941,0.243910,0.000000,1,0.011932,-5.325818,22.406643,59.129982,1.528431,58.818526,0.000016
13.725000,5.566667,1,-0.796820,1.427293,0.337312,-0.286457,-0.324348,0.084046,-0.897595,0.340042,0.034412,0.048664,-0.160976,0.396262,0.767700,0.477178,-0.492775,-0.860237,0.131012,0.605082,-0.230554,0.762050,0.018489,-0.822035,1.392277,0.101602,0.007921,-0.056041,0.232848,-0.437956,0.086950,0.838023,-0.313611,0.348324,0.273119,0.000000,1,0.012335,-5.350843,22.528808,59.050587,1.533692,58.738242,0.000015
13.758333,5.600000,1,-0.796849,1.426990,0.336765,-0.286837,-0.324473,0.083878,-0.897444,0.340304,0.034578,0.048119,-0.160920,0.396658,0.767643,0.476960,-0.493227,-0.859931,0.131323,0.604610,-0.230342,0.762489,0.018789,-0.822035,1.392277,0.101602,0.007707,-0.055802,0.232310,-0.438239,0.087241,0.837818,-0.313682,0.334922,0.347997,0.000000,1,0.012843,-5.373558,22.652684,58.962247,1.538331,58.652853,0.000014
13.791666,5.633333,1,-0.796925,1.426635,0.336176,-0.287043,-0.324428,0.083711,-0.897410,0.340634,0.034736,0.047533,-0.160788,0.396823,0.767688,0.476795,-0.493627,-0.859669,0.131536,0.604451,-0.230396,0.762598,0.020750,-0.822035,1.392277,0.101602,0.007481,-0.055493,0.231734,-0.438294,0.087450,0.837719,-0.313812,0.332492,0.379924,0.000000,1,0.013839,-5.394258,22.789083,58.859197,1.542436,58.555944,0.000014
13.825000,5.666667,1,-0.797066,1.426211,0.335510,-0.287156,-0.323906,0.083738,-0.897560,0.341060,0.034886,0.046869,-0.160271,0.396690,0.767810,0.476884,-0.493790,-0.859468,0.132235,0.605156,-0.230438,0.762026,0.024070,-0.822035,1.392277,0.101602,0.007239,-0.055085,0.231087,-0.437882,0.087781,0.837880,-0.313864,0.349156,0.310281,0.000000,1,0.015331,-5.412206,22.946490,58.734352,1.545815,58.441158,0.000013
13.858333,5.700000,1,-0.797266,1.425659,0.334794,-0.286996,-0.323217,0.084165,-0.897820,0.341623,0.035066,0.046157,-0.159723,0.396238,0.767850,0.477378,-0.493198,-0.859686,0.133025,0.606533,-0.230211,0.761000,0.027767,-0.822035,1.392277,0.101602,0.006930,-0.054550,0.230397,-0.437191,0.087931,0.838316,-0.313620,0.353857,0.405043,0.000000,1,0.017049,-5.432958,23.122478,58.582050,1.550010,58.306376,0.000012
13.891666,5.733333,1,-0.797526,1.424914,0.334078,-0.286478,-0.322697,0.085275,-0.898067,0.342377,0.035315,0.045445,-0.159482,0.395543,0.767573,0.478480,-0.491246,-0.860700,0.133690,0.608372,-0.229206,0.759834,0.031973,-0.822035,1.392277,0.101602,0.006502,-0.053853,0.229714,-0.436474,0.087670,0.839037,-0.312765,0.322372,0.393522,0.000000,1,0.018927,-5.461460,23.311407,58.396718,1.556375,58.150527,0.000012
13.925000,5.766667,1,-0.797823,1.423988,0.333361,-0.286522,-0.322163,0.086369,-0.898140,0.343297,0.035643,0.044734,-0.158979,0.395345,0.767150,0.479488,-0.489634,-0.861382,0.135205,0.609976,-0.227587,0.759034,0.036257,-0.822035,1.392277,0.101602,0.005951,-0.053018,0.229036,-0.435993,0.087921,0.839607,-0.311833,0.352763,0.398660,0.000000,1,0.020809,-5.499766,23.511843,58.181815,1.565367,57.975971,0.000011
13.958333,5.800000,1,-0.798131,1.423003,0.332735,-0.287357,-0.321557,0.087017,-0.898028,0.344270,0.035996,0.044116,-0.158060,0.395822,0.766764,0.480014,-0.489206,-0.861243,0.137611,0.610988,-0.225822,0.758748,0.036185,-0.822035,1.392277,0.101602,0.005357,-0.052146,0.228452,-0.435809,0.088925,0.839833,-0.311197,0.351853,0.382480,0.000000,1,0.021183,-5.541007,23.698512,57.964231,1.574888,57.804713,0.000011
13.991666,5.833333,1,-0.798371,1.421972,0.332084,-0.288919,-0.321219,0.086793,-0.897670,0.345240,0.036432,0.043472,-0.157062,0.397072,0.766552,0.479650,-0.490536,-0.860082,0.140118,0.610623,-0.224541,0.759421,0.037288,-0.822035,1.392277,0.101602,0.004686,-0.051298,0.227838,-0.436206,0.090486,0.839456,-0.311207,0.361935,0.380006,0.000000,1,0.022085,-5.594825,23.890593,57.743389,1.587519,57.630564,0.000010
14.025000,5.866667,1,-0.798535,1.420959,0.331476,-0.289223,-0.321141,0.087304,-0.897550,0.346149,0.036917,0.042872,-0.156854,0.397310,0.766218,0.480053,-0.489891,-0.860291,0.141091,0.611012,-0.223388,0.759449,0.035775,-0.822035,1.392277,0.101602,0.003983,-0.050525,0.227263,-0.436258,0.090782,0.839589,-0.310691,0.365084,0.373862,0.000000,1,0.022018,-5.656847,24.070893,57.534543,1.601974,57.466826,0.000010
14.058333,5.900000,1,-0.798719,1.420140,0.331169,-0.287124,-0.321001,0.090323,-0.897975,0.346915,0.037267,0.042570,-0.157648,0.395370,0.765240,0.482946,-0.483820,-0.863798,0.140608,0.614481,-0.220890,0.757378,0.026827,-0.822035,1.392277,0.101602,0.003442,-0.049871,0.226985,-0.435129,0.088889,0.841278,-0.308241,0.381704,0.451640,0.000000,1,0.019120,-5.699902,24.183793,57.375009,1.610802,57.349917,0.000009
14.091666,5.933333,1,-0.798829,1.419300,0.330820,-0.285876,-0.320505,0.092491,-0.898330,0.347654,0.037687,0.042228,-0.157749,0.394033,0.764582,0.485043,-0.479696,-0.866028,0.141022,0.617395,-0.218942,0.755571,0.027494,-0.822035,1.392277,0.101602,0.002841,-0.049259,0.226661,-0.434083,0.087937,0.842551,-0.306506,0.380892,0.481680,0.000000,1,0.019710,-5.754133,24.302788,57.215862,1.622440,57.231622,0.000009
14.125000,5.966667,1,-0.798772,1.418223,0.330211,-0.287787,-0.320238,0.091583,-0.897908,0.348481,0.038387,0.041629,-0.156663,0.395625,0.764620,0.484039,-0.482327,-0.864171,0.143419,0.616252,-0.218375,0.756668,0.037140,-0.822035,1.392277,0.101602,0.001955,-0.048625,0.226072,-0.434715,0.089794,0.841818,-0.307088,0.397731,0.339812,0.000000,1,0.023242,-5.849380,24.479037,57.016342,1.645025,57.075136,0.000008
14.158333,6.000000,1,-0.798813,1.417051,0.329679,-0.289947,-0.320258,0.090751,-0.897290,0.349443,0.039066,0.041107,-0.155722,0.397570,0.764451,0.483016,-0.484893,-0.862304,0.145980,0.614662,-0.217269,0.758277,0.038647,-0.822035,1.392277,0.101602,0.001049,-0.047861,0.225567,-0.435708,0.091749,0.840943,-0.307501,0.425287,0.275350,0.000000,1,0.024255,-5.939059,24.650210,56.799699,1.665979,56.911498,0.000008
14.191666,6.033333,1,-0.799015,1.415840,0.329200,-0.290216,-0.319615,0.091171,-0.897390,0.350533,0.039639,0.040637,-0.155025,0.397523,0.764353,0.483433,-0.484520,-0.862279,0.147364,0.615775,-0.216537,0.757583,0.039531,-0.822035,1.392277,0.101602,0.000208,-0.046948,0.225126,-0.435246,0.092264,0.841243,-0.307178,0.443669,0.296532,0.000000,1,0.025294,-6.010159,24.819411,56.567259,1.681830,56.740380,0.000007
14.225000,6.066667,1,-0.799268,1.414606,0.328736,-0.289944,-0.318983,0.092111,-0.897607,0.351673,0.040184,0.040182,-0.154574,0.396997,0.764125,0.484368,-0.482989,-0.862967,0.148357,0.617504,-0.215562,0.756453,0.040275,-0.822035,1.392277,0.101602,-0.000622,-0.045981,0.224705,-0.434543,0.092278,0.841867,-0.306458,0.443983,0.171856,0.000000,1,0.026192,-6.076098,24.989489,56.327643,1.696039,56.565561,0.000007
14.258333,6.100000,1,-0.799497,1.413393,0.328347,-0.289955,-0.318727,0.092956,-0.897607,0.352780,0.040735,0.039803,-0.154336,0.396894,0.763748,0.485122,-0.481673,-0.863533,0.149336,0.618512,-0.214263,0.755999,0.038819,-0.822035,1.392277,0.101602,-0.001451,-0.045051,0.224356,-0.434300,0.092382,0.842253,-0.305710,0.415553,0.332863,0.000000,1,0.026053,-6.143027,25.143655,56.098590,1.710111,56.401458,0.000007
14.291666,6.133333,1,-0.799668,1.412186,0.328007,-0.290363,-0.318573,0.093481,-0.897475,0.353849,0.041329,0.039473,-0.154013,0.397192,0.763398,0.485532,-0.481077,-0.863654,0.150552,0.618963,-0.212994,0.755988,0.037988,-0.822035,1.392277,0.101602,-0.002312,-0.044173,0.224052,-0.434330,0.092807,0.842385,-0.305176,0.417135,0.322934,0.000000,1,0.026061,-6.216632,25.286428,55.878763,1.725552,56.245988,0.000006
14.325000,6.166667,1,-0.799777,1.411077,0.327657,-0.291142,-0.318735,0.093847,-0.897127,0.354800,0.041913,0.039131,-0.153809,0.397963,0.762928,0.485704,-0.480869,-0.863536,0.151893,0.618694,-0.211434,0.756646,0.035022,-0.822035,1.392277,0.101602,-0.003130,-0.043404,0.223732,-0.434807,0.093428,0.842253,-0.304670,0.411978,0.484935,0.000000,1,0.025745,-6.290319,25.423715,55.677404,1.740599,56.102187,0.000006
14.358333,6.200000,1,-0.799774,1.410090,0.327266,-0.291179,-0.318601,0.094482,-0.897096,0.355588,0.042513,0.038749,-0.153670,0.397937,0.762617,0.486258,-0.479877,-0.863959,0.152618,0.619355,-0.210398,0.756394,0.031855,-0.822035,1.392277,0.101602,-0.003916,-0.042793,0.223362,-0.434689,0.093507,0.842515,-0.304091,0.414593,0.567915,0.000000,1,0.025321,-6.368804,25.557762,55.499547,1.756477,55.972039,0.000006
14.391666,6.233333,1,-0.799711,1.409145,0.326965,-0.290730,-0.318164,0.094939,-0.897349,0.356306,0.043135,0.038457,-0.153476,0.397339,0.762636,0.486778,-0.478985,-0.864433,0.152739,0.620504,-0.210338,0.755468,0.029820,-0.822035,1.392277,0.101602,-0.004706,-0.042262,0.223077,-0.434092,0.093285,0.842945,-0.303818,0.387485,0.481773,0.000000,1,0.024657,-6.451364,25.670236,55.340010,1.773125,55.858171,0.000005
14.425000,6.266667,1,-0.799627,1.408201,0.326744,-0.290449,-0.317781,0.095150,-0.897553,0.357009,0.043773,0.038245,-0.153258,0.396916,0.762723,0.487056,-0.478577,-0.864638,0.152855,0.621316,-0.210467,0.754764,0.029177,-0.822035,1.392277,0.101602,-0.005509,-0.041754,0.222870,-0.433624,0.093196,0.843225,-0.303737,0.372403,0.475681,0.000000,1,0.024422,-6.536117,25.766665,55.188949,1.790171,55.753667,0.000005
14.458333,6.300000,1,-0.799513,1.407275,0.326438,-0.290700,-0.317673,0.095037,-0.897522,0.357681,0.044425,0.037948,-0.153049,0.397093,0.762747,0.486940,-0.478930,-0.864373,0.153246,0.621275,-0.210412,0.754814,0.029456,-0.822035,1.392277,0.101602,-0.006314,-0.041275,0.222576,-0.433642,0.093473,0.843155,-0.303820,0.356298,0.453992,0.000000,1,0.025233,-6.623220,25.877266,55.035788,1.807699,55.644041,0.000005
14.491666,6.333333,1,-0.799440,1.406385,0.326017,-0.291684,-0.317820,0.094506,-0.897206,0.358349,0.045023,0.037535,-0.152745,0.398040,0.762707,0.486323,-0.480317,-0.863442,0.154153,0.620247,-0.210107,0.755744,0.029622,-0.822035,1.392277,0.101602,-0.007063,-0.040776,0.222170,-0.434221,0.094305,0.842654,-0.304126,0.354565,0.399917,0.000000,1,0.026385,-6.702227,26.009374,54.874502,1.823106,55.523927,0.000005
14.525000,6.366667,1,-0.799454,1.405520,0.325559,-0.293229,-0.318645,0.093989,-0.896464,0.359050,0.045537,0.037085,-0.152797,0.399794,0.762283,0.485533,-0.481821,-0.862402,0.155277,0.618052,-0.208844,0.757889,0.029385,-0.822035,1.392277,0.101602,-0.007740,-0.040220,0.221731,-0.435645,0.095344,0.841776,-0.304197,0.416245,0.349153,0.000000,1,0.027222,-6.768082,26.150545,54.705919,1.835134,55.397415,0.000004
14.558333,6.400000,1,-0.799486,1.404776,0.325071,-0.294032,-0.319401,0.094036,-0.895927,0.359665,0.045965,0.036602,-0.153117,0.400853,0.761787,0.485338,-0.482004,-0.862203,0.155815,0.616693,-0.207527,0.759356,0.026706,-0.822035,1.392277,0.101602,-0.008307,-0.039721,0.221260,-0.436667,0.095733,0.841318,-0.303877,0.447876,0.299950,0.000000,1,0.027126,-6.822343,26.291045,54.550887,1.844034,55.278388,0.000004
14.591666,6.433333,1,-0.799518,1.404185,0.324554,-0.293558,-0.319252,0.094362,-0.896101,0.360158,0.046300,0.036091,-0.153193,0.400362,0.761794,0.485707,-0.481241,-0.862683,0.155515,0.617353,-0.207597,0.758801,0.023584,-0.822035,1.392277,0.101602,-0.008752,-0.039310,0.220759,-0.436318,0.095364,0.841612,-0.303679,0.476230,0.275547,0.000000,1,0.026742,-6.864982,26.427790,54.415608,1.849816,55.170990,0.000004
14.625000,6.466667,1,-0.799570,1.403704,0.324048,-0.292950,-0.318717,0.094384,-0.896488,0.360575,0.046554,0.035589,-0.152984,0.399578,0.762127,0.485898,-0.480999,-0.862889,0.155121,0.618373,-0.208482,0.757727,0.020986,-0.822035,1.392277,0.101602,-0.009096,-0.038950,0.220268,-0.435576,0.095053,0.841967,-0.303860,0.479293,0.172045,0.000000,1,0.026361,-6.896771,26.556393,54.295916,1.852777,55.074257,0.000004
14.658333,6.500000,1,-0.799658,1.403347,0.323557,-0.293162,-0.318427,0.094027,-0.896560,0.360914,0.046703,0.035100,-0.152632,0.399637,0.762351,0.485609,-0.481775,-0.862403,0.155415,0.618413,-0.208950,0.757565,0.018407,-0.822035,1.392277,0.101602,-0.009319,-0.038635,0.219791,-0.435422,0.095379,0.841882,-0.304212,0.471732,0.185275,0.000000,1,0.025894,-6.914553,26.675991,54.192465,1.852183,54.988714,0.000004
14.691666,6.533333,1,-0.799819,1.403139,0.323115,-0.294236,-0.318669,0.093536,-0.896173,0.361179,0.046705,0.034659,-0.152373,0.400708,0.762230,0.484996,-0.483122,-0.861471,0.156398,0.617244,-0.208423,0.758663,0.015431,-0.822035,1.392277,0.101602,-0.009381,-0.038355,0.219364,-0.436123,0.096250,0.841336,-0.304446,0.467047,0.175762,0.000000,1,0.025069,-6.911736,26.779851,54.108957,1.846437,54.918167,0.000003
14.725000,6.566667,1,-0.800066,1.403023,0.322819,-0.295158,-0.318987,0.093410,-0.895770,0.361421,0.046581,0.034362,-0.152247,0.401677,0.761931,0.484704,-0.483765,-0.860930,0.157386,0.616314,-0.207435,0.759689,0.012087,-0.822035,1.392277,0.101602,-0.009321,-0.038069,0.219086,-0.436814,0.096943,0.840933,-0.304348,0.431184,0.165159,0.000000,1,0.023854,-6.890751,26.853568,54.043907,1.836228,54.865926,0.000003
14.758333,6.600000,1,-0.800409,1.402914,0.322716,-0.295153,-0.318629,0.093974,-0.895840,0.361714,0.046373,0.034258,-0.151926,0.401513,0.761741,0.485239,-0.482924,-0.861253,0.158203,0.617252,-0.206662,0.759138,0.011232,-0.822035,1.392277,0.101602,-0.009201,-0.037723,0.219009,-0.436481,0.097084,0.841257,-0.303884,0.418380,0.117253,0.000000,1,0.022825,-6.856393,26.893337,53.988169,1.822852,54.828209,0.000003
14.791666,6.633333,1,-0.800794,1.402790,0.322705,-0.294569,-0.317819,0.094882,-0.896224,0.362045,0.046140,0.034245,-0.151456,0.400627,0.761676,0.486218,-0.481306,-0.862037,0.158864,0.619327,-0.206179,0.757578,0.012127,-0.822035,1.392277,0.101602,-0.009071,-0.037340,0.219024,-0.435483,0.096896,0.842014,-0.303279,0.444855,0.157962,0.000000,1,0.022522,-6.817694,26.918177,53.934414,1.808562,54.795691,0.000003
14.825000,6.666667,1,-0.801087,1.402617,0.322688,-0.294432,-0.317678,0.095318,-0.896273,0.362360,0.046011,0.034228,-0.151389,0.400442,0.761524,0.486630,-0.480546,-0.862406,0.159162,0.619916,-0.205675,0.757233,0.010229,-0.822035,1.392277,0.101602,-0.009036,-0.037001,0.219030,-0.435287,0.096825,0.842254,-0.302918,0.446760,0.141754,0.000000,1,0.022655,-6.794380,26.943500,53.880791,1.798188,54.763099,0.000003
14.858333,6.700000,1,-0.801243,1.402370,0.322630,-0.295009,-0.318324,0.095118,-0.895875,0.362651,0.046035,0.034171,-0.151711,0.401249,0.761261,0.486276,-0.481038,-0.862114,0.159253,0.618619,-0.205069,0.758457,0.008947,-0.822035,1.392277,0.101602,-0.009140,-0.036725,0.218987,-0.436118,0.097064,0.841807,-0.302889,0.465057,0.140229,0.000000,1,0.023107,-6.794147,26.976231,53.824443,1.793617,54.727004,0.000003
14.891666,6.733333,1,-0.801227,1.402071,0.322457,-0.296232,-0.319503,0.094459,-0.895121,0.362880,0.046230,0.034001,-0.152224,0.402873,0.760889,0.485355,-0.482517,-0.861256,0.159421,0.615948,-0.204248,0.760849,0.010353,-0.822035,1.392277,0.101602,-0.009386,-0.036550,0.218820,-0.437717,0.097660,0.840838,-0.303082,0.461325,0.173148,0.000000,1,0.023921,-6.819955,27.027378,53.765722,1.795534,54.684486,0.000003
14.925000,6.766667,1,-0.800975,1.401781,0.322124,-0.297829,-0.321039,0.093700,-0.894121,0.362962,0.046609,0.033672,-0.152891,0.404992,0.760342,0.484237,-0.484278,-0.860211,0.159724,0.612531,-0.202993,0.763937,0.015264,-0.822035,1.392277,0.101602,-0.009761,-0.036557,0.218477,-0.439799,0.098438,0.839604,-0.303235,0.452491,0.165506,0.000000,1,0.024710,-6.875373,27.099991,53.714680,1.804718,54.640057,0.000002
14.958333,6.800000,1,-0.800582,1.401542,0.321639,-0.299121,-0.322180,0.093190,-0.893332,0.362917,0.047073,0.033191,-0.153340,0.406661,0.759873,0.483433,-0.485559,-0.859409,0.160149,0.609980,-0.201839,0.766280,0.020072,-0.822035,1.392277,0.101602,-0.010177,-0.036699,0.217972,-0.441391,0.099110,0.838674,-0.303278,0.432025,0.159163,0.000000,1,0.025536,-6.945408,27.193041,53.670466,1.817527,54.593496,0.000002
14.991666,6.833333,1,-0.800173,1.401317,0.321104,-0.299901,-0.322486,0.093060,-0.892974,0.362852,0.047540,0.032662,-0.153267,0.407498,0.759614,0.483158,-0.486136,-0.858939,0.160923,0.609115,-0.201009,0.767186,0.021275,-0.822035,1.392277,0.101602,-0.010589,-0.036859,0.217418,-0.442009,0.099680,0.838306,-0.303207,0.382872,0.165266,0.000000,1,0.026049,-7.016413,27.294018,53.625406,1.830719,54.544252,0.000002
15.025000,6.866667,1,-0.799804,1.401026,0.320548,-0.300843,-0.321967,0.092929,-0.892858,0.362864,0.048016,0.032111,-0.152383,0.408110,0.759573,0.482985,-0.487010,-0.858102,0.162730,0.609347,-0.200344,0.767176,0.021858,-0.822035,1.392277,0.101602,-0.011031,-0.036946,0.216844,-0.441969,0.100760,0.838178,-0.303261,0.374831,0.166876,0.000000,1,0.026968,-7.087316,27.404902,53.564768,1.844135,54.483984,0.000002
15.058333,6.900000,1,-0.799450,1.400635,0.319951,-0.302133,-0.321517,0.092403,-0.892639,0.362965,0.048540,0.031520,-0.151408,0.409063,0.759619,0.482413,-0.488708,-0.856770,0.164650,0.609029,-0.199891,0.767546,0.023880,-0.822035,1.392277,0.101602,-0.011542,-0.036958,0.216234,-0.442153,0.102132,0.837788,-0.303612,0.351044,0.199552,0.000000,1,0.028249,-7.163606,27.530117,53.484359,1.859085,54.409298,0.000002
15.091666,6.933333,1,-0.799148,1.400209,0.319337,-0.303761,-0.321597,0.091475,-0.892153,0.363125,0.049045,0.030911,-0.150759,0.410558,0.759607,0.481363,-0.491122,-0.855085,0.166220,0.607504,-0.199463,0.768865,0.024205,-0.822035,1.392277,0.101602,-0.012051,-0.036908,0.215610,-0.442966,0.103583,0.836974,-0.304181,0.342515,0.224395,0.000000,1,0.029068,-7.236014,27.662928,53.392442,1.873205,54.326469,0.000002
15.125000,6.966667,1,-0.798991,1.399793,0.318784,-0.305739,-0.322186,0.090738,-0.891340,0.363365,0.049426,0.030363,-0.150408,0.412594,0.759220,0.480342,-0.493297,-0.853486,0.167987,0.605255,-0.198074,0.770994,0.021291,-0.822035,1.392277,0.101602,-0.012466,-0.036750,0.215057,-0.444379,0.105121,0.835949,-0.304412,0.435096,0.272781,0.000000,1,0.029184,-7.288792,27.788936,53.294411,1.882622,54.242348,0.000002
15.158333,7.000000,1,-0.799030,1.399343,0.318342,-0.307772,-0.322778,0.090810,-0.890418,0.363749,0.049670,0.029925,-0.150031,0.414684,0.758374,0.479996,-0.494188,-0.852465,0.170533,0.603603,-0.195282,0.773000,0.018937,-0.822035,1.392277,0.101602,-0.012794,-0.036423,0.214628,-0.445797,0.106691,0.835191,-0.303871,0.938744,0.336142,0.000000,1,0.029379,-7.318728,27.902923,53.184343,1.886602,54.155239,0.000002
15.191666,7.033333,1,-0.799229,1.398786,0.317955,-0.309745,-0.322677,0.091775,-0.889671,0.364315,0.049851,0.029542,-0.149056,0.416409,0.757286,0.480524,-0.493758,-0.851925,0.174433,0.603651,-0.191401,0.773932,0.021215,-0.822035,1.392277,0.101602,-0.013115,-0.035907,0.214266,-0.446552,0.108492,0.835007,-0.302629,1.188901,0.381522,0.000000,1,0.030571,-7.335961,28.018800,53.049195,1.887654,54.054371,0.000002
15.225000,7.066667,1,-0.799502,1.398179,0.317567,-0.311555,-0.321781,0.093054,-0.889231,0.364964,0.050003,0.029158,-0.147441,0.417632,0.756331,0.481465,-0.492905,-0.851445,0.179123,0.605142,-0.187549,0.773711,0.023090,-0.822035,1.392277,0.101602,-0.013431,-0.035303,0.213909,-0.446524,0.110489,0.835253,-0.301266,1.487516,0.323430,0.000000,1,0.031603,-7.347350,28.140862,52.900155,1.887287,53.944530,0.000002
15.258333,7.100000,1,-0.799686,1.397628,0.317164,-0.312538,-0.321600,0.093719,-0.888881,0.365517,0.050192,0.028758,-0.146837,0.418435,0.755726,0.481902,-0.492419,-0.851255,0.181352,0.605489,-0.185366,0.773966,0.021220,-0.822035,1.392277,0.101602,-0.013755,-0.034802,0.213530,-0.446781,0.111441,0.835267,-0.300496,1.848740,0.251108,0.000000,1,0.031438,-7.365961,28.259460,52.765103,1.888417,53.843295,0.000001
15.291666,7.133333,1,-0.799748,1.397153,0.316687,-0.313277,-0.322238,0.093452,-0.888418,0.365934,0.050434,0.028285,-0.147080,0.419383,0.755436,0.481459,-0.493130,-0.850788,0.181613,0.604057,-0.184630,0.775259,0.020281,-0.822035,1.392277,0.101602,-0.014090,-0.034439,0.213067,-0.447677,0.111831,0.834735,-0.300494,2.337043,0.203737,0.000000,1,0.031476,-7.394743,28.382894,52.645306,1.891760,53.749003,0.000001
15.325000,7.166667,1,-0.799770,1.396713,0.316074,-0.314757,-0.322580,0.092863,-0.887833,0.366301,0.050686,0.027675,-0.146729,0.420862,0.755183,0.480671,-0.494852,-0.849494,0.182978,0.602483,-0.183661,0.776713,0.022649,-0.822035,1.392277,0.101602,-0.014416,-0.034120,0.212466,-0.448647,0.113027,0.833974,-0.300713,2.936330,0.275672,0.000000,1,0.032616,-7.426124,28.528470,52.522230,1.895661,53.646943,0.000001
15.358333,7.200000,1,-0.799765,1.396204,0.315346,-0.317083,-0.323317,0.092357,-0.886789,0.366707,0.051006,0.026952,-0.146355,0.423278,0.754488,0.479753,-0.496834,-0.847834,0.185292,0.600039,-0.181345,0.779145,0.026667,-0.822035,1.392277,0.101602,-0.014813,-0.033775,0.211749,-0.450336,0.114809,0.832852,-0.300623,3.559709,0.353969,0.000000,1,0.034424,-7.466408,28.699169,52.380697,1.901726,53.528368,0.000001
15.391666,7.233333,1,-0.799788,1.395616,0.314556,-0.319576,-0.324091,0.092570,-0.885589,0.367192,0.051349,0.026167,-0.145936,0.425861,0.753333,0.479410,-0.497737,-0.846608,0.188447,0.598015,-0.177617,0.781556,0.029527,-0.822035,1.392277,0.101602,-0.015253,-0.033356,0.210975,-0.452113,0.116710,0.831916,-0.299815,4.174868,0.292555,0.000000,1,0.036093,-7.508759,28.887530,52.219198,1.908308,53.394610,0.000001
15.425000,7.266667,1,-0.799835,1.394987,0.313706,-0.321799,-0.324023,0.093204,-0.884742,0.367725,0.051699,0.025323,-0.144880,0.427825,0.752305,0.479597,-0.497993,-0.845572,0.192380,0.597640,-0.173905,0.782677,0.031750,-0.822035,1.392277,0.101602,-0.015712,-0.032890,0.210143,-0.453015,0.118730,0.831498,-0.298816,4.957661,0.239011,0.000000,1,0.037562,-7.551128,29.091016,52.043504,1.914836,53.249494,0.000001
15.458333,7.300000,1,-0.799776,1.394294,0.312734,-0.324417,-0.323775,0.092829,-0.883915,0.368246,0.052174,0.024356,-0.143493,0.430061,0.751747,0.478889,-0.500151,-0.843427,0.196163,0.596585,-0.171426,0.784028,0.035874,-0.822035,1.392277,0.101602,-0.016282,-0.032463,0.209182,-0.453958,0.121207,0.830660,-0.298722,6.062294,0.205399,0.000000,1,0.039412,-7.611745,29.318046,51.855637,1.925539,53.091967,0.000001
15.491666,7.333333,1,-0.799589,1.393580,0.311725,-0.327140,-0.324187,0.091477,-0.882901,0.368707,0.052764,0.023355,-0.142655,0.432687,0.751457,0.477225,-0.503811,-0.840679,0.198579,0.593779,-0.170077,0.786448,0.037511,-0.822035,1.392277,0.101602,-0.016945,-0.032123,0.208178,-0.455557,0.123510,0.829201,-0.299398,6.884092,0.178476,0.000000,1,0.040231,-7.690055,29.548943,51.671058,1.940154,52.935738,0.000001
15.525000,7.366667,1,-0.799391,1.392923,0.310775,-0.328601,-0.323960,0.091338,-0.882456,0.369115,0.053327,0.022412,-0.141801,0.433895,0.751129,0.476899,-0.504920,-0.839479,0.200826,0.593372,-0.168606,0.787072,0.035155,-0.822035,1.392277,0.101602,-0.017569,-0.031830,0.207231,-0.456003,0.124930,0.828781,-0.299293,7.413329,0.158608,0.000000,1,0.039931,-7.765414,29.764924,51.500622,1.953800,52.791559,0.000001
15.558333,7.400000,1,-0.799222,1.392378,0.309826,-0.327903,-0.321061,0.093325,-0.883567,0.369452,0.053800,0.021469,-0.139506,0.431972,0.751229,0.479158,-0.501891,-0.840441,0.204364,0.599390,-0.167614,0.782712,0.033218,-0.822035,1.392277,0.101602,-0.018087,-0.031580,0.206284,-0.453081,0.125535,0.830719,-0.298102,7.819137,0.160528,0.000000,1,0.039829,-7.828976,29.974749,51.344047,1.964458,52.656725,0.000001
15.591666,7.433333,1,-0.799012,1.391852,0.308952,-0.328461,-0.318818,0.094910,-0.884002,0.369748,0.054294,0.020602,-0.137241,0.431471,0.750912,0.480758,-0.500073,-0.840445,0.208755,0.603584,-0.165409,0.779953,0.031232,-0.822035,1.392277,0.101602,-0.018615,-0.031380,0.205410,-0.451303,0.126992,0.831887,-0.296922,8.369891,0.176456,0.000000,1,0.039487,-7.896126,30.167681,51.200114,1.975772,52.533589,0.000001
15.625000,7.466667,1,-0.798752,1.391296,0.308202,-0.331170,-0.319114,0.094838,-0.882892,0.370037,0.054845,0.019859,-0.136298,0.434033,0.749966,0.480197,-0.501668,-0.838578,0.212404,0.601947,-0.162053,0.781920,0.029070,-0.822035,1.392277,0.101602,-0.019200,-0.031210,0.204656,-0.452759,0.129306,0.830920,-0.296415,8.758432,0.173568,0.000000,1,0.038999,-7.971403,30.337273,51.066642,1.988846,52.422711,0.000001
15.658333,7.500000,1,-0.798542,1.390739,0.307482,-0.333283,-0.319986,0.094389,-0.881829,0.370358,0.055355,0.019145,-0.136140,0.436319,0.749227,0.479323,-0.503431,-0.837044,0.214275,0.599443,-0.159751,0.784314,0.028026,-0.822035,1.392277,0.101602,-0.019756,-0.031000,0.203936,-0.454472,0.130836,0.829797,-0.296267,9.326747,0.195589,0.000000,1,0.039358,-8.040198,30.503008,50.931082,2.000398,52.311955,0.000001
15.691666,7.533333,1,-0.798435,1.390179,0.306809,-0.334573,-0.320888,0.094147,-0.881038,0.370743,0.055785,0.018477,-0.136374,0.437879,0.748636,0.478757,-0.504388,-0.836260,0.215087,0.597399,-0.158107,0.786204,0.026470,-0.822035,1.392277,0.101602,-0.020255,-0.030710,0.203268,-0.455843,0.131607,0.828991,-0.296075,10.015683,0.224818,0.000000,1,0.039740,-8.095934,30.663895,50.790373,2.008940,52.199905,0.000001
15.725000,7.566667,1,-0.798387,1.389615,0.306179,-0.337097,-0.322624,0.093218,-0.879539,0.371166,0.056169,0.017853,-0.136808,0.440920,0.747725,0.477263,-0.507006,-0.834366,0.216281,0.593081,-0.155618,0.789961,0.025394,-0.822035,1.392277,0.101602,-0.020722,-0.030373,0.202648,-0.458512,0.133139,0.827253,-0.296130,10.726452,0.230693,0.000000,1,0.040047,-8.144335,30.818865,50.647859,2.015754,52.088651,0.000001
15.758333,7.600000,1,-0.798403,1.389183,0.305510,-0.340847,-0.324258,0.091646,-0.877656,0.371523,0.056424,0.017188,-0.136608,0.445014,0.746764,0.475021,-0.511386,-0.831042,0.218755,0.587873,-0.152635,0.794423,0.023905,-0.822035,1.392277,0.101602,-0.021046,-0.030060,0.201991,-0.461647,0.135835,0.824915,-0.296559,11.996339,0.418299,0.000000,1,0.040123,-8.175385,30.975422,50.516053,2.018448,51.982682,0.000001
15.791666,7.633333,1,-0.798503,1.388899,0.304731,-0.345343,-0.325669,0.090013,-0.875543,0.371812,0.056524,0.016411,-0.135876,0.449677,0.745627,0.472619,-0.516338,-0.826996,0.222427,0.582595,-0.148843,0.799017,0.025059,-0.822035,1.392277,0.101602,-0.021197,-0.029761,0.201226,-0.464914,0.139304,0.822365,-0.296925,13.172348,0.723830,0.000000,1,0.040791,-8.185481,31.146476,50.389560,2.016276,51.875617,0.000001
15.825000,7.666667,1,-0.798668,1.388698,0.303875,-0.350264,-0.326786,0.088523,-0.873321,0.372074,0.056521,0.015555,-0.134690,0.454589,0.744332,0.470295,-0.521362,-0.822569,0.227074,0.577655,-0.144343,0.803418,0.026850,-0.822035,1.392277,0.101602,-0.021241,-0.029455,0.200386,-0.468102,0.143284,0.819801,-0.297113,14.163811,1.121081,0.000000,1,0.041615,-8.181616,31.329303,50.262970,2.010909,51.765412,0.000001
15.858333,7.700000,1,-0.798907,1.388509,0.303010,-0.354670,-0.327117,0.087679,-0.871502,0.372371,0.056454,0.014690,-0.133026,0.458689,0.743105,0.468725,-0.525202,-0.818659,0.232293,0.574588,-0.139802,0.806414,0.027521,-0.822035,1.392277,0.101602,-0.021232,-0.029096,0.199542,-0.470353,0.147133,0.817894,-0.296935,14.755977,1.565545,0.000000,1,0.042374,-8.167746,31.515849,50.130573,2.003315,51.651269,0.000001
15.891666,7.733333,1,-0.799186,1.388279,0.302176,-0.358300,-0.326480,0.087594,-0.870264,0.372726,0.056378,0.013856,-0.130839,0.461659,0.742055,0.468088,-0.527549,-0.815500,0.238016,0.573889,-0.135528,0.807641,0.027266,-0.822035,1.392277,0.101602,-0.021232,-0.028682,0.198732,-0.471386,0.150690,0.816851,-0.296383,15.125075,2.029852,0.000000,1,0.043015,-8.151417,31.700501,49.991124,1.995209,51.534113,0.000001
15.925000,7.766667,1,-0.799516,1.388006,0.301401,-0.361482,-0.324869,0.087993,-0.869510,0.373144,0.056287,0.013081,-0.127976,0.463793,0.741217,0.468097,-0.529015,-0.812632,0.244484,0.575214,-0.131562,0.807354,0.026571,-0.822035,1.392277,0.101602,-0.021238,-0.028206,0.197986,-0.471351,0.154263,0.816470,-0.295649,15.410568,2.331120,0.000000,1,0.043491,-8.131713,31.878703,49.845899,1.986369,51.415830,0.000001
15.958333,7.800000,1,-0.799924,1.387755,0.300670,-0.364457,-0.322662,0.088522,-0.869036,0.373592,0.056121,0.012350,-0.124671,0.465474,0.740571,0.468344,-0.530222,-0.809746,0.251348,0.577621,-0.127976,0.806211,0.026199,-0.822035,1.392277,0.101602,-0.021181,-0.027684,0.197288,-0.470692,0.157908,0.816408,-0.294943,15.765002,2.617049,0.000000,1,0.043755,-8.100642,32.049879,49.701334,1.974943,51.299900,0.000000
15.991666,7.833333,1,-0.800373,1.387533,0.299920,-0.367402,-0.320250,0.088912,-0.868648,0.374042,0.055904,0.011599,-0.121197,0.467036,0.740063,0.468503,-0.531632,-0.806650,0.258229,0.580237,-0.124765,0.804835,0.027051,-0.822035,1.392277,0.101602,-0.021075,-0.027144,0.196573,-0.469843,0.161621,0.816364,-0.294406,16.172387,2.930683,0.000000,1,0.044399,-8.062317,32.224371,49.555653,1.961865,51.182647,0.000000
16.025000,7.866667,1,-0.800806,1.387310,0.299089,-0.370395,-0.318041,0.089232,-0.868156,0.374483,0.055701,0.010766,-0.117883,0.468732,0.739494,0.468555,-0.533120,-0.803497,0.264905,0.582475,-0.121495,0.803717,0.028919,-0.822035,1.392277,0.101602,-0.020978,-0.026611,0.195776,-0.469196,0.165289,0.816192,-0.293879,16.587555,3.078491,0.000000,1,0.045615,-8.026357,32.413972,49.402940,1.949312,51.057912,0.000000
16.058333,7.900000,1,-0.801134,1.387134,0.298154,-0.373619,-0.316968,0.089225,-0.867167,0.374824,0.055555,0.009831,-0.115486,0.471143,0.738628,0.468098,-0.535095,-0.800321,0.270480,0.582680,-0.117817,0.804117,0.030185,-0.822035,1.392277,0.101602,-0.020903,-0.026184,0.194868,-0.469662,0.168673,0.815408,-0.293388,17.042346,3.426236,0.000000,1,0.046399,-8.000570,32.616516,49.255913,1.938919,50.933113,0.000000
16.091666,7.933333,1,-0.801357,1.386974,0.297129,-0.377083,-0.316771,0.088862,-0.865776,0.375089,0.055484,0.008806,-0.113767,0.474163,0.737564,0.467146,-0.537662,-0.796989,0.275186,0.581212,-0.113887,0.805743,0.031837,-0.822035,1.392277,0.101602,-0.020876,-0.025845,0.193863,-0.471018,0.171896,0.814089,-0.293009,16.838283,3.836695,0.000000,1,0.047336,-7.987083,32.831505,49.110965,1.931197,50.806524,0.000000
16.125000,7.966667,1,-0.801558,1.386764,0.296072,-0.380458,-0.316236,0.088871,-0.864493,0.375380,0.055461,0.007749,-0.111784,0.476952,0.736430,0.466575,-0.539623,-0.793831,0.280426,0.580569,-0.109649,0.806794,0.032891,-0.822035,1.392277,0.101602,-0.020902,-0.025492,0.192825,-0.472025,0.175179,0.813039,-0.292355,16.646709,4.357064,0.000000,1,0.048495,-7.980000,33.055028,48.956588,1.924934,50.673083,0.000000
16.158333,8.000000,1,-0.801803,1.386535,0.295061,-0.383296,-0.314730,0.089428,-0.863731,0.375713,0.055414,0.006739,-0.109168,0.478824,0.735513,0.466722,-0.540505,-0.791105,0.286368,0.582017,-0.105795,0.806265,0.031931,-0.822035,1.392277,0.101602,-0.020918,-0.025095,0.191837,-0.471923,0.178394,0.812713,-0.291483,16.746740,4.957817,0.000000,1,0.048957,-7.968633,33.272628,48.799376,1.917729,50.540020,0.000000
16.191666,8.033333,1,-0.802124,1.386349,0.294270,-0.385318,-0.312031,0.090771,-0.863671,0.376057,0.055279,0.005948,-0.105842,0.479431,0.734868,0.467881,-0.539770,-0.789149,0.293073,0.586173,-0.102467,0.803680,0.026218,-0.822035,1.392277,0.101602,-0.020859,-0.024677,0.191072,-0.470389,0.181381,0.813375,-0.290271,17.077601,5.179046,0.000000,1,0.047482,-7.944347,33.448948,48.662757,1.907573,50.428847,0.000000
16.225000,8.066667,1,-0.802532,1.386162,0.293797,-0.386367,-0.307844,0.092854,-0.864483,0.376454,0.055071,0.005474,-0.101615,0.478499,0.734667,0.470083,-0.537393,-0.787954,0.300561,0.593462,-0.100122,0.798610,0.019551,-0.822035,1.392277,0.101602,-0.020756,-0.024209,0.190631,-0.467092,0.184128,0.815161,-0.288850,17.422980,4.879186,0.000000,1,0.045419,-7.908576,33.567845,48.549428,1.894833,50.345010,0.000000
16.258333,8.100000,1,-0.802938,1.386004,0.293589,-0.386953,-0.302997,0.095158,-0.865682,0.376825,0.054843,0.005264,-0.097002,0.476857,0.734709,0.472653,-0.534380,-0.787037,0.308239,0.602012,-0.098414,0.792399,0.014507,-0.822035,1.392277,0.101602,-0.020636,-0.023776,0.190452,-0.463003,0.186745,0.817397,-0.287430,17.878250,4.160279,0.000000,1,0.043245,-7.870254,33.634440,48.466666,1.881445,50.290879,0.000000
16.291666,8.133333,1,-0.803242,1.385955,0.293544,-0.387210,-0.299074,0.097140,-0.866711,0.377047,0.054631,0.005217,-0.093365,0.475333,0.734742,0.474863,-0.531576,-0.786563,0.314239,0.609046,-0.097127,0.787165,0.009319,-0.822035,1.392277,0.101602,-0.020494,-0.023501,0.190427,-0.459594,0.188664,0.819307,-0.286209,18.072139,3.128787,0.000000,1,0.040873,-7.836942,33.659205,48.425482,1.869017,50.269435,0.000000
16.325000,8.166667,1,-0.803378,1.385970,0.293613,-0.387058,-0.296551,0.098660,-0.867473,0.377117,0.054513,0.005285,-0.091166,0.474069,0.734743,0.476551,-0.529177,-0.786722,0.317869,0.613847,-0.096317,0.783528,0.004595,-0.822035,1.392277,0.101602,-0.020403,-0.023405,0.190505,-0.457256,0.189607,0.820728,-0.285257,18.051519,2.755916,0.000000,1,0.038902,-7.819794,33.651744,48.419900,1.860082,50.274977,0.000000
16.358333,8.200000,1,-0.803374,1.385957,0.293782,-0.386468,-0.294850,0.099935,-0.868170,0.377124,0.054522,0.005455,-0.089899,0.472780,0.734792,0.477994,-0.526881,-0.787456,0.319858,0.617447,-0.096002,0.780732,0.005093,-0.822035,1.392277,0.101602,-0.020419,-0.023412,0.190674,-0.455460,0.189798,0.821949,-0.284486,17.892739,2.519740,0.000000,1,0.037754,-7.821795,33.621538,48.432229,1.855464,50.295637,0.000000
16.391666,8.233333,1,-0.803336,1.385890,0.294081,-0.385479,-0.293090,0.101386,-0.869037,0.377154,0.054589,0.005755,-0.088757,0.471106,0.734913,0.479671,-0.524077,-0.788660,0.321495,0.621405,-0.095950,0.777592,0.009266,-0.822035,1.392277,0.101602,-0.020502,-0.023421,0.190971,-0.453431,0.189649,0.823395,-0.283645,17.688042,2.196547,0.000000,1,0.036907,-7.831503,33.568678,48.451973,1.852778,50.325727,0.000000
16.425000,8.266667,1,-0.803329,1.385841,0.294522,-0.384223,-0.291182,0.102829,-0.870064,0.377188,0.054619,0.006195,-0.087600,0.469127,0.735179,0.481412,-0.521138,-0.790039,0.322883,0.625656,-0.096325,0.774129,0.013296,-0.822035,1.392277,0.101602,-0.020555,-0.023425,0.191411,-0.451154,0.189326,0.824977,-0.282893,17.522978,1.816999,0.000000,1,0.035655,-7.835804,33.488801,48.485907,1.849131,50.369853,0.000000
16.458333,8.300000,1,-0.803354,1.385864,0.295053,-0.382850,-0.289718,0.104147,-0.871001,0.377183,0.054580,0.006726,-0.086894,0.467241,0.735421,0.483002,-0.518317,-0.791620,0.323550,0.629219,-0.096789,0.771178,0.015960,-0.822035,1.392277,0.101602,-0.020534,-0.023453,0.191942,-0.449222,0.188705,0.826408,-0.282205,17.334563,1.269766,0.000000,1,0.034377,-7.830792,33.388211,48.537087,1.843651,50.427942,0.000000
16.491666,8.333333,1,-0.803390,1.385967,0.295637,-0.381791,-0.288840,0.105353,-0.871612,0.377121,0.054483,0.007309,-0.086574,0.465899,0.735423,0.484351,-0.515819,-0.793075,0.323981,0.631736,-0.096684,0.769130,0.017837,-0.822035,1.392277,0.101602,-0.020443,-0.023522,0.192525,-0.447948,0.188110,0.827492,-0.281449,17.063208,0.998020,0.000000,1,0.033199,-7.818655,33.272577,48.605012,1.836824,50.498262,0.000000
16.525000,8.366667,1,-0.803396,1.386209,0.296316,-0.381328,-0.288425,0.106179,-0.871852,0.376929,0.054325,0.007986,-0.086405,0.465300,0.735266,0.485196,-0.514239,-0.793904,0.324462,0.633087,-0.096163,0.768084,0.021631,-0.822035,1.392277,0.101602,-0.020259,-0.023705,0.193198,-0.447357,0.187857,0.828076,-0.280840,16.747442,0.721574,0.000000,1,0.031137,-7.800134,33.128985,48.706053,1.828732,50.592842,0.000000
16.558333,8.400000,1,-0.803311,1.386662,0.297095,-0.381398,-0.289052,0.106727,-0.871547,0.376514,0.054112,0.008761,-0.086931,0.465644,0.734749,0.485553,-0.513362,-0.794478,0.324445,0.632562,-0.094827,0.768683,0.027153,-0.822035,1.392277,0.101602,-0.019963,-0.024093,0.193961,-0.447927,0.187632,0.828037,-0.280197,16.238211,0.373900,0.000000,1,0.028317,-7.777754,32.949584,48.856864,1.819870,50.722545,0.000000
16.591666,8.433333,1,-0.803137,1.387277,0.297872,-0.381390,-0.291262,0.106725,-0.870814,0.375916,0.053872,0.009534,-0.088913,0.466628,0.734097,0.485236,-0.513280,-0.795400,0.322307,0.629442,-0.093609,0.771388,0.030185,-0.822035,1.392277,0.101602,-0.019590,-0.024647,0.194713,-0.449880,0.186650,0.827328,-0.279819,15.655893,0.221925,0.000000,1,0.026512,-7.754973,32.756544,49.040016,1.811163,50.872373,0.000000
16.625000,8.466667,1,-0.803047,1.387874,0.298714,-0.380830,-0.292753,0.106189,-0.870625,0.375382,0.053576,0.010371,-0.090500,0.466792,0.734166,0.484681,-0.513788,-0.796162,0.319606,0.627183,-0.094379,0.773133,0.031072,-0.822035,1.392277,0.101602,-0.019182,-0.025129,0.195534,-0.450967,0.185498,0.826869,-0.280190,15.157642,0.216144,0.000000,1,0.025796,-7.722662,32.555322,49.219581,1.800879,51.021843,0.000000
16.658333,8.500000,1,-0.803100,1.388476,0.299712,-0.380038,-0.292856,0.106475,-0.870902,0.374930,0.053161,0.011364,-0.090944,0.466128,0.734281,0.485062,-0.512889,-0.797127,0.318645,0.627560,-0.094879,0.772765,0.035014,-0.822035,1.392277,0.101602,-0.018690,-0.025509,0.196522,-0.450703,0.184731,0.827223,-0.280076,14.736223,0.329780,0.000000,1,0.024526,-7.671713,32.329206,49.402398,1.786918,51.178966,0.000000
16.691666,8.533333,1,-0.803203,1.389196,0.300708,-0.379105,-0.293893,0.107747,-0.870803,0.374415,0.052635,0.012353,-0.092282,0.465758,0.733621,0.486162,-0.510261,-0.799280,0.317467,0.627356,-0.093432,0.773107,0.036996,-0.822035,1.392277,0.101602,-0.018072,-0.025917,0.197508,-0.451178,0.183403,0.827659,-0.278895,14.299412,0.438125,0.000000,1,0.023340,-7.605745,32.097901,49.598229,1.769929,51.343780,0.000000
16.725000,8.566667,1,-0.803386,1.390006,0.301641,-0.377944,-0.294684,0.109067,-0.870875,0.373875,0.051991,0.013277,-0.093501,0.465073,0.733092,0.487382,-0.507432,-0.801561,0.316246,0.627622,-0.092332,0.773024,0.037472,-0.822035,1.392277,0.101602,-0.017333,-0.026313,0.198434,-0.451333,0.181977,0.828271,-0.277758,13.930004,0.712986,0.000000,1,0.022838,-7.523197,31.875738,49.794841,1.749593,51.506038,0.000000
16.758333,8.600000,1,-0.803627,1.390853,0.302493,-0.376268,-0.293604,0.110323,-0.871808,0.373341,0.051280,0.014120,-0.093274,0.463087,0.733355,0.488918,-0.504519,-0.803489,0.316017,0.630713,-0.093020,0.770421,0.036744,-0.822035,1.392277,0.101602,-0.016528,-0.026678,0.199282,-0.449609,0.180914,0.829654,-0.277121,13.525287,1.172069,0.000000,1,0.022761,-7.430687,31.668762,49.983996,1.727385,51.659856,0.000000
16.791666,8.633333,1,-0.803782,1.391601,0.303198,-0.375357,-0.292903,0.110910,-0.872361,0.372835,0.050698,0.014818,-0.093049,0.461957,0.733583,0.489688,-0.503095,-0.804423,0.315911,0.632484,-0.093604,0.768897,0.031201,-0.822035,1.392277,0.101602,-0.015850,-0.027044,0.199980,-0.448574,0.180389,0.830408,-0.276884,12.931674,2.090386,0.000000,1,0.023493,-7.355780,31.492653,50.151447,1.709534,51.793729,0.000000
16.825000,8.666667,1,-0.803777,1.392264,0.303835,-0.375693,-0.292934,0.111217,-0.872167,0.372301,0.050297,0.015449,-0.092926,0.462273,0.733274,0.489875,-0.502774,-0.804340,0.316633,0.632511,-0.092651,0.768990,0.027573,-0.822035,1.392277,0.101602,-0.015335,-0.027483,0.200602,-0.448741,0.180672,0.830379,-0.276514,12.489296,2.553675,0.000000,1,0.023470,-7.307156,31.329173,50.312873,1.697909,51.920935,0.000000
16.858333,8.700000,1,-0.803670,1.392914,0.304502,-0.375666,-0.292589,0.111890,-0.872208,0.371715,0.049983,0.016110,-0.092625,0.462095,0.733010,0.490494,-0.501673,-0.804677,0.317520,0.633471,-0.091767,0.768305,0.028121,-0.822035,1.392277,0.101602,-0.014891,-0.027999,0.201247,-0.448405,0.180786,0.830726,-0.275941,12.150839,3.003186,0.000000,1,0.022537,-7.271968,31.157318,50.483613,1.689546,52.055177,0.000000
16.891666,8.733333,1,-0.803571,1.393408,0.305145,-0.376476,-0.292569,0.112289,-0.871814,0.371259,0.049758,0.016750,-0.092244,0.462814,0.732484,0.490675,-0.501459,-0.804206,0.319047,0.633439,-0.090083,0.768531,0.024520,-0.822035,1.392277,0.101602,-0.014567,-0.028413,0.201873,-0.448733,0.181517,0.830573,-0.275388,11.955731,3.454742,0.000000,1,0.023173,-7.247109,30.999548,50.627923,1.683965,52.171493,0.000000
16.925000,8.766667,1,-0.803564,1.393708,0.305761,-0.378844,-0.293557,0.112554,-0.870421,0.371014,0.049577,0.017364,-0.092072,0.465382,0.731133,0.490292,-0.502272,-0.802635,0.321713,0.631240,-0.086065,0.770797,0.020557,-0.822035,1.392277,0.101602,-0.014344,-0.028636,0.202481,-0.450639,0.183214,0.829480,-0.274446,11.761296,3.673984,0.000000,1,0.024453,-7.224695,30.862424,50.732349,1.679390,52.260984,0.000000
16.958333,8.800000,1,-0.803549,1.393712,0.306306,-0.380288,-0.294864,0.112817,-0.869315,0.371000,0.049581,0.017908,-0.092597,0.467264,0.730035,0.490040,-0.502573,-0.802028,0.322757,0.628958,-0.083051,0.772991,0.016353,-0.822035,1.392277,0.101602,-0.014362,-0.028686,0.203024,-0.452421,0.183935,0.828613,-0.273648,11.505829,3.843015,0.000000,1,0.026604,-7.224889,30.756840,50.786175,1.680412,52.315219,0.000000
16.991666,8.833333,1,-0.803386,1.393384,0.306618,-0.381019,-0.296202,0.112682,-0.868557,0.371163,0.049905,0.018225,-0.093470,0.468519,0.729423,0.489587,-0.503135,-0.801817,0.322403,0.626648,-0.081589,0.775020,0.014436,-0.822035,1.392277,0.101602,-0.014729,-0.028641,0.203331,-0.453929,0.184008,0.827861,-0.273379,11.340363,3.980263,0.000000,1,0.030015,-7.268203,30.710637,50.781053,1.691668,52.322446,0.000000
17.025000,8.866667,1,-0.803252,1.392960,0.306448,-0.383838,-0.297301,0.112243,-0.866996,0.371422,0.050268,0.018059,-0.093199,0.471540,0.728238,0.488501,-0.505362,-0.799385,0.324952,0.623595,-0.078034,0.777843,0.014286,-0.822035,1.392277,0.101602,-0.015146,-0.028484,0.203162,-0.456149,0.186079,0.826309,-0.272976,11.409028,3.945317,0.000000,1,0.034541,-7.315837,30.763208,50.714447,1.704102,52.270509,0.000000
17.058333,8.900000,1,-0.803135,1.392479,0.305802,-0.386560,-0.297129,0.112696,-0.865786,0.371737,0.050659,0.017417,-0.091830,0.473906,0.726968,0.488362,-0.506139,-0.797085,0.329362,0.623010,-0.073830,0.778722,0.024439,-0.822035,1.392277,0.101602,-0.015588,-0.028251,0.202518,-0.457178,0.188604,0.825500,-0.271966,11.708603,3.675721,0.000000,1,0.039275,-7.366536,30.910811,50.593682,1.717264,52.164535,0.000000
17.091666,8.933333,1,-0.802962,1.391857,0.304791,-0.389738,-0.296769,0.113455,-0.864384,0.372132,0.051182,0.016414,-0.090088,0.476598,0.725392,0.488411,-0.506679,-0.794450,0.334853,0.622707,-0.068619,0.779441,0.035956,-0.822035,1.392277,0.101602,-0.016168,-0.027955,0.201512,-0.458233,0.191617,0.824673,-0.270591,12.310460,3.225795,0.000000,1,0.043909,-7.435064,31.134553,50.422117,1.734429,52.011832,0.000000
17.125000,8.966667,1,-0.802744,1.391096,0.303711,-0.394189,-0.297411,0.113910,-0.862082,0.372613,0.051825,0.015342,-0.088676,0.480882,0.723154,0.487789,-0.508397,-0.790778,0.340885,0.620208,-0.061630,0.782013,0.040180,-0.822035,1.392277,0.101602,-0.016885,-0.027607,0.200436,-0.460739,0.195346,0.822911,-0.269028,12.996356,2.666881,0.000000,1,0.046182,-7.519330,31.379457,50.225046,1.754910,51.840917,0.000000
17.158333,9.000000,1,-0.802577,1.390263,0.302673,-0.400162,-0.298328,0.113975,-0.859000,0.373180,0.052471,0.014313,-0.086835,0.486653,0.720400,0.486470,-0.511612,-0.785423,0.348373,0.616389,-0.053031,0.785654,0.040252,-0.822035,1.392277,0.101602,-0.017631,-0.027179,0.199406,-0.464165,0.200337,0.820307,-0.267419,13.856875,2.100114,0.000000,1,0.047241,-7.602238,31.623260,50.015376,1.774704,51.664585,0.000000
17.191666,9.033333,1,-0.802580,1.389411,0.301559,-0.408046,-0.299732,0.112854,-0.854940,0.373866,0.052994,0.013206,-0.084584,0.494356,0.717312,0.483654,-0.517848,-0.777491,0.356848,0.610233,-0.043382,0.791033,0.042081,-0.822035,1.392277,0.101602,-0.018289,-0.026599,0.198312,-0.468888,0.206868,0.816330,-0.266374,14.575458,1.286456,0.000000,1,0.049416,-7.665167,31.889110,49.780309,1.789652,51.469736,0.000000
17.225000,9.066667,1,-0.802738,1.388632,0.300424,-0.417013,-0.301660,0.111157,-0.850144,0.374587,0.053348,0.012077,-0.082322,0.503265,0.713828,0.479996,-0.525653,-0.768130,0.365603,0.602410,-0.032656,0.797518,0.041571,-0.822035,1.392277,0.101602,-0.018796,-0.025936,0.197205,-0.474561,0.214162,0.811450,-0.265472,15.213611,0.613991,0.000000,1,0.050474,-7.703272,32.160526,49.539744,1.798548,51.271350,0.000000
17.258333,9.100000,1,-0.802934,1.387897,0.299469,-0.425379,-0.302781,0.110398,-0.845688,0.375293,0.053644,0.011127,-0.079602,0.511275,0.710226,0.477326,-0.531648,-0.759415,0.375019,0.596622,-0.021516,0.802234,0.036612,-0.822035,1.392277,0.101602,-0.019248,-0.025281,0.196280,-0.479229,0.221250,0.807300,-0.263920,15.843617,0.369267,0.000000,1,0.049451,-7.733152,32.396870,49.318582,1.805043,51.093482,0.000000
17.291666,9.133333,1,-0.803125,1.387029,0.298625,-0.432421,-0.302054,0.110199,-0.842396,0.376104,0.054024,0.010289,-0.075814,0.517271,0.707407,0.475667,-0.535987,-0.751412,0.384835,0.594547,-0.012344,0.803966,0.036774,-0.822035,1.392277,0.101602,-0.019813,-0.024558,0.195468,-0.481669,0.227947,0.804455,-0.262466,16.770899,0.515904,0.000000,1,0.050235,-7.772817,32.620370,49.087296,1.813375,50.914558,0.000000
17.325000,9.166667,1,-0.803240,1.386081,0.297892,-0.438105,-0.300616,0.109991,-0.839998,0.376932,0.054510,0.009564,-0.071994,0.521729,0.705382,0.474396,-0.539530,-0.744385,0.393445,0.594138,-0.005495,0.804344,0.036099,-0.822035,1.392277,0.101602,-0.020489,-0.023855,0.194763,-0.482885,0.233728,0.802388,-0.261470,17.575562,0.726674,0.000000,1,0.050381,-7.827242,32.825472,48.860040,1.824524,50.743507,0.000000
17.358333,9.200000,1,-0.803184,1.385203,0.297415,-0.442379,-0.299750,0.109679,-0.838106,0.377602,0.055088,0.009095,-0.069316,0.525177,0.703851,0.473263,-0.542434,-0.739020,0.399518,0.593407,-0.000421,0.804903,0.030050,-0.822035,1.392277,0.101602,-0.021218,-0.023346,0.194301,-0.483994,0.237985,0.800680,-0.260816,18.118760,0.804532,0.000000,1,0.047703,-7.897453,32.972082,48.681281,1.838463,50.614253,0.000000
17.391666,9.233333,1,-0.803018,1.384352,0.297251,-0.444922,-0.299408,0.109349,-0.836924,0.378181,0.055734,0.008940,-0.067879,0.527306,0.702955,0.472435,-0.544394,-0.735787,0.402805,0.592615,0.002494,0.805482,0.026450,-0.822035,1.392277,0.101602,-0.021996,-0.022962,0.194144,-0.484810,0.240445,0.799544,-0.260528,18.389678,0.804011,0.000000,1,0.044987,-7.978645,33.053353,48.546201,1.854289,50.525685,0.000000
17.425000,9.266667,1,-0.802909,1.383514,0.297311,-0.445932,-0.299203,0.108825,-0.836528,0.378785,0.056325,0.009008,-0.067248,0.528120,0.702839,0.471788,-0.545788,-0.734213,0.403792,0.592152,0.002989,0.805821,0.025427,-0.822035,1.392277,0.101602,-0.022736,-0.022554,0.194214,-0.485083,0.241460,0.798985,-0.260798,18.272314,0.682353,0.000000,1,0.043633,-8.051237,33.093342,48.429705,1.867977,50.457835,0.000000
17.458333,9.300000,1,-0.802851,1.382726,0.297392,-0.446646,-0.299491,0.107426,-0.836225,0.379380,0.056845,0.009096,-0.067196,0.528887,0.703196,0.470402,-0.548414,-0.732647,0.403076,0.590492,0.001999,0.807041,0.023835,-0.822035,1.392277,0.101602,-0.023405,-0.022137,0.194307,-0.485686,0.242009,0.798095,-0.261886,17.984660,0.532790,0.000000,1,0.043511,-8.113676,33.128138,48.318523,1.879280,50.394128,0.000000
17.491666,9.333333,1,-0.802737,1.381951,0.297338,-0.448377,-0.300748,0.104929,-0.835164,0.379930,0.057403,0.009050,-0.067563,0.531001,0.703372,0.467699,-0.553386,-0.729684,0.401653,0.586180,0.001407,0.810180,0.023550,-0.822035,1.392277,0.101602,-0.024094,-0.021763,0.194262,-0.487619,0.243075,0.796037,-0.263567,17.736758,0.427543,0.000000,1,0.044552,-8.182276,33.185671,48.201114,1.891798,50.321295,0.000000
17.525000,9.366667,1,-0.802656,1.381091,0.297195,-0.450754,-0.302377,0.102122,-0.833643,0.380568,0.057987,0.008914,-0.067977,0.533860,0.703278,0.464514,-0.559213,-0.725945,0.400357,0.580784,0.001559,0.814056,0.026279,-0.822035,1.392277,0.101602,-0.024830,-0.021307,0.194131,-0.490170,0.244569,0.793434,-0.265295,17.644253,0.373591,0.000000,1,0.046435,-8.252741,33.267131,48.058829,1.904719,50.229193,0.000000
17.558333,9.400000,1,-0.802671,1.380138,0.297057,-0.453655,-0.303679,0.099524,-0.831908,0.381339,0.058549,0.008785,-0.067864,0.537043,0.702902,0.461418,-0.564975,-0.721556,0.400200,0.575772,0.002645,0.817606,0.028875,-0.822035,1.392277,0.101602,-0.025583,-0.020719,0.194014,-0.492655,0.246678,0.790755,-0.266735,17.653640,0.291151,0.000000,1,0.047952,-8.317324,33.357551,47.894065,1.916322,50.123007,0.000000
17.591666,9.433333,1,-0.802697,1.379321,0.296883,-0.457647,-0.305434,0.096692,-0.829409,0.382008,0.059022,0.008618,-0.067672,0.541410,0.701953,0.457775,-0.571726,-0.715949,0.400683,0.569396,0.005364,0.822046,0.025086,-0.822035,1.392277,0.101602,-0.026220,-0.020200,0.193858,-0.496021,0.249581,0.787303,-0.268003,18.100503,0.410639,0.000000,1,0.047621,-8.371212,33.447154,47.745186,1.925274,50.025579,0.000000
17.625000,9.466667,1,-0.802772,1.378860,0.296603,-0.462645,-0.307954,0.093121,-0.826107,0.382422,0.059242,0.008342,-0.067720,0.547021,0.700621,0.453113,-0.580205,-0.709010,0.400833,0.560833,0.009088,0.827879,0.016324,-0.822035,1.392277,0.101602,-0.026540,-0.019848,0.193593,-0.500520,0.253075,0.782807,-0.269528,18.546998,0.549348,0.000000,1,0.046197,-8.394716,33.535011,47.637391,1.927269,49.950297,0.000000
17.658333,9.500000,1,-0.803047,1.378685,0.296192,-0.467961,-0.310040,0.089552,-0.822720,0.382729,0.059133,0.007931,-0.067238,0.552723,0.699215,0.448414,-0.588808,-0.701403,0.401670,0.552747,0.013156,0.833245,0.015735,-0.822035,1.392277,0.101602,-0.026507,-0.019497,0.193205,-0.504772,0.257050,0.778255,-0.271016,19.110873,0.705529,0.000000,1,0.046241,-8.374231,33.635873,47.544817,1.919720,49.879475,0.000000
17.691666,9.533333,1,-0.803525,1.378518,0.295701,-0.472681,-0.310422,0.087268,-0.820119,0.383151,0.058857,0.007438,-0.065489,0.557130,0.697932,0.445206,-0.595006,-0.694419,0.404661,0.548475,0.017204,0.835990,0.021151,-0.822035,1.392277,0.101602,-0.026347,-0.018984,0.192749,-0.507225,0.261209,0.775008,-0.271763,19.374193,0.802039,0.000000,1,0.048062,-8.328310,33.758887,47.428703,1.906893,49.790384,0.000000
17.725000,9.566667,1,-0.803935,1.378201,0.295207,-0.476307,-0.309654,0.086228,-0.818420,0.383652,0.058726,0.006943,-0.063192,0.560040,0.696894,0.443509,-0.598614,-0.688937,0.408689,0.547378,0.020690,0.836630,0.021491,-0.822035,1.392277,0.101602,-0.026346,-0.018435,0.192288,-0.508151,0.264856,0.773128,-0.271859,19.343755,0.932121,0.000000,1,0.049344,-8.301026,33.890239,47.294009,1.898068,49.689629,0.000000
17.758333,9.600000,1,-0.804029,1.377856,0.294805,-0.478384,-0.309473,0.085491,-0.817353,0.383986,0.058862,0.006544,-0.062108,0.561824,0.696280,0.442370,-0.600903,-0.685814,0.410579,0.546239,0.022674,0.837322,0.016144,-0.822035,1.392277,0.101602,-0.026558,-0.018129,0.191900,-0.508914,0.266835,0.771898,-0.271992,19.220437,0.994784,0.000000,1,0.047923,-8.314494,33.994512,47.190163,1.897570,49.612674,0.000000
17.791666,9.633333,1,-0.803872,1.377548,0.294581,-0.478676,-0.310132,0.084878,-0.816997,0.384137,0.059175,0.006324,-0.062571,0.562379,0.696237,0.441665,-0.602033,-0.685385,0.409638,0.544630,0.022678,0.838370,0.012341,-0.822035,1.392277,0.101602,-0.026894,-0.018057,0.191673,-0.509639,0.266822,0.771295,-0.272357,19.199444,1.078112,0.000000,1,0.045546,-8.356067,34.053032,47.130880,1.902717,49.571329,0.000000
17.825000,9.666667,1,-0.803763,1.377261,0.294649,-0.477655,-0.309840,0.085188,-0.817672,0.384301,0.059434,0.006395,-0.062763,0.561333,0.696697,0.442244,-0.600963,-0.686681,0.409038,0.545758,0.021347,0.837671,0.009441,-0.822035,1.392277,0.101602,-0.027191,-0.017977,0.191740,-0.508929,0.266019,0.772020,-0.272415,19.203171,0.977152,0.000000,1,0.043270,-8.389712,34.056716,47.099305,1.906156,49.558533,0.000000
17.858333,9.700000,1,-0.803895,1.377038,0.294977,-0.476221,-0.307878,0.086552,-0.819105,0.384557,0.059459,0.006724,-0.061638,0.559168,0.697361,0.444094,-0.597962,-0.688320,0.410679,0.550456,0.019777,0.834630,0.012528,-0.822035,1.392277,0.101602,-0.027299,-0.017760,0.192080,-0.506536,0.265553,0.773926,-0.271922,19.194630,0.602991,0.000000,1,0.041601,-8.388698,34.015826,47.083086,1.902394,49.564774,0.000000
17.891666,9.733333,1,-0.804159,1.376924,0.295434,-0.475609,-0.305146,0.088340,-0.820292,0.384806,0.059313,0.007180,-0.059455,0.557396,0.697618,0.446210,-0.594723,-0.688849,0.414478,0.556289,0.019588,0.830758,0.016183,-0.822035,1.392277,0.101602,-0.027244,-0.017510,0.192555,-0.503808,0.266162,0.775840,-0.270937,19.128765,0.512546,0.000000,1,0.040264,-8.363738,33.948254,47.085307,1.893645,49.587107,0.000000
17.925000,9.766667,1,-0.804306,1.376876,0.295932,-0.476696,-0.302848,0.089582,-0.820378,0.384931,0.059219,0.007677,-0.056907,0.557344,0.697145,0.447346,-0.593287,-0.687163,0.419307,0.560297,0.021501,0.828013,0.015646,-0.822035,1.392277,0.101602,-0.027205,-0.017395,0.193062,-0.502217,0.268133,0.776556,-0.269895,19.021405,0.861937,0.000000,1,0.038863,-8.348435,33.863852,47.112009,1.886934,49.626429,0.000000
17.958333,9.800000,1,-0.804301,1.376820,0.296450,-0.478471,-0.301820,0.090067,-0.819669,0.384972,0.059250,0.008196,-0.055192,0.558479,0.696303,0.447457,-0.593473,-0.684778,0.422929,0.561483,0.024232,0.827133,0.015648,-0.822035,1.392277,0.101602,-0.027264,-0.017399,0.193580,-0.502069,0.270185,0.776208,-0.269125,18.895471,1.324432,0.000000,1,0.038026,-8.352320,33.770143,47.152547,1.884375,49.675228,0.000000
17.991666,9.833333,1,-0.804200,1.376710,0.296998,-0.479532,-0.301940,0.090356,-0.818973,0.384997,0.059392,0.008746,-0.054826,0.559486,0.695557,0.447404,-0.593648,-0.683739,0.424363,0.561041,0.026389,0.827367,0.017037,-0.822035,1.392277,0.101602,-0.027425,-0.017449,0.194123,-0.502629,0.271087,0.775738,-0.268526,18.796395,1.431236,0.000000,1,0.037674,-8.371680,33.670740,47.195772,1.885291,49.726650,0.000000
18.025000,9.866667,1,-0.804025,1.376482,0.297549,-0.479931,-0.302230,0.090841,-0.818579,0.385073,0.059663,0.009300,-0.054906,0.559975,0.694990,0.447663,-0.593167,-0.683734,0.425042,0.560751,0.027948,0.827513,0.018655,-0.822035,1.392277,0.101602,-0.027725,-0.017489,0.194666,-0.503046,0.271310,0.775606,-0.267899,18.732980,1.249595,0.000000,1,0.038098,-8.408157,33.575753,47.227161,1.890119,49.770443,0.000000
18.058333,9.900000,1,-0.803827,1.376114,0.298067,-0.480616,-0.301941,0.091377,-0.818223,0.385246,0.060037,0.009823,-0.054338,0.560462,0.694436,0.447981,-0.592720,-0.683098,0.426684,0.561280,0.029611,0.827096,0.019953,-0.822035,1.392277,0.101602,-0.028150,-0.017461,0.195177,-0.503075,0.272048,0.775553,-0.267251,18.282648,0.967871,0.000000,1,0.039195,-8.456913,33.495734,47.235231,1.897872,49.797828,0.000000
18.091666,9.933333,1,-0.803652,1.375801,0.298495,-0.482169,-0.301734,0.091378,-0.817385,0.385389,0.060360,0.010255,-0.053461,0.561764,0.693694,0.447606,-0.593582,-0.681068,0.428727,0.560938,0.031860,0.827244,0.016762,-0.822035,1.392277,0.101602,-0.028515,-0.017442,0.195600,-0.503568,0.273547,0.774847,-0.266841,17.893109,0.875493,0.000000,1,0.039398,-8.499248,33.429874,47.241162,1.904410,49.820157,0.000000
18.125000,9.966667,1,-0.803538,1.375771,0.298773,-0.484776,-0.302488,0.090437,-0.815668,0.385343,0.060466,0.010534,-0.052980,0.564441,0.692592,0.445999,-0.596556,-0.677599,0.430094,0.557983,0.035019,0.829113,0.009053,-0.822035,1.392277,0.101602,-0.028612,-0.017534,0.195870,-0.505392,0.275599,0.772934,-0.266829,17.409473,1.025286,0.000000,1,0.038502,-8.515261,33.375501,47.272081,1.905349,49.852374,0.000000
18.158333,10.000000,1,-0.803448,1.376110,0.298914,-0.488549,-0.304091,0.088752,-0.813002,0.385018,0.060333,0.010673,-0.052743,0.568546,0.690981,0.443305,-0.601397,-0.672604,0.431190,0.552658,0.039528,0.832470,0.011346,-0.822035,1.392277,0.101602,-0.028397,-0.017817,0.195998,-0.508493,0.278351,0.769846,-0.267008,17.220997,1.270793,0.000000,1,0.036947,-8.503646,33.322549,47.346029,1.900355,49.906607,0.000000
18.191666,10.033333,1,-0.803327,1.376672,0.298986,-0.493592,-0.306510,0.086383,-0.809294,0.384496,0.060090,0.010740,-0.052674,0.574156,0.688750,0.439539,-0.608063,-0.665951,0.432168,0.544978,0.045698,0.837204,0.017381,-0.822035,1.392277,0.101602,-0.028019,-0.018253,0.196051,-0.512884,0.281911,0.765532,-0.267278,17.350147,1.297043,0.000000,1,0.035768,-8.480786,33.266186,47.451279,1.893046,49.977958,0.000000
18.225000,10.066667,1,-0.803230,1.377183,0.299183,-0.500081,-0.309962,0.083264,-0.804307,0.384030,0.059859,0.010933,-0.052891,0.581528,0.685717,0.434534,-0.616766,-0.657450,0.432850,0.534420,0.053988,0.843493,0.016663,-0.822035,1.392277,0.101602,-0.027671,-0.018647,0.196231,-0.518834,0.286346,0.759747,-0.267584,17.570287,1.167146,0.000000,1,0.034846,-8.458001,33.190701,47.558377,1.886086,50.054918,0.000000
18.258333,10.100000,1,-0.803134,1.377676,0.299514,-0.505339,-0.312603,0.080951,-0.800224,0.383576,0.059635,0.011260,-0.052926,0.587431,0.683128,0.430651,-0.623477,-0.650560,0.433645,0.526199,0.061070,0.848165,0.018059,-0.822035,1.392277,0.101602,-0.027339,-0.019039,0.196544,-0.523509,0.290006,0.755123,-0.267627,17.674660,1.316569,0.000000,1,0.033568,-8.435882,33.091243,47.675562,1.879533,50.143116,0.000000
18.291666,10.133333,1,-0.803003,1.378276,0.299859,-0.506582,-0.312390,0.081093,-0.799507,0.383017,0.059375,0.011601,-0.052180,0.588452,0.682430,0.430455,-0.623971,-0.648922,0.435385,0.526099,0.063134,0.848076,0.021130,-0.822035,1.392277,0.101602,-0.026943,-0.019523,0.196868,-0.523856,0.291225,0.754581,-0.267153,17.566149,1.601981,0.000000,1,0.032316,-8.410722,32.980482,47.813756,1.872507,50.245036,0.000000
18.325000,10.166667,1,-0.802952,1.378779,0.300328,-0.506320,-0.311359,0.081773,-0.800006,0.382584,0.059108,0.012066,-0.051371,0.587756,0.682570,0.431281,-0.622716,-0.649145,0.436847,0.528371,0.062919,0.846679,0.020681,-0.822035,1.392277,0.101602,-0.026580,-0.019893,0.197323,-0.522814,0.291425,0.755350,-0.266801,17.327783,2.030595,0.000000,1,0.031789,-8.381895,32.855845,47.941804,1.865117,50.344822,0.000000
18.358333,10.200000,1,-0.802987,1.379173,0.300886,-0.504890,-0.310013,0.082896,-0.801316,0.382289,0.058836,0.012620,-0.050796,0.585869,0.683232,0.432864,-0.620096,-0.651013,0.437793,0.531974,0.061229,0.844544,0.020526,-0.822035,1.392277,0.101602,-0.026255,-0.020134,0.197874,-0.520975,0.290696,0.757023,-0.266453,16.963382,2.423457,0.000000,1,0.031704,-8.349443,32.724931,48.053932,1.857348,50.437475,0.000000
18.391666,10.233333,1,-0.802946,1.379702,0.301192,-0.499162,-0.305759,0.087179,-0.806070,0.381841,0.058547,0.012922,-0.049517,0.578824,0.685539,0.438802,-0.610001,-0.658955,0.440087,0.544309,0.055169,0.837069,0.018375,-0.822035,1.392277,0.101602,-0.025861,-0.020501,0.198166,-0.514619,0.287277,0.763160,-0.265002,16.553192,2.895476,0.000000,1,0.032140,-8.317645,32.629501,48.169773,1.849868,50.522608,0.000000
18.425000,10.266667,1,-0.802712,1.380529,0.301042,-0.488158,-0.297493,0.095802,-0.814875,0.381040,0.058239,0.012767,-0.046972,0.565250,0.689502,0.450415,-0.589840,-0.674226,0.444419,0.568021,0.044762,0.821796,0.026176,-0.822035,1.392277,0.101602,-0.025333,-0.021172,0.197985,-0.502307,0.280751,0.774836,-0.261719,16.282147,3.014045,0.000000,1,0.033350,-8.290298,32.592695,48.305575,1.843363,50.602853,0.000000
18.458333,10.300000,1,-0.802479,1.381295,0.300987,-0.481717,-0.292034,0.101307,-0.820001,0.380288,0.057964,0.012706,-0.044925,0.557028,0.691591,0.457606,-0.577157,-0.683002,0.447659,0.582904,0.039366,0.811587,0.024088,-0.822035,1.392277,0.101602,-0.024855,-0.021811,0.197899,-0.494534,0.277199,0.781866,-0.259390,16.249754,3.288361,0.000000,1,0.032611,-8.266476,32.543080,48.440165,1.837935,50.685644,0.000000
18.491666,10.333333,1,-0.802447,1.381790,0.301301,-0.483388,-0.291443,0.101196,-0.819241,0.379872,0.057689,0.013016,-0.043652,0.558264,0.690969,0.457162,-0.578194,-0.680509,0.450110,0.583032,0.041311,0.811398,0.017612,-0.822035,1.392277,0.101602,-0.024483,-0.022152,0.198200,-0.494741,0.278977,0.781191,-0.259122,16.204836,3.651293,0.000000,1,0.031404,-8.235585,32.449382,48.550339,1.831467,50.766797,0.000000
18.525000,10.366667,1,-0.802617,1.382166,0.301778,-0.488537,-0.292819,0.098970,-0.815962,0.379673,0.057322,0.013488,-0.042601,0.563501,0.689058,0.453709,-0.584667,-0.673275,0.452620,0.577251,0.046769,0.815226,0.018912,-0.822035,1.392277,0.101602,-0.024091,-0.022270,0.198679,-0.498255,0.283087,0.777351,-0.259480,16.167311,3.854690,0.000000,1,0.031260,-8.187313,32.340253,48.640298,1.821551,50.840982,0.000000
18.558333,10.400000,1,-0.802850,1.382614,0.302162,-0.492507,-0.292920,0.098013,-0.813651,0.379455,0.056861,0.013867,-0.040928,0.567110,0.687439,0.451817,-0.588372,-0.667615,0.456190,0.574772,0.051506,0.816691,0.019062,-0.822035,1.392277,0.101602,-0.023600,-0.022374,0.199069,-0.500095,0.286664,0.774949,-0.259197,16.047193,4.177219,0.000000,1,0.031407,-8.126160,32.246068,48.727297,1.808926,50.909429,0.000000
18.591666,10.433333,1,-0.803116,1.383020,0.302551,-0.495577,-0.291378,0.098322,-0.812302,0.379289,0.056400,0.014251,-0.038179,0.569177,0.686109,0.451480,-0.589416,-0.662990,0.461555,0.576068,0.055594,0.815509,0.018652,-0.822035,1.392277,0.101602,-0.023124,-0.022427,0.199466,-0.500058,0.290121,0.773993,-0.258278,15.929548,4.665742,0.000000,1,0.031493,-8.063837,32.155196,48.805208,1.796181,50.972055,0.000000
18.625000,10.466667,1,-0.803346,1.383277,0.303059,-0.497686,-0.289106,0.099259,-0.811710,0.379221,0.056057,0.014755,-0.035200,0.570056,0.685170,0.452040,-0.588842,-0.659579,0.467141,0.579316,0.058607,0.812993,0.018410,-0.822035,1.392277,0.101602,-0.022793,-0.022429,0.199982,-0.498941,0.293016,0.773989,-0.257178,15.605897,5.080610,0.000000,1,0.031200,-8.016054,32.050390,48.874031,1.786751,51.033536,0.000000
18.658333,10.500000,1,-0.803403,1.383504,0.303654,-0.499206,-0.287842,0.099848,-0.811154,0.379072,0.055868,0.015347,-0.033388,0.570855,0.684416,0.452310,-0.588602,-0.657255,0.470705,0.581017,0.060920,0.811608,0.019164,-0.822035,1.392277,0.101602,-0.022590,-0.022556,0.200574,-0.498468,0.294939,0.773823,-0.256395,14.460402,5.477878,0.000000,1,0.029874,-7.991571,31.924840,48.960814,1.782368,51.110076,0.000000
18.691666,10.533333,1,-0.803342,1.383876,0.304240,-0.500066,-0.287294,0.100285,-0.810764,0.378737,0.055687,0.015930,-0.032512,0.571383,0.683876,0.452523,-0.588331,-0.656093,0.472661,0.581786,0.062513,0.810936,0.020900,-0.822035,1.392277,0.101602,-0.022340,-0.022863,0.201147,-0.498345,0.295952,0.773705,-0.255821,13.966949,5.898790,0.000000,1,0.028235,-7.971691,31.786825,49.079130,1.778884,51.206538,0.000000
18.725000,10.566667,1,-0.803278,1.384388,0.304845,-0.500062,-0.286900,0.100822,-0.810840,0.378288,0.055423,0.016531,-0.032158,0.571204,0.683704,0.453036,-0.587449,-0.656222,0.473579,0.582748,0.063030,0.810205,0.023858,-0.822035,1.392277,0.101602,-0.021980,-0.023258,0.201737,-0.497980,0.296111,0.774024,-0.255385,13.801067,6.348221,0.000000,1,0.026758,-7.942358,31.635752,49.221129,1.773331,51.318799,0.000000
18.758333,10.600000,1,-0.803243,1.384951,0.305558,-0.500439,-0.286568,0.100987,-0.810704,0.377815,0.055104,0.017239,-0.031692,0.571394,0.683511,0.453120,-0.587355,-0.655642,0.474497,0.583208,0.063618,0.809828,0.027289,-0.822035,1.392277,0.101602,-0.021564,-0.023667,0.202435,-0.497846,0.296595,0.773993,-0.255176,13.843487,6.878354,0.000000,1,0.025265,-7.905551,31.461958,49.378522,1.766238,51.445038,0.000000
18.791666,10.633333,1,-0.803248,1.385497,0.306349,-0.501221,-0.286274,0.100874,-0.810339,0.377380,0.054764,0.018025,-0.031080,0.571965,0.683238,0.452853,-0.587915,-0.654367,0.475562,0.583259,0.064440,0.809726,0.028822,-0.822035,1.392277,0.101602,-0.021141,-0.024038,0.203213,-0.497929,0.297437,0.773641,-0.255101,13.641502,7.500881,0.000000,1,0.024444,-7.864654,31.276084,49.536708,1.758444,51.574724,0.000000
18.825000,10.666667,1,-0.803321,1.386087,0.307160,-0.502120,-0.285731,0.101303,-0.809920,0.376950,0.054342,0.018831,-0.030192,0.572530,0.682676,0.453047,-0.587674,-0.653140,0.477543,0.583997,0.066084,0.809062,0.030168,-0.822035,1.392277,0.101602,-0.020641,-0.024383,0.204015,-0.497828,0.298483,0.773495,-0.254521,13.303681,8.056776,0.000000,1,0.023708,-7.812032,31.086009,49.697561,1.748204,51.706720,0.000000
18.858333,10.700000,1,-0.803433,1.386786,0.308039,-0.503945,-0.285299,0.101994,-0.808852,0.376457,0.053822,0.019703,-0.028988,0.573977,0.681421,0.453184,-0.587567,-0.650895,0.480728,0.584341,0.069651,0.808513,0.033866,-0.822035,1.392277,0.101602,-0.020032,-0.024765,0.204885,-0.498220,0.300315,0.772905,-0.253390,12.766468,8.604952,0.000000,1,0.022143,-7.746463,30.877623,49.877586,1.735126,51.853561,0.000000
18.891666,10.733333,1,-0.803547,1.387584,0.308881,-0.505952,-0.284018,0.102939,-0.807930,0.375886,0.053241,0.020537,-0.026942,0.575207,0.680184,0.453609,-0.587025,-0.648070,0.485188,0.586081,0.073249,0.806935,0.034976,-0.822035,1.392277,0.101602,-0.019342,-0.025202,0.205716,-0.497933,0.302681,0.772584,-0.252113,12.264779,9.427944,0.000000,1,0.021183,-7.673592,30.669664,50.068952,1.720501,52.006126,0.000000
18.925000,10.766667,1,-0.803666,1.388415,0.309664,-0.507235,-0.281947,0.103825,-0.807737,0.375291,0.052638,0.021312,-0.024512,0.575434,0.679620,0.454303,-0.586016,-0.645717,0.489525,0.589297,0.075031,0.804425,0.034447,-0.822035,1.392277,0.101602,-0.018621,-0.025652,0.206489,-0.496636,0.304740,0.772889,-0.251254,11.929296,10.273223,0.000000,1,0.020796,-7.597591,30.470857,50.259238,1.705333,52.155530,0.000000
18.958333,10.800000,1,-0.803767,1.389003,0.310570,-0.507698,-0.281006,0.103854,-0.807770,0.374879,0.052194,0.022212,-0.023463,0.575427,0.679639,0.454339,-0.586052,-0.644575,0.490985,0.590570,0.075080,0.803486,0.032534,-0.822035,1.392277,0.101602,-0.018108,-0.025979,0.207387,-0.496003,0.305574,0.772966,-0.251254,11.562225,11.038132,0.000000,1,0.020850,-7.540523,30.264157,50.424542,1.694769,52.293873,0.000000
18.991666,10.833333,1,-0.803912,1.389363,0.311550,-0.508374,-0.280383,0.103682,-0.807584,0.374677,0.051851,0.023188,-0.022605,0.575755,0.679552,0.454097,-0.586569,-0.643195,0.492176,0.591136,0.075397,0.803040,0.031627,-0.822035,1.392277,0.101602,-0.017755,-0.026139,0.208367,-0.495750,0.306466,0.772754,-0.251322,11.004109,11.712351,0.000000,1,0.021509,-7.493993,30.059762,50.557402,1.686910,52.414433,0.000000
19.025000,10.866667,1,-0.804223,1.389875,0.312321,-0.510006,-0.278148,0.104235,-0.807256,0.374453,0.051286,0.023952,-0.019874,0.576221,0.679018,0.454432,-0.586194,-0.640038,0.496717,0.594232,0.077078,0.800592,0.029272,-0.822035,1.392277,0.101602,-0.017176,-0.026244,0.209145,-0.494467,0.308922,0.772802,-0.250694,10.607305,12.482077,0.000000,1,0.021990,-7.416404,29.891416,50.680056,1.672038,52.519587,0.000000
19.058333,10.900000,1,-0.804718,1.390766,0.312694,-0.512719,-0.274476,0.105291,-0.806657,0.374038,0.050351,0.024313,-0.015372,0.577015,0.678022,0.455086,-0.585321,-0.634856,0.504338,0.599377,0.080100,0.796449,0.032570,-0.822035,1.392277,0.101602,-0.016173,-0.026402,0.209531,-0.492368,0.312982,0.772893,-0.249503,10.274734,13.109979,0.000000,1,0.022885,-7.289307,29.780663,50.808908,1.645749,52.612038,0.000000
19.091666,10.933333,1,-0.805329,1.391893,0.312813,-0.515672,-0.270967,0.106205,-0.805841,0.373505,0.049184,0.024418,-0.010910,0.578097,0.676896,0.455518,-0.584769,-0.629290,0.511898,0.604062,0.083386,0.792563,0.038615,-0.822035,1.392277,0.101602,-0.014907,-0.026591,0.209667,-0.490520,0.317191,0.772730,-0.248331,10.209152,13.571255,0.000000,1,0.023852,-7.130891,29.707392,50.940472,1.612195,52.695528,0.000000
19.125000,10.966667,1,-0.805963,1.393065,0.312952,-0.516655,-0.266949,0.107964,-0.806319,0.372951,0.047970,0.024543,-0.006865,0.577184,0.676539,0.457282,-0.581693,-0.626663,0.518582,0.610813,0.084495,0.787254,0.040192,-0.822035,1.392277,0.101602,-0.013591,-0.026789,0.209822,-0.487344,0.319820,0.774066,-0.247046,10.130601,13.997595,0.000000,1,0.023298,-6.965569,29.629197,51.077580,1.576975,52.783304,0.000000
19.158333,11.000000,1,-0.806528,1.394152,0.313244,-0.516492,-0.262388,0.110005,-0.807643,0.372421,0.046861,0.024821,-0.002844,0.574998,0.676808,0.459675,-0.577382,-0.625493,0.524775,0.618953,0.083846,0.780940,0.037803,-0.822035,1.392277,0.101602,-0.012388,-0.027003,0.210128,-0.483183,0.321643,0.776272,-0.245929,9.940212,14.552937,0.000000,1,0.021812,-6.814083,29.525327,51.220701,1.544876,52.881427,0.000000
19.191666,11.033333,1,-0.806985,1.395129,0.313678,-0.516817,-0.258685,0.111265,-0.808457,0.371914,0.045904,0.025244,0.000622,0.573633,0.676971,0.461145,-0.574690,-0.623649,0.529899,0.625077,0.083419,0.776092,0.034881,-0.822035,1.392277,0.101602,-0.011341,-0.027247,0.210571,-0.480014,0.323547,0.777661,-0.245249,9.587815,14.877717,0.000000,1,0.020389,-6.683528,29.397680,51.368640,1.517567,52.988787,0.000000
19.225000,11.066667,1,-0.807425,1.396151,0.314096,-0.518011,-0.255513,0.112167,-0.808577,0.371362,0.044933,0.025649,0.004000,0.573287,0.676679,0.461987,-0.573104,-0.620648,0.535115,0.629819,0.084179,0.772167,0.035660,-0.822035,1.392277,0.101602,-0.010267,-0.027529,0.210995,-0.477699,0.326013,0.778278,-0.244543,9.269725,14.987537,0.000000,1,0.019779,-6.551431,29.269792,51.522856,1.489828,53.099555,0.000000
19.258333,11.100000,1,-0.807871,1.397251,0.314445,-0.519905,-0.252880,0.112601,-0.808128,0.370752,0.043911,0.025986,0.007203,0.573810,0.676092,0.462158,-0.572716,-0.616657,0.540122,0.633189,0.085696,0.769238,0.037099,-0.822035,1.392277,0.101602,-0.009126,-0.027848,0.211350,-0.476178,0.328887,0.778181,-0.243971,9.092287,15.416373,0.000000,1,0.019519,-6.412660,29.150413,51.681639,1.460461,53.210385,0.000000
19.291666,11.133333,1,-0.808250,1.398319,0.314911,-0.521670,-0.251285,0.112336,-0.807525,0.370125,0.042961,0.026439,0.009415,0.574681,0.675678,0.461641,-0.573597,-0.613020,0.543316,0.634663,0.086742,0.767905,0.036762,-0.822035,1.392277,0.101602,-0.008053,-0.028211,0.211817,-0.475539,0.331200,0.777603,-0.243931,8.994352,16.229572,0.000000,1,0.018045,-6.283861,29.008839,51.851260,1.433346,53.333181,0.000000
19.325000,11.166667,1,-0.808504,1.399246,0.315553,-0.521587,-0.250300,0.112580,-0.807850,0.369536,0.042193,0.027072,0.010261,0.574166,0.675859,0.462000,-0.572902,-0.612709,0.544399,0.636276,0.086220,0.766628,0.034672,-0.822035,1.392277,0.101602,-0.007171,-0.028600,0.212455,-0.474625,0.331555,0.778025,-0.243885,8.802169,16.951331,0.000000,1,0.016475,-6.180354,28.838112,52.025622,1.412146,53.466745,0.000000
19.358333,11.200000,1,-0.808574,1.400059,0.316223,-0.520207,-0.250129,0.112919,-0.808746,0.368927,0.041641,0.027734,0.009802,0.572849,0.676501,0.462703,-0.571620,-0.614807,0.543380,0.637268,0.084501,0.765995,0.031688,-0.822035,1.392277,0.101602,-0.006491,-0.029070,0.213112,-0.473865,0.330370,0.778949,-0.244022,8.583356,17.600573,0.000000,1,0.015701,-6.108102,28.661886,52.201561,1.398303,53.602890,0.000000
19.391666,11.233333,1,-0.808452,1.400791,0.316842,-0.519030,-0.250730,0.112347,-0.809395,0.368267,0.041292,0.028348,0.008736,0.572060,0.677331,0.462486,-0.572061,-0.616517,0.540974,0.636508,0.082292,0.766868,0.028989,-0.822035,1.392277,0.101602,-0.005990,-0.029644,0.213707,-0.473902,0.329048,0.779230,-0.244838,8.442955,18.161183,0.000000,1,0.015438,-6.065995,28.493037,52.377694,1.391607,53.737303,0.000000
19.425000,11.266667,1,-0.808284,1.401504,0.317419,-0.518120,-0.251058,0.111371,-0.810011,0.367595,0.040991,0.028919,0.008033,0.571388,0.678314,0.461889,-0.573187,-0.617432,0.538733,0.635791,0.079652,0.767740,0.027964,-0.822035,1.392277,0.101602,-0.005530,-0.030239,0.214257,-0.473824,0.328098,0.779311,-0.246001,8.426854,18.564516,0.000000,1,0.015236,-6.031039,28.331718,52.551080,1.386668,53.868266,0.000000
19.458333,11.300000,1,-0.808239,1.402272,0.317867,-0.517339,-0.250406,0.110919,-0.810774,0.366953,0.040559,0.029361,0.008266,0.570394,0.679193,0.461823,-0.573303,-0.617904,0.538069,0.636762,0.077258,0.767180,0.026740,-0.822035,1.392277,0.101602,-0.004949,-0.030761,0.214687,-0.472921,0.327686,0.779786,-0.246781,8.511379,18.912274,0.000000,1,0.015706,-5.976552,28.195942,52.710546,1.377167,53.984667,0.000000
19.491666,11.333333,1,-0.808337,1.403118,0.318164,-0.516778,-0.248822,0.111255,-0.811572,0.366335,0.039968,0.029650,0.009435,0.569181,0.679753,0.462472,-0.572061,-0.617992,0.539288,0.639474,0.075695,0.765077,0.027057,-0.822035,1.392277,0.101602,-0.004218,-0.031206,0.214972,-0.471266,0.327870,0.780676,-0.246890,8.574790,19.270566,0.000000,1,0.016470,-5.898498,28.089844,52.855438,1.362072,54.084963,0.000000
19.525000,11.366667,1,-0.808500,1.404026,0.318501,-0.516049,-0.247260,0.111885,-0.812427,0.365707,0.039289,0.029977,0.010513,0.567828,0.680231,0.463409,-0.570284,-0.618511,0.540574,0.642388,0.074351,0.762764,0.029436,-0.822035,1.392277,0.101602,-0.003399,-0.031637,0.215299,-0.469550,0.327885,0.781742,-0.246766,8.535034,19.688649,0.000000,1,0.015691,-5.807142,27.975626,53.006338,1.343717,54.190758,0.000000
19.558333,11.400000,1,-0.808678,1.404812,0.319033,-0.514924,-0.247147,0.112260,-0.813123,0.365185,0.038668,0.030502,0.010115,0.566766,0.680680,0.464056,-0.569100,-0.620282,0.539793,0.643213,0.073144,0.762186,0.028986,-0.822035,1.392277,0.101602,-0.002674,-0.031996,0.215827,-0.468951,0.326906,0.782509,-0.246774,8.456884,20.344402,0.000000,1,0.014505,-5.722405,27.832239,53.154546,1.326955,54.303504,0.000000
19.591666,11.433333,1,-0.808896,1.405462,0.319736,-0.514135,-0.249002,0.111774,-0.813124,0.364795,0.038095,0.031197,0.008100,0.566887,0.680895,0.463633,-0.569958,-0.622187,0.536685,0.640554,0.072632,0.764471,0.029458,-0.822035,1.392277,0.101602,-0.002037,-0.032254,0.216528,-0.470264,0.325380,0.782228,-0.247183,8.366211,21.164823,0.000000,1,0.013800,-5.642564,27.666340,53.293587,1.311397,54.417909,0.000000
19.625000,11.466667,1,-0.809110,1.406206,0.320442,-0.514288,-0.251713,0.110900,-0.812311,0.364328,0.037468,0.031895,0.005736,0.568238,0.680562,0.462503,-0.572117,-0.623005,0.533430,0.636042,0.073606,0.768136,0.031418,-0.822035,1.392277,0.101602,-0.001328,-0.032569,0.217231,-0.472755,0.324339,0.781048,-0.247531,8.391205,21.593961,0.000000,1,0.012758,-5.555853,27.494135,53.446320,1.294032,54.541433,0.000000
19.658333,11.500000,1,-0.809164,1.407081,0.321041,-0.515295,-0.252925,0.110238,-0.811386,0.363660,0.036892,0.032486,0.005096,0.569684,0.680036,0.461502,-0.573980,-0.621870,0.532752,0.633483,0.075049,0.770108,0.031854,-0.822035,1.392277,0.101602,-0.000606,-0.033085,0.217815,-0.474282,0.324732,0.779918,-0.247655,8.460458,22.072526,0.000000,1,0.011690,-5.479130,27.328113,53.623195,1.278905,54.676138,0.000000
19.691666,11.533333,1,-0.808955,1.407953,0.321708,-0.515511,-0.252455,0.110237,-0.811395,0.362836,0.036528,0.033147,0.005614,0.569668,0.680046,0.461503,-0.573967,-0.621290,0.533442,0.634082,0.075012,0.769619,0.033535,-0.822035,1.392277,0.101602,-0.000045,-0.033814,0.218449,-0.473959,0.325136,0.779943,-0.247665,8.444411,22.672628,0.000000,1,0.010003,-5.435337,27.139470,53.828551,1.271692,54.832653,0.000000
19.725000,11.566667,1,-0.808658,1.408775,0.322593,-0.515778,-0.252666,0.110094,-0.811180,0.361998,0.036260,0.034027,0.005542,0.570002,0.679918,0.461280,-0.574381,-0.620947,0.533397,0.633583,0.075361,0.769996,0.037320,-0.822035,1.392277,0.101602,0.000419,-0.034598,0.219297,-0.474266,0.325287,0.779687,-0.247684,8.372711,23.484785,0.000000,1,0.008215,-5.405844,26.909135,54.052502,1.267997,55.011153,0.000000
19.758333,11.600000,1,-0.808493,1.409612,0.323739,-0.518247,-0.254424,0.109027,-0.809198,0.361227,0.035876,0.035166,0.005063,0.573006,0.678636,0.459447,-0.577765,-0.617793,0.533403,0.629397,0.078855,0.773073,0.042867,-0.822035,1.392277,0.101602,0.000968,-0.035301,0.220413,-0.476922,0.326775,0.777454,-0.247646,8.294606,24.319715,0.000000,1,0.006504,-5.358040,26.633241,54.288367,1.259849,55.209144,0.000000
19.791666,11.633333,1,-0.808525,1.410511,0.324952,-0.520427,-0.255904,0.108218,-0.807439,0.360525,0.035296,0.036371,0.004705,0.575625,0.677437,0.457944,-0.580530,-0.615040,0.533583,0.625873,0.082115,0.775590,0.045313,-0.822035,1.392277,0.101602,0.001683,-0.035888,0.221607,-0.479199,0.328117,0.775536,-0.247491,8.277137,25.120413,0.000000,1,0.005720,-5.280121,26.348126,54.520601,1.244307,55.407950,0.000000
19.825000,11.666667,1,-0.808653,1.411482,0.325970,-0.521034,-0.256270,0.107707,-0.807000,0.359823,0.034599,0.037380,0.004645,0.576333,0.677275,0.457293,-0.581724,-0.614072,0.533398,0.624780,0.082553,0.776425,0.042375,-0.822035,1.392277,0.101602,0.002516,-0.036428,0.222611,-0.479800,0.328517,0.774920,-0.247726,8.279904,26.000855,0.000000,1,0.005628,-5.184543,26.099346,54.737737,1.224396,55.588378,0.000000
19.858333,11.700000,1,-0.808715,1.412636,0.326949,-0.522569,-0.256726,0.106928,-0.805965,0.358936,0.033844,0.038348,0.004916,0.577915,0.676706,0.456134,-0.583835,-0.611656,0.533867,0.623020,0.084089,0.777673,0.045430,-0.822035,1.392277,0.101602,0.003459,-0.037128,0.223568,-0.480889,0.329725,0.773671,-0.247910,8.245114,26.975106,0.000000,1,0.004021,-5.082523,25.845205,54.983009,1.202689,55.785452,0.000000
19.891666,11.733333,1,-0.808738,1.413895,0.328047,-0.524349,-0.257439,0.106260,-0.804669,0.357941,0.033056,0.039435,0.005067,0.579833,0.675854,0.454960,-0.585971,-0.609097,0.534452,0.620850,0.086390,0.779155,0.050121,-0.822035,1.392277,0.101602,0.004459,-0.037929,0.224640,-0.482310,0.331042,0.772238,-0.247864,8.163356,28.146256,0.000000,1,0.002839,-4.976317,25.560910,55.255909,1.179792,56.006205,0.000000
19.925000,11.766667,1,-0.808766,1.415238,0.329211,-0.524235,-0.257506,0.106305,-0.804716,0.356883,0.032213,0.040586,0.004957,0.579761,0.675876,0.455022,-0.585861,-0.609329,0.534308,0.620824,0.086335,0.779182,0.053306,-0.822035,1.392277,0.101602,0.005529,-0.038780,0.225776,-0.482319,0.330907,0.772296,-0.247846,8.134856,29.335071,0.000000,1,0.002962,-4.862100,25.259335,55.544808,1.154780,56.240781,0.000000
19.958333,11.800000,1,-0.808774,1.416802,0.330379,-0.524379,-0.257185,0.106403,-0.804711,0.355635,0.031253,0.041741,0.005309,0.579747,0.675829,0.455106,-0.585701,-0.608991,0.534868,0.621303,0.086455,0.778786,0.058580,-0.822035,1.392277,0.101602,0.006765,-0.039779,0.226910,-0.482094,0.331178,0.772348,-0.247760,8.073803,29.914051,0.000000,1,0.003903,-4.732036,24.943320,55.866691,1.125536,56.497367,0.000000
19.991666,11.833333,1,-0.808896,1.418542,0.331412,-0.526045,-0.255811,0.106135,-0.804097,0.354315,0.030098,0.042757,0.007280,0.580627,0.675406,0.454582,-0.586604,-0.605601,0.537720,0.622509,0.087546,0.777700,0.060799,-0.822035,1.392277,0.101602,0.008211,-0.040783,0.227913,-0.481607,0.333304,0.771751,-0.247716,8.072374,30.444194,0.000000,1,0.004183,-4.572876,24.647434,56.191436,1.088709,56.749766,0.000000
20.025000,11.866667,1,-0.809183,1.420370,0.332338,-0.527046,-0.253476,0.106653,-0.804113,0.353026,0.028758,0.043665,0.009818,0.580482,0.675192,0.455039,-0.585687,-0.603078,0.541542,0.625876,0.088038,0.774938,0.062092,-0.822035,1.392277,0.101602,0.009831,-0.041700,0.228818,-0.479961,0.335233,0.772077,-0.247291,8.144670,31.251946,0.000000,1,0.004768,-4.384256,24.373807,56.503787,1.044144,56.989241,0.000000
20.058333,11.900000,1,-0.809346,1.422154,0.333526,-0.527401,-0.252462,0.107191,-0.804128,0.351696,0.027542,0.044836,0.010888,0.580348,0.674966,0.455521,-0.584764,-0.602285,0.543419,0.627560,0.088605,0.773510,0.064472,-0.822035,1.392277,0.101602,0.011334,-0.042708,0.229978,-0.479202,0.335992,0.772365,-0.246833,8.148128,32.683719,0.000000,1,0.007068,-4.213262,24.048987,56.840008,1.003935,57.257231,0.000000
20.091666,11.933333,1,-0.809222,1.423754,0.335103,-0.525674,-0.252703,0.107438,-0.805149,0.350338,0.026661,0.046400,0.009904,0.578905,0.675761,0.456201,-0.583566,-0.605098,0.541578,0.628031,0.086499,0.773366,0.067523,-0.822035,1.392277,0.101602,0.012511,-0.043860,0.231512,-0.478661,0.334312,0.773341,-0.247107,7.969889,34.880063,0.000000,1,0.011132,-4.092060,23.649174,57.205730,0.976626,57.564279,0.000000
20.125000,11.966667,1,-0.808985,1.425395,0.336769,-0.523794,-0.254423,0.107341,-0.805845,0.348880,0.025845,0.048054,0.007526,0.577985,0.676419,0.456436,-0.583219,-0.608784,0.537808,0.626184,0.084802,0.775050,0.070508,-0.822035,1.392277,0.101602,0.013651,-0.045133,0.233126,-0.479371,0.331847,0.773834,-0.247512,7.901459,36.846597,0.000000,1,0.013491,-3.981191,23.225401,57.592900,0.951909,57.890789,0.000000
20.158333,12.000000,1,-0.808804,1.427137,0.338260,-0.525252,-0.257494,0.106077,-0.804086,0.347376,0.024925,0.049530,0.005419,0.580669,0.675420,0.454535,-0.586737,-0.607711,0.535189,0.620297,0.087558,0.779465,0.068995,-0.822035,1.392277,0.101602,0.014910,-0.046410,0.234566,-0.482756,0.331841,0.771655,-0.247743,7.931472,37.103275,0.000000,1,0.013293,-3.854246,22.831490,57.973920,0.922799,58.205722,0.000000
20.191666,12.033333,1,-0.808671,1.428800,0.339421,-0.528705,-0.260136,0.104193,-0.801214,0.345965,0.024018,0.050677,0.004582,0.584951,0.673712,0.451578,-0.592112,-0.603107,0.534477,0.613828,0.092182,0.784039,0.060986,-0.822035,1.392277,0.101602,0.016141,-0.047580,0.235682,-0.486640,0.333850,0.768262,-0.247989,7.897978,37.955815,0.000000,1,0.010997,-3.727318,22.507121,58.312535,0.893677,58.477597,0.000000
20.225000,12.066667,1,-0.808419,1.430304,0.340280,-0.531580,-0.262227,0.102495,-0.798845,0.344610,0.023305,0.051525,0.003981,0.588469,0.672368,0.449010,-0.596748,-0.599114,0.533811,0.608486,0.095811,0.787759,0.052495,-0.822035,1.392277,0.101602,0.017179,-0.048732,0.236493,-0.489781,0.335574,0.765402,-0.248322,7.831312,38.860918,0.000000,1,0.009055,-3.628835,22.245910,58.615237,0.872252,58.711620,0.000000
20.258333,12.100000,1,-0.808026,1.431604,0.340969,-0.532875,-0.264119,0.101409,-0.797497,0.343333,0.022829,0.052205,0.002858,0.590477,0.671655,0.447446,-0.599568,-0.597683,0.532253,0.604435,0.097742,0.790636,0.045689,-0.822035,1.392277,0.101602,0.017975,-0.049865,0.237129,-0.492045,0.335938,0.763696,-0.248610,7.885959,39.780642,0.000000,1,0.008224,-3.565526,22.023997,58.888550,0.860450,58.918491,0.000000
20.291666,12.133333,1,-0.807687,1.432723,0.341535,-0.532405,-0.264835,0.101145,-0.797607,0.342234,0.022420,0.052763,0.002008,0.590376,0.671869,0.447263,-0.599904,-0.598634,0.530804,0.603375,0.097175,0.791515,0.038963,-0.822035,1.392277,0.101602,0.018659,-0.050838,0.237649,-0.492481,0.335202,0.763646,-0.248890,7.927473,41.504642,0.000000,1,0.007089,-3.510728,21.838316,59.121648,0.851026,59.093246,0.000000
20.325000,12.166667,1,-0.807479,1.433832,0.342011,-0.531217,-0.264555,0.101251,-0.798478,0.341221,0.021915,0.053231,0.001729,0.589183,0.672595,0.447746,-0.599041,-0.600266,0.529934,0.604341,0.095225,0.791015,0.036739,-0.822035,1.392277,0.101602,0.019415,-0.051696,0.238088,-0.491717,0.334243,0.764450,-0.249223,8.048407,43.206402,0.000000,1,0.006338,-3.440018,21.675915,59.333924,0.837099,59.250022,0.000000
20.358333,12.200000,1,-0.807368,1.434947,0.342409,-0.530600,-0.264387,0.101088,-0.798965,0.340263,0.021327,0.053620,0.001604,0.588553,0.673100,0.447817,-0.598914,-0.600963,0.529287,0.604739,0.093869,0.790873,0.035684,-0.822035,1.392277,0.101602,0.020237,-0.052474,0.238455,-0.491305,0.333760,0.764801,-0.249605,8.517385,44.384478,0.000000,1,0.005820,-3.355793,21.532480,59.531589,0.819257,59.393410,0.000000
20.391666,12.233333,1,-0.807349,1.436018,0.342778,-0.530687,-0.264458,0.100878,-0.798910,0.339395,0.020695,0.053980,0.001578,0.588662,0.673145,0.447605,-0.599294,-0.600749,0.529101,0.604463,0.093748,0.791098,0.033978,-0.822035,1.392277,0.101602,0.021077,-0.053150,0.238801,-0.491411,0.333812,0.764658,-0.249764,8.117929,45.257679,0.000000,1,0.005496,-3.263337,21.400831,59.711980,0.798960,59.524264,0.000000
20.425000,12.266667,1,-0.807361,1.437008,0.343200,-0.531926,-0.264903,0.100402,-0.797998,0.338611,0.020085,0.054393,0.001729,0.589974,0.672548,0.446773,-0.600781,-0.598913,0.529496,0.602993,0.095353,0.792027,0.032283,-0.822035,1.392277,0.101602,0.021870,-0.053757,0.239202,-0.492354,0.334752,0.763649,-0.249739,8.392115,45.827844,0.000000,1,0.005878,-3.173200,21.264931,59.881654,0.779147,59.651169,0.000000
20.458333,12.300000,1,-0.807330,1.437899,0.343669,-0.533916,-0.265951,0.099418,-0.796442,0.337879,0.019568,0.054855,0.001672,0.592230,0.671607,0.445202,-0.603584,-0.596022,0.529570,0.599982,0.097883,0.794003,0.030233,-0.822035,1.392277,0.101602,0.022557,-0.054342,0.239651,-0.494169,0.336118,0.761839,-0.249846,8.511581,46.329790,0.000000,1,0.006477,-3.096848,21.123604,60.044843,0.763060,59.776776,0.000000
20.491666,12.333333,1,-0.807244,1.438744,0.344169,-0.535034,-0.267287,0.098759,-0.795326,0.337151,0.019123,0.055347,0.000970,0.593832,0.670910,0.444120,-0.605512,-0.594777,0.528768,0.597082,0.099759,0.795953,0.029554,-0.822035,1.392277,0.101602,0.023173,-0.054946,0.240126,-0.495852,0.336558,0.760541,-0.249874,8.502398,46.816824,0.000000,1,0.007197,-3.031536,20.977053,60.208650,0.749916,59.904760,0.000000
20.525000,12.366667,1,-0.807089,1.439618,0.344555,-0.534602,-0.268154,0.099243,-0.795264,0.336359,0.018716,0.055727,0.000004,0.593833,0.670637,0.444531,-0.604784,-0.596234,0.527960,0.596243,0.100492,0.796490,0.029046,-0.822035,1.392277,0.101602,0.023774,-0.055614,0.240484,-0.496420,0.335772,0.760672,-0.249404,8.369784,47.430006,0.000000,1,0.007170,-2.972508,20.848300,60.374063,0.738359,60.028206,0.000000
20.558333,12.400000,1,-0.806888,1.440587,0.344621,-0.533394,-0.268370,0.100263,-0.795874,0.335463,0.018293,0.055785,-0.000722,0.592846,0.670722,0.445719,-0.602669,-0.598762,0.527517,0.597051,0.100264,0.795913,0.029764,-0.822035,1.392277,0.101602,0.024432,-0.056357,0.240517,-0.496061,0.334558,0.761641,-0.248792,8.247367,48.146066,0.000000,1,0.005641,-2.911559,20.775389,60.532698,0.726052,60.130315,0.000000
20.591666,12.433333,1,-0.806729,1.441645,0.344401,-0.533376,-0.268260,0.100778,-0.795858,0.334523,0.017786,0.055557,-0.000629,0.592782,0.670478,0.446171,-0.601862,-0.599042,0.528121,0.597550,0.100919,0.795455,0.032753,-0.822035,1.392277,0.101602,0.025191,-0.057100,0.240266,-0.495942,0.334579,0.761860,-0.248329,8.211098,48.722853,0.000000,1,0.003979,-2.837814,20.755547,60.677923,0.709881,60.208346,0.000000
20.625000,12.466667,1,-0.806661,1.442717,0.344136,-0.536095,-0.268437,0.100544,-0.793999,0.333627,0.017199,0.055283,0.000422,0.595304,0.668933,0.445130,-0.603718,-0.595022,0.530541,0.596028,0.105056,0.796061,0.033192,-0.822035,1.392277,0.101602,0.026018,-0.057776,0.239976,-0.497282,0.336976,0.760155,-0.247633,8.222131,49.490487,0.000000,1,0.003546,-2.750512,20.748168,60.812555,0.689619,60.276901,0.000000
20.658333,12.500000,1,-0.806705,1.443750,0.343942,-0.540006,-0.268919,0.099946,-0.791256,0.332828,0.016543,0.055081,0.001730,0.599034,0.666767,0.443370,-0.606840,-0.589176,0.533495,0.593322,0.110837,0.797298,0.031576,-0.822035,1.392277,0.101602,0.026878,-0.058344,0.239765,-0.499417,0.340331,0.757518,-0.246828,8.213472,50.320162,0.000000,1,0.003609,-2.651426,20.733686,60.936298,0.665767,60.342186,0.000000
20.691666,12.533333,1,-0.806786,1.444743,0.343957,-0.542028,-0.269193,0.099877,-0.789788,0.332085,0.015882,0.055086,0.002385,0.600973,0.665495,0.442652,-0.608106,-0.586300,0.535219,0.592033,0.114221,0.797779,0.029869,-0.822035,1.392277,0.101602,0.027723,-0.058871,0.239764,-0.500536,0.342049,0.756217,-0.246175,8.208153,51.384811,0.000000,1,0.004999,-2.550440,20.682651,61.065990,0.641151,60.422705,0.000000
20.725000,12.566667,1,-0.806848,1.445747,0.344343,-0.542942,-0.269233,0.100435,-0.789075,0.331319,0.015223,0.055462,0.002759,0.601814,0.664614,0.442833,-0.607783,-0.585305,0.536673,0.591947,0.116562,0.797504,0.032331,-0.822035,1.392277,0.101602,0.028558,-0.059443,0.240133,-0.500952,0.342850,0.755852,-0.245334,8.128411,52.241809,0.000000,1,0.008302,-2.449753,20.558088,61.226389,0.616366,60.543626,0.000000
20.758333,12.600000,1,-0.806991,1.446724,0.344907,-0.544277,-0.269340,0.101032,-0.788042,0.330624,0.014515,0.056017,0.003262,0.603063,0.663431,0.442905,-0.607649,-0.583739,0.538526,0.591607,0.119698,0.797291,0.034113,-0.822035,1.392277,0.101602,0.029416,-0.059946,0.240685,-0.501608,0.344004,0.755226,-0.244303,8.064388,53.197111,0.000000,1,0.009694,-2.340229,20.402670,61.388737,0.588791,60.675945,0.000000
20.791666,12.633333,1,-0.807160,1.447612,0.345444,-0.545665,-0.270289,0.101112,-0.786747,0.330014,0.013840,0.056545,0.003030,0.604735,0.662244,0.442402,-0.608543,-0.582291,0.539085,0.589621,0.122847,0.798283,0.031563,-0.822035,1.392277,0.101602,0.030218,-0.060374,0.241214,-0.503046,0.344845,0.754115,-0.243593,8.018837,53.904484,0.000000,1,0.009438,-2.235033,20.257703,61.534527,0.562317,60.796441,0.000000
20.825000,12.666667,1,-0.807225,1.448475,0.345869,-0.547254,-0.272010,0.100935,-0.785070,0.329362,0.013264,0.056962,0.002197,0.606934,0.660834,0.441503,-0.610140,-0.580853,0.538831,0.586188,0.126588,0.800225,0.028918,-0.822035,1.392277,0.101602,0.030941,-0.060863,0.241624,-0.505259,0.345535,0.752535,-0.242920,8.015848,54.419966,0.000000,1,0.009282,-2.145657,20.132517,61.677693,0.540308,60.909355,0.000000
20.858333,12.700000,1,-0.807184,1.449447,0.346125,-0.549222,-0.273388,0.101074,-0.783198,0.328561,0.012709,0.057210,0.001840,0.609320,0.659108,0.440798,-0.611387,-0.578824,0.539600,0.583309,0.131148,0.801593,0.030184,-0.822035,1.392277,0.101602,0.031691,-0.061491,0.241858,-0.507325,0.346713,0.750938,-0.241874,7.989022,55.284276,0.000000,1,0.009224,-2.060344,20.031212,61.832624,0.519261,61.020821,0.000000
20.891666,12.733333,1,-0.807084,1.450503,0.346233,-0.550166,-0.273743,0.101339,-0.782376,0.327658,0.012152,0.057309,0.001944,0.610329,0.658259,0.440669,-0.611614,-0.577776,0.540466,0.582522,0.133382,0.801796,0.031968,-0.822035,1.392277,0.101602,0.032478,-0.062206,0.241938,-0.508041,0.347410,0.750337,-0.241237,7.979370,56.060321,0.000000,1,0.008953,-1.974989,19.953152,61.992901,0.497986,61.127613,0.000000
20.925000,12.766667,1,-0.806992,1.451630,0.346285,-0.549991,-0.273644,0.101685,-0.782489,0.326702,0.011547,0.057352,0.001957,0.610128,0.658205,0.441029,-0.610979,-0.578187,0.540744,0.582962,0.133525,0.801453,0.033974,-0.822035,1.392277,0.101602,0.033327,-0.062954,0.241961,-0.507868,0.347287,0.750591,-0.240985,7.955299,56.941823,0.000000,1,0.009093,-1.881757,19.883466,62.157505,0.474149,61.234076,0.000000
20.958333,12.800000,1,-0.806980,1.452903,0.346230,-0.550294,-0.273750,0.101910,-0.782210,0.325678,0.010791,0.057285,0.001998,0.610447,0.657857,0.441106,-0.610843,-0.577929,0.541173,0.582809,0.134441,0.801411,0.038216,-0.822035,1.392277,0.101602,0.034343,-0.063718,0.241879,-0.508086,0.347511,0.750448,-0.240650,7.948012,57.954425,0.000000,1,0.008911,-1.764372,19.831284,62.325546,0.442834,61.336644,0.000000
20.991666,12.833333,1,-0.807045,1.454379,0.346016,-0.552223,-0.274523,0.101106,-0.780682,0.324539,0.009853,0.057058,0.002161,0.612526,0.656860,0.439707,-0.613306,-0.575005,0.541502,0.580299,0.137061,0.802787,0.044797,-0.822035,1.392277,0.101602,0.035573,-0.064531,0.241640,-0.509625,0.348941,0.748750,-0.240616,7.916760,59.090525,0.000000,1,0.008744,-1.617494,19.804120,62.500987,0.402358,61.434836,0.000000
21.025000,12.866667,1,-0.807219,1.456033,0.345686,-0.554575,-0.275078,0.100270,-0.778926,0.323323,0.008723,0.056713,0.002707,0.614887,0.655674,0.438176,-0.615990,-0.571272,0.542407,0.577930,0.140168,0.803959,0.050861,-0.822035,1.392277,0.101602,0.037012,-0.065356,0.241289,-0.511154,0.350853,0.746848,-0.240504,7.907478,60.938269,0.000000,1,0.008995,-1.438990,19.796426,62.680153,0.352005,61.528530,0.000000
21.058333,12.900000,1,-0.807549,1.457666,0.345462,-0.557230,-0.275355,0.099454,-0.777035,0.322218,0.007479,0.056472,0.003638,0.617396,0.654362,0.436600,-0.618735,-0.566897,0.543870,0.575880,0.143594,0.804825,0.050435,-0.822035,1.392277,0.101602,0.038525,-0.066049,0.241053,-0.512567,0.353163,0.744849,-0.240313,7.891686,62.451053,0.000000,1,0.009623,-1.240234,19.775882,62.848224,0.295194,61.620812,0.000000
21.091666,12.933333,1,-0.807997,1.459183,0.345466,-0.560723,-0.276322,0.097646,-0.774403,0.321276,0.006209,0.056459,0.004318,0.620967,0.652833,0.433809,-0.623582,-0.561048,0.544400,0.571772,0.147580,0.807029,0.047444,-0.822035,1.392277,0.101602,0.040010,-0.066594,0.241055,-0.514979,0.355953,0.741746,-0.240637,7.870808,63.752628,0.000000,1,0.010565,-1.035472,19.720750,63.005702,0.236247,61.719334,0.000000
21.125000,12.966667,1,-0.808409,1.460708,0.345514,-0.560284,-0.275830,0.098197,-0.774827,0.320306,0.004961,0.056492,0.004566,0.620352,0.652964,0.434489,-0.622397,-0.561746,0.545035,0.573076,0.147235,0.806167,0.047427,-0.822035,1.392277,0.101602,0.041479,-0.067175,0.241099,-0.514340,0.355759,0.742373,-0.240358,7.868174,64.840358,0.000000,1,0.011369,-0.833452,19.655661,63.169977,0.177819,61.824971,0.000000
21.158333,13.000000,1,-0.808819,1.462386,0.345435,-0.557935,-0.273959,0.100506,-0.776887,0.319213,0.003625,0.056395,0.005207,0.617407,0.653762,0.437467,-0.617192,-0.565568,0.546998,0.578428,0.145136,0.802718,0.051848,-0.822035,1.392277,0.101602,0.043072,-0.067841,0.241013,-0.511610,0.354398,0.745239,-0.239323,7.871962,66.027425,0.000000,1,0.011758,-0.616523,19.609496,63.343911,0.114435,61.929433,0.000000
21.191666,13.033333,1,-0.809268,1.463979,0.345430,-0.557855,-0.274085,0.101428,-0.776780,0.318211,0.002308,0.056372,0.005063,0.617393,0.653255,0.438245,-0.615832,-0.566319,0.547754,0.578823,0.146465,0.802192,0.049649,-0.822035,1.392277,0.101602,0.044619,-0.068429,0.241003,-0.511662,0.354250,0.745553,-0.238451,7.880957,67.161976,0.000000,1,0.012037,-0.401054,19.555118,63.507268,0.051142,62.031315,0.000000
21.225000,13.066667,1,-0.809640,1.465302,0.345678,-0.556769,-0.276506,0.102234,-0.776596,0.317378,0.001212,0.056606,0.002416,0.617502,0.652727,0.438899,-0.614724,-0.569978,0.545197,0.575946,0.147883,0.804000,0.041900,-0.822035,1.392277,0.101602,0.045898,-0.068934,0.241248,-0.513312,0.352178,0.745667,-0.237617,7.868851,68.483102,0.000000,1,0.012949,-0.220407,19.460203,63.660996,-0.001633,62.142168,0.000000
21.258333,13.100000,1,-0.809826,1.466661,0.345935,-0.553616,-0.278301,0.104014,-0.777971,0.316403,0.000243,0.056850,-0.000586,0.615477,0.653148,0.441118,-0.610829,-0.576952,0.542231,0.575510,0.146794,0.804512,0.041894,-0.822035,1.392277,0.101602,0.047095,-0.069611,0.241490,-0.513490,0.348481,0.747577,-0.236680,7.850867,69.780529,0.000000,1,0.014182,-0.060219,19.355321,63.837712,-0.048311,62.268701,0.000000
21.291666,13.133333,1,-0.810016,1.468545,0.345602,-0.555494,-0.277689,0.104026,-0.776849,0.315014,-0.001039,0.056499,0.000799,0.616890,0.652148,0.440623,-0.611702,-0.573717,0.544674,0.575688,0.149404,0.803904,0.057677,-0.822035,1.392277,0.101602,0.048728,-0.070560,0.241132,-0.513760,0.350459,0.746639,-0.236135,7.845417,71.096448,0.000000,1,0.013210,0.151852,19.345927,64.036697,-0.111648,62.374366,0.000000
21.325000,13.166667,1,-0.810205,1.470796,0.344789,-0.562270,-0.276111,0.102117,-0.772779,0.313332,-0.002536,0.055665,0.005219,0.622270,0.649393,0.437082,-0.617864,-0.561180,0.550746,0.574172,0.156523,0.803634,0.072024,-0.822035,1.392277,0.101602,0.050667,-0.071697,0.240287,-0.515341,0.357359,0.742345,-0.235884,7.851922,72.570245,0.000000,1,0.013959,0.401596,19.419217,64.244636,-0.187344,62.456374,0.000000
21.358333,13.200000,1,-0.810212,1.472779,0.344130,-0.566364,-0.275722,0.100883,-0.770086,0.311755,-0.003728,0.054988,0.007384,0.625774,0.647555,0.434770,-0.621842,-0.553833,0.553698,0.572316,0.161235,0.804026,0.062684,-0.822035,1.392277,0.101602,0.052278,-0.072829,0.239589,-0.516797,0.361282,0.739492,-0.235686,7.837614,74.101258,0.000000,1,0.012757,0.603499,19.470156,64.444895,-0.248348,62.542062,0.000000
21.391666,13.233333,1,-0.810037,1.474601,0.343545,-0.569056,-0.276861,0.099360,-0.767887,0.310197,-0.004678,0.054389,0.007556,0.628702,0.646284,0.432429,-0.625897,-0.549442,0.553504,0.568444,0.164520,0.806104,0.057638,-0.822035,1.392277,0.101602,0.053650,-0.074017,0.238958,-0.519005,0.363263,0.736881,-0.235967,7.843603,75.787885,0.000000,1,0.012449,0.766458,19.508119,64.647114,-0.297340,62.633247,0.000000
21.425000,13.266667,1,-0.809842,1.476270,0.342966,-0.572885,-0.279203,0.096804,-0.764512,0.308748,-0.005519,0.053797,0.007150,0.633188,0.644427,0.428644,-0.632426,-0.543404,0.552040,0.561514,0.169327,0.809957,0.053319,-0.822035,1.392277,0.101602,0.054887,-0.075130,0.238334,-0.522795,0.365769,0.732752,-0.236585,7.837989,77.528032,0.000000,1,0.011900,0.912033,19.551951,64.831615,-0.341182,62.713116,0.000000
21.458333,13.300000,1,-0.809671,1.477898,0.342281,-0.577337,-0.280888,0.094730,-0.760796,0.307347,-0.006355,0.053099,0.007613,0.637943,0.642053,0.425134,-0.638406,-0.536205,0.552198,0.555631,0.175420,0.812713,0.053233,-0.822035,1.392277,0.101602,0.056108,-0.076193,0.237607,-0.526258,0.369124,0.728567,-0.236620,7.825140,79.687929,0.000000,1,0.011260,1.057434,19.621009,64.999410,-0.385378,62.775470,0.000000
21.491666,13.333333,1,-0.809442,1.479587,0.341492,-0.580240,-0.281464,0.094120,-0.758447,0.305862,-0.007181,0.052297,0.008387,0.640810,0.640240,0.423540,-0.641088,-0.531585,0.553556,0.553083,0.180045,0.813439,0.056355,-0.822035,1.392277,0.101602,0.057346,-0.077332,0.236771,-0.528034,0.371528,0.726250,-0.236027,7.845666,82.054223,0.000000,1,0.011260,1.202365,19.708647,65.171154,-0.429779,62.833390,0.000000
