time_take_s,time_episode_s,tool_tracked,tool_world_x_m,tool_world_y_m,tool_world_z_m,tool_world_qx,tool_world_qy,tool_world_qz,tool_world_qw,tcp_robot_x_m,tcp_robot_y_m,tcp_robot_z_m,tcp_robot_qx,tcp_robot_qy,tcp_robot_qz,tcp_robot_qw,tcp_robot_rot6d_r00,tcp_robot_rot6d_r01,tcp_robot_rot6d_r02,tcp_robot_rot6d_r10,tcp_robot_rot6d_r11,tcp_robot_rot6d_r12,tcp_speed_m_s,box_world_x_m,box_world_y_m,box_world_z_m,tool_in_box_x_m,tool_in_box_y_m,tool_in_box_z_m,tool_in_box_qx,tool_in_box_qy,tool_in_box_qz,tool_in_box_qw,flap_left_deg,flap_right_deg,gripper,ik_reachable,ik_pos_err_mm,q1_deg,q2_deg,q3_deg,q4_deg,q5_deg,q6_deg
5.533333,0.000000,1,-0.837149,1.506650,0.491989,-0.001605,-0.212722,0.253925,-0.943541,0.300648,-0.046483,0.202291,-0.188091,0.093047,0.731244,0.649035,-0.086751,-0.984208,-0.154299,0.914203,-0.140192,0.380235,0.000000,-0.822945,1.390442,0.101236,0.092485,-0.080732,0.389003,-0.209031,-0.123680,0.948854,-0.201707,0.129933,0.084662,0.000000,1,0.062478,8.020856,-9.363322,70.815254,-2.021236,78.525942,0.071578
5.566666,0.033333,1,-0.838165,1.506444,0.489988,-0.005775,-0.212987,0.254172,-0.943398,0.301429,-0.047156,0.200286,-0.186467,0.096898,0.731022,0.649191,-0.087563,-0.985281,-0.146812,0.913008,-0.138325,0.383773,0.067638,-0.822945,1.390442,0.101236,0.092959,-0.079658,0.387078,-0.211167,-0.120100,0.948926,-0.201306,0.135488,0.082799,0.000000,1,0.043305,8.097533,-8.900498,70.665111,-2.097848,78.272497,0.067999
5.600000,0.066667,1,-0.839352,1.506321,0.488069,-0.008889,-0.213624,0.255228,-0.942945,0.302245,-0.048016,0.198363,-0.185643,0.099971,0.730157,0.649934,-0.086246,-0.986225,-0.141149,0.911989,-0.135184,0.387300,0.067771,-0.822945,1.390442,0.101236,0.093597,-0.078501,0.385246,-0.213123,-0.117644,0.949059,-0.200064,0.146537,0.079648,0.000000,1,0.042431,8.204751,-8.443375,70.499793,-2.183006,78.010002,0.064599
5.633333,0.100000,1,-0.840695,1.506309,0.486098,-0.012375,-0.214384,0.256467,-0.942396,0.303067,-0.049067,0.196386,-0.184764,0.103432,0.729126,0.650798,-0.084647,-0.987250,-0.134806,0.910807,-0.131526,0.391319,0.071558,-0.822945,1.390442,0.101236,0.094418,-0.077277,0.383370,-0.215353,-0.114916,0.949197,-0.198603,0.161565,0.072563,0.000000,1,0.040755,8.343265,-7.974118,70.327546,-2.276822,77.734747,0.061369
5.666666,0.133333,1,-0.842060,1.506373,0.483972,-0.016330,-0.215028,0.257407,-0.941933,0.303842,-0.050180,0.194254,-0.183573,0.107261,0.728308,0.651432,-0.083874,-0.988267,-0.127648,0.909506,-0.128262,0.395409,0.075811,-0.822945,1.390442,0.101236,0.095317,-0.076070,0.381340,-0.217703,-0.111712,0.949286,-0.197437,0.155421,0.060713,0.000000,1,0.038824,8.493499,-7.482432,70.160240,-2.371767,77.448414,0.058301
5.700000,0.166667,1,-0.843359,1.506461,0.481636,-0.020463,-0.215448,0.258203,-0.941538,0.304558,-0.051253,0.191912,-0.182101,0.111150,0.727615,0.651967,-0.083555,-0.989243,-0.120067,0.908281,-0.125168,0.399197,0.080223,-0.822945,1.390442,0.101236,0.096204,-0.074917,0.379096,-0.219940,-0.108244,0.949381,-0.196430,0.139477,0.073388,0.000000,1,0.036716,8.639166,-6.961116,70.001750,-2.461801,77.150044,0.055386
5.733333,0.200000,1,-0.844599,1.506536,0.479090,-0.024201,-0.215689,0.259058,-0.941160,0.305250,-0.052271,0.189359,-0.180646,0.114605,0.726908,0.652562,-0.083060,-0.990111,-0.113053,0.907299,-0.122058,0.402380,0.085008,-0.822945,1.390442,0.101236,0.097052,-0.073791,0.376638,-0.221837,-0.105049,0.949513,-0.195393,0.115006,0.068432,0.000000,1,0.034511,8.777001,-6.406398,69.845855,-2.545974,76.835058,0.052616
5.766666,0.233333,1,-0.845825,1.506583,0.476433,-0.027778,-0.215921,0.260077,-0.940727,0.305956,-0.053259,0.186697,-0.179254,0.117912,0.726079,0.653279,-0.082188,-0.990937,-0.106246,0.906393,-0.118646,0.405432,0.087783,-0.822945,1.390442,0.101236,0.097870,-0.072653,0.374070,-0.223647,-0.101994,0.949668,-0.194190,0.116165,0.072023,0.000000,1,0.032879,8.910033,-5.831464,69.684939,-2.625706,76.505787,0.049986
5.800000,0.266667,1,-0.847023,1.506550,0.473659,-0.031500,-0.216032,0.261216,-0.940268,0.306709,-0.054176,0.183917,-0.177689,0.121294,0.725175,0.654092,-0.081181,-0.991767,-0.099036,0.905556,-0.114903,0.408369,0.090674,-0.822945,1.390442,0.101236,0.098611,-0.071483,0.371383,-0.225412,-0.098759,0.949862,-0.192867,0.152850,0.053967,0.000000,1,0.031259,9.031001,-5.232340,69.514076,-2.698521,76.158123,0.047486
5.833333,0.300000,1,-0.848102,1.506423,0.470680,-0.035942,-0.216432,0.261944,-0.939814,0.307466,-0.054940,0.180934,-0.176063,0.125451,0.724460,0.654539,-0.081160,-0.992550,-0.090877,0.904201,-0.111681,0.412248,0.095133,-0.822945,1.390442,0.101236,0.099212,-0.070343,0.368486,-0.227774,-0.095006,0.949881,-0.191886,0.145180,0.052322,0.000000,1,0.029344,9.127813,-4.599478,69.341987,-2.759953,75.792609,0.045112
5.866666,0.333333,1,-0.849056,1.506223,0.467514,-0.041304,-0.217135,0.261927,-0.939436,0.308207,-0.055559,0.177766,-0.174299,0.130563,0.724150,0.654355,-0.082880,-0.993216,-0.081568,0.902187,-0.109546,0.417202,0.099358,-0.822945,1.390442,0.101236,0.099687,-0.069250,0.365396,-0.230843,-0.090555,0.949638,-0.191571,0.190310,0.065598,0.000000,1,0.027634,9.202444,-3.937733,69.171099,-2.810892,75.413055,0.042856
5.900000,0.366667,1,-0.849880,1.505995,0.464231,-0.046723,-0.218158,0.261777,-0.938987,0.308891,-0.056056,0.174481,-0.172798,0.135871,0.723836,0.654020,-0.084798,-0.993762,-0.072429,0.899849,-0.107594,0.422723,0.101777,-0.822945,1.390442,0.101236,0.100065,-0.068240,0.362179,-0.234224,-0.086196,0.949263,-0.191332,0.142565,0.069178,0.000000,1,0.026222,9.259610,-3.262408,69.006874,-2.853188,75.029455,0.040714
5.933333,0.400000,1,-0.850644,1.505788,0.460927,-0.051840,-0.219027,0.261714,-0.938534,0.309523,-0.056518,0.171174,-0.171293,0.140841,0.723477,0.653761,-0.086511,-0.994212,-0.063701,0.897712,-0.105522,0.427760,0.101924,-0.822945,1.390442,0.101236,0.100427,-0.067289,0.358938,-0.237330,-0.082036,0.948922,-0.191026,0.110114,0.081687,0.000000,1,0.025195,9.312997,-2.588790,68.846945,-2.892043,74.647660,0.038678
5.966666,0.433333,1,-0.851359,1.505622,0.457735,-0.056518,-0.219794,0.261648,-0.938103,0.310093,-0.056966,0.167980,-0.169893,0.145371,0.723139,0.653509,-0.088124,-0.994550,-0.055709,0.895761,-0.103586,0.432299,0.098278,-0.822945,1.390442,0.101236,0.100792,-0.066408,0.355803,-0.240143,-0.078221,0.948593,-0.190746,0.162123,0.083189,0.000000,1,0.024519,9.366418,-1.941357,68.694050,-2.928980,74.279976,0.036744
6.000000,0.466667,1,-0.852042,1.505489,0.454728,-0.061170,-0.220852,0.261500,-0.937604,0.310616,-0.057410,0.164971,-0.168765,0.150008,0.722776,0.653155,-0.089814,-0.994801,-0.048002,0.893537,-0.101773,0.437303,0.092573,-0.822945,1.390442,0.101236,0.101159,-0.065585,0.352852,-0.243203,-0.074558,0.948157,-0.190502,0.162291,0.073127,0.000000,1,0.024247,9.420546,-1.332162,68.547057,-2.964432,73.931128,0.034907
6.033333,0.500000,1,-0.852671,1.505380,0.452013,-0.065496,-0.222151,0.261718,-0.936943,0.311088,-0.057827,0.162254,-0.167996,0.154461,0.722104,0.653058,-0.090586,-0.995049,-0.040877,0.891254,-0.099315,0.442496,0.083683,-0.822945,1.390442,0.101236,0.101507,-0.064837,0.350188,-0.246315,-0.071300,0.947733,-0.189863,0.127764,0.055734,0.000000,1,0.024718,9.472124,-0.781588,68.410408,-2.997355,73.612191,0.033161
6.066666,0.533333,1,-0.853229,1.505348,0.449664,-0.069125,-0.222888,0.262292,-0.936347,0.311454,-0.058237,0.159903,-0.167035,0.158040,0.721328,0.653305,-0.090583,-0.995292,-0.034477,0.889699,-0.096431,0.446248,0.072435,-0.822945,1.390442,0.101236,0.101867,-0.064216,0.347882,-0.248603,-0.068416,0.947527,-0.188967,0.146948,0.057172,0.000000,1,0.026275,9.525324,-0.308406,68.295318,-3.029228,73.337058,0.031503
6.100000,0.566667,1,-0.853706,1.505376,0.447640,-0.072392,-0.223443,0.262729,-0.935845,0.311723,-0.058620,0.157877,-0.166073,0.161214,0.720697,0.653472,-0.090788,-0.995457,-0.028678,0.888364,-0.093969,0.449420,0.062383,-0.822945,1.390442,0.101236,0.102220,-0.063715,0.345895,-0.250569,-0.065769,0.947339,-0.188251,0.136790,0.063259,0.000000,1,0.028125,9.577011,0.095219,68.201610,-3.059112,73.102271,0.029928
6.133333,0.600000,1,-0.854149,1.505399,0.445918,-0.075050,-0.223652,0.263097,-0.935482,0.311974,-0.058975,0.156152,-0.165072,0.163687,0.720218,0.653639,-0.091014,-0.995565,-0.023791,0.887484,-0.091925,0.451576,0.053353,-0.822945,1.390442,0.101236,0.102542,-0.063260,0.344206,-0.251954,-0.063505,0.947239,-0.187682,0.159868,0.087292,0.000000,1,0.029829,9.624953,0.440804,68.116600,-3.086595,72.896298,0.028432
6.166666,0.633333,1,-0.854537,1.505374,0.444409,-0.078198,-0.224194,0.263355,-0.935022,0.312232,-0.059259,0.154642,-0.164152,0.166748,0.719703,0.653664,-0.091554,-0.995632,-0.018287,0.886144,-0.089836,0.454619,0.046751,-0.822945,1.390442,0.101236,0.102786,-0.062833,0.342728,-0.253859,-0.060953,0.947004,-0.187147,0.212346,0.088409,0.000000,1,0.030862,9.661454,0.745908,68.036391,-3.109121,72.709660,0.027010
6.200000,0.666667,1,-0.854831,1.505326,0.442964,-0.081060,-0.225361,0.263674,-0.934408,0.312450,-0.059455,0.153196,-0.163919,0.169833,0.719022,0.653678,-0.091672,-0.995695,-0.013692,0.884340,-0.087725,0.458528,0.044268,-0.822945,1.390442,0.101236,0.102956,-0.062474,0.341307,-0.256183,-0.058940,0.946637,-0.186481,0.228499,0.066132,0.000000,1,0.031006,9.685236,1.033801,67.966089,-3.126177,72.535320,0.025660
6.233333,0.700000,1,-0.855058,1.505272,0.441429,-0.083623,-0.226305,0.263820,-0.933913,0.312633,-0.059592,0.151660,-0.163620,0.172549,0.718524,0.653589,-0.092100,-0.995704,-0.009577,0.882774,-0.086096,0.461841,0.046581,-0.822945,1.390442,0.101236,0.103083,-0.062161,0.339791,-0.258178,-0.057089,0.946296,-0.186036,0.242353,0.058708,0.000000,1,0.029933,9.700982,1.334061,67.900568,-3.139503,72.358349,0.024377
6.266666,0.733333,1,-0.855202,1.505185,0.439751,-0.087001,-0.226960,0.263392,-0.933566,0.312792,-0.059643,0.149982,-0.162700,0.175866,0.718417,0.653052,-0.094104,-0.995554,-0.004074,0.881100,-0.085189,0.465193,0.050591,-0.822945,1.390442,0.101236,0.103141,-0.061887,0.338128,-0.260308,-0.054368,0.945849,-0.186153,0.245594,0.055775,0.000000,1,0.028313,9.704093,1.657428,67.836884,-3.147599,72.172753,0.023158
6.300000,0.766667,1,-0.855163,1.505049,0.437869,-0.090732,-0.228372,0.262525,-0.933110,0.312881,-0.059517,0.148101,-0.162304,0.179836,0.718411,0.652075,-0.096911,-0.995292,0.001332,0.878540,-0.084914,0.470060,0.056619,-0.822945,1.390442,0.101236,0.103058,-0.061719,0.336250,-0.263278,-0.051668,0.945093,-0.186585,0.135386,0.054363,0.000000,1,0.026182,9.681517,2.009744,67.783628,-3.145843,71.980583,0.022000
6.333333,0.800000,1,-0.854940,1.504922,0.435627,-0.094742,-0.230051,0.261620,-0.932553,0.312853,-0.059245,0.145861,-0.162020,0.184176,0.718332,0.651020,-0.099844,-0.994978,0.007035,0.875618,-0.084504,0.475556,0.067683,-0.822945,1.390442,0.101236,0.102885,-0.061684,0.334001,-0.266611,-0.048838,0.944229,-0.186990,0.063662,0.056214,0.000000,1,0.022630,9.639424,2.416822,67.743002,-3.136361,71.772496,0.020900
6.366666,0.833333,1,-0.854513,1.504886,0.432927,-0.099454,-0.231429,0.260527,-0.932027,0.312630,-0.058864,0.143163,-0.161155,0.189008,0.718368,0.649810,-0.103552,-0.994524,0.014102,0.872685,-0.084046,0.480995,0.082030,-0.822945,1.390442,0.101236,0.102680,-0.061838,0.331279,-0.270003,-0.045242,0.943330,-0.187565,0.032202,0.075811,0.000000,1,0.018112,9.585535,2.892445,67.722370,-3.121747,71.546922,0.019855
6.400000,0.866667,1,-0.853796,1.504945,0.429780,-0.104812,-0.232569,0.258737,-0.931655,0.312158,-0.058304,0.140019,-0.159791,0.194312,0.718854,0.648043,-0.109015,-0.993794,0.022112,0.869597,-0.084567,0.486467,0.096835,-0.822945,1.390442,0.101236,0.102397,-0.062254,0.328090,-0.273499,-0.040949,0.942268,-0.188817,0.060202,0.073148,0.000000,1,0.013522,9.510359,3.430056,67.730933,-3.098714,71.311514,0.018862
6.433333,0.900000,1,-0.852968,1.505102,0.426311,-0.110069,-0.233266,0.256632,-0.931457,0.311542,-0.057712,0.136553,-0.158078,0.199327,0.719635,0.646069,-0.115212,-0.992887,0.030042,0.866850,-0.085726,0.491144,0.107096,-0.822945,1.390442,0.101236,0.102138,-0.062797,0.324571,-0.276567,-0.036538,0.941227,-0.190441,0.059526,0.097015,0.000000,1,0.011536,9.433960,4.019953,67.748252,-3.074732,71.059850,0.017919
6.466666,0.933333,1,-0.852137,1.505366,0.422658,-0.115498,-0.234028,0.254410,-0.931218,0.310839,-0.057181,0.132903,-0.156345,0.204525,0.720433,0.643973,-0.121709,-0.991833,0.038145,0.863927,-0.086936,0.496057,0.112655,-0.822945,1.390442,0.101236,0.101969,-0.063392,0.320868,-0.279773,-0.032000,0.940098,-0.192145,0.061778,0.119278,0.000000,1,0.011832,9.369194,4.643582,67.764545,-3.054526,70.794619,0.017023
6.500000,0.966667,1,-0.851221,1.505701,0.418785,-0.121050,-0.235098,0.251733,-0.930971,0.310028,-0.056624,0.129032,-0.154835,0.209970,0.721428,0.641468,-0.129091,-0.990566,0.045973,0.860524,-0.088864,0.501600,0.119823,-0.822945,1.390442,0.101236,0.101815,-0.064083,0.316937,-0.283318,-0.027481,0.938747,-0.194239,0.092251,0.150069,0.000000,1,0.013247,9.303070,5.305148,67.783997,-3.033541,70.516348,0.016172
6.533333,1.000000,1,-0.850194,1.506036,0.414728,-0.127593,-0.237287,0.248345,-0.930451,0.309151,-0.055976,0.124977,-0.153888,0.216802,0.722501,0.638207,-0.138020,-0.988937,0.054360,0.855484,-0.091377,0.509704,0.125959,-0.822945,1.390442,0.101236,0.101601,-0.064853,0.312815,-0.288321,-0.022571,0.936822,-0.196790,0.489310,0.182535,0.000000,1,0.015587,9.223962,6.001232,67.801262,-3.007916,70.223667,0.015363
6.566666,1.033333,1,-0.849203,1.506317,0.410870,-0.135257,-0.239845,0.245131,-0.929565,0.308338,-0.055326,0.121122,-0.152770,0.224803,0.723171,0.634940,-0.147026,-0.987026,0.064515,0.849653,-0.092630,0.519142,0.119790,-0.822945,1.390442,0.101236,0.101359,-0.065575,0.308895,-0.294151,-0.016829,0.934665,-0.198979,0.201530,0.065693,0.000000,1,0.013973,9.142254,6.670413,67.805891,-2.981647,69.936044,0.014595
6.600000,1.066667,1,-0.848402,1.506617,0.407489,-0.141802,-0.240671,0.243282,-0.928861,0.307624,-0.054843,0.117743,-0.150596,0.231030,0.723391,0.632970,-0.153340,-0.985354,0.074591,0.846186,-0.091948,0.524896,0.104619,-0.822945,1.390442,0.101236,0.101230,-0.066184,0.305464,-0.297904,-0.011328,0.933318,-0.200108,0.065281,0.059118,0.000000,1,0.010795,9.083997,7.262292,67.800957,-2.963816,69.675504,0.013865
6.633333,1.100000,1,-0.847862,1.507002,0.404435,-0.146771,-0.240535,0.242384,-0.928359,0.306997,-0.054621,0.114689,-0.148261,0.235418,0.723361,0.631939,-0.157344,-0.984046,0.083047,0.844433,-0.090464,0.527968,0.093767,-0.822945,1.390442,0.101236,0.101312,-0.066652,0.302375,-0.300065,-0.006817,0.932575,-0.200547,0.150005,0.061908,0.000000,1,0.011253,9.065288,7.804238,67.782522,-2.959900,69.429046,0.013172
6.666666,1.133333,1,-0.847477,1.507450,0.401590,-0.150013,-0.239891,0.242016,-0.928104,0.306414,-0.054562,0.111843,-0.146239,0.238032,0.723308,0.631491,-0.159667,-0.983144,0.089079,0.843905,-0.089120,0.529039,0.087171,-0.822945,1.390442,0.101236,0.101529,-0.067043,0.299503,-0.300979,-0.003627,0.932268,-0.200685,0.162453,0.074951,0.000000,1,0.012015,9.072020,8.313406,67.756898,-2.964792,69.192963,0.012514
6.700000,1.166667,1,-0.847091,1.507925,0.398897,-0.152227,-0.239010,0.241768,-0.928035,0.305808,-0.054521,0.109149,-0.144464,0.239621,0.723365,0.631233,-0.161350,-0.982457,0.093513,0.843990,-0.088253,0.529048,0.082843,-0.822945,1.390442,0.101236,0.101764,-0.067460,0.296784,-0.301214,-0.001248,0.932166,-0.200836,0.136595,0.069987,0.000000,1,0.012132,9.082123,8.793580,67.737302,-2.970613,68.972454,0.011888
6.733333,1.200000,1,-0.846677,1.508375,0.396256,-0.155283,-0.238910,0.241060,-0.927739,0.305205,-0.054442,0.106507,-0.143013,0.242312,0.723427,0.630465,-0.164123,-0.981498,0.098619,0.842882,-0.087599,0.530920,0.081333,-0.822945,1.390442,0.101236,0.101961,-0.067889,0.294114,-0.302532,0.001538,0.931649,-0.201250,0.090867,0.074327,0.000000,1,0.011789,9.086204,9.265445,67.716827,-2.974204,68.755597,0.011294
6.766666,1.233333,1,-0.846228,1.508737,0.393629,-0.158762,-0.239467,0.239786,-0.927336,0.304651,-0.054282,0.103881,-0.141965,0.245675,0.723648,0.629145,-0.168046,-0.980313,0.103665,0.840805,-0.087641,0.534197,0.080677,-0.822945,1.390442,0.101236,0.102067,-0.068296,0.291458,-0.304638,0.004416,0.930771,-0.202093,0.100424,0.065701,0.000000,1,0.011139,9.076036,9.738701,67.687660,-2.972844,68.534393,0.010729
6.800000,1.266667,1,-0.845762,1.509034,0.391119,-0.162452,-0.239947,0.238640,-0.926869,0.304139,-0.054071,0.101371,-0.140753,0.249192,0.723755,0.627910,-0.171836,-0.979055,0.109199,0.838757,-0.087266,0.537468,0.077111,-0.822945,1.390442,0.101236,0.102106,-0.068687,0.288918,-0.306767,0.007514,0.929900,-0.202789,0.104524,0.065111,0.000000,1,0.010907,9.056155,10.193313,67.654966,-2.968080,68.319456,0.010192
6.833333,1.300000,1,-0.845365,1.509311,0.388739,-0.166378,-0.240718,0.237607,-0.926238,0.303684,-0.053903,0.098990,-0.139694,0.253051,0.723666,0.626704,-0.175455,-0.977749,0.114992,0.836350,-0.086414,0.541343,0.072870,-0.822945,1.390442,0.101236,0.102164,-0.069017,0.286512,-0.309255,0.010691,0.928933,-0.203296,0.103310,0.061925,0.000000,1,0.011222,9.041691,10.628434,67.614902,-2.965194,68.109219,0.009683
6.866666,1.333333,1,-0.845121,1.509569,0.386484,-0.170404,-0.241633,0.236298,-0.925602,0.303335,-0.053847,0.096735,-0.138722,0.257064,0.723697,0.625250,-0.179637,-0.976304,0.120672,0.833662,-0.085961,0.545545,0.068489,-0.822945,1.390442,0.101236,0.102294,-0.069222,0.284242,-0.311924,0.013897,0.927835,-0.204041,0.087114,0.072764,0.000000,1,0.011798,9.042770,11.048552,67.558178,-2.967784,67.897134,0.009199
6.900000,1.366667,1,-0.844909,1.509811,0.384416,-0.174524,-0.242048,0.235037,-0.925047,0.303019,-0.053809,0.094667,-0.137261,0.260937,0.723778,0.623873,-0.183884,-0.974723,0.126890,0.831457,-0.085389,0.548987,0.062779,-0.822945,1.390442,0.101236,0.102423,-0.069403,0.282161,-0.314193,0.017412,0.926845,-0.204788,0.107386,0.065225,0.000000,1,0.012327,9.045891,11.434982,67.503042,-2.970901,67.699859,0.008739
6.933333,1.400000,1,-0.844655,1.510050,0.382524,-0.178219,-0.241629,0.234090,-0.924692,0.302680,-0.053736,0.092774,-0.135240,0.264058,0.723896,0.622863,-0.187505,-0.973198,0.133143,0.830353,-0.084632,0.550773,0.057721,-0.822945,1.390442,0.101236,0.102521,-0.069627,0.280253,-0.315524,0.020919,0.926189,-0.205379,0.101088,0.076354,0.000000,1,0.012862,9.043944,11.785514,67.459983,-2.971951,67.523599,0.008302
6.966666,1.433333,1,-0.844417,1.510372,0.380663,-0.180690,-0.241590,0.232649,-0.924586,0.302283,-0.053726,0.090913,-0.134109,0.266251,0.724454,0.621524,-0.191446,-0.971944,0.136652,0.829117,-0.085637,0.552477,0.057107,-0.822945,1.390442,0.101236,0.102695,-0.069888,0.278375,-0.316651,0.023173,0.925491,-0.206546,0.114959,0.077311,0.000000,1,0.013028,9.053799,12.127768,67.424315,-2.976762,67.355363,0.007887
7.000000,1.466667,1,-0.844265,1.510753,0.378764,-0.182644,-0.241329,0.229984,-0.924937,0.301891,-0.053821,0.089012,-0.133013,0.267880,0.725964,0.619294,-0.197566,-0.970432,0.138668,0.827906,-0.089431,0.553691,0.058284,-0.822945,1.390442,0.101236,0.102969,-0.070111,0.276465,-0.317382,0.025091,0.924633,-0.209028,0.122824,0.132107,0.000000,1,0.012856,9.080880,12.480251,67.380629,-2.987412,67.180023,0.007492
7.033333,1.500000,1,-0.844238,1.511073,0.376985,-0.185103,-0.239007,0.226906,-0.925811,0.301623,-0.053979,0.087232,-0.129848,0.269039,0.728127,0.616918,-0.205102,-0.968258,0.142859,0.828522,-0.094059,0.552000,0.054219,-0.822945,1.390442,0.101236,0.103260,-0.070206,0.274684,-0.316536,0.028401,0.924116,-0.212150,0.090286,0.125350,0.000000,1,0.013121,9.115153,12.818142,67.320102,-3.000660,67.002372,0.007118
7.066666,1.533333,1,-0.844210,1.511233,0.375534,-0.188034,-0.236786,0.224845,-0.926294,0.301481,-0.054043,0.085780,-0.126560,0.270669,0.729488,0.615279,-0.210828,-0.966189,0.148425,0.829166,-0.096340,0.550639,0.043801,-0.822945,1.390442,0.101236,0.103414,-0.070229,0.273232,-0.315965,0.032065,0.923725,-0.214173,0.084201,0.153658,0.000000,1,0.014081,9.130678,13.097656,67.259581,-3.007435,66.847617,0.006762
7.100000,1.566667,1,-0.844154,1.511282,0.374302,-0.190825,-0.236211,0.223636,-0.926162,0.301411,-0.054019,0.084548,-0.124805,0.272909,0.729920,0.614135,-0.214525,-0.964659,0.153011,0.828417,-0.096718,0.551698,0.037023,-0.822945,1.390442,0.101236,0.103455,-0.070224,0.271999,-0.316755,0.034843,0.923132,-0.215126,0.110734,0.145912,0.000000,1,0.014757,9.129580,13.336559,67.202421,-3.008356,66.710646,0.006424
7.133333,1.600000,1,-0.844114,1.511303,0.373091,-0.193022,-0.234783,0.222461,-0.926353,0.301373,-0.053991,0.083336,-0.122550,0.274237,0.730622,0.613162,-0.218028,-0.963194,0.157227,0.828763,-0.097654,0.551013,0.036375,-0.822945,1.390442,0.101236,0.103481,-0.070191,0.270787,-0.316524,0.037475,0.922850,-0.216230,0.068992,0.148444,0.000000,1,0.014451,9.126874,13.573255,67.140850,-3.008570,66.572906,0.006103
7.166666,1.633333,1,-0.843967,1.511327,0.371847,-0.195283,-0.233008,0.221138,-0.926645,0.301267,-0.053879,0.082093,-0.119957,0.275466,0.731480,0.612099,-0.221890,-0.961565,0.161733,0.829388,-0.098906,0.549848,0.037576,-0.822945,1.390442,0.101236,0.103448,-0.070246,0.269536,-0.316019,0.040325,0.922600,-0.217519,0.072323,0.149874,0.000000,1,0.013937,9.112221,13.811612,67.089525,-3.004291,66.440487,0.005797
7.200000,1.666667,1,-0.843646,1.511325,0.370632,-0.197083,-0.232579,0.219539,-0.926751,0.301079,-0.053612,0.080880,-0.118777,0.276884,0.732295,0.610713,-0.225843,-0.960220,0.164234,0.828671,-0.100729,0.550599,0.037690,-0.822945,1.390442,0.101236,0.103292,-0.070427,0.268303,-0.316501,0.042160,0.922014,-0.218950,0.094944,0.157448,0.000000,1,0.013657,9.074242,14.037922,67.056436,-2.991640,66.322598,0.005508
7.233333,1.700000,1,-0.843251,1.511302,0.369325,-0.198288,-0.232194,0.217550,-0.927060,0.300862,-0.053274,0.079574,-0.117901,0.277788,0.733463,0.609069,-0.230270,-0.958962,0.165431,0.827956,-0.103739,0.551115,0.040985,-0.822945,1.390442,0.101236,0.103080,-0.070652,0.266972,-0.316763,0.043453,0.921415,-0.220835,0.101407,0.159274,0.000000,1,0.012525,9.025054,14.280588,67.023380,-2.975036,66.199116,0.005232
7.266666,1.733333,1,-0.842834,1.511330,0.367816,-0.200281,-0.232141,0.215277,-0.927175,0.300592,-0.052946,0.078068,-0.116973,0.279547,0.734587,0.607085,-0.235530,-0.957313,0.167563,0.826515,-0.106603,0.552728,0.046960,-0.822945,1.390442,0.101236,0.102901,-0.070911,0.265438,-0.317682,0.045305,0.920522,-0.222855,0.084832,0.170901,0.000000,1,0.011006,8.979116,14.561194,66.984624,-2.959442,66.059104,0.004971
7.300000,1.766667,1,-0.842434,1.511421,0.366188,-0.203461,-0.232940,0.213029,-0.926802,0.300282,-0.052671,0.076441,-0.116278,0.282748,0.735269,0.604907,-0.241133,-0.955294,0.171082,0.823784,-0.108281,0.556466,0.050365,-0.822945,1.390442,0.101236,0.102788,-0.071184,0.263786,-0.319888,0.047831,0.919211,-0.224579,0.109788,0.176858,0.000000,1,0.010298,8.942797,14.865188,66.941275,-2.947064,65.908716,0.004722
7.333333,1.800000,1,-0.842130,1.511581,0.364454,-0.207155,-0.233645,0.210771,-0.926322,0.299975,-0.052511,0.074707,-0.115270,0.286369,0.735861,0.602673,-0.246997,-0.952986,0.175529,0.820947,-0.109556,0.560395,0.053040,-0.822945,1.390442,0.101236,0.102787,-0.071414,0.262033,-0.322244,0.050861,0.917814,-0.226251,0.119124,0.148748,0.000000,1,0.010123,8.925720,15.192952,66.885559,-2.941290,65.743894,0.004486
7.366666,1.833333,1,-0.841931,1.511826,0.362742,-0.210138,-0.236005,0.208577,-0.925548,0.299663,-0.052487,0.072995,-0.116059,0.290093,0.736160,0.600370,-0.252172,-0.951273,0.177451,0.816602,-0.110803,0.566466,0.052211,-0.822945,1.390442,0.101236,0.102917,-0.071608,0.260308,-0.325734,0.052505,0.916126,-0.227715,0.063558,0.127392,0.000000,1,0.010649,8.931410,15.518408,66.826307,-2.943228,65.579075,0.004262
7.400000,1.866667,1,-0.841779,1.512032,0.361208,-0.212565,-0.239422,0.207399,-0.924380,0.299411,-0.052479,0.071460,-0.118039,0.293794,0.735651,0.598806,-0.254996,-0.950384,0.178180,0.811667,-0.110232,0.573625,0.046673,-0.822945,1.390442,0.101236,0.103038,-0.071753,0.258764,-0.329877,0.053154,0.914512,-0.228086,0.066011,0.110366,0.000000,1,0.011010,8.938142,15.812367,66.767222,-2.945514,65.426792,0.004049
7.433333,1.900000,1,-0.841644,1.512097,0.359861,-0.214786,-0.241916,0.206924,-0.923323,0.299280,-0.052400,0.070114,-0.119282,0.296898,0.734927,0.597917,-0.256533,-0.949681,0.179713,0.808023,-0.108693,0.579038,0.040642,-0.822945,1.390442,0.101236,0.103049,-0.071815,0.257411,-0.333091,0.054021,0.913339,-0.227910,0.059018,0.109061,0.000000,1,0.011039,8.929935,16.074399,66.702390,-2.942805,65.283858,0.003846
7.466666,1.933333,1,-0.841508,1.512026,0.358637,-0.217330,-0.243829,0.206062,-0.922417,0.299258,-0.052240,0.068891,-0.119863,0.300031,0.734512,0.596747,-0.259053,-0.948560,0.182003,0.804710,-0.107750,0.583808,0.037012,-0.822945,1.390442,0.101236,0.102945,-0.071806,0.256181,-0.335951,0.055448,0.912145,-0.228151,0.048616,0.107691,0.000000,1,0.010829,8.905147,16.316686,66.630231,-2.934507,65.144859,0.003654
7.500000,1.966667,1,-0.841304,1.511844,0.357451,-0.220941,-0.245686,0.204948,-0.921314,0.299282,-0.051960,0.067706,-0.119918,0.304094,0.734036,0.595262,-0.262565,-0.946821,0.185983,0.800955,-0.106379,0.589198,0.036521,-0.822945,1.390442,0.101236,0.102711,-0.071791,0.254987,-0.339249,0.057860,0.910687,-0.228499,0.058910,0.096929,0.000000,1,0.010241,8.859109,16.552557,66.555823,-2.918900,65.007443,0.003471
7.533333,2.000000,1,-0.841013,1.511614,0.356251,-0.225572,-0.248096,0.203853,-0.919788,0.299293,-0.051580,0.066510,-0.120014,0.309318,0.733178,0.593607,-0.266455,-0.944684,0.191243,0.796193,-0.103906,0.596053,0.037666,-0.822945,1.390442,0.101236,0.102387,-0.071817,0.253774,-0.343495,0.060932,0.908869,-0.228596,0.061482,0.083758,0.000000,1,0.009587,8.796803,16.789387,66.484529,-2.897590,64.871736,0.003298
7.566666,2.033333,1,-0.840724,1.511440,0.354996,-0.229230,-0.250030,0.202565,-0.918644,0.299261,-0.051235,0.065257,-0.120117,0.313458,0.732743,0.591948,-0.270338,-0.942796,0.195072,0.792189,-0.102682,0.601576,0.039008,-0.822945,1.390442,0.101236,0.102111,-0.071872,0.252505,-0.346886,0.063356,0.907293,-0.229077,0.053237,0.087991,0.000000,1,0.009323,8.741343,17.035919,66.414288,-2.878434,64.733707,0.003133
7.600000,2.066667,1,-0.840504,1.511302,0.353851,-0.230599,-0.250576,0.201365,-0.918416,0.299242,-0.050968,0.064113,-0.120000,0.314927,0.733080,0.590774,-0.273172,-0.941752,0.196163,0.790587,-0.103613,0.603520,0.035225,-0.822945,1.390442,0.101236,0.101901,-0.071897,0.251350,-0.348018,0.064360,0.906557,-0.229990,0.045299,0.071860,0.000000,1,0.009810,8.698475,17.262086,66.346470,-2.863474,64.605107,0.002976
7.633333,2.100000,1,-0.840343,1.511145,0.352920,-0.231583,-0.251115,0.200402,-0.918232,0.299272,-0.050739,0.063184,-0.120047,0.316048,0.733349,0.589831,-0.275375,-0.940986,0.196758,0.789224,-0.104425,0.605163,0.028733,-0.822945,1.390442,0.101236,0.101705,-0.071877,0.250412,-0.348964,0.065016,0.905960,-0.230723,0.042089,0.078154,0.000000,1,0.010553,8.660429,17.448049,66.284396,-2.850104,64.494753,0.002827
7.666666,2.133333,1,-0.840242,1.511012,0.352022,-0.232988,-0.251518,0.199621,-0.917936,0.299319,-0.050572,0.062287,-0.119785,0.317486,0.733438,0.589001,-0.277458,-0.940052,0.198290,0.787932,-0.104560,0.606819,0.027398,-0.822945,1.390442,0.101236,0.101562,-0.071826,0.249512,-0.349976,0.066106,0.905360,-0.231235,0.046906,0.068047,0.000000,1,0.010667,8.632444,17.628709,66.220076,-2.840079,64.385783,0.002686
7.700000,2.166667,1,-0.840164,1.510899,0.351022,-0.234126,-0.251641,0.199361,-0.917669,0.299364,-0.050434,0.061289,-0.119388,0.318560,0.733320,0.588649,-0.278478,-0.939401,0.199941,0.787272,-0.104023,0.607768,0.030273,-0.822945,1.390442,0.101236,0.101452,-0.071760,0.248511,-0.350605,0.067074,0.905026,-0.231311,0.046133,0.067472,0.000000,1,0.010181,8.609586,17.830244,66.147395,-2.831715,64.265462,0.002552
7.733333,2.200000,1,-0.840121,1.510752,0.349982,-0.234417,-0.251865,0.199870,-0.917423,0.299458,-0.050304,0.060250,-0.119457,0.318922,0.732874,0.588995,-0.277630,-0.939512,0.200593,0.787123,-0.102748,0.608178,0.031534,-0.822945,1.390442,0.101236,0.101335,-0.071643,0.247473,-0.350919,0.067222,0.905041,-0.230734,0.048618,0.050878,0.000000,1,0.009837,8.586832,18.042694,66.063203,-2.823387,64.135724,0.002424
7.766666,2.233333,1,-0.840182,1.510557,0.349002,-0.234180,-0.252365,0.200214,-0.917271,0.299653,-0.050228,0.059270,-0.120009,0.318934,0.732584,0.589237,-0.276796,-0.939880,0.200022,0.786781,-0.102162,0.608719,0.030047,-0.822945,1.390442,0.101236,0.101237,-0.071418,0.246502,-0.351243,0.066777,0.905045,-0.230354,0.076242,0.058058,0.000000,1,0.009878,8.570697,18.248907,65.965505,-2.817341,64.001796,0.002303
7.800000,2.266667,1,-0.840405,1.510413,0.348126,-0.236159,-0.253050,0.199878,-0.916648,0.299904,-0.050313,0.058395,-0.119740,0.321012,0.732184,0.588659,-0.278285,-0.938890,0.202591,0.785138,-0.100863,0.611052,0.027451,-0.822945,1.390442,0.101236,0.101272,-0.071097,0.245646,-0.352748,0.068244,0.904364,-0.230300,0.051946,0.072547,0.000000,1,0.010378,8.580024,18.438485,65.861697,-2.819746,63.871471,0.002188
7.833333,2.300000,1,-0.840835,1.510282,0.347433,-0.240182,-0.253745,0.199806,-0.915425,0.300269,-0.050573,0.057700,-0.118568,0.324928,0.731137,0.588050,-0.280278,-0.936942,0.208768,0.782838,-0.097239,0.614581,0.024791,-0.822945,1.390442,0.101236,0.101433,-0.070627,0.244985,-0.355177,0.071529,0.903316,-0.229682,0.065360,0.087308,0.000000,1,0.010857,8.615622,18.598624,65.748453,-2.830896,63.747577,0.002078
7.866666,2.333333,1,-0.841437,1.510004,0.346999,-0.242534,-0.254007,0.200488,-0.914583,0.300854,-0.050883,0.057265,-0.117751,0.327152,0.730088,0.588284,-0.280113,-0.936043,0.212979,0.781953,-0.093787,0.616242,0.023780,-0.822945,1.390442,0.101236,0.101567,-0.069950,0.244597,-0.356449,0.073498,0.902925,-0.228622,0.059936,0.084869,0.000000,1,0.010863,8.654126,18.717741,65.618439,-2.843059,63.630102,0.001974
7.900000,2.366667,1,-0.842073,1.509547,0.346731,-0.243799,-0.253673,0.201241,-0.914174,0.301602,-0.051114,0.056997,-0.116886,0.328138,0.729390,0.588773,-0.279369,-0.935599,0.215887,0.782181,-0.091344,0.616319,0.024810,-0.822945,1.390442,0.101236,0.101570,-0.069152,0.244379,-0.356705,0.074764,0.902943,-0.227740,0.066929,0.084866,0.000000,1,0.010609,8.675087,18.810552,65.477382,-2.849221,63.516486,0.001876
7.933333,2.400000,1,-0.842672,1.508928,0.346492,-0.244904,-0.253501,0.201760,-0.913812,0.302458,-0.051219,0.056760,-0.116236,0.329051,0.728838,0.589075,-0.278960,-0.935176,0.218237,0.782185,-0.089433,0.616594,0.026836,-0.822945,1.390442,0.101236,0.101420,-0.068290,0.244191,-0.357036,0.075819,0.902889,-0.227087,0.056789,0.088877,0.000000,1,0.010213,8.672288,18.901543,65.324795,-2.847250,63.397642,0.001782
7.966666,2.433333,1,-0.843304,1.508125,0.346250,-0.245733,-0.254008,0.202112,-0.913371,0.303480,-0.051239,0.056520,-0.116319,0.330021,0.728290,0.589193,-0.278642,-0.934983,0.219464,0.781432,-0.087874,0.617772,0.031507,-0.822945,1.390442,0.101236,0.101138,-0.067296,0.244005,-0.357847,0.076324,0.902663,-0.226540,0.056578,0.090463,0.000000,1,0.009886,8.651351,19.001103,65.147968,-2.839186,63.263284,0.001693
8.000000,2.466667,1,-0.844038,1.507136,0.345970,-0.247379,-0.254594,0.202488,-0.912680,0.304712,-0.051227,0.056242,-0.116109,0.331759,0.727510,0.589223,-0.278669,-0.934372,0.222019,0.780292,-0.085504,0.619543,0.037883,-0.822945,1.390442,0.101236,0.100764,-0.066109,0.243789,-0.359095,0.077523,0.902242,-0.225832,0.065058,0.087011,0.000000,1,0.010027,8.620359,19.119225,64.935877,-2.827789,63.104224,0.001608
8.033333,2.500000,1,-0.844858,1.506008,0.345572,-0.248873,-0.254732,0.202930,-0.912136,0.306107,-0.051200,0.055847,-0.115564,0.333160,0.726832,0.589376,-0.278562,-0.933758,0.224721,0.779752,-0.083281,0.620525,0.043516,-0.822945,1.390442,0.101236,0.100331,-0.064763,0.243465,-0.359878,0.078788,0.901992,-0.225149,0.082226,0.092438,0.000000,1,0.010817,8.583253,19.269915,64.689178,-2.814221,62.915978,0.001528
8.066666,2.533333,1,-0.845773,1.504797,0.345027,-0.249484,-0.254319,0.203167,-0.912032,0.307626,-0.051198,0.055305,-0.114921,0.333523,0.726636,0.589539,-0.278474,-0.933418,0.226238,0.780103,-0.082412,0.620200,0.048369,-0.822945,1.390442,0.101236,0.099889,-0.063284,0.243002,-0.359782,0.079516,0.902032,-0.224884,0.123848,0.075947,0.000000,1,0.012139,8.547918,19.457563,64.410748,-2.800924,62.698720,0.001451
8.100000,2.566667,1,-0.846796,1.503490,0.344406,-0.250476,-0.253117,0.204032,-0.911902,0.309287,-0.051224,0.054687,-0.113399,0.333875,0.726136,0.590250,-0.277492,-0.932925,0.229453,0.781481,-0.080265,0.618745,0.053172,-0.822945,1.390442,0.101236,0.099433,-0.061655,0.242471,-0.359146,0.080927,0.902366,-0.224056,0.166581,0.158778,0.000000,1,0.013730,8.514295,19.669211,64.102577,-2.787829,62.458154,0.001379
8.133333,2.600000,1,-0.847847,1.502057,0.343804,-0.252405,-0.251783,0.205695,-0.911365,0.311065,-0.051197,0.054089,-0.111339,0.335009,0.724920,0.591493,-0.275480,-0.932169,0.234887,0.782970,-0.075810,0.617423,0.056286,-0.822945,1.390442,0.101236,0.098890,-0.059932,0.241963,-0.358793,0.083219,0.902729,-0.222311,0.228316,0.139370,0.000000,1,0.014965,8.469595,19.883692,63.777836,-2.770694,62.208468,0.001310
8.166666,2.633333,1,-0.848881,1.500566,0.343216,-0.253782,-0.251595,0.207184,-0.910697,0.312879,-0.051121,0.053506,-0.110552,0.336161,0.723662,0.592525,-0.273384,-0.931903,0.238364,0.783250,-0.071818,0.617544,0.057207,-0.822945,1.390442,0.101236,0.098291,-0.058191,0.241469,-0.359206,0.084504,0.902853,-0.220651,0.270334,0.159036,0.000000,1,0.015740,8.416894,20.097737,63.448853,-2.750381,61.957290,0.001244
8.200000,2.666667,1,-0.849975,1.499121,0.342542,-0.254232,-0.251766,0.208059,-0.910325,0.314693,-0.051121,0.052836,-0.110501,0.336642,0.722940,0.593143,-0.271942,-0.932013,0.239583,0.783215,-0.069707,0.617831,0.058008,-0.822945,1.390442,0.101236,0.097765,-0.056422,0.240893,-0.359535,0.084810,0.902928,-0.219687,0.363887,0.159055,0.000000,1,0.016817,8.377078,20.330732,63.110550,-2.733513,61.695579,0.001182
8.233333,2.700000,1,-0.851120,1.497597,0.341970,-0.254533,-0.250705,0.209111,-0.910292,0.316600,-0.051114,0.052267,-0.109413,0.336439,0.722442,0.594066,-0.270228,-0.931979,0.241644,0.784735,-0.067788,0.616113,0.059714,-0.822945,1.390442,0.101236,0.097202,-0.054572,0.240422,-0.358706,0.085537,0.903416,-0.218753,0.397326,0.179061,0.000000,1,0.017713,8.334546,20.549721,62.764191,-2.715299,61.435094,0.001123
8.266666,2.733333,1,-0.852364,1.495970,0.341548,-0.254475,-0.250537,0.210097,-0.910128,0.318649,-0.051125,0.051850,-0.109285,0.336314,0.721855,0.594875,-0.268362,-0.932334,0.242353,0.785318,-0.066035,0.615561,0.062725,-0.822945,1.390442,0.101236,0.096608,-0.052591,0.240110,-0.358503,0.085540,0.903725,-0.217807,0.437622,0.232622,0.000000,1,0.018828,8.292260,20.748051,62.405371,-2.696756,61.175725,0.001067
8.300000,2.766667,1,-0.853813,1.494207,0.341334,-0.254566,-0.250662,0.211428,-0.909760,0.320930,-0.051220,0.051640,-0.109352,0.336453,0.720932,0.595901,-0.265887,-0.932792,0.243315,0.785625,-0.063402,0.615446,0.068786,-0.822945,1.390442,0.101236,0.096017,-0.050378,0.240021,-0.358617,0.085536,0.904006,-0.216451,0.063707,0.280979,0.000000,1,0.020666,8.258469,20.920853,62.022013,-2.680558,60.912748,0.001014
8.333333,2.800000,1,-0.855426,1.492323,0.341278,-0.254983,-0.250293,0.213217,-0.909327,0.323405,-0.051374,0.051587,-0.108829,0.336664,0.719748,0.597308,-0.262759,-0.933100,0.245525,0.786544,-0.059761,0.614636,0.074409,-0.822945,1.390442,0.101236,0.095418,-0.047972,0.240102,-0.358429,0.086038,0.904460,-0.214661,0.260822,0.137040,0.000000,1,0.022652,8.230147,21.076896,61.616653,-2.665632,60.644423,0.000963
8.366666,2.833333,1,-0.857081,1.490350,0.341292,-0.254888,-0.249511,0.215436,-0.909046,0.325977,-0.051509,0.051607,-0.108164,0.336233,0.718505,0.599165,-0.258604,-0.933743,0.247485,0.788269,-0.055898,0.612786,0.077261,-0.822945,1.390442,0.101236,0.094769,-0.045485,0.240258,-0.357634,0.086259,0.905244,-0.212581,0.184741,0.085850,0.000000,1,0.024182,8.197144,21.227360,61.199992,-2.648722,60.372484,0.000915
8.400000,2.866667,1,-0.858695,1.488319,0.341349,-0.254872,-0.248953,0.217800,-0.908640,0.328570,-0.051576,0.051668,-0.107663,0.335972,0.717087,0.601097,-0.254181,-0.934421,0.249498,0.789734,-0.051609,0.611274,0.077832,-0.822945,1.390442,0.101236,0.094048,-0.043000,0.240454,-0.357067,0.086447,0.905980,-0.210308,0.127986,0.157547,0.000000,1,0.025076,8.153696,21.373395,60.783068,-2.628035,60.102252,0.000869
8.433333,2.900000,1,-0.860248,1.486282,0.341377,-0.255691,-0.248631,0.219800,-0.908016,0.331132,-0.051591,0.051702,-0.107003,0.336566,0.715638,0.602607,-0.250829,-0.934525,0.252483,0.790471,-0.047176,0.610680,0.076862,-0.822945,1.390442,0.101236,0.093287,-0.040559,0.240618,-0.357096,0.087283,0.906369,-0.208231,0.032210,0.229679,0.000000,1,0.025704,8.103547,21.525517,60.368684,-2.604719,59.831785,0.000826
8.466666,2.933333,1,-0.861653,1.484246,0.341366,-0.256250,-0.248206,0.221472,-0.907568,0.333603,-0.051487,0.051696,-0.106367,0.336879,0.714493,0.603902,-0.247977,-0.934634,0.254887,0.791303,-0.043630,0.609866,0.074208,-0.822945,1.390442,0.101236,0.092442,-0.038237,0.240733,-0.356925,0.087940,0.906760,-0.206535,0.059750,0.326121,0.000000,1,0.025762,8.037717,21.681430,59.967344,-2.576179,59.567277,0.000784
8.500000,2.966667,1,-0.862880,1.482212,0.341310,-0.256439,-0.247883,0.223085,-0.907208,0.335966,-0.051243,0.051647,-0.105988,0.336907,0.713452,0.605183,-0.245040,-0.934954,0.256546,0.792123,-0.040495,0.609017,0.071295,-0.822945,1.390442,0.101236,0.091497,-0.036057,0.240790,-0.356679,0.088221,0.907192,-0.204940,0.102059,0.364044,0.000000,1,0.025667,7.953492,21.840231,59.582297,-2.541794,59.310706,0.000745
8.533333,3.000000,1,-0.864004,1.480187,0.341153,-0.256833,-0.247857,0.224673,-0.906711,0.338260,-0.050920,0.051498,-0.105784,0.337250,0.712300,0.606383,-0.242219,-0.935205,0.258306,0.792502,-0.037124,0.608738,0.069639,-0.822945,1.390442,0.101236,0.090502,-0.033961,0.240741,-0.356788,0.088551,0.907487,-0.203292,0.097742,0.382389,0.000000,1,0.026254,7.859794,22.015166,59.201720,-2.504384,59.051719,0.000708
8.566666,3.033333,1,-0.865058,1.478182,0.340866,-0.257116,-0.247730,0.226300,-0.906261,0.340496,-0.050554,0.051218,-0.105538,0.337449,0.711173,0.607637,-0.239277,-0.935498,0.259982,0.793042,-0.033810,0.608227,0.068491,-0.822945,1.390442,0.101236,0.089487,-0.031924,0.240556,-0.356757,0.088828,0.907842,-0.201636,0.087124,0.348760,0.000000,1,0.027190,7.761796,22.213164,58.820449,-2.465545,58.785525,0.000672
8.600000,3.066667,1,-0.866017,1.476223,0.340556,-0.257503,-0.247683,0.227485,-0.905868,0.342639,-0.050139,0.050916,-0.105319,0.337777,0.710293,0.608521,-0.237219,-0.935606,0.261475,0.793308,-0.031217,0.608019,0.066096,-0.822945,1.390442,0.101236,0.088455,-0.029989,0.240342,-0.356855,0.089171,0.908045,-0.200394,0.105347,0.311632,0.000000,1,0.027227,7.659420,22.410671,58.452575,-2.425225,58.527067,0.000639
8.633333,3.100000,1,-0.866961,1.474338,0.340254,-0.257415,-0.247286,0.228714,-0.905691,0.344713,-0.049756,0.050620,-0.104998,0.337523,0.709586,0.609542,-0.234869,-0.935923,0.262458,0.794167,-0.029075,0.607004,0.063893,-0.822945,1.390442,0.101236,0.087474,-0.028111,0.240133,-0.356430,0.089246,0.908460,-0.199232,0.074507,0.144556,0.000000,1,0.027304,7.564296,22.604216,58.094476,-2.386746,58.275619,0.000607
8.666666,3.133333,1,-0.867937,1.472524,0.339871,-0.257247,-0.246483,0.230132,-0.905599,0.346750,-0.049442,0.050244,-0.104350,0.337016,0.708870,0.610766,-0.232151,-0.936242,0.263735,0.795572,-0.026770,0.605267,0.062843,-0.822945,1.390442,0.101236,0.086572,-0.026242,0.239844,-0.355606,0.089429,0.909044,-0.197952,0.057424,0.140675,0.000000,1,0.028216,7.481385,22.812926,57.733633,-2.351565,58.018654,0.000576
8.700000,3.166667,1,-0.868955,1.470756,0.339301,-0.257929,-0.245700,0.231323,-0.905314,0.348776,-0.049186,0.049680,-0.103341,0.337279,0.708085,0.611702,-0.230283,-0.935983,0.266280,0.796565,-0.024128,0.604071,0.063568,-0.822945,1.390442,0.101236,0.085736,-0.024354,0.239371,-0.355189,0.090368,0.909373,-0.196763,0.058441,0.166848,0.000000,1,0.030166,7.408378,23.058798,57.357680,-2.319107,57.742908,0.000548
8.733333,3.200000,1,-0.870067,1.468999,0.338632,-0.258877,-0.244913,0.232553,-0.904941,0.350850,-0.049012,0.049017,-0.102209,0.337778,0.707206,0.612633,-0.228468,-0.935563,0.269303,0.797468,-0.021173,0.602990,0.065517,-0.822945,1.390442,0.101236,0.084967,-0.022389,0.238805,-0.354887,0.091546,0.909647,-0.195492,0.047439,0.141816,0.000000,1,0.032295,7.347597,23.328999,56.962946,-2.290006,57.450594,0.000520
8.766666,3.233333,1,-0.871315,1.467239,0.337993,-0.259447,-0.243950,0.234217,-0.904609,0.353008,-0.048945,0.048382,-0.101086,0.337860,0.706168,0.613970,-0.225645,-0.935438,0.272104,0.798825,-0.017783,0.601300,0.067515,-0.822945,1.390442,0.101236,0.084273,-0.020314,0.238278,-0.354246,0.092457,0.910152,-0.193868,0.067079,0.143528,0.000000,1,0.034094,7.301770,23.602232,56.552130,-2.264922,57.149790,0.000494
8.800000,3.266667,1,-0.872684,1.465473,0.337379,-0.260329,-0.243232,0.236032,-0.904077,0.355243,-0.048971,0.047772,-0.100044,0.338332,0.704884,0.615354,-0.222662,-0.935203,0.275349,0.799811,-0.013742,0.600095,0.069517,-0.822945,1.390442,0.101236,0.083643,-0.018140,0.237785,-0.353958,0.093533,0.910549,-0.192005,0.059880,0.161145,0.000000,1,0.035926,7.268786,23.878768,56.126475,-2.243198,56.841084,0.000470
8.833333,3.300000,1,-0.874091,1.463704,0.336765,-0.261369,-0.242641,0.237975,-0.903427,0.357504,-0.049026,0.047163,-0.099044,0.339003,0.703439,0.616799,-0.219499,-0.934913,0.278851,0.800608,-0.009272,0.599117,0.070260,-0.822945,1.390442,0.101236,0.083034,-0.015932,0.237295,-0.353848,0.094691,0.910899,-0.189967,0.062734,0.153005,0.000000,1,0.037406,7.240027,24.159081,55.694234,-2.222451,56.528650,0.000446
8.866666,3.333333,1,-0.875483,1.461876,0.336264,-0.262101,-0.241877,0.239941,-0.902899,0.359802,-0.049034,0.046667,-0.098027,0.339320,0.702091,0.618320,-0.216141,-0.934760,0.281969,0.801709,-0.005083,0.597692,0.070532,-0.822945,1.390442,0.101236,0.082364,-0.013710,0.236917,-0.353447,0.095650,0.911368,-0.187976,0.046465,0.144352,0.000000,1,0.038292,7.203919,24.422128,55.263722,-2.199676,56.223079,0.000424
8.900000,3.366667,1,-0.876877,1.459964,0.335904,-0.262748,-0.240986,0.241836,-0.902444,0.362169,-0.048994,0.046313,-0.096934,0.339504,0.700841,0.619809,-0.212881,-0.934594,0.284984,0.802955,-0.001148,0.596039,0.071811,-0.822945,1.390442,0.101236,0.081624,-0.011446,0.236681,-0.352897,0.096593,0.911869,-0.186088,0.062215,0.158013,0.000000,1,0.039366,7.159976,24.664952,54.831904,-2.174843,55.923527,0.000403
8.933333,3.400000,1,-0.878246,1.457991,0.335584,-0.263476,-0.240109,0.243817,-0.901932,0.364569,-0.048897,0.045998,-0.095818,0.339768,0.699501,0.621349,-0.209488,-0.934381,0.288180,0.804157,0.003035,0.594409,0.072681,-0.822945,1.390442,0.101236,0.080817,-0.009170,0.236483,-0.352394,0.097600,0.912361,-0.184094,0.047802,0.141348,0.000000,1,0.040674,7.107549,24.904340,54.397118,-2.147825,55.624056,0.000382
8.966666,3.433333,1,-0.879470,1.455941,0.335198,-0.264241,-0.239476,0.245589,-0.901395,0.366944,-0.048638,0.045619,-0.094904,0.340174,0.698232,0.622693,-0.206493,-0.934136,0.291118,0.805001,0.006930,0.593233,0.072553,-0.822945,1.390442,0.101236,0.079867,-0.006963,0.236212,-0.352129,0.098535,0.912729,-0.182267,0.059540,0.176960,0.000000,1,0.041946,7.032715,25.154327,53.963709,-2.115179,55.322731,0.000363
9.000000,3.466667,1,-0.880546,1.453819,0.334670,-0.265203,-0.238958,0.246935,-0.900883,0.369287,-0.048217,0.045099,-0.094006,0.340806,0.697176,0.623666,-0.204407,-0.933686,0.294021,0.805534,0.010217,0.592461,0.073116,-0.822945,1.390442,0.101236,0.078775,-0.004825,0.235791,-0.352066,0.099602,0.912925,-0.180823,0.041497,0.154738,0.000000,1,0.043736,6.935928,25.428739,53.526544,-2.077174,55.012877,0.000345
9.033333,3.500000,1,-0.881554,1.451667,0.334074,-0.266540,-0.238276,0.248248,-0.900308,0.371614,-0.047723,0.044511,-0.092795,0.341702,0.696080,0.624581,-0.202575,-0.932934,0.297655,0.806101,0.013723,0.591619,0.073497,-0.822945,1.390442,0.101236,0.077622,-0.002721,0.235297,-0.352028,0.101080,0.913063,-0.179373,0.041816,0.154913,0.000000,1,0.045289,6.829958,25.715638,53.086674,-2.037031,54.698726,0.000328
9.066666,3.533333,1,-0.882529,1.449540,0.333484,-0.267671,-0.237579,0.249537,-0.899800,0.373901,-0.047217,0.043929,-0.091662,0.342405,0.695054,0.625505,-0.200683,-0.932291,0.300932,0.806748,0.016996,0.590651,0.072410,-0.822945,1.390442,0.101236,0.076469,-0.000658,0.234806,-0.351885,0.102381,0.913246,-0.177981,0.065930,0.124882,0.000000,1,0.046097,6.724168,26.000322,52.652127,-1.997009,54.388875,0.000312
9.100000,3.566667,1,-0.883462,1.447429,0.332870,-0.268492,-0.236936,0.250640,-0.899418,0.376150,-0.046688,0.043324,-0.090716,0.342855,0.694223,0.626319,-0.198990,-0.931815,0.303518,0.807405,0.019650,0.589670,0.071655,-0.822945,1.390442,0.101236,0.075306,0.001363,0.234289,-0.351654,0.103384,0.913447,-0.176819,0.075057,0.099820,0.000000,1,0.047108,6.616708,26.287883,52.220942,-1.956710,54.080803,0.000296
9.133333,3.600000,1,-0.884341,1.445329,0.332181,-0.269354,-0.236653,0.251379,-0.899029,0.378357,-0.046121,0.042644,-0.090077,0.343502,0.693547,0.626805,-0.198004,-0.931321,0.305673,0.807555,0.021756,0.589391,0.071349,-0.822945,1.390442,0.101236,0.074123,0.003338,0.233693,-0.351771,0.104269,0.913466,-0.175968,0.063169,0.069669,0.000000,1,0.048464,6.505661,26.587299,51.790014,-1.915732,53.770328,0.000281
9.166666,3.633333,1,-0.885258,1.443221,0.331487,-0.270293,-0.236344,0.252145,-0.898613,0.380593,-0.045580,0.041958,-0.089378,0.344207,0.692837,0.627303,-0.197004,-0.930767,0.307996,0.807709,0.023976,0.589093,0.072020,-0.822945,1.390442,0.101236,0.072956,0.005349,0.233094,-0.351899,0.105234,0.913477,-0.175079,0.067744,0.360197,0.000000,1,0.050164,6.398921,26.892007,51.350938,-1.876013,53.454942,0.000267
9.200000,3.666667,1,-0.886252,1.441138,0.330883,-0.271611,-0.235972,0.253130,-0.898037,0.382857,-0.045116,0.041363,-0.088454,0.345223,0.691886,0.627926,-0.195771,-0.929979,0.311148,0.807834,0.026938,0.588795,0.071581,-0.822945,1.390442,0.101236,0.071850,0.007403,0.232591,-0.352134,0.106561,0.913455,-0.173913,0.060838,0.605543,0.000000,1,0.051185,6.303493,27.184858,50.910382,-1.839113,53.143035,0.000254
9.233333,3.700000,1,-0.887249,1.439119,0.330378,-0.272711,-0.235491,0.254535,-0.897432,0.385070,-0.044693,0.040865,-0.087528,0.345996,0.690722,0.628910,-0.193622,-0.929374,0.314285,0.808236,0.030482,0.588070,0.069214,-0.822945,1.390442,0.101236,0.070796,0.009414,0.232185,-0.352164,0.107735,0.913598,-0.172371,0.048376,0.655205,0.000000,1,0.051229,6.215541,27.457862,50.483549,-1.804029,52.844787,0.000241
9.266666,3.733333,1,-0.888254,1.437206,0.329882,-0.273867,-0.234937,0.255956,-0.896821,0.387204,-0.044341,0.040376,-0.086511,0.346786,0.689545,0.629907,-0.191467,-0.928700,0.317579,0.808696,0.034086,0.587238,0.066537,-0.822945,1.390442,0.101236,0.069833,0.011372,0.231787,-0.352153,0.108992,0.913747,-0.170810,0.062045,0.122876,0.000000,1,0.051507,6.139320,27.725182,50.068071,-1.771714,52.554955,0.000229
9.300000,3.766667,1,-0.889359,1.435423,0.329329,-0.275060,-0.234340,0.257303,-0.896227,0.389294,-0.044147,0.039829,-0.085440,0.347590,0.688416,0.630844,-0.189472,-0.927963,0.320914,0.809170,0.037566,0.586373,0.065073,-0.822945,1.390442,0.101236,0.069035,0.013338,0.231337,-0.352123,0.110302,0.913878,-0.169323,0.058774,0.143030,0.000000,1,0.052692,6.086366,28.002632,49.650935,-1.744775,52.262343,0.000218
9.333333,3.800000,1,-0.890647,1.433833,0.328754,-0.276408,-0.233543,0.259290,-0.895447,0.391340,-0.044214,0.039258,-0.084118,0.348446,0.686836,0.632270,-0.186317,-0.927154,0.325073,0.809911,0.042360,0.585022,0.063765,-0.822945,1.390442,0.101236,0.068501,0.015343,0.230874,-0.351968,0.111830,0.914146,-0.167183,0.066736,0.104464,0.000000,1,0.053814,6.070653,28.284968,49.232546,-1.726191,51.968727,0.000207
9.366666,3.833333,1,-0.892135,1.432377,0.328157,-0.277594,-0.232167,0.261870,-0.894687,0.393400,-0.044522,0.038663,-0.082349,0.348897,0.685008,0.634235,-0.181930,-0.926374,0.329746,0.811448,0.047966,0.582453,0.064971,-0.822945,1.390442,0.101236,0.068193,0.017434,0.230401,-0.351211,0.113461,0.914715,-0.164541,0.073349,0.268078,0.000000,1,0.055754,6.087965,28.576647,48.803243,-1.714964,51.667763,0.000196
9.400000,3.866667,1,-0.893838,1.431025,0.327530,-0.278873,-0.230789,0.264606,-0.893840,0.395506,-0.045064,0.038036,-0.080536,0.349433,0.683033,0.636299,-0.177275,-0.925510,0.334670,0.812943,0.053959,0.579838,0.067892,-0.822945,1.390442,0.101236,0.068095,0.019641,0.229911,-0.350489,0.115176,0.915280,-0.161720,0.064940,0.317649,0.000000,1,0.058342,6.136479,28.882185,48.356253,-1.710590,51.354683,0.000187
9.433333,3.900000,1,-0.895664,1.429800,0.326858,-0.279747,-0.229066,0.267671,-0.893097,0.397584,-0.045780,0.037364,-0.078593,0.349451,0.681003,0.638704,-0.171761,-0.924847,0.339346,0.814989,0.060117,0.576350,0.068966,-0.822945,1.390442,0.101236,0.068172,0.021877,0.229383,-0.349272,0.116676,0.916089,-0.158672,0.065029,0.269470,0.000000,1,0.060215,6.208574,29.197366,47.904602,-1.711208,51.037584,0.000177
9.466666,3.933333,1,-0.897441,1.428719,0.326265,-0.280584,-0.227260,0.270814,-0.892348,0.399518,-0.046544,0.036769,-0.076592,0.349399,0.678932,0.641175,-0.166057,-0.924151,0.344049,0.817106,0.066369,0.572655,0.064891,-0.822945,1.390442,0.101236,0.068336,0.023985,0.228927,-0.347961,0.118180,0.916929,-0.155556,0.090776,0.212874,0.000000,1,0.059503,6.288477,29.488266,47.482045,-1.713226,50.743333,0.000168
9.500000,3.966667,1,-0.899045,1.427622,0.325809,-0.279876,-0.225537,0.273551,-0.892173,0.401360,-0.047162,0.036312,-0.075356,0.347999,0.677550,0.643540,-0.160355,-0.924509,0.345787,0.819614,0.070494,0.568562,0.059870,-0.822945,1.390442,0.101236,0.068384,0.025953,0.228597,-0.346040,0.118271,0.918057,-0.153101,0.065153,0.160673,0.000000,1,0.058394,6.349141,29.745664,47.089082,-1.711061,50.474258,0.000160
9.533333,4.000000,1,-0.900392,1.426496,0.325431,-0.278349,-0.223859,0.276150,-0.892273,0.403071,-0.047558,0.035935,-0.074526,0.345885,0.676473,0.645906,-0.154504,-0.925430,0.345988,0.822320,0.073661,0.564237,0.053889,-0.822945,1.390442,0.101236,0.068257,0.027724,0.228328,-0.343795,0.117612,0.919346,-0.150915,0.019980,0.144257,0.000000,1,0.057064,6.381127,29.975878,46.730040,-1.702858,50.230735,0.000152
9.566666,4.033333,1,-0.901514,1.425402,0.324990,-0.278332,-0.222496,0.278192,-0.891985,0.404621,-0.047793,0.035495,-0.073307,0.345264,0.675303,0.647599,-0.150483,-0.925272,0.348176,0.824031,0.077183,0.561262,0.048838,-0.822945,1.390442,0.101236,0.068028,0.029298,0.227980,-0.342523,0.118173,0.920061,-0.149001,0.028834,0.187251,0.000000,1,0.056509,6.393631,30.201973,46.398092,-1.690660,50.003037,0.000144
9.600000,4.066667,1,-0.902518,1.424365,0.324491,-0.279921,-0.220942,0.279691,-0.891404,0.406054,-0.047966,0.034998,-0.071202,0.345995,0.674120,0.648675,-0.148301,-0.923841,0.352879,0.825299,0.080985,0.558859,0.045807,-0.822945,1.390442,0.101236,0.067777,0.030746,0.227566,-0.341822,0.120269,0.920308,-0.147396,0.022983,0.408795,0.000000,1,0.056583,6.399564,30.427923,46.083344,-1.677236,49.784895,0.000137
9.633333,4.100000,1,-0.903374,1.423368,0.323960,-0.281387,-0.219328,0.281242,-0.890853,0.407367,-0.048046,0.034470,-0.069098,0.346590,0.672939,0.649811,-0.145943,-0.922463,0.357439,0.826668,0.084758,0.556270,0.042529,-0.822945,1.390442,0.101236,0.067475,0.032054,0.227109,-0.341010,0.122282,0.920604,-0.145762,0.043757,0.641009,0.000000,1,0.056368,6.394584,30.648214,45.789369,-1.661741,49.579583,0.000130
9.666666,4.133333,1,-0.904117,1.422334,0.323431,-0.282161,-0.218314,0.282684,-0.890401,0.408641,-0.048014,0.033944,-0.067840,0.346833,0.671893,0.650895,-0.143468,-0.921722,0.360341,0.827605,0.087914,0.554383,0.041361,-0.822945,1.390442,0.101236,0.067077,0.033290,0.226648,-0.340420,0.123406,0.920907,-0.144277,0.050975,0.728065,0.000000,1,0.056747,6.375212,30.863704,45.504593,-1.643606,49.380637,0.000124
9.700000,4.166667,1,-0.904877,1.421249,0.322935,-0.282739,-0.217811,0.283645,-0.890035,0.409966,-0.047965,0.033450,-0.067129,0.347128,0.671139,0.651590,-0.141849,-0.921218,0.362264,0.828009,0.090133,0.553422,0.042432,-0.822945,1.390442,0.101236,0.066647,0.034568,0.226220,-0.340206,0.124133,0.921048,-0.143251,0.067198,0.610583,0.000000,1,0.057991,6.352898,31.078247,45.212760,-1.625225,49.178447,0.000118
9.733333,4.200000,1,-0.905648,1.420209,0.322317,-0.282757,-0.217120,0.284833,-0.889819,0.411262,-0.047949,0.032835,-0.066498,0.346838,0.670415,0.652553,-0.139504,-0.921090,0.363498,0.828835,0.092245,0.551837,0.043052,-0.822945,1.390442,0.101236,0.066262,0.035837,0.225671,-0.339569,0.124439,0.921419,-0.142112,0.046068,0.489458,0.000000,1,0.059690,6.335595,31.313357,44.914324,-1.608119,48.967860,0.000112
9.766666,4.233333,1,-0.906432,1.419318,0.321555,-0.283090,-0.216248,0.285921,-0.889576,0.412447,-0.048034,0.032075,-0.065566,0.346748,0.669713,0.653416,-0.137498,-0.920671,0.365321,0.829732,0.094373,0.550126,0.042290,-0.822945,1.390442,0.101236,0.066011,0.037038,0.224978,-0.338916,0.125110,0.921732,-0.141045,0.056817,0.396795,0.000000,1,0.060799,6.333213,31.565879,44.621353,-1.594128,48.756271,0.000106
9.800000,4.266667,1,-0.907221,1.418607,0.320801,-0.284411,-0.215125,0.287028,-0.889071,0.413491,-0.048231,0.031322,-0.063967,0.347431,0.668770,0.654176,-0.135925,-0.919435,0.369003,0.830538,0.097308,0.548395,0.039083,-0.822945,1.390442,0.101236,0.065909,0.038140,0.224290,-0.338485,0.126780,0.921849,-0.139820,0.058383,0.401742,0.000000,1,0.060372,6.347518,31.805909,44.351540,-1.583496,48.560713,0.000101
9.833333,4.300000,1,-0.907982,1.417966,0.320103,-0.286287,-0.214017,0.288279,-0.888331,0.414463,-0.048448,0.030624,-0.062135,0.348620,0.667557,0.654959,-0.134335,-0.917768,0.373707,0.831122,0.101015,0.546838,0.036467,-0.822945,1.390442,0.101236,0.065846,0.039174,0.223654,-0.338313,0.128937,0.921835,-0.138345,0.046626,0.400988,0.000000,1,0.060059,6.365362,32.029540,44.099091,-1.573729,48.378909,0.000096
9.866666,4.333333,1,-0.908598,1.417288,0.319593,-0.285818,-0.213102,0.289531,-0.888295,0.415376,-0.048528,0.030116,-0.061520,0.347792,0.666963,0.656061,-0.131599,-0.917929,0.374282,0.832344,0.102751,0.544652,0.031461,-0.822945,1.390442,0.101236,0.065664,0.040100,0.223198,-0.337256,0.128907,0.922390,-0.137249,0.038490,0.403102,0.000000,1,0.058486,6.365822,32.212307,43.876047,-1.560792,48.223165,0.000091
9.900000,4.366667,1,-0.908923,1.416515,0.319442,-0.278698,-0.212396,0.291701,-0.890015,0.416189,-0.048322,0.029968,-0.064056,0.341102,0.667507,0.658772,-0.123832,-0.923170,0.363900,0.835771,0.100662,0.539772,0.025544,-0.822945,1.390442,0.101236,0.065227,0.040822,0.223081,-0.333367,0.122810,0.924772,-0.136313,0.049717,0.428429,0.000000,1,0.054852,6.329890,32.317371,43.708972,-1.541023,48.116500,0.000086
9.933333,4.400000,1,-0.909222,1.415822,0.319324,-0.271986,-0.211546,0.293871,-0.891578,0.416923,-0.048142,0.029852,-0.066281,0.334710,0.667913,0.661414,-0.116277,-0.927904,0.354223,0.839163,0.098998,0.534793,0.022917,-0.822945,1.390442,0.101236,0.064838,0.041474,0.222993,-0.329531,0.117144,0.927028,-0.135298,0.048143,0.385143,0.000000,1,0.054216,6.298575,32.408931,43.559600,-1.522449,48.022511,0.000082
9.966666,4.433333,1,-0.909612,1.415258,0.319059,-0.270354,-0.210744,0.295035,-0.891880,0.417609,-0.048113,0.029589,-0.066287,0.332892,0.667657,0.662588,-0.113166,-0.928896,0.352626,0.840630,0.099680,0.532358,0.022063,-0.822945,1.390442,0.101236,0.064612,0.042135,0.222764,-0.328053,0.116025,0.927814,-0.134463,0.052541,0.401261,0.000000,1,0.055485,6.287562,32.524172,43.403344,-1.508133,47.918923,0.000078
10.000000,4.466667,1,-0.909912,1.414730,0.318825,-0.270042,-0.210085,0.295588,-0.891947,0.418211,-0.048033,0.029357,-0.065835,0.332319,0.667469,0.663111,-0.111900,-0.928967,0.352843,0.841455,0.100303,0.530936,0.019510,-0.822945,1.390442,0.101236,0.064362,0.042699,0.222559,-0.327314,0.116033,0.928137,-0.134025,0.051029,0.375234,0.000000,1,0.054802,6.271125,32.625488,43.266357,-1.493091,47.828926,0.000074
10.033333,4.500000,1,-0.910069,1.414250,0.318651,-0.270159,-0.209555,0.295738,-0.891987,0.418690,-0.047868,0.029186,-0.065308,0.332187,0.667437,0.663260,-0.111641,-0.928758,0.353475,0.841981,0.100524,0.530060,0.016041,-0.822945,1.390442,0.101236,0.064066,0.043116,0.222404,-0.326895,0.116374,0.928258,-0.133919,0.042924,0.372622,0.000000,1,0.053367,6.245231,32.703167,43.159875,-1.476536,47.760840,0.000070
10.066666,4.533333,1,-0.910169,1.413841,0.318520,-0.270860,-0.209605,0.295774,-0.891750,0.419076,-0.047701,0.029056,-0.065040,0.332837,0.667213,0.663187,-0.111907,-0.928268,0.354676,0.841678,0.101194,0.530414,0.013210,-0.822945,1.390442,0.101236,0.063795,0.043443,0.222286,-0.327253,0.116978,0.928079,-0.133759,0.072393,0.375482,0.000000,1,0.052391,6.220315,32.764059,43.074874,-1.460492,47.708138,0.000067
10.100000,4.566667,1,-0.910330,1.413513,0.318393,-0.271013,-0.209830,0.296068,-0.891553,0.419436,-0.047631,0.028930,-0.065172,0.333076,0.666906,0.663363,-0.111405,-0.928215,0.354973,0.841386,0.101979,0.530725,0.011629,-0.822945,1.390442,0.101236,0.063623,0.043772,0.222174,-0.327511,0.117008,0.928036,-0.133399,0.076036,0.383361,0.000000,1,0.052442,6.208284,32.822726,42.993383,-1.447273,47.657664,0.000064
10.133333,4.600000,1,-0.910572,1.413224,0.318271,-0.270084,-0.209942,0.296570,-0.891642,0.419812,-0.047650,0.028809,-0.065685,0.332294,0.666758,0.663853,-0.109970,-0.928911,0.353596,0.841604,0.102239,0.530330,0.011859,-0.822945,1.390442,0.101236,0.063532,0.044143,0.222074,-0.327177,0.116116,0.928321,-0.133015,0.075103,0.434472,0.000000,1,0.052917,6.207590,32.882910,42.907430,-1.436608,47.604241,0.000060
10.166666,4.633333,1,-0.910796,1.413017,0.318166,-0.268891,-0.210190,0.297076,-0.891776,0.420113,-0.047703,0.028704,-0.066437,0.331337,0.666647,0.664367,-0.108405,-0.929823,0.351678,0.841770,0.102335,0.530047,0.009694,-0.822945,1.390442,0.101236,0.063495,0.044452,0.221987,-0.326843,0.114926,0.928638,-0.132653,0.051432,0.428046,0.000000,1,0.052353,6.212299,32.933519,42.836316,-1.427279,47.560892,0.000057
10.200000,4.666667,1,-0.910933,1.413012,0.318033,-0.268310,-0.210431,0.297493,-0.891754,0.420199,-0.047808,0.028570,-0.066910,0.330926,0.666440,0.664732,-0.107308,-0.930293,0.350770,0.841723,0.102762,0.530039,0.005727,-0.822945,1.390442,0.101236,0.063574,0.044575,0.221863,-0.326782,0.114290,0.928791,-0.132283,0.068376,0.434575,0.000000,1,0.050784,6.226683,32.968912,42.802604,-1.419980,47.541054,0.000054
10.233333,4.700000,1,-0.911020,1.413232,0.317761,-0.270970,-0.210674,0.297054,-0.891039,0.420076,-0.048008,0.028297,-0.065943,0.333416,0.666006,0.664019,-0.109461,-0.928454,0.354952,0.840508,0.104175,0.531689,0.010819,-0.822945,1.390442,0.101236,0.063811,0.044535,0.221595,-0.328206,0.116569,0.928007,-0.132270,0.073419,0.434522,0.000000,1,0.050272,6.256213,33.009893,42.795108,-1.415806,47.533636,0.000052
10.266666,4.733333,1,-0.911222,1.413707,0.317185,-0.281080,-0.210959,0.294796,-0.888586,0.419820,-0.048452,0.027717,-0.061697,0.342599,0.664856,0.660898,-0.118815,-0.921078,0.370807,0.836529,0.108321,0.537109,0.023213,-0.822945,1.390442,0.101236,0.064331,0.044461,0.221026,-0.333074,0.125534,0.925011,-0.132878,0.078595,0.508237,0.000000,1,0.052335,6.319336,33.095583,42.781410,-1.418335,47.511844,0.000049
10.300000,4.766667,1,-0.911676,1.414302,0.316502,-0.294041,-0.211401,0.292307,-0.885102,0.419620,-0.049167,0.027029,-0.056321,0.354407,0.662896,0.657109,-0.130071,-0.911111,0.391098,0.831269,0.114794,0.543888,0.030373,-0.822945,1.390442,0.101236,0.065097,0.044529,0.220367,-0.339365,0.136988,0.921053,-0.133141,0.088678,0.506090,0.000000,1,0.054640,6.417151,33.209603,42.741133,-1.427870,47.468935,0.000047
10.333333,4.800000,1,-0.912084,1.414798,0.316086,-0.302332,-0.212257,0.291175,-0.882473,0.419470,-0.049789,0.026608,-0.053394,0.362217,0.661080,0.654921,-0.136456,-0.904590,0.403852,0.827230,0.120245,0.548846,0.022964,-0.822945,1.390442,0.101236,0.065748,0.044599,0.219972,-0.343877,0.144050,0.918361,-0.132704,0.089170,0.454003,0.000000,1,0.052736,6.501947,33.280034,42.715677,-1.435364,47.444471,0.000044
10.366666,4.833333,1,-0.912295,1.414969,0.315929,-0.303504,-0.212881,0.291121,-0.881939,0.419460,-0.050058,0.026449,-0.053430,0.363546,0.660630,0.654635,-0.137197,-0.903792,0.405386,0.826095,0.121425,0.550294,0.009388,-0.822945,1.390442,0.101236,0.066014,0.044681,0.219827,-0.344955,0.144818,0.917871,-0.132463,0.084757,0.448809,0.000000,1,0.051126,6.538790,33.312376,42.694626,-1.434384,47.431235,0.000042
10.400000,4.866667,1,-0.912369,1.414893,0.315852,-0.301110,-0.213008,0.291275,-0.882677,0.419566,-0.050071,0.026372,-0.054610,0.361458,0.661214,0.655105,-0.135711,-0.905807,0.401368,0.826850,0.119628,0.549552,0.003944,-0.822945,1.390442,0.101236,0.065997,0.044790,0.219756,-0.343988,0.142613,0.918541,-0.132724,0.085418,0.378272,0.000000,1,0.051190,6.540391,33.337862,42.665049,-1.427288,47.414676,0.000040
10.433333,4.900000,1,-0.912346,1.414771,0.315704,-0.300132,-0.213448,0.291003,-0.882994,0.419650,-0.049978,0.026225,-0.055441,0.360778,0.661615,0.655005,-0.135790,-0.906726,0.399261,0.826718,0.118384,0.550020,0.005793,-0.822945,1.390442,0.101236,0.065888,0.044852,0.219609,-0.343945,0.141543,0.918664,-0.133127,0.071496,0.388227,0.000000,1,0.051520,6.528422,33.372510,42.635931,-1.417987,47.395803,0.000038
10.466666,4.933333,1,-0.912227,1.414642,0.315436,-0.301709,-0.214192,0.290416,-0.882470,0.419682,-0.049804,0.025958,-0.055406,0.362522,0.661414,0.654247,-0.137782,-0.905628,0.401065,0.825285,0.118922,0.552052,0.009607,-0.822945,1.390442,0.101236,0.065721,0.044847,0.219335,-0.345327,0.142630,0.917945,-0.133351,0.071381,0.383386,0.000000,1,0.052051,6.506611,33.422748,42.608287,-1.407146,47.373640,0.000036
10.500000,4.966667,1,-0.912011,1.414392,0.315162,-0.303363,-0.214666,0.290180,-0.881864,0.419752,-0.049479,0.025687,-0.055093,0.364217,0.660984,0.653767,-0.139108,-0.904391,0.403394,0.824127,0.120129,0.553519,0.012882,-0.822945,1.390442,0.101236,0.065399,0.044833,0.219052,-0.346495,0.143903,0.917324,-0.133229,0.081537,0.389431,0.000000,1,0.052454,6.464524,33.475828,42.576256,-1.392858,47.348154,0.000034
10.533333,5.000000,1,-0.911733,1.413916,0.314918,-0.304300,-0.215156,0.289849,-0.881531,0.419966,-0.048968,0.025446,-0.055115,0.365275,0.660838,0.653323,-0.140264,-0.903745,0.404440,0.823216,0.120512,0.554790,0.018096,-0.822945,1.390442,0.101236,0.064857,0.044899,0.218796,-0.347358,0.144527,0.916884,-0.133335,0.074823,0.688581,0.000000,1,0.053623,6.396273,33.535087,42.523762,-1.374083,47.309935,0.000033
10.566666,5.033333,1,-0.911402,1.413236,0.314577,-0.306436,-0.216237,0.288805,-0.880869,0.420310,-0.048293,0.025111,-0.055134,0.367670,0.660720,0.652096,-0.143463,-0.902247,0.406656,0.821163,0.120820,0.557758,0.024868,-0.822945,1.390442,0.101236,0.064121,0.045046,0.218444,-0.349302,0.145972,0.915837,-0.133878,0.043346,0.353702,0.000000,1,0.055916,6.304699,33.622222,42.441529,-1.351323,47.248801,0.000031
10.600000,5.066667,1,-0.910962,1.412385,0.314149,-0.309751,-0.218076,0.287476,-0.879690,0.420726,-0.047426,0.024691,-0.055306,0.371461,0.660271,0.650384,-0.147883,-0.899948,0.410151,0.817772,0.121967,0.562471,0.031489,-0.822945,1.390442,0.101236,0.063183,0.045209,0.218001,-0.352453,0.148136,0.914206,-0.134391,0.066464,0.364635,0.000000,1,0.057772,6.187350,33.730047,42.341561,-1.324037,47.173013,0.000029
10.633333,5.100000,1,-0.910464,1.411407,0.313682,-0.313787,-0.220470,0.285605,-0.878271,0.421208,-0.046437,0.024231,-0.055656,0.376145,0.659852,0.648084,-0.153779,-0.897148,0.414098,0.813409,0.122996,0.568540,0.035766,-0.822945,1.390442,0.101236,0.062112,0.045402,0.217516,-0.356431,0.150705,0.912115,-0.135242,0.060441,0.412808,0.000000,1,0.059278,6.053409,33.850405,42.227361,-1.293886,47.086557,0.000028
10.666666,5.133333,1,-0.909983,1.410351,0.313154,-0.317291,-0.222404,0.283729,-0.877132,0.421763,-0.045413,0.023713,-0.055831,0.380147,0.659684,0.645901,-0.159390,-0.894629,0.417413,0.809734,0.123399,0.573676,0.038256,-0.822945,1.390442,0.101236,0.060986,0.045657,0.216973,-0.359765,0.153008,0.910271,-0.136252,0.050023,0.439881,0.000000,1,0.061072,5.914123,33.988615,42.093800,-1.262944,46.985520,0.000027
10.700000,5.166667,1,-0.909561,1.409326,0.312580,-0.320417,-0.223747,0.282143,-0.876165,0.422329,-0.044455,0.023146,-0.055644,0.383546,0.659539,0.644053,-0.164198,-0.892241,0.420648,0.806872,0.123824,0.577603,0.037453,-0.822945,1.390442,0.101236,0.059922,0.045945,0.216387,-0.362399,0.155233,0.908720,-0.137105,0.041274,0.323936,0.000000,1,0.062116,5.783571,34.137757,41.951519,-1.233728,46.877409,0.000025
10.733333,5.200000,1,-0.909196,1.408314,0.311975,-0.323748,-0.225195,0.280236,-0.875182,0.422918,-0.043551,0.022549,-0.055461,0.387175,0.659523,0.641910,-0.169750,-0.889655,0.423908,0.803763,0.123907,0.581904,0.037000,-0.822945,1.390442,0.101236,0.058903,0.046273,0.215775,-0.365227,0.157602,0.907008,-0.138229,0.040215,0.347530,0.000000,1,0.063179,5.659898,34.295569,41.800151,-1.205895,46.762612,0.000024
10.766666,5.233333,1,-0.908903,1.407258,0.311410,-0.325491,-0.226460,0.278531,-0.874752,0.423587,-0.042677,0.021991,-0.055822,0.389300,0.659907,0.640197,-0.174063,-0.888404,0.424783,0.801478,0.122814,0.585277,0.037018,-0.822945,1.390442,0.101236,0.057887,0.046684,0.215207,-0.367175,0.158626,0.905852,-0.139472,0.032611,0.376965,0.000000,1,0.064297,5.539450,34.454964,41.635378,-1.178790,46.640547,0.000023
10.800000,5.266667,1,-0.908733,1.406160,0.310853,-0.325701,-0.227104,0.277647,-0.874789,0.424363,-0.041877,0.021442,-0.056308,0.389775,0.660335,0.639424,-0.175933,-0.888363,0.424098,0.800573,0.121574,0.586773,0.037276,-0.822945,1.390442,0.101236,0.056909,0.047218,0.214657,-0.367864,0.158539,0.905467,-0.140255,0.040616,0.425085,0.000000,1,0.066028,5.427549,34.624377,41.448528,-1.153392,46.504601,0.000022
10.833333,5.300000,1,-0.908665,1.405080,0.310241,-0.326479,-0.227495,0.276983,-0.874607,0.425185,-0.041168,0.020837,-0.056313,0.390646,0.660472,0.638750,-0.177654,-0.887750,0.424664,0.799756,0.121212,0.587960,0.037286,-0.822945,1.390442,0.101236,0.056006,0.047827,0.214059,-0.368577,0.159074,0.905009,-0.140731,0.029581,0.490507,0.000000,1,0.067764,5.327256,34.809838,41.244920,-1.130202,46.356240,0.000021
10.866666,5.333333,1,-0.908646,1.404004,0.309665,-0.325532,-0.228552,0.276490,-0.874841,0.426035,-0.040501,0.020268,-0.057684,0.390269,0.660898,0.638417,-0.178192,-0.888882,0.422062,0.798833,0.119772,0.589508,0.036625,-0.822945,1.390442,0.101236,0.055134,0.048472,0.213499,-0.369100,0.157756,0.904941,-0.141278,0.035192,0.545322,0.000000,1,0.068543,5.232428,34.992602,41.037347,-1.108061,46.206824,0.000020
10.900000,5.366667,1,-0.908721,1.402828,0.309313,-0.319556,-0.230014,0.277288,-0.876407,0.427020,-0.039851,0.019922,-0.061654,0.385568,0.661923,0.639839,-0.173608,-0.894592,0.411783,0.799505,0.116114,0.589330,0.036884,-0.822945,1.390442,0.101236,0.054229,0.049237,0.213171,-0.367686,0.151722,0.906526,-0.141412,0.036542,0.606683,0.000000,1,0.068933,5.138444,35.148913,40.822742,-1.086164,46.060342,0.000019
10.933333,5.400000,1,-0.908854,1.401816,0.308928,-0.315190,-0.231641,0.278232,-0.877260,0.427909,-0.039345,0.019543,-0.065055,0.382384,0.662250,0.641074,-0.169585,-0.898854,0.404107,0.799350,0.114386,0.589877,0.032747,-0.822945,1.390442,0.101236,0.053491,0.049957,0.212812,-0.367134,0.147054,0.907576,-0.141044,0.060915,0.586349,0.000000,1,0.068854,5.064480,35.303801,40.620087,-1.067826,45.920963,0.000018
10.966666,5.433333,1,-0.908928,1.401011,0.308242,-0.317391,-0.234324,0.277471,-0.875994,0.428598,-0.038915,0.018861,-0.066478,0.385554,0.661466,0.639837,-0.172379,-0.897722,0.405439,0.795199,0.116087,0.595132,0.031789,-0.822945,1.390442,0.101236,0.052897,0.050527,0.212144,-0.370509,0.147829,0.906081,-0.141022,0.082946,0.517414,0.000000,1,0.070009,5.002827,35.494153,40.427222,-1.051667,45.778729,0.000017
11.000000,5.466667,1,-0.908964,1.400364,0.307210,-0.326784,-0.237242,0.274482,-0.872690,0.429138,-0.038547,0.017832,-0.064911,0.395274,0.659879,0.635692,-0.183364,-0.890275,0.416878,0.787645,0.120692,0.604192,0.036576,-0.822945,1.390442,0.101236,0.052418,0.050997,0.211127,-0.377381,0.154990,0.901909,-0.141850,0.097625,0.468226,0.000000,1,0.072544,4.950913,35.733399,40.229425,-1.037279,45.622716,0.000016
11.033333,5.500000,1,-0.909297,1.399938,0.305930,-0.341937,-0.239218,0.270397,-0.867605,0.429682,-0.038547,0.016554,-0.059936,0.409732,0.657209,0.629765,-0.199608,-0.876890,0.437288,0.778659,0.128968,0.614050,0.041672,-0.822945,1.390442,0.101236,0.052298,0.051596,0.209879,-0.386031,0.167767,0.895806,-0.142706,0.091290,0.463984,0.000000,1,0.076294,4.946446,36.021909,40.000269,-1.031332,45.439072,0.000015
11.066666,5.533333,1,-0.909793,1.399564,0.304770,-0.356062,-0.240997,0.266802,-0.862529,0.430281,-0.038710,0.015394,-0.055243,0.423182,0.654324,0.624280,-0.214446,-0.863718,0.456075,0.770207,0.137617,0.622770,0.039479,-0.822945,1.390442,0.101236,0.052311,0.052289,0.208761,-0.394025,0.179708,0.889918,-0.143162,0.682617,0.475970,0.000000,1,0.076938,4.962239,36.297019,39.766401,-1.028955,45.256881,0.000014
11.100000,5.566667,1,-0.909974,1.399001,0.303978,-0.363510,-0.242779,0.264303,-0.859688,0.430842,-0.038510,0.014605,-0.053524,0.430652,0.652924,0.620777,-0.223543,-0.856741,0.464783,0.764540,0.141650,0.628820,0.029657,-0.822945,1.390442,0.101236,0.051979,0.052814,0.207992,-0.398999,0.185638,0.886368,-0.143844,1.229384,0.483646,0.000000,1,0.073419,4.931834,36.498271,39.580040,-1.018486,45.117819,0.000014
11.133333,5.600000,1,-0.909832,1.398233,0.303510,-0.364059,-0.243903,0.263294,-0.859447,0.431371,-0.037931,0.014141,-0.054290,0.431644,0.653162,0.619770,-0.225875,-0.856488,0.464121,0.762753,0.140864,0.631162,0.027322,-0.822945,1.390442,0.101236,0.051283,0.053174,0.207526,-0.400264,0.185643,0.885674,-0.144591,1.786708,0.501806,0.000000,1,0.070544,4.853205,36.633466,39.437402,-0.999685,45.017633,0.000013
11.166666,5.633333,1,-0.909583,1.397417,0.303135,-0.362410,-0.244310,0.263367,-0.860006,0.431873,-0.037238,0.013772,-0.055389,0.430348,0.653624,0.620087,-0.224848,-0.858281,0.461300,0.762935,0.139416,0.631264,0.027957,-0.822945,1.390442,0.101236,0.050484,0.053468,0.207148,-0.399884,0.183977,0.886157,-0.144817,2.533702,0.516270,0.000000,1,0.069897,4.760300,36.747416,39.311207,-0.978514,44.931161,0.000012
11.200000,5.666667,1,-0.909415,1.396694,0.302673,-0.363527,-0.244638,0.263170,-0.859501,0.432350,-0.036666,0.013316,-0.055186,0.431496,0.653264,0.619686,-0.225887,-0.857263,0.462683,0.762013,0.140400,0.632158,0.026217,-0.822945,1.390442,0.101236,0.049810,0.053779,0.206687,-0.400678,0.184835,0.885634,-0.144724,3.514624,0.564322,0.000000,1,0.070881,4.683221,36.875786,39.179426,-0.960191,44.838390,0.000012
11.233333,5.700000,1,-0.909424,1.396113,0.302078,-0.368302,-0.245605,0.262015,-0.857543,0.432821,-0.036320,0.012724,-0.053925,0.436208,0.652045,0.617780,-0.230881,-0.852686,0.468637,0.758596,0.143858,0.635482,0.024957,-0.822945,1.390442,0.101236,0.049358,0.054162,0.206103,-0.403697,0.188709,0.883447,-0.144705,4.313501,0.622645,0.000000,1,0.072657,4.635262,37.030273,39.031740,-0.946993,44.731211,0.000011
11.266666,5.733333,1,-0.909467,1.395582,0.301483,-0.373705,-0.246869,0.260740,-0.855228,0.433272,-0.036030,0.012132,-0.052652,0.441615,0.650564,0.615606,-0.236513,-0.847486,0.475215,0.754478,0.147989,0.639423,0.023955,-0.822945,1.390442,0.101236,0.048966,0.054542,0.205521,-0.407261,0.193015,0.880893,-0.144607,5.000915,0.634318,0.000000,1,0.073077,4.594760,37.183573,38.886398,-0.935166,44.625719,0.000011
11.300000,5.766667,1,-0.909275,1.394830,0.301166,-0.372906,-0.247304,0.260821,-0.855427,0.433758,-0.035422,0.011821,-0.053397,0.441093,0.650703,0.615769,-0.235953,-0.848472,0.473732,0.754259,0.147470,0.639801,0.025146,-0.822945,1.390442,0.101236,0.048251,0.054843,0.205203,-0.407285,0.192100,0.881077,-0.144637,5.843012,0.664209,0.000000,1,0.071387,4.513350,37.287037,38.765785,-0.916472,44.544905,0.000010
11.333333,5.800000,1,-0.908934,1.393782,0.301109,-0.365735,-0.247422,0.262281,-0.858038,0.434389,-0.034518,0.011771,-0.056696,0.434719,0.652362,0.618247,-0.229113,-0.855935,0.463555,0.757347,0.142420,0.637293,0.033095,-0.822945,1.390442,0.101236,0.047201,0.055176,0.205139,-0.404143,0.185578,0.883903,-0.144723,6.643710,0.666260,0.000000,1,0.071292,4.392919,37.355205,38.646289,-0.891326,44.472621,0.000010
11.366666,5.833333,1,-0.908875,1.392873,0.300733,-0.364532,-0.248196,0.262925,-0.858129,0.435081,-0.033922,0.011402,-0.057923,0.433989,0.652151,0.618868,-0.227295,-0.857467,0.461614,0.756915,0.142687,0.637746,0.029559,-0.822945,1.390442,0.101236,0.046436,0.055680,0.204774,-0.404269,0.184136,0.884231,-0.144207,7.284902,0.688669,0.000000,1,0.075163,4.311293,37.490078,38.479094,-0.872935,44.359507,0.000009
11.400000,5.866667,1,-0.908914,1.392152,0.300099,-0.367679,-0.248938,0.262596,-0.856671,0.435681,-0.033514,0.010771,-0.057185,0.437141,0.651006,0.617923,-0.229802,-0.854539,0.465784,0.754548,0.145842,0.639834,0.028841,-0.822945,1.390442,0.101236,0.045888,0.056169,0.204155,-0.406337,0.186634,0.882836,-0.143732,7.832292,0.689918,0.000000,1,0.077264,4.254856,37.665424,38.300830,-0.858871,44.231398,0.000009
11.433333,5.900000,1,-0.908889,1.391536,0.299350,-0.371756,-0.249135,0.262067,-0.855015,0.436160,-0.033118,0.010026,-0.055545,0.440883,0.649775,0.616709,-0.233170,-0.850421,0.471609,0.752466,0.149415,0.641460,0.029094,-0.822945,1.390442,0.101236,0.045392,0.056554,0.203416,-0.408347,0.190216,0.881208,-0.143331,8.411371,0.711836,0.000000,1,0.077745,4.201197,37.849676,38.134622,-0.845316,44.107964,0.000008
11.466666,5.933333,1,-0.908871,1.390969,0.298483,-0.376288,-0.249258,0.261657,-0.853120,0.436604,-0.032756,0.009163,-0.053636,0.445001,0.648278,0.615494,-0.236581,-0.845759,0.478248,0.750287,0.153717,0.642994,0.031087,-0.822945,1.390442,0.101236,0.044943,0.056923,0.202558,-0.410490,0.194238,0.879434,-0.142705,9.235037,0.732052,0.000000,1,0.079277,4.152246,38.052357,37.962867,-0.832642,43.977650,0.000008
11.500000,5.966667,1,-0.908938,1.390413,0.297702,-0.380464,-0.249418,0.261513,-0.851263,0.437090,-0.032469,0.008385,-0.051917,0.448816,0.646697,0.614534,-0.239306,-0.841437,0.484476,0.748231,0.158175,0.644306,0.028834,-0.822945,1.390442,0.101236,0.044549,0.057350,0.201792,-0.412499,0.197920,0.877807,-0.141869,10.009150,0.720204,0.000000,1,0.079695,4.112501,38.244839,37.788974,-0.821589,43.848887,0.000007
11.533333,6.000000,1,-0.909081,1.389853,0.297125,-0.384520,-0.249603,0.261624,-0.849350,0.437625,-0.032242,0.007811,-0.050274,0.452535,0.644950,0.613778,-0.241498,-0.837214,0.490664,0.746211,0.163023,0.645440,0.024508,-0.822945,1.390442,0.101236,0.044191,0.057828,0.201235,-0.414467,0.201478,0.876244,-0.140783,10.479379,0.701590,0.000000,1,0.079009,4.079862,38.405950,37.623703,-0.811782,43.732178,0.000007
11.566666,6.033333,1,-0.909167,1.389263,0.296733,-0.389048,-0.250443,0.261469,-0.847086,0.438148,-0.031954,0.007422,-0.049008,0.456971,0.643010,0.612629,-0.244569,-0.832643,0.496882,0.743063,0.168272,0.647721,0.021385,-0.822945,1.390442,0.101236,0.043771,0.058264,0.200859,-0.417230,0.205170,0.874240,-0.139745,10.701965,0.769934,0.000000,1,0.077715,4.039604,38.531695,37.479659,-0.800771,43.634966,0.000007
11.600000,6.066667,1,-0.909062,1.388617,0.296549,-0.392859,-0.251417,0.261012,-0.845177,0.438602,-0.031479,0.007242,-0.048181,0.460822,0.641521,0.611369,-0.247812,-0.828818,0.501647,0.740006,0.172259,0.650167,0.020414,-0.822945,1.390442,0.101236,0.043189,0.058566,0.200678,-0.419800,0.208164,0.872394,-0.139154,10.870225,0.810818,0.000000,1,0.075450,3.976452,38.610684,37.372899,-0.786038,43.568187,0.000006
11.633333,6.100000,1,-0.908787,1.387954,0.296565,-0.394726,-0.252407,0.260698,-0.844108,0.438965,-0.030861,0.007263,-0.048236,0.462939,0.640711,0.610614,-0.249648,-0.827116,0.503543,0.737794,0.174324,0.652129,0.021526,-0.822945,1.390442,0.101236,0.042489,0.058725,0.200685,-0.421513,0.209401,0.871316,-0.138872,10.939104,0.831934,0.000000,1,0.072973,3.895857,38.642390,37.306453,-0.768502,43.533389,0.000006
11.666666,6.133333,1,-0.908469,1.387385,0.296610,-0.395793,-0.254074,0.260405,-0.843198,0.439228,-0.030265,0.007313,-0.049253,0.464641,0.640033,0.609951,-0.251067,-0.826549,0.503769,0.735008,0.175863,0.654855,0.019614,-0.822945,1.390442,0.101236,0.041840,0.058794,0.200717,-0.423465,0.209614,0.870354,-0.138650,11.008651,0.839427,0.000000,1,0.071763,3.818913,38.658253,37.263086,-0.751653,43.514163,0.000006
11.700000,6.166667,1,-0.908103,1.386986,0.296543,-0.396846,-0.256668,0.259678,-0.842142,0.439327,-0.029732,0.007250,-0.051108,0.466743,0.639418,0.608838,-0.253408,-0.826313,0.502983,0.730894,0.177066,0.659121,0.016370,-0.822945,1.390442,0.101236,0.041304,0.058732,0.200631,-0.426239,0.209404,0.869037,-0.138727,11.057015,0.822804,0.000000,1,0.071058,3.751382,38.677725,37.241117,-0.736437,43.505189,0.000005
11.733333,6.200000,1,-0.907743,1.386805,0.296367,-0.397636,-0.258996,0.258708,-0.841354,0.439255,-0.029334,0.007077,-0.052844,0.468492,0.639151,0.607626,-0.255996,-0.826243,0.501785,0.727216,0.177388,0.663092,0.013183,-0.822945,1.390442,0.101236,0.040953,0.058556,0.200434,-0.428670,0.209083,0.867849,-0.139156,11.159510,0.760129,0.000000,1,0.070331,3.702321,38.700332,37.240841,-0.724340,43.506765,0.000005
11.766666,6.233333,1,-0.907536,1.386820,0.296203,-0.397724,-0.260291,0.257998,-0.841131,0.439119,-0.029177,0.006914,-0.053966,0.469149,0.639269,0.606896,-0.257530,-0.826576,0.500451,0.725303,0.176846,0.665328,0.007915,-0.822945,1.390442,0.101236,0.040850,0.058389,0.200257,-0.429871,0.208592,0.867293,-0.139653,11.221731,0.784540,0.000000,1,0.069664,3.684131,38.715874,37.251580,-0.717426,43.515530,0.000005
11.800000,6.266667,1,-0.907512,1.386980,0.296108,-0.397302,-0.260600,0.257656,-0.841339,0.438977,-0.029253,0.006818,-0.054432,0.468908,0.639606,0.606685,-0.257942,-0.827126,0.499328,0.725031,0.175882,0.665880,0.005625,-0.822945,1.390442,0.101236,0.040969,0.058283,0.200158,-0.429965,0.208080,0.867304,-0.140056,11.270740,0.722170,0.000000,1,0.069148,3.695378,38.720222,37.267134,-0.715495,43.529095,0.000005
11.833333,6.300000,1,-0.907550,1.387224,0.296068,-0.396887,-0.260456,0.257247,-0.841705,0.438805,-0.029430,0.006776,-0.054490,0.468471,0.640114,0.606481,-0.258423,-0.827488,0.498479,0.725381,0.174569,0.665844,0.007523,-0.822945,1.390442,0.101236,0.041191,0.058175,0.200117,-0.429666,0.207780,0.867436,-0.140602,11.322497,0.762737,0.000000,1,0.068415,3.719741,38.712147,37.292957,-0.715889,43.550596,0.000004
11.866666,6.333333,1,-0.907593,1.387497,0.296126,-0.396753,-0.260298,0.256630,-0.842005,0.438612,-0.029629,0.006832,-0.054410,0.468279,0.640657,0.606063,-0.259455,-0.827516,0.497897,0.725599,0.173195,0.665965,0.008462,-0.822945,1.390442,0.101236,0.041437,0.058048,0.200173,-0.429486,0.207743,0.867422,-0.141294,11.289731,0.793776,0.000000,1,0.067278,3.746928,38.684158,37.332451,-0.716929,43.583499,0.000004
11.900000,6.366667,1,-0.907589,1.387784,0.296280,-0.397125,-0.260249,0.255893,-0.842069,0.438380,-0.029800,0.006985,-0.054203,0.468589,0.641046,0.605431,-0.261031,-0.827015,0.497904,0.725420,0.172245,0.666406,0.009794,-0.822945,1.390442,0.101236,0.041664,0.057868,0.200323,-0.429631,0.208114,0.867151,-0.141970,11.274088,0.809050,0.000000,1,0.065849,3.770912,38.633940,37.390216,-0.717628,43.630733,0.000004
11.933333,6.400000,1,-0.907486,1.388043,0.296453,-0.397565,-0.260569,0.255004,-0.842033,0.438111,-0.029875,0.007156,-0.054296,0.469125,0.641411,0.604620,-0.262972,-0.826564,0.497632,0.724677,0.171287,0.667460,0.009822,-0.822945,1.390442,0.101236,0.041811,0.057624,0.200484,-0.430135,0.208382,0.866713,-0.142724,11.245462,0.816395,0.000000,1,0.064995,3.782959,38.575659,37.458845,-0.716568,43.685078,0.000004
11.966666,6.433333,1,-0.907311,1.388283,0.296593,-0.397621,-0.260682,0.254244,-0.842201,0.437814,-0.029881,0.007296,-0.054375,0.469224,0.641901,0.604016,-0.264417,-0.826464,0.497031,0.724409,0.170013,0.668078,0.009850,-0.822945,1.390442,0.101236,0.041901,0.057334,0.200608,-0.430282,0.208397,0.866512,-0.143472,11.096896,0.793676,0.000000,1,0.064665,3.786560,38.519603,37.531216,-0.714321,43.740412,0.000004
12.000000,6.466667,1,-0.907088,1.388557,0.296739,-0.397237,-0.260752,0.253992,-0.842437,0.437461,-0.029868,0.007441,-0.054610,0.468911,0.642223,0.603896,-0.264656,-0.826886,0.496203,0.724457,0.169135,0.668248,0.011464,-0.822945,1.390442,0.101236,0.041992,0.056985,0.200735,-0.430181,0.208025,0.866596,-0.143812,10.971061,0.831245,0.000000,1,0.063799,3.788231,38.456591,37.615753,-0.711929,43.803364,0.000003
12.033333,6.500000,1,-0.906892,1.388880,0.296818,-0.396320,-0.260623,0.254110,-0.842872,0.437085,-0.029906,0.007520,-0.054902,0.468032,0.642557,0.604196,-0.263866,-0.827852,0.495010,0.725069,0.168213,0.667817,0.011579,-0.822945,1.390442,0.101236,0.042138,0.056633,0.200796,-0.429655,0.207257,0.867020,-0.143934,10.973128,0.794027,0.000000,1,0.063891,3.796396,38.403560,37.697853,-0.710803,43.862318,0.000003
12.066666,6.533333,1,-0.906776,1.389252,0.296782,-0.395182,-0.259902,0.254332,-0.843562,0.436718,-0.030038,0.007482,-0.054764,0.466689,0.643070,0.604701,-0.262676,-0.828845,0.493980,0.726614,0.166923,0.666459,0.011752,-0.822945,1.390442,0.101236,0.042376,0.056326,0.200746,-0.428507,0.206555,0.867728,-0.144098,10.983586,0.815940,0.000000,1,0.064820,3.816460,38.373437,37.765417,-0.711853,43.907935,0.000003
12.100000,6.566667,1,-0.906694,1.389661,0.296672,-0.394046,-0.259001,0.254495,-0.844321,0.436342,-0.030217,0.007369,-0.054464,0.465267,0.643672,0.605183,-0.261575,-0.829759,0.493030,0.728398,0.165440,0.664880,0.012948,-0.822945,1.390442,0.101236,0.042664,0.056028,0.200624,-0.427203,0.205937,0.868476,-0.144351,11.021218,0.812397,0.000000,1,0.065257,3.842662,38.356457,37.826726,-0.714106,43.946930,0.000003
12.133333,6.600000,1,-0.906576,1.390077,0.296572,-0.392912,-0.258644,0.254577,-0.844934,0.435939,-0.030373,0.007268,-0.054650,0.464092,0.644180,0.605528,-0.260697,-0.830863,0.491633,0.729414,0.164092,0.664101,0.013300,-0.822945,1.390442,0.101236,0.042937,0.055698,0.200511,-0.426381,0.205077,0.869042,-0.144598,11.159746,0.817592,0.000000,1,0.064722,3.866107,38.334802,37.894569,-0.716058,43.990220,0.000003
12.166666,6.633333,1,-0.906436,1.390464,0.296520,-0.392401,-0.258536,0.254601,-0.845197,0.435546,-0.030493,0.007214,-0.054781,0.463585,0.644403,0.605668,-0.260332,-0.831379,0.490955,0.729796,0.163489,0.663829,0.012445,-0.822945,1.390442,0.101236,0.043173,0.055363,0.200443,-0.426058,0.204666,0.869278,-0.144712,11.234535,0.816703,0.000000,1,0.064145,3.885027,38.305217,37.965764,-0.717420,44.036839,0.000003
12.200000,6.666667,1,-0.906327,1.390807,0.296508,-0.392677,-0.258339,0.254520,-0.845154,0.435206,-0.030613,0.007200,-0.054481,0.463744,0.644401,0.605575,-0.260622,-0.830997,0.491447,0.729935,0.163558,0.663659,0.010812,-0.822945,1.390442,0.101236,0.043390,0.055077,0.200419,-0.426009,0.205005,0.869214,-0.144762,11.271632,0.858652,0.000000,1,0.064063,3.903375,38.273673,38.030378,-0.718860,44.080128,0.000003
12.233333,6.700000,1,-0.906299,1.391109,0.296543,-0.393123,-0.257819,0.254539,-0.845100,0.434948,-0.030773,0.007234,-0.053817,0.463911,0.644345,0.605565,-0.260789,-0.830319,0.492503,0.730453,0.163846,0.663018,0.009169,-0.822945,1.390442,0.101236,0.043619,0.054876,0.200447,-0.425750,0.205640,0.869198,-0.144720,11.282995,0.840451,0.000000,1,0.064259,3.926117,38.242125,38.082899,-0.721202,44.116731,0.000002
12.266666,6.733333,1,-0.906300,1.391379,0.296605,-0.393498,-0.257383,0.254661,-0.845021,0.434733,-0.030936,0.007294,-0.053259,0.464053,0.644222,0.605638,-0.260733,-0.829759,0.493475,0.730900,0.164284,0.662417,0.008287,-0.822945,1.390442,0.101236,0.043838,0.054717,0.200505,-0.425530,0.206171,0.869204,-0.144575,11.272590,0.863062,0.000000,1,0.064289,3.948976,38.210400,38.129137,-0.723705,44.149809,0.000002
12.300000,6.766667,1,-0.906295,1.391626,0.296691,-0.394474,-0.257118,0.254769,-0.844614,0.434533,-0.031081,0.007378,-0.052586,0.464810,0.643812,0.605551,-0.261085,-0.828608,0.495221,0.730838,0.165481,0.662187,0.007844,-0.822945,1.390442,0.101236,0.044033,0.054565,0.200586,-0.425728,0.207166,0.868921,-0.144273,11.279852,0.908573,0.000000,1,0.064032,3.969368,38.175457,38.175263,-0.725913,44.183366,0.000002
12.333333,6.800000,1,-0.906307,1.391837,0.296838,-0.395946,-0.256611,0.255129,-0.843970,0.434371,-0.031219,0.007524,-0.051475,0.465904,0.643081,0.605583,-0.261238,-0.826843,0.498082,0.730913,0.167595,0.661572,0.007729,-0.822945,1.390442,0.101236,0.044209,0.054443,0.200731,-0.425927,0.208710,0.868560,-0.143630,11.267934,0.911661,0.000000,1,0.063712,3.988500,38.133257,38.219825,-0.728024,44.217560,0.000002
12.366666,6.833333,1,-0.906307,1.391937,0.296983,-0.396899,-0.256040,0.255555,-0.843567,0.434291,-0.031280,0.007668,-0.050537,0.466504,0.642533,0.605782,-0.260948,-0.825621,0.500255,0.731318,0.169195,0.660717,0.005280,-0.822945,1.390442,0.101236,0.044286,0.054375,0.200874,-0.425836,0.209816,0.868433,-0.143055,11.207844,0.904578,0.000000,1,0.064274,3.997057,38.098877,38.249325,-0.728494,44.241701,0.000002
12.400000,6.866667,1,-0.906203,1.391951,0.297058,-0.397883,-0.255989,0.255637,-0.843095,0.434217,-0.031206,0.007744,-0.050052,0.467363,0.642077,0.605644,-0.261381,-0.824525,0.501836,0.730954,0.170464,0.660793,0.003875,-0.822945,1.390442,0.101236,0.044235,0.054278,0.200941,-0.426226,0.210722,0.868074,-0.142741,11.208891,0.901120,0.000000,1,0.079626,3.997057,38.098877,38.249325,-0.728494,44.241701,0.000002
12.433333,6.900000,1,-0.905988,1.391933,0.297075,-0.399217,-0.256226,0.255121,-0.842548,0.434102,-0.031023,0.007762,-0.049671,0.468663,0.641823,0.604938,-0.263165,-0.823085,0.503265,0.729969,0.171191,0.661694,0.006494,-0.822945,1.390442,0.101236,0.044095,0.054112,0.200944,-0.427044,0.211824,0.867376,-0.142908,11.277942,0.929520,0.000000,1,0.063305,3.966113,38.060474,38.299943,-0.722372,44.277789,0.000002
12.466666,6.933333,1,-0.905740,1.391917,0.297171,-0.399978,-0.256437,0.254510,-0.842307,0.433965,-0.030816,0.007859,-0.049523,0.469440,0.641883,0.604284,-0.264776,-0.822256,0.503774,0.729264,0.171067,0.662503,0.007987,-0.822945,1.390442,0.101236,0.043936,0.053914,0.201024,-0.427588,0.212426,0.866894,-0.143316,11.301609,0.958093,0.000000,1,0.063626,3.940923,38.027041,38.339875,-0.717301,44.306878,0.000002
12.500000,6.966667,1,-0.905499,1.391974,0.297381,-0.400833,-0.256839,0.254251,-0.841857,0.433774,-0.030661,0.008070,-0.049503,0.470386,0.641599,0.603852,-0.265824,-0.821433,0.504565,0.728291,0.171800,0.663383,0.009733,-0.822945,1.390442,0.101236,0.043838,0.053672,0.201216,-0.428331,0.213017,0.866383,-0.143308,11.233106,0.989447,0.000000,1,0.062009,3.922706,37.967850,38.400898,-0.713421,44.353023,0.000002
12.533333,7.000000,1,-0.905200,1.392153,0.297568,-0.402616,-0.257575,0.253931,-0.840877,0.433451,-0.030530,0.008257,-0.049368,0.472314,0.640872,0.603130,-0.267594,-0.819692,0.506456,0.726424,0.173692,0.664936,0.011876,-0.822945,1.390442,0.101236,0.043805,0.053313,0.201380,-0.429782,0.214295,0.865386,-0.143080,11.147263,1.027871,0.000000,1,0.060712,3.908815,37.899554,38.485763,-0.710292,44.413803,0.000002
12.566666,7.033333,1,-0.904794,1.392454,0.297693,-0.404506,-0.258363,0.253464,-0.839869,0.432966,-0.030388,0.008382,-0.049232,0.474360,0.640186,0.602263,-0.269710,-0.817829,0.508343,0.724413,0.175477,0.666658,0.015603,-0.822945,1.390442,0.101236,0.043812,0.052801,0.201472,-0.431331,0.215647,0.864298,-0.142966,11.118072,0.729013,0.000000,1,0.059453,3.894777,37.826174,38.596775,-0.707177,44.489484,0.000002
12.600000,7.066667,1,-0.904433,1.392864,0.297754,-0.406108,-0.258860,0.253116,-0.839047,0.432421,-0.030347,0.008442,-0.048964,0.476018,0.639612,0.601586,-0.271393,-0.816178,0.510096,0.722948,0.176999,0.667846,0.016495,-0.822945,1.390442,0.101236,0.043935,0.052266,0.201502,-0.432492,0.216871,0.863431,-0.142846,11.111930,0.238385,0.000000,1,0.059169,3.894113,37.759094,38.712215,-0.706422,44.565862,0.000001
12.633333,7.100000,1,-0.904307,1.393514,0.297651,-0.410708,-0.258469,0.252630,-0.837073,0.431826,-0.030637,0.008336,-0.046564,0.479967,0.638078,0.600266,-0.275025,-0.810732,0.516793,0.721335,0.181376,0.668415,0.020117,-0.822945,1.390442,0.101236,0.044395,0.051793,0.201381,-0.434210,0.221193,0.861567,-0.142260,11.145337,0.225631,0.000000,1,0.060203,3.936286,37.719732,38.816771,-0.713069,44.629925,0.000001
12.666666,7.133333,1,-0.904464,1.394412,0.297276,-0.420594,-0.257692,0.251067,-0.832863,0.431205,-0.031300,0.007955,-0.041466,0.488482,0.635045,0.596980,-0.283792,-0.798728,0.530562,0.717706,0.189998,0.669924,0.029560,-0.822945,1.390442,0.101236,0.045227,0.051425,0.201004,-0.437969,0.230466,0.857352,-0.141477,11.154816,0.396622,0.000000,1,0.062905,4.026790,37.731014,38.894028,-0.728127,44.667705,0.000001
12.700000,7.166667,1,-0.904611,1.395338,0.296849,-0.430433,-0.257605,0.249029,-0.828464,0.430555,-0.031971,0.007522,-0.037009,0.497263,0.632053,0.593185,-0.293523,-0.786655,0.543155,0.713043,0.198279,0.672499,0.030903,-0.822945,1.390442,0.101236,0.046078,0.051035,0.200574,-0.442326,0.239397,0.852732,-0.141014,11.169736,0.432027,0.000000,1,0.063068,4.118955,37.749670,38.970972,-0.743625,44.703626,0.000001
12.733333,7.200000,1,-0.904478,1.396076,0.296642,-0.434530,-0.257873,0.247940,-0.826566,0.429886,-0.032308,0.007311,-0.035426,0.501056,0.630856,0.591362,-0.298071,-0.781629,0.547914,0.710628,0.201532,0.674087,0.023329,-0.822945,1.390442,0.101236,0.046608,0.050513,0.200348,-0.444414,0.242985,0.850631,-0.140998,11.241113,0.716580,0.000000,1,0.060110,4.168486,37.724090,39.077394,-0.751941,44.765408,0.000001
12.766666,7.233333,1,-0.904170,1.396556,0.296678,-0.433329,-0.257524,0.248076,-0.827264,0.429316,-0.032351,0.007345,-0.035649,0.499822,0.631415,0.591795,-0.297015,-0.782973,0.546566,0.711701,0.200087,0.673384,0.017175,-0.822945,1.390442,0.101236,0.046820,0.049981,0.200355,-0.443570,0.242058,0.851297,-0.141237,11.305634,0.704288,0.000000,1,0.058065,4.179321,37.661126,39.192999,-0.753767,44.840511,0.000001
12.800000,7.266667,1,-0.903818,1.396922,0.296815,-0.430819,-0.256784,0.248720,-0.828610,0.428813,-0.032291,0.007482,-0.036103,0.497242,0.632323,0.592972,-0.294163,-0.785802,0.544043,0.713995,0.197729,0.671651,0.015756,-0.822945,1.390442,0.101236,0.046910,0.049475,0.200463,-0.441785,0.240121,0.852751,-0.141363,11.311293,0.711976,0.000000,1,0.057286,4.176106,37.585105,39.307337,-0.753298,44.917729,0.000001
12.833333,7.300000,1,-0.903470,1.397320,0.296886,-0.430058,-0.256340,0.249075,-0.829036,0.428284,-0.032253,0.007552,-0.036044,0.496361,0.632543,0.593478,-0.292970,-0.786582,0.543560,0.715019,0.197181,0.670722,0.016025,-0.822945,1.390442,0.101236,0.047031,0.048956,0.200504,-0.441045,0.239629,0.853287,-0.141273,11.292983,0.760044,0.000000,1,0.057287,4.175991,37.518918,39.419723,-0.753454,44.991427,0.000001
12.866666,7.333333,1,-0.903218,1.397767,0.296858,-0.431568,-0.256372,0.248987,-0.828268,0.427776,-0.032321,0.007523,-0.035400,0.497729,0.631900,0.593055,-0.294064,-0.784743,0.545624,0.714265,0.198898,0.671018,0.015405,-0.822945,1.390442,0.101236,0.047250,0.048494,0.200453,-0.441746,0.240975,0.852597,-0.140959,11.300406,0.826917,0.000000,1,0.058078,4.189240,37.473759,39.516889,-0.756036,45.051984,0.000001
12.900000,7.366667,1,-0.903114,1.398245,0.296769,-0.434771,-0.256410,0.248781,-0.826641,0.427332,-0.032524,0.007431,-0.034006,0.500619,0.630548,0.592143,-0.296420,-0.780798,0.549991,0.712701,0.202505,0.671602,0.014916,-0.822945,1.390442,0.101236,0.047581,0.048138,0.200349,-0.443209,0.243845,0.851128,-0.140312,11.223262,0.862730,0.000000,1,0.059074,4.219549,37.447608,39.593201,-0.761700,45.096935,0.000001
12.933333,7.400000,1,-0.903006,1.398738,0.296626,-0.438881,-0.256136,0.248469,-0.824646,0.426874,-0.032734,0.007286,-0.031930,0.504181,0.628917,0.590970,-0.299470,-0.775538,0.555750,0.711145,0.206889,0.671915,0.015727,-0.822945,1.390442,0.101236,0.047924,0.047774,0.200192,-0.444801,0.247674,0.849311,-0.139572,11.242285,0.886458,0.000000,1,0.059252,4.250912,37.430264,39.666545,-0.767621,45.138224,0.000001
12.966666,7.433333,1,-0.902769,1.399141,0.296502,-0.441162,-0.256202,0.248489,-0.823401,0.426410,-0.032786,0.007160,-0.030971,0.506257,0.627802,0.590431,-0.300863,-0.772707,0.558932,0.709989,0.209811,0.672231,0.014514,-0.822945,1.390442,0.101236,0.048118,0.047356,0.200046,-0.445871,0.249697,0.848264,-0.138923,11.262349,0.393915,0.000000,1,0.058663,4.261962,37.407838,39.745142,-0.770066,45.183432,0.000001
13.000000,7.466667,1,-0.902472,1.399507,0.296380,-0.442578,-0.256300,0.248756,-0.822530,0.425939,-0.032769,0.007038,-0.030426,0.507572,0.626908,0.590281,-0.301286,-0.770991,0.561070,0.709217,0.212120,0.672322,0.014609,-0.822945,1.390442,0.101236,0.048248,0.046910,0.199899,-0.446577,0.250923,0.847640,-0.138247,11.359901,0.391674,0.000000,1,0.058299,4.264091,37.383684,39.826394,-0.771003,45.230406,0.000001
13.033333,7.500000,1,-0.902245,1.399831,0.296347,-0.443678,-0.256109,0.248956,-0.821936,0.425543,-0.032782,0.007003,-0.029765,0.508473,0.626291,0.590194,-0.301571,-0.769536,0.562912,0.708997,0.213747,0.672039,0.011924,-0.822945,1.390442,0.101236,0.048381,0.046540,0.199845,-0.446891,0.251995,0.847234,-0.137772,11.487148,0.426257,0.000000,1,0.057975,4.269335,37.350933,39.901143,-0.772552,45.275893,0.000001
13.066666,7.533333,1,-0.902139,1.400072,0.296472,-0.443852,-0.255821,0.249106,-0.821886,0.425287,-0.032843,0.007128,-0.029429,0.508501,0.626181,0.590304,-0.301350,-0.769203,0.563484,0.709345,0.214063,0.671571,0.008731,-0.822945,1.390442,0.101236,0.048513,0.046306,0.199960,-0.446711,0.252279,0.847270,-0.137619,11.512224,0.462325,0.000000,1,0.057685,4.279514,37.303118,39.963387,-0.775043,45.318205,0.000001
13.100000,7.566667,1,-0.902122,1.400279,0.296655,-0.444064,-0.255217,0.249331,-0.821892,0.425111,-0.032955,0.007310,-0.028793,0.508420,0.626085,0.590506,-0.300948,-0.768692,0.564396,0.710136,0.214376,0.670634,0.008314,-0.822945,1.390442,0.101236,0.048667,0.046161,0.200138,-0.446266,0.252737,0.847399,-0.137429,11.440103,0.598990,0.000000,1,0.057774,4.295586,37.252775,40.015000,-0.778621,45.355406,0.000001
13.133333,7.600000,1,-0.902110,1.400510,0.296752,-0.444585,-0.254686,0.249437,-0.821743,0.424919,-0.033086,0.007405,-0.028085,0.508650,0.625906,0.590531,-0.300968,-0.767806,0.565591,0.710664,0.214905,0.669905,0.007520,-0.822945,1.390442,0.101236,0.048846,0.046011,0.200230,-0.446026,0.253444,0.847340,-0.137265,11.298421,0.695939,0.000000,1,0.058200,4.314193,37.216981,40.060844,-0.782670,45.386096,0.000001
13.166666,7.633333,1,-0.902066,1.400765,0.296805,-0.444400,-0.254443,0.249455,-0.821913,0.424688,-0.033204,0.007456,-0.027950,0.508376,0.626049,0.590623,-0.300767,-0.767936,0.565520,0.711100,0.214562,0.669552,0.007929,-0.822945,1.390442,0.101236,0.049026,0.045824,0.200276,-0.445730,0.253387,0.847502,-0.137336,11.285806,0.636936,0.000000,1,0.058060,4.331627,37.185543,40.110004,-0.786517,45.417534,0.000001
13.200000,7.666667,1,-0.902023,1.401002,0.296902,-0.443978,-0.254307,0.249490,-0.822171,0.424473,-0.033313,0.007552,-0.028016,0.507937,0.626264,0.590770,-0.300412,-0.768416,0.565057,0.711495,0.214018,0.669307,0.007784,-0.822945,1.390442,0.101236,0.049192,0.045646,0.200366,-0.445422,0.253068,0.847742,-0.137438,11.309795,0.788700,0.000000,1,0.057654,4.347684,37.147376,40.160582,-0.790138,45.451309,0.000001
13.233333,7.700000,1,-0.901980,1.401195,0.297029,-0.443789,-0.254404,0.249358,-0.822284,0.424293,-0.033396,0.007678,-0.028188,0.507810,0.626423,0.590702,-0.300553,-0.768686,0.564615,0.711430,0.213601,0.669509,0.007045,-0.822945,1.390442,0.101236,0.049321,0.045491,0.200487,-0.445427,0.252856,0.847775,-0.137609,11.278617,0.825045,0.000000,1,0.057523,4.360022,37.106847,40.207699,-0.793130,45.483771,0.000001
13.266666,7.733333,1,-0.901918,1.401390,0.297124,-0.444756,-0.254191,0.249162,-0.821886,0.424100,-0.033464,0.007773,-0.027567,0.508583,0.626158,0.590348,-0.301460,-0.767341,0.565959,0.711261,0.214333,0.669454,0.006779,-0.822945,1.390442,0.101236,0.049441,0.045321,0.200575,-0.445676,0.253827,0.847359,-0.137581,11.180747,0.884645,0.000000,1,0.057488,4.370597,37.070719,40.254590,-0.795818,45.515067,0.000001
13.300000,7.766667,1,-0.901827,1.401666,0.297139,-0.447665,-0.253449,0.248762,-0.820656,0.423824,-0.033558,0.007786,-0.025607,0.510859,0.625246,0.589437,-0.303817,-0.763249,0.570216,0.710922,0.216825,0.669012,0.008742,-0.822945,1.390442,0.101236,0.049613,0.045086,0.200579,-0.446324,0.256789,0.846168,-0.137312,11.227431,0.897219,0.000000,1,0.057313,4.385310,37.041789,40.309032,-0.799224,45.548716,0.000000
13.333333,7.800000,1,-0.901696,1.401925,0.297212,-0.449914,-0.253346,0.248250,-0.819613,0.423539,-0.033609,0.007858,-0.024513,0.512829,0.624549,0.588510,-0.306109,-0.760249,0.572991,0.709965,0.218676,0.669426,0.008965,-0.822945,1.390442,0.101236,0.049746,0.044825,0.200639,-0.447246,0.258871,0.845059,-0.137233,11.106235,0.739555,0.000000,1,0.056513,4.394607,37.000937,40.371655,-0.801677,45.589522,0.000000
13.366666,7.833333,1,-0.901621,1.402132,0.297450,-0.450362,-0.253419,0.248173,-0.819368,0.423328,-0.033677,0.008095,-0.024380,0.513263,0.624365,0.588332,-0.306541,-0.759695,0.573494,0.709642,0.219148,0.669614,0.009721,-0.822945,1.390442,0.101236,0.049865,0.044629,0.200868,-0.447512,0.259242,0.844814,-0.137175,11.138620,0.749705,0.000000,1,0.055614,4.405181,36.937128,40.435634,-0.804387,45.636428,0.000000
13.400000,7.866667,1,-0.901644,1.402358,0.297783,-0.450402,-0.253051,0.248364,-0.819401,0.423160,-0.033833,0.008427,-0.024031,0.513135,0.624310,0.588517,-0.306141,-0.759497,0.573971,0.710171,0.219319,0.668996,0.012107,-0.822945,1.390442,0.101236,0.050054,0.044496,0.201199,-0.447200,0.259441,0.844942,-0.137028,11.064236,0.980514,0.000000,1,0.055094,4.426979,36.860562,40.499159,-0.809118,45.686064,0.000000
13.433333,7.900000,1,-0.901643,1.402620,0.298082,-0.450828,-0.252797,0.248263,-0.819276,0.422950,-0.033992,0.008725,-0.023615,0.513404,0.624244,0.588369,-0.306527,-0.758820,0.574659,0.710324,0.219524,0.668767,0.011931,-0.822945,1.390442,0.101236,0.050259,0.044324,0.201494,-0.447168,0.259941,0.844800,-0.137054,10.809285,1.162600,0.000000,1,0.054728,4.449510,36.786149,40.567652,-0.813993,45.737764,0.000000
13.466666,7.933333,1,-0.901596,1.402937,0.298357,-0.451135,-0.252482,0.247980,-0.819290,0.422668,-0.034147,0.008998,-0.023197,0.513537,0.624384,0.588121,-0.307152,-0.758251,0.575076,0.710601,0.219213,0.668574,0.012664,-0.822945,1.390442,0.101236,0.050482,0.044084,0.201760,-0.447036,0.260365,0.844698,-0.137311,10.812355,1.381520,0.000000,1,0.054024,4.472306,36.709406,40.647539,-0.818921,45.796017,0.000000
13.500000,7.966667,1,-0.901576,1.403278,0.298711,-0.451109,-0.252171,0.247878,-0.819431,0.422383,-0.034339,0.009350,-0.022930,0.513374,0.624555,0.588092,-0.307245,-0.758135,0.575180,0.711048,0.218810,0.668231,0.014751,-0.822945,1.390442,0.101236,0.050739,0.043848,0.202106,-0.446753,0.260484,0.844785,-0.137474,10.694181,1.614695,0.000000,1,0.053116,4.499851,36.618204,40.735047,-0.824729,45.861680,0.000000
13.533333,8.000000,1,-0.901558,1.403608,0.299128,-0.451188,-0.252469,0.247850,-0.819304,0.422107,-0.034526,0.009764,-0.023162,0.513579,0.624455,0.588011,-0.307414,-0.758163,0.575052,0.710582,0.219039,0.668652,0.015962,-0.822945,1.390442,0.101236,0.050987,0.043615,0.202515,-0.447051,0.260422,0.844653,-0.137432,10.401202,1.836302,0.000000,1,0.052370,4.526802,36.516309,40.826856,-0.830482,45.932056,0.000000
13.566666,8.033333,1,-0.901535,1.404017,0.299547,-0.452006,-0.252634,0.248029,-0.818748,0.421767,-0.034757,0.010181,-0.022944,0.514387,0.623880,0.587923,-0.307640,-0.757191,0.576211,0.709983,0.220494,0.668810,0.017577,-0.822945,1.390442,0.101236,0.051295,0.043333,0.202926,-0.447554,0.261080,0.844255,-0.136993,10.225299,2.219574,0.000000,1,0.051493,4.560116,36.408135,40.930624,-0.837403,46.010199,0.000000
13.600000,8.066667,1,-0.901519,1.404519,0.299944,-0.452800,-0.252412,0.248489,-0.818238,0.421355,-0.035049,0.010575,-0.022390,0.515000,0.623222,0.588106,-0.307260,-0.756102,0.577841,0.709979,0.222187,0.668253,0.019210,-0.822945,1.390442,0.101236,0.051684,0.043003,0.203313,-0.447696,0.261886,0.844036,-0.136335,10.005109,2.539482,0.000000,1,0.050770,4.602120,36.297832,41.044912,-0.845934,46.094358,0.000000
13.633333,8.100000,1,-0.901515,1.405023,0.300315,-0.453147,-0.251833,0.249098,-0.818039,0.420949,-0.035352,0.010944,-0.021715,0.515053,0.622773,0.588560,-0.306252,-0.755447,0.579232,0.710710,0.223364,0.667083,0.018776,-0.822945,1.390442,0.101236,0.052083,0.042684,0.203676,-0.447322,0.262448,0.844161,-0.135706,9.826633,2.848015,0.000000,1,0.050645,4.645571,36.192905,41.155277,-0.854829,46.175021,0.000000
13.666666,8.133333,1,-0.901579,1.405522,0.300699,-0.453684,-0.250751,0.250102,-0.817767,0.420588,-0.035707,0.011324,-0.020503,0.515053,0.622083,0.589332,-0.304534,-0.754348,0.581565,0.712107,0.225185,0.664978,0.018983,-0.822945,1.390442,0.101236,0.052517,0.042423,0.204055,-0.446577,0.263400,0.844420,-0.134700,9.585376,3.332475,0.000000,1,0.050645,4.695439,36.090628,41.257130,-0.864995,46.250425,0.000000
13.700000,8.166667,1,-0.901747,1.406068,0.301174,-0.454427,-0.249778,0.251320,-0.817279,0.420252,-0.036172,0.011795,-0.019298,0.515286,0.621105,0.590200,-0.302582,-0.753040,0.584273,0.713265,0.227713,0.662872,0.022291,-0.822945,1.390442,0.101236,0.053046,0.042212,0.204532,-0.446013,0.264484,0.844586,-0.133396,9.375478,3.723456,0.000000,1,0.049992,4.759577,35.974983,41.360879,-0.877826,46.329995,0.000000
13.733333,8.200000,1,-0.901946,1.406631,0.301760,-0.455004,-0.249227,0.251989,-0.816920,0.419921,-0.036674,0.012376,-0.018544,0.515559,0.620487,0.590637,-0.301609,-0.752086,0.586003,0.713843,0.229305,0.661700,0.025081,-0.822945,1.390442,0.101236,0.053603,0.042010,0.205121,-0.445763,0.265239,0.844601,-0.132635,9.086057,4.142128,0.000000,1,0.048897,4.828408,35.840079,41.473259,-0.891585,46.418694,0.000000
13.766666,8.233333,1,-0.902037,1.407131,0.302375,-0.455770,-0.249135,0.251996,-0.816519,0.419575,-0.037052,0.012989,-0.018120,0.516205,0.620127,0.590463,-0.302050,-0.751032,0.587126,0.713617,0.230228,0.661624,0.023957,-0.822945,1.390442,0.101236,0.054047,0.041755,0.205734,-0.446022,0.265971,0.844267,-0.132426,8.790051,4.503001,0.000000,1,0.047882,4.881352,35.697052,41.593277,-0.902544,46.513245,0.000000
13.800000,8.266667,1,-0.902038,1.407606,0.302975,-0.456703,-0.248844,0.252200,-0.816023,0.419195,-0.037344,0.013585,-0.017444,0.516912,0.619595,0.590423,-0.302193,-0.749680,0.588777,0.713613,0.231594,0.661151,0.022953,-0.822945,1.390442,0.101236,0.054420,0.041443,0.206325,-0.446173,0.266938,0.843949,-0.132000,8.517137,4.936289,0.000000,1,0.047106,4.923338,35.552946,41.719628,-0.911587,46.611275,0.000000
13.833333,8.300000,1,-0.902040,1.408119,0.303561,-0.457455,-0.248224,0.252707,-0.815634,0.418786,-0.037658,0.014169,-0.016552,0.517309,0.619024,0.590700,-0.301599,-0.748440,0.590657,0.714190,0.233071,0.660008,0.023372,-0.822945,1.390442,0.101236,0.054823,0.041110,0.206902,-0.445945,0.267885,0.843868,-0.131366,8.239024,5.302458,0.000000,1,0.046528,4.968629,35.408670,41.849848,-0.921318,46.711308,0.000000
13.866666,8.333333,1,-0.902078,1.408613,0.304099,-0.457779,-0.247655,0.253162,-0.815484,0.418412,-0.037989,0.014704,-0.015896,0.517346,0.618687,0.591038,-0.300842,-0.747783,0.591874,0.714888,0.233947,0.658941,0.021947,-0.822945,1.390442,0.101236,0.055233,0.040819,0.207434,-0.445573,0.268425,0.843966,-0.130896,7.949129,5.772962,0.000000,1,0.046757,5.015822,35.276838,41.968161,-0.931529,46.801894,0.000000
13.900000,8.366667,1,-0.902155,1.409089,0.304663,-0.457683,-0.247101,0.253594,-0.815572,0.418078,-0.038341,0.015264,-0.015441,0.517014,0.618572,0.591462,-0.299868,-0.747690,0.592485,0.715757,0.234261,0.657885,0.022233,-0.822945,1.390442,0.101236,0.055650,0.040570,0.207994,-0.445030,0.268580,0.844254,-0.130567,7.671715,6.286841,0.000000,1,0.046523,5.065332,35.144449,42.080656,-0.942270,46.889452,0.000000
13.933333,8.400000,1,-0.902199,1.409584,0.305306,-0.456978,-0.246233,0.254069,-0.816082,0.417708,-0.038679,0.015904,-0.014977,0.515994,0.618814,0.592111,-0.298360,-0.748269,0.592515,0.717357,0.233691,0.656344,0.024395,-0.822945,1.390442,0.101236,0.056062,0.040278,0.208631,-0.443939,0.268327,0.844932,-0.130418,7.294550,6.713275,0.000000,1,0.045197,5.113449,34.994090,42.207336,-0.952797,46.988869,0.000000
13.966666,8.433333,1,-0.902132,1.410093,0.305946,-0.455779,-0.245277,0.254510,-0.816902,0.417259,-0.038936,0.016541,-0.014654,0.514491,0.619346,0.592870,-0.296581,-0.749462,0.591901,0.719304,0.232393,0.654672,0.024611,-0.822945,1.390442,0.101236,0.056420,0.039887,0.209257,-0.442553,0.267670,0.845861,-0.130454,6.941440,7.125399,0.000000,1,0.043954,5.151884,34.836214,42.349844,-0.961581,47.098445,0.000000
14.000000,8.466667,1,-0.902037,1.410607,0.306603,-0.454474,-0.244389,0.254709,-0.817833,0.416790,-0.039174,0.017196,-0.014441,0.512924,0.620085,0.593460,-0.295192,-0.750806,0.590891,0.721178,0.230572,0.653253,0.025198,-0.822945,1.390442,0.101236,0.056767,0.039471,0.209899,-0.441187,0.266891,0.846774,-0.130758,6.562926,7.531464,0.000000,1,0.043112,5.188116,34.672992,42.498080,-0.970046,47.212283,0.000000
14.033333,8.500000,1,-0.902008,1.411118,0.307380,-0.453412,-0.243599,0.254737,-0.818649,0.416364,-0.039464,0.017970,-0.014207,0.511618,0.620798,0.593848,-0.294286,-0.751856,0.590007,0.722783,0.228816,0.652096,0.027907,-0.822945,1.390442,0.101236,0.057145,0.039102,0.210664,-0.440019,0.266291,0.847509,-0.131152,6.159209,8.045433,0.000000,1,0.042183,5.230710,34.492522,42.648015,-0.979806,47.331166,0.000000
14.066666,8.533333,1,-0.901980,1.411641,0.308371,-0.452311,-0.243252,0.254743,-0.819359,0.415926,-0.039764,0.018957,-0.014387,0.510475,0.621426,0.594169,-0.293511,-0.753153,0.588737,0.723777,0.227245,0.651542,0.033617,-0.822945,1.390442,0.101236,0.057529,0.038712,0.211642,-0.439226,0.265456,0.848127,-0.131509,5.606007,8.673065,0.000000,1,0.040135,5.274642,34.272366,42.818876,-0.989882,47.470822,0.000000
14.100000,8.566667,1,-0.901901,1.412263,0.309557,-0.450496,-0.243067,0.254630,-0.820448,0.415379,-0.040084,0.020140,-0.015031,0.508765,0.622445,0.594554,-0.292558,-0.755449,0.586264,0.724860,0.224673,0.651230,0.040258,-0.822945,1.390442,0.101236,0.057959,0.038212,0.212811,-0.438262,0.263907,0.849007,-0.132161,4.896544,9.450079,0.000000,1,0.037422,5.322528,34.006482,43.027490,-1.000737,47.641723,0.000000
14.133333,8.600000,1,-0.901797,1.413026,0.310766,-0.448990,-0.243288,0.254538,-0.821236,0.414705,-0.040468,0.021345,-0.015900,0.507512,0.623186,0.594826,-0.291858,-0.757514,0.583945,0.725235,0.222773,0.651465,0.042996,-0.822945,1.390442,0.101236,0.058487,0.037608,0.213998,-0.437791,0.262453,0.849626,-0.132638,4.225261,10.174612,0.000000,1,0.035668,5.380521,33.725138,43.260391,-1.013614,47.829301,0.000000
14.166666,8.633333,1,-0.901697,1.413905,0.311926,-0.448269,-0.243969,0.254648,-0.821395,0.413940,-0.040926,0.022499,-0.016831,0.507170,0.623276,0.594998,-0.291389,-0.758768,0.582549,0.724623,0.222487,0.652243,0.043763,-0.822945,1.390442,0.101236,0.059115,0.036943,0.215135,-0.438068,0.261494,0.849783,-0.132617,3.626839,10.893405,0.000000,1,0.034642,5.449513,33.445228,43.503826,-1.028775,48.022089,0.000000
14.200000,8.666667,1,-0.901626,1.414911,0.313198,-0.447667,-0.244489,0.254824,-0.821514,0.413092,-0.041484,0.023766,-0.017564,0.506863,0.623302,0.595211,-0.290830,-0.759798,0.581485,0.724187,0.222372,0.652766,0.048698,-0.822945,1.390442,0.101236,0.059860,0.036222,0.216384,-0.438253,0.260714,0.849942,-0.132519,3.021572,11.782920,0.000000,1,0.032856,5.532885,33.138462,43.770039,-1.046877,48.233671,0.000000
14.233333,8.700000,1,-0.901571,1.416010,0.314639,-0.447175,-0.244890,0.254903,-0.821637,0.412178,-0.042111,0.025201,-0.018143,0.506602,0.623376,0.595338,-0.290486,-0.760621,0.580580,0.723857,0.222147,0.653209,0.054413,-0.822945,1.390442,0.101236,0.060685,0.035448,0.217802,-0.438386,0.260088,0.850066,-0.132510,2.478264,12.991248,0.000000,1,0.030856,5.626516,32.795777,44.061179,-1.067197,48.467489,0.000000
14.266666,8.733333,1,-0.901499,1.417127,0.316114,-0.446580,-0.245115,0.254792,-0.821928,0.411239,-0.042737,0.026669,-0.018610,0.506168,0.623684,0.595370,-0.290376,-0.761485,0.579502,0.723806,0.221344,0.653538,0.055534,-0.822945,1.390442,0.101236,0.061514,0.034648,0.219251,-0.438324,0.259453,0.850255,-0.132752,2.048112,13.996775,0.000000,1,0.029597,5.720449,32.444986,44.358402,-1.087928,48.706580,0.000000
14.300000,8.766667,1,-0.901385,1.418295,0.317627,-0.445105,-0.245000,0.255109,-0.822664,0.410236,-0.043360,0.028176,-0.019163,0.504795,0.624195,0.595983,-0.288875,-0.763366,0.577775,0.724672,0.220026,0.653023,0.057424,-0.822945,1.390442,0.101236,0.062359,0.033783,0.220734,-0.437558,0.258171,0.851024,-0.132849,1.959306,15.141384,0.000000,1,0.028066,5.815187,32.081619,44.669649,-1.109145,48.956370,0.000000
14.333333,8.800000,1,-0.901207,1.419490,0.319137,-0.443136,-0.245141,0.255585,-0.823537,0.409171,-0.043947,0.029679,-0.020166,0.503093,0.624757,0.596800,-0.286846,-0.766000,0.575294,0.725419,0.218545,0.652690,0.058018,-0.822945,1.390442,0.101236,0.063189,0.032849,0.222211,-0.436795,0.256325,0.851970,-0.132875,2.232337,16.673041,0.000000,1,0.026629,5.906359,31.713051,44.991219,-1.130023,49.213066,0.000000
14.366666,8.833333,1,-0.901043,1.420699,0.320620,-0.441263,-0.245824,0.255769,-0.824281,0.408103,-0.044555,0.031156,-0.021611,0.501718,0.625335,0.597301,-0.285529,-0.768711,0.572325,0.725340,0.216979,0.653300,0.057637,-0.822945,1.390442,0.101236,0.064040,0.031920,0.223661,-0.436559,0.254327,0.852656,-0.133086,2.462576,17.381408,0.000000,1,0.025828,6.000569,31.349560,45.309061,-1.151916,49.466640,0.000000
14.400000,8.866667,1,-0.900964,1.421928,0.322156,-0.439424,-0.246566,0.256027,-0.824962,0.407071,-0.045243,0.032685,-0.023095,0.500401,0.625823,0.597839,-0.284110,-0.771396,0.569412,0.725169,0.215625,0.653938,0.059061,-0.822945,1.390442,0.101236,0.064954,0.031045,0.225169,-0.436389,0.252331,0.853318,-0.133202,2.371593,18.213350,0.000000,1,0.025182,6.105315,30.981248,45.621374,-1.176327,49.718720,0.000000
14.433333,8.900000,1,-0.900839,1.423191,0.323690,-0.438100,-0.247348,0.255887,-0.825475,0.405984,-0.045913,0.034212,-0.024385,0.499564,0.626339,0.597947,-0.283730,-0.773399,0.566878,0.724671,0.214208,0.654955,0.059717,-0.822945,1.390442,0.101236,0.065869,0.030114,0.226672,-0.436494,0.250790,0.853659,-0.133578,2.044084,19.306472,0.000000,1,0.023925,6.208897,30.608564,45.942093,-1.200871,49.976643,0.000000
14.466666,8.933333,1,-0.900680,1.424480,0.325162,-0.436925,-0.248015,0.255573,-0.825995,0.404855,-0.046572,0.035677,-0.025507,0.498807,0.626942,0.597901,-0.283728,-0.775144,0.564491,0.724251,0.212587,0.655947,0.058896,-0.822945,1.390442,0.101236,0.066788,0.029144,0.228110,-0.436569,0.249437,0.853934,-0.134112,1.809301,20.628385,0.000000,1,0.022991,6.311921,30.243551,46.263972,-1.225704,50.233487,0.000000
14.500000,8.966667,1,-0.900623,1.425841,0.326624,-0.435757,-0.247961,0.255786,-0.826562,0.403731,-0.047357,0.037131,-0.025979,0.497736,0.627349,0.598345,-0.282616,-0.776604,0.563040,0.724881,0.211517,0.655598,0.059950,-0.822945,1.390442,0.101236,0.067825,0.028216,0.229544,-0.435997,0.248406,0.854510,-0.134214,1.873759,21.794176,0.000000,1,0.022707,6.432055,29.882663,46.579726,-1.254447,50.486382,0.000000
14.533333,9.000000,1,-0.900613,1.427248,0.328019,-0.434763,-0.247493,0.256331,-0.827056,0.402598,-0.048206,0.038517,-0.026002,0.496637,0.627545,0.599052,-0.280921,-0.777691,0.562388,0.726038,0.211023,0.654476,0.059442,-0.822945,1.390442,0.101236,0.068929,0.027303,0.230913,-0.435127,0.247712,0.855189,-0.133993,2.082424,22.789575,0.000000,1,0.022392,6.561555,29.534470,46.888275,-1.285554,50.732521,0.000000
14.566666,9.033333,1,-0.900574,1.428630,0.329369,-0.433435,-0.247303,0.256672,-0.827704,0.401468,-0.049015,0.039859,-0.026423,0.495361,0.627967,0.599647,-0.279450,-0.779294,0.560899,0.726940,0.209919,0.653829,0.057964,-0.822945,1.390442,0.101236,0.069996,0.026384,0.232236,-0.434360,0.246596,0.855897,-0.134026,2.103855,24.051570,0.000000,1,0.021623,6.686257,29.194709,47.191784,-1.316116,50.974116,0.000000
14.600000,9.066667,1,-0.900532,1.429997,0.330682,-0.432034,-0.247520,0.256583,-0.828400,0.400349,-0.049814,0.041164,-0.027242,0.494201,0.628624,0.599879,-0.278806,-0.781123,0.558672,0.727271,0.208179,0.654017,0.056877,-0.822945,1.390442,0.101236,0.071050,0.025474,0.233523,-0.433931,0.245238,0.856437,-0.134456,1.911570,24.850711,0.000000,1,0.021020,6.809867,28.862956,47.488858,-1.346883,51.210561,0.000000
14.633333,9.100000,1,-0.900452,1.431328,0.331893,-0.431305,-0.247503,0.256070,-0.828943,0.399234,-0.050560,0.042367,-0.027553,0.493539,0.629337,0.599663,-0.279291,-0.781977,0.557233,0.727583,0.206351,0.654250,0.054045,-0.822945,1.390442,0.101236,0.072056,0.024559,0.234705,-0.433608,0.244600,0.856669,-0.135181,1.758329,25.722278,0.000000,1,0.020477,6.926655,28.549904,47.776616,-1.376645,51.437468,0.000000
14.666666,9.133333,1,-0.900297,1.432668,0.333083,-0.430837,-0.247112,0.255735,-0.829406,0.398069,-0.051252,0.043550,-0.027413,0.492943,0.629899,0.599569,-0.279531,-0.782362,0.556572,0.728310,0.204952,0.653880,0.053960,-0.822945,1.390442,0.101236,0.073027,0.023582,0.235861,-0.433066,0.244362,0.856927,-0.135711,1.785963,26.475749,0.000000,1,0.019408,7.037433,28.235979,48.071695,-1.405466,51.668913,0.000000
14.700000,9.166667,1,-0.900119,1.433976,0.334305,-0.430262,-0.246620,0.255815,-0.829827,0.396915,-0.051905,0.044765,-0.027228,0.492208,0.630237,0.599826,-0.278934,-0.782869,0.556157,0.729261,0.204120,0.653080,0.053949,-0.822945,1.390442,0.101236,0.073956,0.022601,0.237048,-0.432374,0.244065,0.857337,-0.135859,1.888960,27.465145,0.000000,1,0.018480,7.143239,27.917188,48.366703,-1.433607,51.902034,0.000000
14.733333,9.200000,1,-0.899934,1.435227,0.335520,-0.429910,-0.246691,0.255963,-0.829942,0.395801,-0.052519,0.045973,-0.027448,0.491924,0.630273,0.600011,-0.278467,-0.783347,0.555720,0.729336,0.204005,0.653032,0.052631,-0.822945,1.390442,0.101236,0.074836,0.021648,0.238229,-0.432276,0.243714,0.857498,-0.135788,1.814888,28.133695,0.000000,1,0.017827,7.243462,27.602993,48.653523,-1.460955,52.129982,0.000000
14.766666,9.233333,1,-0.899738,1.436466,0.336723,-0.429260,-0.247346,0.256159,-0.830023,0.394692,-0.053116,0.047170,-0.028324,0.491635,0.630256,0.600225,-0.277855,-0.784441,0.554481,0.728740,0.203951,0.653714,0.052144,-0.822945,1.390442,0.101236,0.075699,0.020693,0.239397,-0.432559,0.242829,0.857627,-0.135653,1.753105,29.067309,0.000000,1,0.017174,7.341673,27.291396,48.937743,-1.488211,52.356305,0.000000
14.800000,9.266667,1,-0.899506,1.437719,0.337872,-0.428033,-0.248125,0.256290,-0.830383,0.393549,-0.053693,0.048313,-0.029568,0.490884,0.630516,0.600507,-0.277034,-0.786287,0.552272,0.728230,0.203151,0.654531,0.051471,-0.822945,1.390442,0.101236,0.076555,0.019706,0.240509,-0.432696,0.241372,0.857960,-0.135717,1.762598,29.784528,0.000000,1,0.016532,7.438080,26.986854,49.222833,-1.515382,52.581661,0.000000
14.833333,9.300000,1,-0.899179,1.438974,0.338917,-0.426949,-0.249118,0.256003,-0.830733,0.392347,-0.054195,0.049351,-0.030941,0.490354,0.630954,0.600410,-0.277100,-0.788007,0.549782,0.727318,0.201879,0.655937,0.049967,-0.822945,1.390442,0.101236,0.077361,0.018646,0.241509,-0.433096,0.239953,0.858089,-0.136139,1.871421,30.520810,0.000000,1,0.015739,7.525731,26.695414,49.511223,-1.540935,52.805660,0.000000
14.866666,9.333333,1,-0.898791,1.440217,0.339860,-0.426584,-0.250190,0.254797,-0.830969,0.391120,-0.054640,0.050289,-0.032068,0.490504,0.631702,0.599441,-0.279284,-0.788795,0.547542,0.725878,0.199848,0.658150,0.048217,-0.822945,1.390442,0.101236,0.078123,0.017551,0.242405,-0.433915,0.239165,0.857710,-0.137304,2.022541,31.245332,0.000000,1,0.015179,7.606430,26.419628,49.796849,-1.565280,53.024356,0.000000
14.900000,9.366667,1,-0.898513,1.441587,0.340941,-0.425614,-0.251007,0.254598,-0.831281,0.389856,-0.055250,0.051362,-0.033232,0.490000,0.632067,0.599406,-0.279217,-0.790296,0.545408,0.725161,0.198775,0.659265,0.053029,-0.822945,1.390442,0.101236,0.079050,0.016461,0.243444,-0.434210,0.237928,0.857852,-0.137631,2.045128,31.760530,0.000000,1,0.014947,7.710690,26.118558,50.094028,-1.595074,53.256798,0.000000
14.933333,9.400000,1,-0.898453,1.443327,0.342493,-0.421940,-0.252166,0.258388,-0.831634,0.388427,-0.056260,0.052904,-0.035895,0.487230,0.630679,0.602962,-0.270298,-0.795528,0.542286,0.725572,0.201911,0.657858,0.069956,-0.822945,1.390442,0.101236,0.080391,0.015305,0.244962,-0.433482,0.234025,0.859789,-0.134497,1.983335,33.988619,0.000000,1,0.016299,7.873134,25.723990,50.443677,-1.637924,53.543975,0.000000
14.966666,9.433333,1,-0.898484,1.445108,0.344014,-0.417914,-0.253447,0.262234,-0.832073,0.387020,-0.057368,0.054414,-0.038823,0.484199,0.629342,0.606607,-0.261041,-0.801123,0.538572,0.725931,0.204843,0.656555,0.070264,-0.822945,1.390442,0.101236,0.081819,0.014201,0.246454,-0.432702,0.229750,0.861817,-0.131360,1.955656,34.346393,0.000000,1,0.016673,8.049624,25.338081,50.782645,-1.684580,53.823878,0.000000
15.000000,9.466667,1,-0.898456,1.446671,0.345119,-0.416567,-0.254111,0.262994,-0.832306,0.385753,-0.058293,0.055510,-0.040015,0.483291,0.629207,0.607394,-0.258943,-0.803031,0.536740,0.725675,0.204994,0.656790,0.057431,-0.822945,1.390442,0.101236,0.083047,0.013202,0.247530,-0.432665,0.228225,0.862324,-0.130813,1.993618,35.516537,0.000000,1,0.015444,8.199623,25.037389,51.069033,-1.726112,54.052485,0.000000
15.033333,9.500000,1,-0.898327,1.448267,0.346197,-0.416246,-0.254651,0.263038,-0.832288,0.384398,-0.059159,0.056579,-0.040641,0.483244,0.629170,0.607428,-0.258760,-0.803630,0.535931,0.725071,0.204987,0.657459,0.057906,-0.822945,1.390442,0.101236,0.084244,0.012103,0.248572,-0.432996,0.227692,0.862307,-0.130761,2.062171,36.745057,0.000000,1,0.014903,8.343509,24.734561,51.368528,-1.766581,54.289277,0.000000
15.066666,9.533333,1,-0.898101,1.449977,0.347355,-0.415531,-0.255890,0.263165,-0.832225,0.382894,-0.060017,0.057727,-0.042069,0.483157,0.629055,0.607519,-0.258303,-0.804977,0.534127,0.723674,0.205039,0.658980,0.062348,-0.822945,1.390442,0.101236,0.085476,0.010854,0.249687,-0.433764,0.226487,0.862261,-0.130611,2.071904,38.093871,0.000000,1,0.014846,8.489865,24.404677,51.699074,-1.807878,54.550941,0.000000
15.100000,9.566667,1,-0.897825,1.451657,0.348414,-0.414581,-0.256966,0.262902,-0.832450,0.381384,-0.060815,0.058778,-0.043457,0.482787,0.629372,0.607388,-0.258383,-0.806506,0.531777,0.722585,0.204006,0.660494,0.060141,-0.822945,1.390442,0.101236,0.086656,0.009589,0.250699,-0.434297,0.225152,0.862290,-0.130949,2.040971,38.521280,0.000000,1,0.014438,8.629003,24.091761,52.023566,-1.848081,54.805218,0.000000
15.133333,9.600000,1,-0.897542,1.453353,0.349438,-0.413860,-0.257502,0.262414,-0.832798,0.379857,-0.061616,0.059793,-0.044259,0.482378,0.629898,0.607109,-0.258920,-0.807532,0.529955,0.722134,0.202540,0.661438,0.060050,-0.822945,1.390442,0.101236,0.087847,0.008310,0.251676,-0.434463,0.224272,0.862345,-0.131549,2.018522,39.838414,0.000000,1,0.014487,8.769759,23.784352,52.346910,-1.889181,55.058017,0.000000
15.166666,9.633333,1,-0.897257,1.455181,0.350574,-0.413140,-0.258225,0.262235,-0.832988,0.378223,-0.062497,0.060919,-0.045228,0.482055,0.630146,0.607037,-0.258922,-0.808648,0.528250,0.721438,0.201742,0.662440,0.065118,-0.822945,1.390442,0.101236,0.089140,0.006947,0.252762,-0.434784,0.223301,0.862397,-0.131798,2.063570,41.552826,0.000000,1,0.015465,8.924387,23.449718,52.692803,-1.933914,55.331463,0.000000
15.200000,9.666667,1,-0.897010,1.457168,0.351812,-0.412254,-0.259328,0.262797,-0.832907,0.376485,-0.063505,0.062146,-0.046608,0.481756,0.629820,0.607508,-0.257524,-0.810149,0.526631,0.720333,0.202309,0.663469,0.070624,-0.822945,1.390442,0.101236,0.090584,0.005516,0.253950,-0.435344,0.221996,0.862533,-0.131261,2.074463,42.822661,0.000000,1,0.017061,9.100049,23.090168,53.058436,-1.984110,55.623577,0.000000
15.233333,9.700000,1,-0.896853,1.459227,0.353017,-0.411277,-0.259981,0.263611,-0.832929,0.374743,-0.064627,0.063340,-0.047626,0.481173,0.629473,0.608249,-0.255529,-0.811586,0.525388,0.719921,0.202990,0.663708,0.071745,-0.822945,1.390442,0.101236,0.092138,0.004118,0.255110,-0.435459,0.220807,0.862887,-0.130559,2.060192,43.993759,0.000000,1,0.017984,9.293101,22.738571,53.416960,-2.039222,55.910606,0.000000
15.266666,9.733333,1,-0.896847,1.461339,0.354051,-0.410734,-0.259981,0.264333,-0.832968,0.373051,-0.065900,0.064361,-0.047866,0.480688,0.629184,0.608913,-0.253867,-0.812254,0.525162,0.720220,0.203672,0.663175,0.070526,-0.822945,1.390442,0.101236,0.093827,0.002822,0.256109,-0.435196,0.220305,0.863240,-0.129950,2.030218,45.264523,0.000000,1,0.018544,9.507498,22.425619,53.748131,-2.100374,56.172817,0.000000
15.300000,9.766667,1,-0.896933,1.463573,0.354990,-0.410332,-0.260135,0.265205,-0.832841,0.371317,-0.067320,0.065287,-0.048180,0.480397,0.628680,0.609638,-0.252041,-0.812825,0.525158,0.720244,0.204880,0.662777,0.072754,-0.822945,1.390442,0.101236,0.095672,0.001538,0.257018,-0.435125,0.219857,0.863514,-0.129124,1.959109,46.672347,0.000000,1,0.019719,9.745075,22.130162,54.072898,-2.167858,56.427495,0.000000
15.333333,9.800000,1,-0.897136,1.465912,0.355894,-0.410012,-0.260245,0.266506,-0.832549,0.369569,-0.068897,0.066175,-0.048416,0.480162,0.627837,0.610672,-0.249470,-0.813301,0.525648,0.720310,0.206953,0.662060,0.075482,-0.822945,1.390442,0.101236,0.097672,0.000289,0.257897,-0.435040,0.219494,0.863840,-0.127841,1.994432,48.071820,0.000000,1,0.020956,10.006638,21.843928,54.389990,-2.241975,56.676393,0.000000
15.366666,9.833333,1,-0.897387,1.468367,0.356735,-0.409308,-0.260058,0.268099,-0.832442,0.367758,-0.070580,0.067001,-0.048557,0.479450,0.627028,0.612050,-0.246074,-0.814106,0.526003,0.720984,0.208956,0.660696,0.078212,-0.822945,1.390442,0.101236,0.099795,-0.000983,0.258716,-0.434513,0.218915,0.864464,-0.126400,1.995496,49.602906,0.000000,1,0.022164,10.286641,21.567132,54.707452,-2.321360,56.923691,0.000000
15.400000,9.866667,1,-0.897652,1.470906,0.357489,-0.408587,-0.259904,0.269864,-0.832274,0.365888,-0.072325,0.067738,-0.048735,0.478738,0.626088,0.613554,-0.242352,-0.814940,0.526439,0.721616,0.211278,0.659267,0.079838,-0.822945,1.390442,0.101236,0.101996,-0.002288,0.259447,-0.434003,0.218302,0.865111,-0.124778,1.996279,51.159906,0.000000,1,0.023093,10.578687,21.304125,55.024009,-2.404522,57.167354,0.000000
15.433333,9.900000,1,-0.898048,1.473446,0.358101,-0.408795,-0.259570,0.271382,-0.831782,0.364096,-0.074175,0.068333,-0.048338,0.478778,0.624971,0.614692,-0.239633,-0.814616,0.528183,0.722043,0.214150,0.657871,0.079293,-0.822945,1.390442,0.101236,0.104279,-0.003478,0.260045,-0.433755,0.218610,0.865383,-0.123206,1.973385,53.275785,0.000000,1,0.023473,10.885724,21.076904,55.311161,-2.492508,57.385593,0.000000
15.466666,9.933333,1,-0.898592,1.476019,0.358510,-0.409040,-0.258409,0.272360,-0.831704,0.362368,-0.076160,0.068723,-0.047186,0.478480,0.624464,0.615528,-0.237798,-0.813906,0.530103,0.723595,0.215635,0.655677,0.079819,-0.822945,1.390442,0.101236,0.106679,-0.004553,0.260450,-0.432812,0.219335,0.865797,-0.122321,1.973028,54.649675,0.000000,1,0.024160,11.212341,20.896478,55.565838,-2.586420,57.573383,0.000000
15.500000,9.966667,1,-0.899039,1.478610,0.358742,-0.409114,-0.257354,0.272751,-0.831866,0.360567,-0.078078,0.068938,-0.046207,0.478075,0.624435,0.615947,-0.236949,-0.813417,0.531232,0.725056,0.215893,0.653975,0.079212,-0.822945,1.390442,0.101236,0.109044,-0.005707,0.260672,-0.431904,0.219871,0.866150,-0.122069,1.953999,56.386867,0.000000,1,0.024517,11.533590,20.743606,55.820165,-2.679577,57.753305,0.000000
15.533333,10.000000,1,-0.899187,1.481254,0.359007,-0.409056,-0.257279,0.273385,-0.831710,0.358544,-0.079789,0.069187,-0.046164,0.477991,0.624012,0.616444,-0.235732,-0.813468,0.531696,0.725205,0.216957,0.653458,0.079822,-0.822945,1.390442,0.101236,0.111275,-0.007136,0.260907,-0.431792,0.219840,0.866302,-0.121438,1.984021,58.077365,0.000000,1,0.024905,11.833432,20.565247,56.118871,-2.767514,57.965078,0.000000
15.566666,10.033333,1,-0.898965,1.483801,0.359361,-0.408316,-0.257906,0.273804,-0.831742,0.356376,-0.081148,0.069527,-0.047054,0.477609,0.623851,0.616836,-0.234600,-0.814573,0.530503,0.724680,0.217193,0.653962,0.077444,-0.822945,1.390442,0.101236,0.113213,-0.008815,0.261206,-0.432002,0.218883,0.866489,-0.121086,1.956322,59.505262,0.000000,1,0.024283,12.089355,20.354051,56.458961,-2.844684,58.209178,0.000000
15.600000,10.066667,1,-0.898466,1.486260,0.359771,-0.406976,-0.258622,0.274562,-0.831926,0.354110,-0.082231,0.069924,-0.048289,0.476729,0.623673,0.617600,-0.232477,-0.816403,0.528622,0.724319,0.217400,0.654292,0.076279,-0.822945,1.390442,0.101236,0.114916,-0.010673,0.261544,-0.432012,0.217341,0.866951,-0.120516,1.928918,61.516558,0.000000,1,0.023980,12.310539,20.120988,56.827823,-2.913623,58.475683,0.000000
15.633333,10.100000,1,-0.897890,1.488568,0.360071,-0.405797,-0.258574,0.274957,-0.832386,0.351920,-0.083162,0.070213,-0.048771,0.475651,0.623904,0.618159,-0.231001,-0.817740,0.527200,0.724948,0.216731,0.653818,0.071925,-0.822945,1.390442,0.101236,0.116455,-0.012498,0.261769,-0.431434,0.216295,0.867515,-0.120408,1.913736,62.755620,0.000000,1,0.023014,12.509222,19.912669,57.181007,-2.977962,58.726717,0.000000
15.666666,10.133333,1,-0.897394,1.490779,0.360278,-0.405450,-0.258698,0.275011,-0.832499,0.349856,-0.084098,0.070409,-0.049036,0.475395,0.623980,0.618259,-0.230703,-0.818185,0.526639,0.724939,0.216490,0.653909,0.068237,-0.822945,1.390442,0.101236,0.117963,-0.014195,0.261909,-0.431387,0.215926,0.867629,-0.120418,1.903978,64.178547,0.000000,1,0.022620,12.706221,19.733155,57.504742,-3.043175,58.953806,0.000000
15.700000,10.166667,1,-0.897071,1.492935,0.360466,-0.405337,-0.259505,0.275391,-0.832178,0.347939,-0.085139,0.070585,-0.049807,0.475655,0.623523,0.618458,-0.230057,-0.818628,0.526234,0.723863,0.217477,0.654771,0.065667,-0.822945,1.390442,0.101236,0.119528,-0.015719,0.262041,-0.432034,0.215453,0.867494,-0.119919,1.867442,65.782274,0.000000,1,0.022755,12.915245,19.572456,57.796503,-3.112811,59.158784,0.000000
15.733333,10.200000,1,-0.896961,1.495085,0.360636,-0.404897,-0.259930,0.275864,-0.832102,0.346155,-0.086347,0.070742,-0.050383,0.475452,0.623243,0.618850,-0.228973,-0.819297,0.525665,0.723478,0.218059,0.655003,0.064791,-0.822945,1.390442,0.101236,0.121212,-0.017066,0.262171,-0.432198,0.214857,0.867623,-0.119466,1.790389,67.324482,0.000000,1,0.023186,13.145555,19.429966,58.056144,-3.189238,59.341819,0.000000
15.766666,10.233333,1,-0.896989,1.497259,0.360808,-0.404482,-0.260323,0.276202,-0.832069,0.344436,-0.087678,0.070902,-0.050918,0.475256,0.623061,0.619139,-0.228147,-0.819922,0.525049,0.723125,0.218404,0.655278,0.065402,-0.822945,1.390442,0.101236,0.122993,-0.018314,0.262311,-0.432349,0.214300,0.867729,-0.119153,1.605861,68.628667,0.000000,1,0.023789,13.393335,19.296010,58.297888,-3.271168,59.513432,0.000000
15.800000,10.266667,1,-0.896999,1.499471,0.360934,-0.404586,-0.260555,0.276642,-0.831799,0.342674,-0.089018,0.071014,-0.051078,0.475454,0.622624,0.619414,-0.227435,-0.819895,0.525401,0.722753,0.219461,0.655336,0.066484,-0.822945,1.390442,0.101236,0.124799,-0.019596,0.262403,-0.432586,0.214280,0.867687,-0.118630,1.631167,70.266646,0.000000,1,0.024417,13.645537,19.169385,58.540996,-3.354766,59.684049,0.000000
15.833333,10.300000,1,-0.896870,1.501734,0.360996,-0.405009,-0.260747,0.276736,-0.831502,0.340789,-0.090278,0.071063,-0.051061,0.475920,0.622317,0.619366,-0.227557,-0.819486,0.525985,0.722282,0.220228,0.655598,0.068037,-0.822945,1.390442,0.101236,0.126566,-0.021017,0.262422,-0.432940,0.214573,0.867470,-0.118395,1.620500,71.799072,0.000000,1,0.025121,13.891965,19.045433,58.801792,-3.437067,59.863660,0.000000
15.866666,10.333333,1,-0.896594,1.503938,0.360935,-0.405972,-0.261037,0.276408,-0.831051,0.338864,-0.091383,0.070990,-0.050893,0.476912,0.622064,0.618871,-0.228818,-0.818497,0.526977,0.721412,0.220893,0.656332,0.066635,-0.822945,1.390442,0.101236,0.128203,-0.022514,0.262309,-0.433634,0.215314,0.866932,-0.118448,1.599117,73.278575,0.000000,1,0.024858,14.119045,18.940012,59.066006,-3.514635,60.039433,0.000000
15.900000,10.366667,1,-0.896168,1.506088,0.360847,-0.406426,-0.261542,0.276012,-0.830802,0.336890,-0.092336,0.070892,-0.051143,0.477544,0.622020,0.618407,-0.229914,-0.818169,0.527009,0.720476,0.220952,0.657339,0.065808,-0.822945,1.390442,0.101236,0.129710,-0.024101,0.262160,-0.434293,0.215502,0.866526,-0.118663,1.789968,74.670612,0.000000,1,0.024801,14.327105,18.834810,59.341233,-3.587474,60.221198,0.000000
15.933333,10.400000,1,-0.895629,1.508250,0.360855,-0.405897,-0.262006,0.276012,-0.830914,0.334839,-0.093207,0.070889,-0.051794,0.477278,0.622119,0.618459,-0.229652,-0.818950,0.525909,0.720069,0.220572,0.657913,0.066862,-0.822945,1.390442,0.101236,0.131159,-0.025793,0.262099,-0.434466,0.214817,0.866602,-0.118718,1.851993,75.936989,0.000000,1,0.025576,14.527327,18.706109,59.637495,-3.658612,60.422041,0.000000
15.966666,10.433333,1,-0.895058,1.510378,0.360798,-0.405380,-0.262733,0.276066,-0.830919,0.332796,-0.094031,0.070822,-0.052675,0.477140,0.622097,0.618513,-0.229335,-0.819817,0.524696,0.719283,0.220441,0.658815,0.066112,-0.822945,1.390442,0.101236,0.132564,-0.027486,0.261971,-0.434874,0.214024,0.866600,-0.118670,1.862306,77.325825,0.000000,1,0.025627,14.722004,18.590837,59.928668,-3.729098,60.616248,0.000000
16.000000,10.466667,1,-0.894456,1.512485,0.360552,-0.405628,-0.263534,0.276090,-0.830536,0.330751,-0.094816,0.070565,-0.053282,0.477721,0.621745,0.618366,-0.229569,-0.819840,0.524557,0.718024,0.221188,0.659937,0.066159,-0.822945,1.390442,0.101236,0.133938,-0.029182,0.261652,-0.435689,0.213885,0.866256,-0.118448,1.882295,78.729040,0.000000,1,0.025417,14.912611,18.512314,60.207929,-3.799342,60.792557,0.000000
16.033333,10.500000,1,-0.893926,1.514630,0.360085,-0.406283,-0.263869,0.275760,-0.830219,0.328720,-0.095680,0.070088,-0.053291,0.478457,0.621612,0.617930,-0.230645,-0.819220,0.525053,0.717231,0.221517,0.660689,0.067742,-0.822945,1.390442,0.101236,0.135391,-0.030826,0.261119,-0.436284,0.214329,0.865829,-0.118572,1.896082,80.047056,0.000000,1,0.025707,15.116253,18.480641,60.464833,-3.874280,60.942245,0.000000
16.066666,10.533333,1,-0.893546,1.516819,0.359433,-0.406925,-0.263795,0.275543,-0.830000,0.326745,-0.096689,0.069425,-0.052939,0.478999,0.621515,0.617638,-0.231442,-0.818458,0.525891,0.717027,0.221832,0.660805,0.069457,-0.822945,1.390442,0.101236,0.136972,-0.032361,0.260409,-0.436512,0.214944,0.865551,-0.118649,1.930031,81.553808,0.000000,1,0.026319,15.341247,18.493922,60.691456,-3.956379,61.061755,0.000000
