time_take_s,time_episode_s,tool_tracked,tool_world_x_m,tool_world_y_m,tool_world_z_m,tool_world_qx,tool_world_qy,tool_world_qz,tool_world_qw,tcp_robot_x_m,tcp_robot_y_m,tcp_robot_z_m,tcp_robot_qx,tcp_robot_qy,tcp_robot_qz,tcp_robot_qw,tcp_robot_rot6d_r00,tcp_robot_rot6d_r01,tcp_robot_rot6d_r02,tcp_robot_rot6d_r10,tcp_robot_rot6d_r11,tcp_robot_rot6d_r12,tcp_speed_m_s,box_world_x_m,box_world_y_m,box_world_z_m,tool_in_box_x_m,tool_in_box_y_m,tool_in_box_z_m,tool_in_box_qx,tool_in_box_qy,tool_in_box_qz,tool_in_box_qw,flap_left_deg,flap_right_deg,gripper,ik_reachable,ik_pos_err_mm,q1_deg,q2_deg,q3_deg,q4_deg,q5_deg,q6_deg
27.808333,0.000000,1,-0.792047,1.618933,0.487196,-0.021913,0.141087,-0.251712,0.957212,0.191607,-0.073517,0.191267,-0.127042,0.061430,0.746471,0.650283,-0.121985,-0.986443,-0.109773,0.955226,-0.146717,0.256938,0.000000,-0.813777,1.366665,0.098924,-0.202129,0.118709,0.399897,-0.042012,0.099320,0.239933,0.964781,0.112725,0.147890,0.000000,1,0.104377,16.170409,-13.522229,85.624803,-8.122345,95.320192,0.000000
27.841666,0.033333,1,-0.791090,1.617781,0.483609,-0.019086,0.141490,-0.250164,0.957619,0.191815,-0.072115,0.187648,-0.126113,0.064124,0.747487,0.649035,-0.125699,-0.986465,-0.105297,0.954117,-0.149284,0.259567,0.116596,-0.813777,1.366665,0.098924,-0.200619,0.119219,0.396353,-0.039745,0.100948,0.241573,0.964299,0.156033,0.163306,0.000000,1,0.051990,15.888102,-12.761006,85.685461,-7.941040,94.818293,0.000000
27.875000,0.066667,1,-0.790165,1.616716,0.480082,-0.014942,0.142454,-0.248289,0.958038,0.191974,-0.070790,0.184091,-0.125092,0.068244,0.748647,0.647474,-0.130260,-0.986532,-0.098928,0.952385,-0.152241,0.264169,0.113956,-0.813777,1.366665,0.098924,-0.199200,0.119744,0.392869,-0.036596,0.103683,0.243562,0.963633,0.217067,0.156937,0.000000,1,0.051670,15.619868,-11.999436,85.731790,-7.772369,94.310556,0.000000
27.908333,0.100000,1,-0.789354,1.615651,0.476638,-0.010269,0.144157,-0.246374,0.958339,0.192206,-0.069555,0.180615,-0.124498,0.073164,0.749722,0.645805,-0.134872,-0.986566,-0.092179,0.950131,-0.155166,0.270508,0.110873,-0.813777,1.366665,0.098924,-0.197842,0.120165,0.389457,-0.033340,0.107320,0.245572,0.962842,0.196429,0.165066,0.000000,1,0.052427,15.363169,-11.244773,85.751417,-7.615326,93.795942,0.000000
27.941666,0.133333,1,-0.788698,1.614547,0.473281,-0.005201,0.146252,-0.244491,0.958544,0.192565,-0.068420,0.177225,-0.124081,0.078611,0.750695,0.644112,-0.139447,-0.986572,-0.085025,0.947556,-0.157880,0.277870,0.107803,-0.813777,1.366665,0.098924,-0.196538,0.120428,0.386119,-0.029927,0.111493,0.247534,0.961977,0.110124,0.156651,0.000000,1,0.053384,15.117554,-10.496440,85.736347,-7.469588,93.269871,0.000000
27.975000,0.166667,1,-0.788162,1.613476,0.470044,0.000276,0.148272,-0.242579,0.958734,0.192975,-0.067398,0.173953,-0.123414,0.084390,0.751661,0.642381,-0.144231,-0.986535,-0.077110,0.944875,-0.160449,0.285423,0.103567,-0.813777,1.366665,0.098924,-0.195327,0.120597,0.382891,-0.026121,0.115795,0.249522,0.961066,0.194519,0.158398,0.000000,1,0.054466,14.890621,-9.767294,85.699435,-7.338344,92.746818,0.000000
28.008333,0.200000,1,-0.787716,1.612439,0.466932,0.006014,0.150047,-0.240600,0.958938,0.193417,-0.066466,0.170808,-0.122409,0.090292,0.752662,0.640596,-0.149305,-0.986410,-0.068584,0.942199,-0.162967,0.292749,0.099293,-0.813777,1.366665,0.098924,-0.194195,0.120698,0.379782,-0.021970,0.120001,0.251573,0.960119,0.194805,0.158156,0.000000,1,0.055361,14.679613,-9.061645,85.646437,-7.219131,92.232129,0.000000
28.041666,0.233333,1,-0.787334,1.611469,0.463939,0.012182,0.152305,-0.238601,0.959023,0.193847,-0.065624,0.167783,-0.121647,0.096793,0.753564,0.638728,-0.154456,-0.986195,-0.059689,0.939097,-0.165314,0.301278,0.095100,-0.813777,1.366665,0.098924,-0.193154,0.120771,0.376789,-0.017677,0.124840,0.253613,0.959053,0.168270,0.163011,0.000000,1,0.055983,14.486845,-8.380789,85.585430,-7.112419,91.730326,0.000000
28.075000,0.266667,1,-0.787001,1.610579,0.461053,0.017915,0.154098,-0.236778,0.959098,0.194248,-0.064868,0.164868,-0.120665,0.102699,0.754381,0.637026,-0.159275,-0.985905,-0.051211,0.936336,-0.167301,0.308682,0.091134,-0.813777,1.366665,0.098924,-0.192209,0.120836,0.373903,-0.013540,0.129070,0.255466,0.958068,0.167534,0.171857,0.000000,1,0.056423,14.312780,-7.724092,85.520331,-7.017924,91.242758,0.000000
28.108333,0.300000,1,-0.786715,1.609747,0.458268,0.023081,0.155091,-0.235047,0.959253,0.194635,-0.064182,0.162055,-0.119221,0.107743,0.755226,0.635462,-0.163949,-0.985525,-0.043144,0.934144,-0.169159,0.314262,0.087636,-0.813777,1.366665,0.098924,-0.191337,0.120884,0.371115,-0.009514,0.132329,0.257229,0.957200,0.171686,0.160548,0.000000,1,0.056696,14.153398,-7.089388,85.450281,-6.933051,90.767482,0.000000
28.141666,0.333333,1,-0.786463,1.608936,0.455493,0.028120,0.156304,-0.233657,0.959262,0.195025,-0.063536,0.159253,-0.118038,0.112775,0.755792,0.634135,-0.167879,-0.985172,-0.035395,0.931925,-0.170308,0.320173,0.087056,-0.813777,1.366665,0.098924,-0.190502,0.120914,0.368336,-0.005703,0.135739,0.258629,0.956375,0.170400,0.107800,0.000000,1,0.055686,14.002144,-6.456253,85.372939,-6.853564,90.289755,0.000000
28.175000,0.366667,1,-0.786229,1.608109,0.452595,0.033502,0.157787,-0.232238,0.959190,0.195435,-0.062896,0.156327,-0.116943,0.118232,0.756298,0.632739,-0.171931,-0.984732,-0.027268,0.929426,-0.171325,0.326826,0.090679,-0.813777,1.366665,0.098924,-0.189662,0.120932,0.365432,-0.001722,0.139550,0.260036,0.955460,0.176234,0.043562,0.000000,1,0.052816,13.851651,-5.794298,85.284802,-6.774729,89.787934,0.000000
28.208333,0.400000,1,-0.786049,1.607270,0.449531,0.038415,0.158213,-0.231049,0.959223,0.195880,-0.062296,0.153234,-0.115115,0.122802,0.756788,0.631617,-0.175616,-0.984273,-0.019106,0.927728,-0.171958,0.331287,0.095465,-0.813777,1.366665,0.098924,-0.188842,0.120914,0.362358,0.002360,0.142216,0.261236,0.954738,0.186926,0.137815,0.000000,1,0.049583,13.707804,-5.092162,85.179808,-6.700074,89.252041,0.000000
28.241666,0.433333,1,-0.785943,1.606330,0.446187,0.043393,0.157310,-0.229855,0.959446,0.196440,-0.061698,0.149856,-0.112065,0.126841,0.757431,0.630596,-0.179581,-0.983694,-0.009792,0.926837,-0.172521,0.333482,0.104264,-0.813777,1.366665,0.098924,-0.187975,0.120806,0.358994,0.007140,0.143740,0.262480,0.954145,0.179797,0.258165,0.000000,1,0.045176,13.559552,-4.321166,85.043652,-6.623313,88.656866,0.000000
28.275000,0.466667,1,-0.785804,1.605162,0.442590,0.049156,0.156549,-0.228443,0.959630,0.197152,-0.060940,0.146218,-0.108789,0.131643,0.758127,0.629348,-0.184172,-0.982894,0.000747,0.925609,-0.173182,0.336536,0.113517,-0.813777,1.366665,0.098924,-0.186896,0.120625,0.355372,0.012535,0.145756,0.263923,0.953385,0.185367,0.294197,0.000000,1,0.040910,13.372738,-3.488014,84.875784,-6.524447,88.006846,0.000000
28.308333,0.500000,1,-0.785512,1.603696,0.438812,0.055412,0.156896,-0.226680,0.959651,0.198004,-0.059884,0.142388,-0.106282,0.137372,0.758840,0.627690,-0.189418,-0.981833,0.011152,0.923433,-0.174268,0.341910,0.121906,-0.813777,1.366665,0.098924,-0.185484,0.120427,0.351567,0.017819,0.148970,0.265653,0.952323,0.181563,0.292257,0.000000,1,0.037144,13.120241,-2.611111,84.684395,-6.387694,87.318246,0.000000
28.341666,0.533333,1,-0.785079,1.602023,0.434955,0.061443,0.158156,-0.224607,0.959564,0.198932,-0.058591,0.138472,-0.104689,0.143301,0.759611,0.625696,-0.195089,-0.980576,0.020280,0.920568,-0.175938,0.348712,0.126797,-0.813777,1.366665,0.098924,-0.183821,0.120242,0.347685,0.022458,0.152868,0.267634,0.951052,0.182997,0.285139,0.000000,1,0.034538,12.817473,-1.716043,84.478182,-6.222406,86.612365,0.000000
28.375000,0.566667,1,-0.784620,1.600282,0.431111,0.067636,0.159727,-0.222437,0.959393,0.199899,-0.057237,0.134568,-0.103302,0.149512,0.760351,0.623572,-0.200975,-0.979156,0.029372,0.917377,-0.177609,0.356195,0.127316,-0.813777,1.366665,0.098924,-0.182087,0.120040,0.343817,0.027086,0.157116,0.269675,0.949661,0.181337,0.278034,0.000000,1,0.033049,12.501227,-0.823821,84.258119,-6.050449,85.903681,0.000000
28.408333,0.600000,1,-0.784233,1.598630,0.427329,0.073611,0.160804,-0.220250,0.959277,0.200842,-0.055993,0.130728,-0.101569,0.155307,0.761146,0.621466,-0.206927,-0.977602,0.038420,0.914504,-0.179319,0.362666,0.124372,-0.813777,1.366665,0.098924,-0.180466,0.119821,0.340008,0.031760,0.160823,0.271735,0.948308,0.188623,0.269358,0.000000,1,0.032006,12.209191,0.053569,84.029604,-5.893352,85.202949,0.000000
28.441666,0.633333,1,-0.783972,1.597173,0.423629,0.078753,0.161405,-0.218168,0.959244,0.201708,-0.054965,0.126976,-0.099781,0.160148,0.761974,0.619510,-0.212503,-0.976060,0.046366,0.912141,-0.181121,0.367688,0.119541,-0.813777,1.366665,0.098924,-0.179079,0.119594,0.336279,0.035935,0.163718,0.273701,0.947097,0.173807,0.289874,0.000000,1,0.031250,11.965180,0.909580,83.798767,-5.764179,84.517619,0.000000
28.475000,0.666667,1,-0.783801,1.595996,0.420077,0.083398,0.161566,-0.216326,0.959242,0.202410,-0.054176,0.123382,-0.097825,0.164351,0.762724,0.617796,-0.217517,-0.974570,0.053844,0.910260,-0.182634,0.371581,0.112392,-0.813777,1.366665,0.098924,-0.177976,0.119431,0.332702,0.039890,0.165998,0.275440,0.946037,0.177121,0.281543,0.000000,1,0.030820,11.777549,1.726757,83.582209,-5.666662,83.866584,0.000000
28.508333,0.700000,1,-0.783714,1.595106,0.416694,0.087267,0.161059,-0.214901,0.959303,0.202940,-0.053624,0.119967,-0.095623,0.167570,0.763347,0.616504,-0.221558,-0.973261,0.060628,0.909167,-0.183686,0.373731,0.104979,-0.813777,1.366665,0.098924,-0.177161,0.119338,0.329301,0.043495,0.167338,0.276798,0.945246,0.180523,0.284182,0.000000,1,0.030994,11.645885,2.499909,83.383787,-5.600053,83.254668,0.000000
28.541666,0.733333,1,-0.783735,1.594412,0.413435,0.090470,0.159991,-0.213843,0.959421,0.203383,-0.053274,0.116684,-0.093220,0.169946,0.763862,0.615584,-0.224733,-0.972127,0.066817,0.908757,-0.184350,0.374400,0.099937,-0.813777,1.366665,0.098924,-0.176570,0.119249,0.326023,0.046794,0.167879,0.277821,0.944692,0.184341,0.279897,0.000000,1,0.031253,11.559381,3.242075,83.190843,-5.558299,82.667512,0.000000
28.575000,0.766667,1,-0.783742,1.593800,0.410320,0.093772,0.159242,-0.212864,0.959446,0.203758,-0.052960,0.113547,-0.091063,0.172555,0.764260,0.614686,-0.227736,-0.970987,0.072943,0.908134,-0.184771,0.375703,0.095252,-0.813777,1.366665,0.098924,-0.176041,0.119203,0.322893,0.050027,0.168756,0.278746,0.944097,0.177973,0.289451,0.000000,1,0.031156,11.483561,3.949065,83.007931,-5.521663,82.109215,0.000000
28.608333,0.800000,1,-0.783697,1.593204,0.407446,0.096894,0.159469,-0.211931,0.959305,0.204097,-0.052609,0.110652,-0.089861,0.175434,0.764505,0.613743,-0.230490,-0.969948,0.077945,0.906889,-0.185086,0.378543,0.088069,-0.813777,1.366665,0.098924,-0.175498,0.119187,0.320008,0.052630,0.170408,0.279586,0.943410,0.169721,0.290192,0.000000,1,0.031926,11.402036,4.599172,82.838188,-5.481231,81.593288,0.000000
28.641666,0.833333,1,-0.783555,1.592571,0.404911,0.099792,0.160596,-0.210591,0.959115,0.204422,-0.052155,0.108096,-0.089558,0.178509,0.764903,0.612403,-0.233884,-0.968831,0.081632,0.904883,-0.186194,0.382776,0.078508,-0.813777,1.366665,0.098924,-0.174874,0.119199,0.317467,0.054597,0.172729,0.280790,0.942518,0.178139,0.297683,0.000000,1,0.033754,11.299667,5.170375,82.687405,-5.428844,81.134381,0.000000
28.675000,0.866667,1,-0.783263,1.591892,0.402829,0.102914,0.162239,-0.208818,0.958896,0.204708,-0.051546,0.105992,-0.089612,0.182008,0.765472,0.610651,-0.238149,-0.967493,0.085096,0.902253,-0.187956,0.388088,0.066270,-0.813777,1.366665,0.098924,-0.174132,0.119270,0.315387,0.056502,0.175594,0.282387,0.941399,0.173688,0.293004,0.000000,1,0.037052,11.166793,5.635794,82.568343,-5.359302,80.753184,0.000000
28.708333,0.900000,1,-0.782908,1.591183,0.401190,0.105322,0.163989,-0.207484,0.958627,0.204999,-0.050861,0.104331,-0.090087,0.184921,0.765812,0.609278,-0.241328,-0.966504,0.087358,0.899868,-0.189168,0.393006,0.054609,-0.813777,1.366665,0.098924,-0.173334,0.119335,0.313753,0.057739,0.178231,0.283560,0.940475,0.159250,0.290320,0.000000,1,0.040816,11.017269,5.999133,82.473326,-5.280879,80.443198,0.000000
28.741666,0.933333,1,-0.782606,1.590439,0.399863,0.107442,0.164889,-0.206162,0.958522,0.205361,-0.050193,0.102978,-0.089927,0.187201,0.766288,0.608007,-0.244482,-0.965485,0.089818,0.898147,-0.190568,0.396252,0.046545,-0.813777,1.366665,0.098924,-0.172537,0.119307,0.312422,0.059134,0.179981,0.284760,0.939692,0.180873,0.285050,0.000000,1,0.043344,10.867545,6.292926,82.382695,-5.203117,80.176141,0.000000
28.775000,0.966667,1,-0.782419,1.589756,0.398743,0.109403,0.165309,-0.204874,0.958504,0.205750,-0.049650,0.101834,-0.089409,0.189124,0.766822,0.606814,-0.247567,-0.964454,0.092406,0.896817,-0.192019,0.398558,0.039737,-0.813777,1.366665,0.098924,-0.171855,0.119198,0.311291,0.060623,0.181232,0.285949,0.938996,0.190430,0.293625,0.000000,1,0.045149,10.741772,6.540097,82.294318,-5.138976,79.938325,0.000000
28.808333,1.000000,1,-0.782298,1.589161,0.397685,0.110645,0.166137,-0.204327,0.958335,0.206112,-0.049212,0.100754,-0.089590,0.190596,0.766906,0.606219,-0.248945,-0.963977,0.093672,0.895675,-0.192344,0.400961,0.036599,-0.813777,1.366665,0.098924,-0.171284,0.119074,0.310220,0.061299,0.182534,0.286413,0.938558,0.183258,0.286186,0.000000,1,0.045525,10.638886,6.773078,82.209208,-5.087206,79.712258,0.000000
28.841666,1.033333,1,-0.782229,1.588605,0.396595,0.111924,0.167090,-0.204030,0.958084,0.206473,-0.048839,0.099644,-0.089871,0.192157,0.766808,0.605809,-0.249837,-0.963617,0.094994,0.894539,-0.192142,0.403585,0.036765,-0.813777,1.366665,0.098924,-0.170773,0.118932,0.309116,0.061950,0.183974,0.286625,0.938169,0.161201,0.287293,0.000000,1,0.044766,10.549605,7.013736,82.119328,-5.042630,79.481711,0.000000
28.875000,1.066667,1,-0.782252,1.588104,0.395494,0.113565,0.167415,-0.203344,0.957980,0.206845,-0.048573,0.098524,-0.089421,0.193759,0.767000,0.605122,-0.251663,-0.962909,0.097325,0.893604,-0.192570,0.405448,0.036294,-0.813777,1.366665,0.098924,-0.170359,0.118745,0.307995,0.063214,0.185016,0.287232,0.937694,0.167636,0.282225,0.000000,1,0.044247,10.482056,7.258000,82.022583,-5.009724,79.247927,0.000000
28.908333,1.100000,1,-0.782329,1.587697,0.394468,0.115593,0.167536,-0.202484,0.957899,0.207177,-0.048405,0.097482,-0.088612,0.195616,0.767281,0.604287,-0.253970,-0.961983,0.100435,0.892648,-0.193143,0.407279,0.033189,-0.813777,1.366665,0.098924,-0.170053,0.118556,0.306948,0.064913,0.186056,0.288004,0.937136,0.181202,0.295062,0.000000,1,0.044728,10.436329,7.484825,81.932034,-4.988173,79.028887,0.000000
28.941666,1.133333,1,-0.782405,1.587297,0.393542,0.117563,0.167926,-0.201687,0.957759,0.207507,-0.048241,0.096540,-0.088072,0.197539,0.767486,0.603480,-0.256112,-0.961119,0.103233,0.891528,-0.193582,0.409516,0.030346,-0.813777,1.366665,0.098924,-0.169753,0.118362,0.306002,0.066431,0.187308,0.288702,0.936565,0.183193,0.280877,0.000000,1,0.045175,10.391444,7.689014,81.846804,-4.966621,78.826547,0.000000
28.975000,1.166667,1,-0.782525,1.586831,0.392672,0.119158,0.168749,-0.201216,0.957516,0.207919,-0.048069,0.095652,-0.088093,0.199323,0.767465,0.602915,-0.257466,-0.960551,0.105133,0.890315,-0.193527,0.412173,0.029834,-0.813777,1.366665,0.098924,-0.169422,0.118090,0.305104,0.067418,0.188778,0.289073,0.936085,0.186577,0.288899,0.000000,1,0.044890,10.342248,7.882415,81.752181,-4.942693,78.626884,0.000000
29.008333,1.200000,1,-0.782802,1.586355,0.391860,0.120514,0.169258,-0.200959,0.957311,0.208434,-0.048016,0.094818,-0.087942,0.200758,0.767382,0.602568,-0.258357,-0.960109,0.106969,0.889489,-0.193217,0.414098,0.029455,-0.813777,1.366665,0.098924,-0.169168,0.117677,0.304251,0.068352,0.189866,0.289255,0.935741,0.203457,0.288981,0.000000,1,0.044683,10.313427,8.065750,81.641039,-4.929908,78.426147,0.000000
29.041666,1.233333,1,-0.783317,1.585866,0.391081,0.122216,0.169078,-0.200636,0.957194,0.209105,-0.048146,0.094015,-0.087019,0.202193,0.767393,0.602207,-0.259548,-0.959449,0.109969,0.889070,-0.192929,0.415130,0.031616,-0.813777,1.366665,0.098924,-0.169034,0.117055,0.303411,0.069919,0.190508,0.289519,0.935413,0.201990,0.287359,0.000000,1,0.043992,10.316212,8.245511,81.502561,-4.934322,78.215420,0.000000
29.075000,1.266667,1,-0.784092,1.585232,0.390287,0.123964,0.169123,-0.200454,0.957000,0.210047,-0.048396,0.093189,-0.086279,0.203773,0.767274,0.601933,-0.260466,-0.958858,0.112915,0.888532,-0.192307,0.416568,0.038325,-0.813777,1.366665,0.098924,-0.168920,0.116138,0.302528,0.071421,0.191378,0.289632,0.935086,0.170238,0.281749,0.000000,1,0.042072,10.333819,8.435484,81.318256,-4.946961,77.977576,0.000000
29.108333,1.300000,1,-0.785054,1.584403,0.389530,0.125310,0.169434,-0.200363,0.956788,0.211259,-0.048677,0.092390,-0.085959,0.205111,0.767109,0.601734,-0.261054,-0.958454,0.114966,0.887929,-0.191690,0.418134,0.044368,-0.813777,1.366665,0.098924,-0.168745,0.114956,0.301657,0.072444,0.192294,0.289658,0.934812,0.200129,0.279048,0.000000,1,0.040306,10.348126,8.624048,81.094197,-4.957619,77.721371,0.000000
29.141666,1.333333,1,-0.786160,1.583422,0.388793,0.126849,0.169662,-0.200428,0.956532,0.212679,-0.048982,0.091603,-0.085481,0.206586,0.766829,0.601654,-0.261410,-0.958051,0.117488,0.887413,-0.190669,0.419694,0.049564,-0.813777,1.366665,0.098924,-0.168521,0.113569,0.300787,0.073677,0.193236,0.289526,0.934562,0.176952,0.288934,0.000000,1,0.038591,10.359919,8.813631,80.839006,-4.966115,77.449769,0.000000
29.175000,1.366667,1,-0.787418,1.582357,0.388002,0.128606,0.169477,-0.200985,0.956213,0.214256,-0.049357,0.090758,-0.084544,0.208079,0.766266,0.601990,-0.260921,-0.957752,0.120956,0.887385,-0.188623,0.420678,0.054836,-0.813777,1.366665,0.098924,-0.168308,0.112016,0.299848,0.075310,0.193941,0.288922,0.934473,0.194132,0.287990,0.000000,1,0.036535,10.380927,9.020238,80.554483,-4.978179,77.155494,0.000000
29.208333,1.400000,1,-0.788694,1.581239,0.387197,0.130037,0.168413,-0.201866,0.956022,0.215886,-0.049716,0.089896,-0.082971,0.208894,0.765666,0.602689,-0.259763,-0.957582,0.124741,0.888254,-0.186257,0.419897,0.056355,-0.813777,1.366665,0.098924,-0.168061,0.110419,0.298890,0.077087,0.193729,0.288052,0.934641,0.172919,0.280648,0.000000,1,0.035343,10.397438,9.232395,80.261039,-4.985901,76.854687,0.000000
29.241666,1.433333,1,-0.789859,1.580042,0.386319,0.130813,0.166898,-0.202567,0.956033,0.217508,-0.049940,0.088960,-0.081279,0.208923,0.765332,0.603335,-0.258762,-0.957464,0.127689,0.889540,-0.184677,0.417867,0.056593,-0.813777,1.366665,0.098924,-0.167687,0.108880,0.297865,0.078509,0.192796,0.287401,0.934915,0.172667,0.281387,0.000000,1,0.034191,10.388099,9.461145,79.967878,-4.977987,76.546124,0.000000
29.275000,1.466667,1,-0.790804,1.578745,0.385353,0.131138,0.165660,-0.202801,0.956154,0.219075,-0.049930,0.087934,-0.080029,0.208666,0.765314,0.603613,-0.258493,-0.957305,0.129412,0.890508,-0.184220,0.416003,0.056186,-0.813777,1.366665,0.098924,-0.167109,0.107477,0.296767,0.079394,0.191869,0.287212,0.935089,0.162753,0.290739,0.000000,1,0.033060,10.335180,9.708256,79.684123,-4.945575,76.233433,0.000000
29.308333,1.500000,1,-0.791530,1.577298,0.384263,0.131847,0.164661,-0.202971,0.956194,0.220625,-0.049656,0.086780,-0.078821,0.208857,0.765249,0.603788,-0.258454,-0.957021,0.131576,0.891172,-0.183637,0.414837,0.058544,-0.813777,1.366665,0.098924,-0.166285,0.106189,0.295555,0.080498,0.191335,0.287060,0.935151,0.184029,0.290452,0.000000,1,0.031197,10.231704,9.982518,79.402453,-4.886048,75.908539,0.000000
29.341666,1.533333,1,-0.792091,1.575695,0.383036,0.133218,0.163640,-0.202968,0.956179,0.222195,-0.049158,0.085485,-0.077296,0.209629,0.765203,0.603776,-0.258959,-0.956430,0.134844,0.891616,-0.183020,0.414156,0.062866,-0.813777,1.366665,0.098924,-0.165238,0.104965,0.294214,0.082188,0.191092,0.287050,0.935057,0.191597,0.282291,0.000000,1,0.028858,10.084732,10.287670,79.114655,-4.803907,75.565743,0.000000
29.375000,1.566667,1,-0.792582,1.573944,0.381646,0.134750,0.162297,-0.202493,0.956294,0.223835,-0.048519,0.084021,-0.075402,0.210395,0.765476,0.603403,-0.260438,-0.955509,0.138470,0.892052,-0.183277,0.413101,0.068675,-0.813777,1.366665,0.098924,-0.164030,0.103734,0.292709,0.084165,0.190621,0.287506,0.934837,0.190829,0.287590,0.000000,1,0.026141,9.909020,10.631141,78.808700,-4.707349,75.195763,0.000000
29.408333,1.600000,1,-0.792988,1.572061,0.380106,0.136191,0.161313,-0.201807,0.956401,0.225524,-0.047734,0.082404,-0.073867,0.211239,0.765842,0.602833,-0.262271,-0.954557,0.141544,0.892143,-0.183940,0.412610,0.073991,-0.813777,1.366665,0.098924,-0.162662,0.102517,0.291057,0.085886,0.190413,0.288156,0.934522,0.183271,0.290116,0.000000,1,0.023518,9.704836,11.009174,78.488208,-4.596766,74.802659,0.000000
29.441666,1.633333,1,-0.793338,1.569986,0.378431,0.137618,0.161108,-0.201144,0.956372,0.227326,-0.046792,0.080645,-0.073037,0.212415,0.766086,0.602210,-0.264017,-0.953719,0.143931,0.891662,-0.184446,0.413423,0.080665,-0.813777,1.366665,0.098924,-0.161103,0.101255,0.289266,0.087218,0.190887,0.288752,0.934118,0.165795,0.281458,0.000000,1,0.020832,9.468058,11.420111,78.144137,-4.470797,74.382911,0.000000
29.475000,1.666667,1,-0.793742,1.567756,0.376680,0.139254,0.160784,-0.200255,0.956376,0.229283,-0.045799,0.078803,-0.072003,0.213722,0.766457,0.601400,-0.266267,-0.952672,0.146690,0.891117,-0.185281,0.414224,0.085944,-0.813777,1.366665,0.098924,-0.159442,0.099871,0.287387,0.088787,0.191346,0.289563,0.933625,0.178756,0.283565,0.000000,1,0.018862,9.218760,11.852409,77.770713,-4.339761,73.939799,0.000000
29.508333,1.700000,1,-0.794266,1.565426,0.374895,0.141261,0.160026,-0.199535,0.956359,0.231389,-0.044843,0.076923,-0.070419,0.215170,0.766722,0.600733,-0.268323,-0.951495,0.150535,0.890886,-0.185644,0.414557,0.089430,-0.813777,1.366665,0.098924,-0.157763,0.098336,0.285460,0.090892,0.191608,0.290208,0.933169,0.171414,0.268533,0.000000,1,0.017481,8.974545,12.296541,77.369083,-4.212210,73.479006,0.000000
29.541666,1.733333,1,-0.794919,1.563022,0.373098,0.143456,0.159439,-0.199034,0.956235,0.233632,-0.043947,0.075025,-0.068909,0.216864,0.766793,0.600209,-0.270001,-0.950359,0.154650,0.890584,-0.185438,0.415299,0.092159,-0.813777,1.366665,0.098924,-0.156092,0.096654,0.283507,0.093081,0.192122,0.290620,0.932719,0.179639,0.279605,0.000000,1,0.016366,8.740637,12.747831,76.942003,-4.090469,73.004447,0.000000
29.575000,1.766667,1,-0.795727,1.560616,0.371275,0.144983,0.158670,-0.198693,0.956203,0.235969,-0.043172,0.073100,-0.067535,0.217883,0.766883,0.599881,-0.271164,-0.949506,0.157824,0.890647,-0.185340,0.415207,0.093755,-0.813777,1.366665,0.098924,-0.154503,0.094844,0.281515,0.094778,0.192161,0.290913,0.932449,0.172649,0.285115,0.000000,1,0.015357,8.530795,13.208089,76.493503,-3.980673,72.517763,0.000000
29.608333,1.800000,1,-0.796704,1.558264,0.369449,0.146451,0.157756,-0.198950,0.956077,0.238364,-0.042566,0.071173,-0.066068,0.218790,0.766621,0.600049,-0.271152,-0.948930,0.161270,0.891110,-0.184144,0.414746,0.093996,-0.813777,1.366665,0.098924,-0.153053,0.092923,0.279510,0.096504,0.192071,0.290628,0.932379,0.175325,0.276742,0.000000,1,0.014479,8.354782,13.671409,76.029627,-3.886898,72.025109,0.000000
29.641666,1.833333,1,-0.797885,1.556005,0.367656,0.148141,0.156544,-0.199395,0.955923,0.240809,-0.042178,0.069280,-0.064239,0.219765,0.766242,0.600375,-0.270847,-0.948300,0.165437,0.891830,-0.182507,0.413921,0.093489,-0.813777,1.366665,0.098924,-0.151791,0.090879,0.277524,0.098570,0.191834,0.290158,0.932358,0.164729,0.283910,0.000000,1,0.013713,8.221869,14.129935,75.553198,-3.812925,71.531737,0.000000
29.675000,1.866667,1,-0.799259,1.553849,0.365883,0.149214,0.155232,-0.200077,0.955828,0.243290,-0.042006,0.067408,-0.062598,0.220147,0.765818,0.600948,-0.269885,-0.947996,0.168716,0.892873,-0.180793,0.412423,0.093367,-0.813777,1.366665,0.098924,-0.150721,0.088727,0.275547,0.100150,0.191222,0.289489,0.932524,0.177071,0.273492,0.000000,1,0.012952,8.131536,14.586484,75.065779,-3.757910,71.037235,0.000000
29.708333,1.900000,1,-0.800803,1.551790,0.364083,0.149999,0.153607,-0.201259,0.955720,0.245793,-0.042028,0.065513,-0.060814,0.220140,0.765160,0.601971,-0.267864,-0.947985,0.171971,0.894435,-0.178338,0.410101,0.094185,-0.813777,1.366665,0.098924,-0.149825,0.086490,0.273534,0.101639,0.190219,0.288355,0.932919,0.176710,0.271648,0.000000,1,0.012277,8.079401,15.050491,74.566710,-3.719328,70.537147,0.000000
29.741666,1.933333,1,-0.802485,1.549846,0.362263,0.151266,0.152337,-0.202488,0.955464,0.248288,-0.042229,0.063601,-0.059134,0.220719,0.764346,0.602960,-0.265884,-0.947845,0.175771,0.895637,-0.175445,0.408722,0.094509,-0.813777,1.366665,0.098924,-0.149100,0.084201,0.271495,0.103377,0.189762,0.287135,0.933197,0.157744,0.277828,0.000000,1,0.011838,8.062615,15.519905,74.061163,-3.695364,70.035166,0.000000
29.775000,1.966667,1,-0.804176,1.548048,0.360424,0.153777,0.151850,-0.203321,0.954963,0.250670,-0.042527,0.061675,-0.057598,0.222752,0.763482,0.603456,-0.265047,-0.947116,0.180892,0.895795,-0.172445,0.409651,0.092339,-0.813777,1.366665,0.098924,-0.148503,0.081986,0.269443,0.105815,0.190577,0.286209,0.933042,0.179248,0.278198,0.000000,1,0.011592,8.067699,15.990668,73.566883,-3.679469,69.542135,0.000000
29.808333,2.000000,1,-0.805794,1.546303,0.358647,0.156048,0.151855,-0.204066,0.954435,0.252969,-0.042797,0.059814,-0.056608,0.224788,0.762643,0.603856,-0.264307,-0.946502,0.185136,0.895603,-0.169656,0.411233,0.089098,-0.813777,1.366665,0.098924,-0.147910,0.079855,0.267461,0.107805,0.191705,0.285361,0.932843,0.180265,0.276415,0.000000,1,0.011657,8.069780,16.445643,73.088610,-3.661016,69.067396,0.000000
29.841666,2.033333,1,-0.807322,1.544521,0.357013,0.158111,0.152293,-0.204780,0.953873,0.255248,-0.042971,0.058095,-0.056099,0.226831,0.761795,0.604210,-0.263567,-0.946018,0.188635,0.895118,-0.166957,0.413388,0.085795,-0.813777,1.366665,0.098924,-0.147239,0.077766,0.265626,0.109403,0.193115,0.284536,0.932618,0.178860,0.272693,0.000000,1,0.011869,8.054528,16.869483,72.624695,-3.634360,68.616068,0.000000
29.875000,2.066667,1,-0.808753,1.542707,0.355569,0.160484,0.153173,-0.205343,0.953214,0.257502,-0.043045,0.056566,-0.055845,0.229344,0.760930,0.604375,-0.263224,-0.945389,0.192230,0.894158,-0.164265,0.416532,0.081745,-0.813777,1.366665,0.098924,-0.146489,0.075722,0.263988,0.111055,0.195057,0.283822,0.932236,0.172698,0.281138,0.000000,1,0.011985,8.021469,17.251985,72.179937,-3.599598,68.194450,0.000000
29.908333,2.100000,1,-0.810039,1.540873,0.354315,0.162619,0.154167,-0.205614,0.952633,0.259692,-0.042987,0.055227,-0.055794,0.231692,0.760270,0.604314,-0.263383,-0.944738,0.195193,0.893030,-0.162246,0.419731,0.077028,-0.813777,1.366665,0.098924,-0.145644,0.073771,0.262550,0.112441,0.196972,0.283401,0.931796,0.179439,0.290662,0.000000,1,0.011953,7.966043,17.592239,71.761253,-3.555062,67.805969,0.000000
29.941666,2.133333,1,-0.811154,1.538983,0.353148,0.163619,0.154579,-0.205624,0.952393,0.261827,-0.042759,0.053974,-0.055720,0.232767,0.760041,0.604196,-0.263685,-0.944367,0.196575,0.892487,-0.161533,0.421157,0.074558,-0.813777,1.366665,0.098924,-0.144660,0.071923,0.261209,0.113113,0.197816,0.283320,0.931560,0.161840,0.292535,0.000000,1,0.011929,7.881049,17.912366,71.360495,-3.498274,67.436989,0.000000
29.975000,2.166667,1,-0.812136,1.537035,0.352002,0.163851,0.154219,-0.206042,0.952321,0.263928,-0.042389,0.052743,-0.055302,0.232819,0.759781,0.604541,-0.262944,-0.944388,0.197462,0.892887,-0.160652,0.420647,0.073904,-0.813777,1.366665,0.098924,-0.143555,0.070154,0.259899,0.113496,0.197629,0.282910,0.931678,0.166175,0.279132,0.000000,1,0.011944,7.771912,18.227291,70.968310,-3.431894,67.076598,0.000000
30.008333,2.200000,1,-0.812977,1.535081,0.350836,0.164738,0.154455,-0.206426,0.952047,0.265949,-0.041902,0.051492,-0.055128,0.233719,0.759354,0.604746,-0.262487,-0.944201,0.198958,0.892664,-0.159316,0.421627,0.072785,-0.813777,1.366665,0.098924,-0.142367,0.068500,0.258580,0.114161,0.198281,0.282475,0.931590,0.167372,0.283351,0.000000,1,0.011789,7.644595,18.544344,70.587708,-3.358473,66.723476,0.000000
30.041666,2.233333,1,-0.813756,1.533188,0.349611,0.166486,0.155371,-0.206082,0.951668,0.267882,-0.041406,0.050185,-0.055167,0.235680,0.759154,0.604232,-0.263720,-0.943414,0.201051,0.891407,-0.158716,0.424503,0.071562,-0.813777,1.366665,0.098924,-0.141198,0.066937,0.257209,0.115236,0.199913,0.282676,0.931048,0.185944,0.287987,0.000000,1,0.011690,7.518871,18.871522,70.214429,-3.285985,66.372551,0.000000
30.075000,2.266667,1,-0.814507,1.531338,0.348342,0.168169,0.155696,-0.205535,0.951437,0.269762,-0.040912,0.048836,-0.054702,0.237321,0.759170,0.603612,-0.265321,-0.942452,0.203443,0.890524,-0.158663,0.426371,0.070976,-0.813777,1.366665,0.098924,-0.140048,0.065424,0.255800,0.116536,0.200985,0.283102,0.930526,0.163741,0.279876,0.000000,1,0.011861,7.396105,19.206646,69.843922,-3.215100,66.022370,0.000000
30.108333,2.300000,1,-0.815170,1.529501,0.347067,0.169631,0.155605,-0.205005,0.951307,0.271578,-0.040356,0.047483,-0.053962,0.238579,0.759266,0.603061,-0.266811,-0.941517,0.205812,0.890019,-0.158794,0.427375,0.069978,-0.813777,1.366665,0.098924,-0.138861,0.063993,0.254391,0.117844,0.201583,0.283539,0.930098,0.157950,0.285285,0.000000,1,0.011946,7.264576,19.541272,69.482233,-3.141308,65.679179,0.000000
30.141666,2.333333,1,-0.815768,1.527741,0.345858,0.170891,0.155982,-0.204420,0.951146,0.273296,-0.039793,0.046199,-0.053731,0.239864,0.759368,0.602443,-0.268350,-0.940729,0.207406,0.889177,-0.159055,0.429030,0.066507,-0.813777,1.366665,0.098924,-0.137704,0.062652,0.253058,0.118749,0.202495,0.284022,0.929637,0.159609,0.273412,0.000000,1,0.011558,7.135073,19.858658,69.139443,-3.068707,65.354658,0.000000
30.175000,2.366667,1,-0.816355,1.526083,0.344787,0.171878,0.156716,-0.203985,0.950941,0.274932,-0.039281,0.045058,-0.053943,0.241066,0.759374,0.601938,-0.269522,-0.940199,0.208287,0.888184,-0.159117,0.431058,0.061799,-0.813777,1.366665,0.098924,-0.136626,0.061362,0.251867,0.119247,0.203597,0.284361,0.929229,0.168050,0.286883,0.000000,1,0.011004,7.017153,20.144420,68.817896,-3.000951,65.055368,0.000000
30.208333,2.400000,1,-0.816981,1.524471,0.343870,0.172902,0.156987,-0.203734,0.950764,0.276560,-0.038825,0.044071,-0.053727,0.242097,0.759316,0.601616,-0.270342,-0.939648,0.209707,0.887619,-0.158893,0.432302,0.058720,-0.813777,1.366665,0.098924,-0.135611,0.060050,0.250829,0.120004,0.204317,0.284534,0.928921,0.173054,0.283139,0.000000,1,0.010809,6.910189,20.398390,68.508007,-2.937930,64.776109,0.000000
30.241666,2.433333,1,-0.817654,1.522918,0.343055,0.174135,0.156868,-0.203537,0.950601,0.278174,-0.038441,0.043188,-0.053070,0.243142,0.759236,0.601353,-0.271116,-0.938946,0.211843,0.887331,-0.158512,0.433033,0.056363,-0.813777,1.366665,0.098924,-0.134670,0.058721,0.249891,0.121132,0.204797,0.284655,0.928632,0.166844,0.264276,0.000000,1,0.010741,6.816856,20.631087,68.206340,-2.880571,64.510980,0.000000
30.275000,2.466667,1,-0.818314,1.521476,0.342289,0.175281,0.156870,-0.203209,0.950460,0.279692,-0.038112,0.042359,-0.052557,0.244162,0.759239,0.600981,-0.272118,-0.938242,0.213666,0.886912,-0.158413,0.433926,0.052823,-0.813777,1.366665,0.098924,-0.133816,0.057460,0.249008,0.122124,0.205334,0.284905,0.928306,0.163096,0.207152,0.000000,1,0.010413,6.735874,20.850563,67.921286,-2.828165,64.261184,0.000000
30.308333,2.500000,1,-0.818946,1.520185,0.341531,0.176253,0.156346,-0.203181,0.950373,0.281073,-0.037852,0.041544,-0.051656,0.244797,0.759151,0.600913,-0.272472,-0.937657,0.215773,0.887076,-0.157958,0.433757,0.048736,-0.813777,1.366665,0.098924,-0.133074,0.056303,0.248142,0.123222,0.205339,0.284891,0.928164,0.164323,0.145336,0.000000,1,0.010059,6.670416,21.063427,67.655719,-2.781751,64.025699,0.000000
30.341666,2.533333,1,-0.819599,1.519013,0.340747,0.177094,0.155452,-0.203546,0.950285,0.282372,-0.037681,0.040708,-0.050488,0.245154,0.758885,0.601202,-0.272014,-0.937241,0.218145,0.887732,-0.156911,0.432793,0.046635,-0.813777,1.366665,0.098924,-0.132442,0.055194,0.247254,0.124393,0.204971,0.284515,0.928205,0.162042,0.141357,0.000000,1,0.010137,6.622595,21.278835,67.398146,-2.742178,63.795150,0.000000
30.375000,2.566667,1,-0.820276,1.517937,0.339879,0.177853,0.154820,-0.203971,0.950155,0.283604,-0.037587,0.039791,-0.049592,0.245554,0.758559,0.601524,-0.271418,-0.936939,0.220177,0.888229,-0.155743,0.432197,0.046162,-0.813777,1.366665,0.098924,-0.131903,0.054127,0.246285,0.125365,0.204797,0.284074,0.928248,0.157914,0.199350,0.000000,1,0.010564,6.590065,21.509495,67.141553,-2.708578,63.561237,0.000000
30.408333,2.600000,1,-0.820960,1.516918,0.338869,0.178315,0.154413,-0.204235,0.950078,0.284791,-0.037536,0.038735,-0.049027,0.245789,0.758360,0.601726,-0.271044,-0.936751,0.221434,0.888549,-0.155027,0.431795,0.047697,-0.813777,1.366665,0.098924,-0.131415,0.053097,0.245177,0.125968,0.204673,0.283801,0.928277,0.171980,0.100321,0.000000,1,0.011466,6.566047,21.768192,66.878311,-2.678526,63.315370,0.000000
30.441666,2.633333,1,-0.821612,1.515921,0.337773,0.179268,0.154451,-0.203917,0.949961,0.285938,-0.037474,0.037593,-0.048632,0.246652,0.758383,0.601376,-0.271964,-0.936137,0.222898,0.888156,-0.155019,0.432607,0.048576,-0.813777,1.366665,0.098924,-0.130928,0.052114,0.243986,0.126775,0.205150,0.284050,0.927986,0.152927,0.070746,0.000000,1,0.012248,6.541061,22.043370,66.613066,-2.648611,63.064109,0.000000
30.475000,2.666667,1,-0.822310,1.514938,0.336636,0.180259,0.154700,-0.203461,0.949831,0.287099,-0.037458,0.036412,-0.048409,0.247642,0.758458,0.600893,-0.273169,-0.935480,0.224180,0.887527,-0.155203,0.433829,0.049690,-0.813777,1.366665,0.098924,-0.130477,0.051105,0.242753,0.127509,0.205826,0.284423,0.927621,0.157109,0.084016,0.000000,1,0.013196,6.523699,22.327904,66.340364,-2.621921,62.807302,0.000000
30.508333,2.700000,1,-0.823103,1.513928,0.335460,0.181451,0.155123,-0.203197,0.949591,0.288337,-0.037501,0.035188,-0.048254,0.248890,0.758349,0.600527,-0.274078,-0.934837,0.225744,0.886798,-0.154843,0.435446,0.052247,-0.813777,1.366665,0.098924,-0.130055,0.050005,0.241470,0.128339,0.206761,0.284588,0.927248,0.303500,0.131363,0.000000,1,0.014584,6.515365,22.624577,66.050026,-2.598990,62.538731,0.000000
30.541666,2.733333,1,-0.823920,1.512904,0.334290,0.182979,0.155295,-0.202958,0.949321,0.289601,-0.037556,0.033971,-0.047726,0.250326,0.758192,0.600169,-0.275038,-0.933982,0.228105,0.886193,-0.154267,0.436879,0.052672,-0.813777,1.366665,0.098924,-0.129635,0.048877,0.240192,0.129581,0.207637,0.284715,0.926841,0.306460,0.180095,0.000000,1,0.015424,6.508386,22.921265,65.754880,-2.576938,62.269311,0.000000
30.575000,2.766667,1,-0.824714,1.511834,0.333166,0.184425,0.155150,-0.202844,0.949089,0.290891,-0.037564,0.032797,-0.046953,0.251550,0.758012,0.599947,-0.275719,-0.933155,0.230651,0.885911,-0.153573,0.437695,0.052328,-0.813777,1.366665,0.098924,-0.129162,0.047739,0.238957,0.130907,0.208199,0.284735,0.926522,0.299458,0.225942,0.000000,1,0.015988,6.492505,23.210129,65.459380,-2.552203,62.003956,0.000000
30.608333,2.800000,1,-0.825452,1.510643,0.332151,0.185550,0.154672,-0.202976,0.948920,0.292247,-0.037453,0.031728,-0.046028,0.252343,0.757778,0.599981,-0.275808,-0.932534,0.233045,0.886075,-0.152691,0.437671,0.051902,-0.813777,1.366665,0.098924,-0.128560,0.046571,0.237832,0.132120,0.208325,0.284548,0.926379,0.266779,0.281555,0.000000,1,0.016331,6.454683,23.479394,65.164297,-2.520437,61.746919,0.000000
30.641666,2.833333,1,-0.826158,1.509290,0.331246,0.185808,0.154039,-0.203289,0.948905,0.293717,-0.037217,0.030763,-0.045351,0.252296,0.757612,0.600261,-0.275259,-0.932415,0.234170,0.886647,-0.152066,0.436730,0.053214,-0.813777,1.366665,0.098924,-0.127805,0.045332,0.236811,0.132656,0.207905,0.284247,0.926489,0.264362,0.286218,0.000000,1,0.017037,6.393094,23.731353,64.862548,-2.481205,61.493564,0.000000
30.675000,2.866667,1,-0.826781,1.507819,0.330460,0.186125,0.153919,-0.203558,0.948805,0.295236,-0.036841,0.029913,-0.045108,0.252528,0.757396,0.600455,-0.274838,-0.932347,0.234933,0.886782,-0.151367,0.436698,0.053429,-0.813777,1.366665,0.098924,-0.126906,0.044087,0.235910,0.132993,0.207964,0.283966,0.926513,0.264954,0.294301,0.000000,1,0.017293,6.306732,23.961514,64.564985,-2.434146,61.250949,0.000000
30.708333,2.900000,1,-0.827249,1.506290,0.329814,0.187097,0.154961,-0.202891,0.948587,0.296712,-0.036305,0.029203,-0.045600,0.253850,0.757497,0.599732,-0.276484,-0.931742,0.235400,0.885440,-0.151763,0.439278,0.051705,-0.813777,1.366665,0.098924,-0.125876,0.042927,0.235159,0.133325,0.209321,0.284514,0.925992,0.274444,0.292253,0.000000,1,0.016682,6.194016,24.161219,64.288368,-2.378701,61.030559,0.000000
30.741666,2.933333,1,-0.827500,1.504860,0.329420,0.187674,0.156987,-0.201641,0.948406,0.297990,-0.035651,0.028750,-0.047138,0.255251,0.757911,0.598494,-0.279165,-0.931275,0.234079,0.883147,-0.153303,0.443339,0.045138,-0.813777,1.366665,0.098924,-0.124811,0.041978,0.234680,0.132828,0.211329,0.285620,0.925266,0.281014,0.284020,0.000000,1,0.014051,6.065189,24.300647,64.066083,-2.318111,60.859706,0.000000
30.775000,2.966667,1,-0.827536,1.503539,0.329255,0.187529,0.160378,-0.200438,0.948123,0.299059,-0.034888,0.028533,-0.050223,0.256612,0.758242,0.597241,-0.281561,-0.931482,0.230357,0.879931,-0.154906,0.449138,0.039958,-0.813777,1.366665,0.098924,-0.123722,0.041246,0.234453,0.131044,0.214196,0.286673,0.924536,0.321196,0.301146,0.000000,1,0.011339,5.921657,24.383458,63.897932,-2.252995,60.736709,0.000000
30.808333,3.000000,1,-0.827476,1.502319,0.329129,0.187831,0.165362,-0.198978,0.947514,0.299992,-0.034108,0.028359,-0.054533,0.259077,0.758411,0.595582,-0.284615,-0.931649,0.225886,0.875136,-0.156321,0.457932,0.036856,-0.813777,1.366665,0.098924,-0.122665,0.040644,0.234276,0.128874,0.218674,0.287871,0.923419,0.313364,0.289005,0.000000,1,0.010277,5.778061,24.451909,63.754525,-2.188431,60.631999,0.000000
30.841666,3.033333,1,-0.827441,1.501271,0.328843,0.189046,0.170293,-0.197148,0.946781,0.300796,-0.033453,0.028032,-0.058386,0.262327,0.758619,0.593525,-0.288637,-0.931152,0.222811,0.869887,-0.157824,0.467320,0.032608,-0.813777,1.366665,0.098924,-0.121765,0.040132,0.233946,0.127517,0.223528,0.289356,0.921980,0.320022,0.295191,0.000000,1,0.010676,5.658538,24.547209,63.614704,-2.132351,60.520951,0.000000
30.875000,3.066667,1,-0.827469,1.500433,0.328416,0.190707,0.172942,-0.195468,0.946316,0.301464,-0.032978,0.027572,-0.059995,0.264965,0.758962,0.591752,-0.292460,-0.930028,0.222519,0.866441,-0.159246,0.473202,0.028211,-0.813777,1.366665,0.098924,-0.121076,0.039694,0.233480,0.127653,0.226590,0.290757,0.920773,0.330714,0.290804,0.000000,1,0.011172,5.572209,24.665431,63.480148,-2.087609,60.405864,0.000000
30.908333,3.100000,1,-0.827570,1.499708,0.327988,0.192127,0.174093,-0.194500,0.946017,0.302088,-0.032630,0.027115,-0.060381,0.266732,0.759120,0.590716,-0.294818,-0.929059,0.223453,0.864637,-0.159817,0.476299,0.025430,-0.813777,1.366665,0.098924,-0.120521,0.039255,0.233013,0.128316,0.228246,0.291545,0.920022,0.312577,0.295681,0.000000,1,0.011323,5.508160,24.781916,63.350279,-2.050689,60.294540,0.000000
30.941666,3.133333,1,-0.827784,1.498951,0.327674,0.193003,0.175448,-0.194098,0.945671,0.302809,-0.032350,0.026769,-0.061201,0.268109,0.758994,0.590169,-0.295909,-0.928687,0.223557,0.863053,-0.159636,0.479224,0.025431,-0.813777,1.366665,0.098924,-0.120000,0.038695,0.232648,0.128416,0.229845,0.291810,0.919526,0.312470,0.297172,0.000000,1,0.011488,5.454055,24.880476,63.213760,-2.017725,60.186285,0.000000
30.975000,3.166667,1,-0.828185,1.498100,0.327466,0.193356,0.176592,-0.194248,0.945355,0.303721,-0.032161,0.026523,-0.062074,0.268933,0.758654,0.590140,-0.295763,-0.928812,0.223231,0.862038,-0.158819,0.481319,0.028901,-0.813777,1.366665,0.098924,-0.119504,0.037918,0.232368,0.128172,0.231032,0.291582,0.919335,0.304360,0.299820,0.000000,1,0.012341,5.412367,24.967226,63.055034,-1.989561,60.070946,0.000000
31.008333,3.200000,1,-0.828794,1.497205,0.327332,0.193719,0.176321,-0.195039,0.945168,0.304797,-0.032111,0.026348,-0.061684,0.269145,0.758125,0.590764,-0.294386,-0.928950,0.224474,0.862543,-0.157118,0.480972,0.032727,-0.813777,1.366665,0.098924,-0.119085,0.036936,0.232144,0.128633,0.231003,0.290797,0.919526,0.290930,0.311309,0.000000,1,0.013377,5.391707,25.047698,62.874689,-1.968785,59.947071,0.000000
31.041666,3.233333,1,-0.829492,1.496357,0.327262,0.194449,0.174791,-0.196130,0.945077,0.305890,-0.032159,0.026237,-0.060007,0.269129,0.757525,0.591713,-0.292550,-0.928775,0.227579,0.864176,-0.154891,0.478758,0.032996,-0.813777,1.366665,0.098924,-0.118754,0.035900,0.231978,0.130026,0.230053,0.289753,0.919898,0.298005,0.310600,0.000000,1,0.013497,5.387300,25.117050,62.695233,-1.953547,59.827932,0.000000
31.075000,3.266667,1,-0.830020,1.495545,0.327276,0.195002,0.173649,-0.196944,0.945004,0.306856,-0.032092,0.026213,-0.058753,0.269124,0.757074,0.592419,-0.291176,-0.928633,0.229908,0.865386,-0.153225,0.477106,0.029072,-0.813777,1.366665,0.098924,-0.118361,0.035017,0.231911,0.131073,0.229348,0.288972,0.920171,0.279867,0.304376,0.000000,1,0.012277,5.365311,25.163477,62.544560,-1.932927,59.731595,0.000000
31.108333,3.300000,1,-0.830239,1.494691,0.327302,0.194686,0.173379,-0.197411,0.945022,0.307671,-0.031753,0.026204,-0.058659,0.268727,0.756882,0.592853,-0.290168,-0.928966,0.229836,0.865913,-0.152622,0.476341,0.026471,-0.813777,1.366665,0.098924,-0.117765,0.034367,0.231880,0.130937,0.228978,0.288552,0.920414,0.165312,0.299992,0.000000,1,0.011092,5.299994,25.199367,62.422946,-1.898953,59.653842,0.000000
31.141666,3.333333,1,-0.830196,1.493783,0.327177,0.193944,0.172919,-0.197367,0.945268,0.308365,-0.031174,0.026043,-0.058574,0.267861,0.757127,0.592941,-0.289981,-0.929242,0.228955,0.866483,-0.153344,0.475072,0.027537,-0.813777,1.366665,0.098924,-0.116979,0.033922,0.231717,0.130513,0.228213,0.288670,0.920627,0.161110,0.308228,0.000000,1,0.011204,5.196444,25.259444,62.310340,-1.853465,59.572899,0.000000
31.175000,3.366667,1,-0.829984,1.492794,0.326858,0.193819,0.172658,-0.196603,0.945500,0.309014,-0.030415,0.025688,-0.058381,0.267626,0.757674,0.592366,-0.291388,-0.928890,0.228597,0.866393,-0.154958,0.474712,0.031797,-0.813777,1.366665,0.098924,-0.116033,0.033591,0.231372,0.130517,0.227888,0.289439,0.920466,0.178431,0.321893,0.000000,1,0.012384,5.063720,25.356172,62.189774,-1.799486,59.475974,0.000000
31.208333,3.400000,1,-0.829697,1.491733,0.326451,0.194136,0.173217,-0.195503,0.945561,0.309672,-0.029553,0.025242,-0.058723,0.268146,0.758222,0.591396,-0.293605,-0.928311,0.228111,0.865326,-0.156698,0.476084,0.035179,-0.813777,1.366665,0.098924,-0.114983,0.033293,0.230942,0.130504,0.228485,0.290464,0.919997,0.173422,0.324083,0.000000,1,0.013391,4.913821,25.471400,62.060590,-1.740815,59.368782,0.000000
31.241666,3.433333,1,-0.829430,1.490612,0.326026,0.194760,0.173692,-0.194476,0.945557,0.310390,-0.028672,0.024776,-0.058854,0.268901,0.758674,0.590460,-0.295787,-0.927584,0.228250,0.864281,-0.158099,0.477518,0.036838,-0.813777,1.366665,0.098924,-0.113896,0.032947,0.230490,0.130800,0.229158,0.291398,0.919492,0.174239,0.325532,0.000000,1,0.014284,4.760235,25.593671,61.919861,-1.681668,59.253649,0.000000
31.275000,3.466667,1,-0.829242,1.489397,0.325610,0.195478,0.173654,-0.193612,0.945593,0.311230,-0.027798,0.024314,-0.058485,0.269517,0.759080,0.589694,-0.297682,-0.926774,0.229074,0.863723,-0.159245,0.478146,0.038929,-0.813777,1.366665,0.098924,-0.112772,0.032483,0.230035,0.131428,0.229432,0.292191,0.919082,0.170114,0.329632,0.000000,1,0.015478,4.606396,25.720967,61.759599,-1.623145,59.127115,0.000000
31.308333,3.500000,1,-0.829150,1.488055,0.325214,0.196467,0.173958,-0.192764,0.945506,0.312231,-0.026923,0.023866,-0.058304,0.270524,0.759368,0.588878,-0.299647,-0.925896,0.230062,0.862805,-0.160080,0.479523,0.042080,-0.813777,1.366665,0.098924,-0.111594,0.031868,0.229587,0.132127,0.230138,0.292931,0.918570,0.181627,0.339633,0.000000,1,0.016976,4.451007,25.853104,61.574638,-1.564850,58.986574,0.000000
31.341666,3.533333,1,-0.829131,1.486612,0.324815,0.197297,0.174377,-0.192153,0.945380,0.313355,-0.026046,0.023411,-0.058302,0.271443,0.759521,0.588257,-0.301108,-0.925239,0.230794,0.861937,-0.160544,0.480926,0.044923,-0.813777,1.366665,0.098924,-0.110371,0.031137,0.229125,0.132635,0.230880,0.293445,0.918146,0.164278,0.331234,0.000000,1,0.018450,4.294221,25.992809,61.368858,-1.506764,58.833232,0.000000
31.375000,3.566667,1,-0.829095,1.485165,0.324440,0.197942,0.174952,-0.191245,0.945323,0.314473,-0.025153,0.022979,-0.058515,0.272264,0.759873,0.587402,-0.303069,-0.924565,0.230929,0.860839,-0.161662,0.482516,0.044839,-0.813777,1.366665,0.098924,-0.109137,0.030417,0.228688,0.132903,0.231658,0.294254,0.917652,0.179144,0.381000,0.000000,1,0.018733,4.135834,26.128280,61.165282,-1.448662,58.682912,0.000000
31.408333,3.600000,1,-0.829013,1.483689,0.324136,0.199188,0.176578,-0.189797,0.945051,0.315590,-0.024204,0.022619,-0.059396,0.274081,0.760278,0.585944,-0.306285,-0.923518,0.230877,0.858401,-0.163100,0.486360,0.045271,-0.813777,1.366665,0.098924,-0.107853,0.029712,0.228325,0.133175,0.233628,0.295492,0.916715,0.190876,0.432599,0.000000,1,0.018704,3.968859,26.249648,60.968255,-1.388433,58.540938,0.000000
31.441666,3.633333,1,-0.829017,1.482126,0.323818,0.201136,0.178170,-0.188827,0.944534,0.316827,-0.023271,0.022239,-0.059943,0.276513,0.760239,0.584794,-0.308845,-0.922317,0.232264,0.856016,-0.163112,0.490541,0.047853,-0.813777,1.366665,0.098924,-0.106542,0.028890,0.227937,0.134083,0.235929,0.296209,0.915762,0.187610,0.412939,0.000000,1,0.020289,3.804101,26.380976,60.749550,-1.329482,58.384969,0.000000
31.475000,3.666667,1,-0.829171,1.480538,0.323421,0.203030,0.178564,-0.188238,0.944172,0.318172,-0.022445,0.021777,-0.059447,0.278370,0.760154,0.584074,-0.310648,-0.921069,0.234799,0.854875,-0.162736,0.492651,0.049346,-0.813777,1.366665,0.098924,-0.105292,0.027935,0.227455,0.135529,0.237162,0.296618,0.915098,0.167696,0.411438,0.000000,1,0.022245,3.656668,26.535047,60.504137,-1.276295,58.208499,0.000000
31.508333,3.700000,1,-0.829367,1.478963,0.323066,0.204258,0.178714,-0.187369,0.944051,0.319533,-0.021660,0.021359,-0.059022,0.279522,0.760417,0.583224,-0.312732,-0.919982,0.236286,0.853991,-0.163434,0.493952,0.048764,-0.813777,1.366665,0.098924,-0.104077,0.026950,0.227014,0.136509,0.237847,0.297360,0.914533,0.172972,0.421548,0.000000,1,0.022629,3.516754,26.682360,60.258599,-1.225777,58.034714,0.000000
31.541666,3.733333,1,-0.829579,1.477359,0.322767,0.204850,0.179310,-0.186714,0.943940,0.320929,-0.020869,0.020994,-0.059282,0.280307,0.760608,0.582571,-0.314192,-0.919451,0.236417,0.852982,-0.164077,0.495480,0.049370,-0.813777,1.366665,0.098924,-0.102846,0.025930,0.226625,0.136724,0.238629,0.297921,0.914115,0.165312,0.426537,0.000000,1,0.023137,3.376369,26.821408,60.011426,-1.175562,57.863210,0.000000
31.575000,3.766667,1,-0.829821,1.475742,0.322447,0.205179,0.180276,-0.186113,0.943803,0.322353,-0.020093,0.020608,-0.059992,0.281022,0.760762,0.581953,-0.315463,-0.919173,0.235804,0.851737,-0.164715,0.497407,0.050001,-0.813777,1.366665,0.098924,-0.101619,0.024879,0.226212,0.136532,0.239613,0.298431,0.913720,0.178086,0.447794,0.000000,1,0.024112,3.239247,26.967024,59.756786,-1.126752,57.686310,0.000000
31.608333,3.800000,1,-0.830041,1.474168,0.322114,0.206066,0.181782,-0.184965,0.943546,0.323728,-0.019328,0.020211,-0.060931,0.282468,0.761051,0.580776,-0.317973,-0.918422,0.235359,0.849578,-0.165822,0.500720,0.048686,-0.813777,1.366665,0.098924,-0.100418,0.023873,0.225791,0.136554,0.241319,0.299399,0.912950,0.166247,0.372956,0.000000,1,0.024361,3.105004,27.113229,59.507871,-1.079162,57.512776,0.000000
31.641666,3.833333,1,-0.830257,1.472637,0.321741,0.207669,0.183054,-0.183591,0.943218,0.325065,-0.018585,0.019776,-0.061337,0.284446,0.761362,0.579359,-0.321162,-0.917098,0.236193,0.847309,-0.166867,0.504204,0.047710,-0.813777,1.366665,0.098924,-0.099250,0.022896,0.225332,0.137308,0.243153,0.300539,0.911976,0.180022,0.328085,0.000000,1,0.024908,2.975707,27.266093,59.260267,-1.033397,57.338421,0.000000
31.675000,3.866667,1,-0.830518,1.471200,0.321324,0.208967,0.184001,-0.182785,0.942903,0.326353,-0.017935,0.019300,-0.061597,0.286014,0.761432,0.578466,-0.323166,-0.916160,0.237096,0.845690,-0.167146,0.506824,0.045593,-0.813777,1.366665,0.098924,-0.098184,0.021936,0.224829,0.137964,0.244578,0.301167,0.911288,0.185804,0.492496,0.000000,1,0.025346,2.862565,27.425676,59.014935,-0.992646,57.163786,0.000000
31.708333,3.900000,1,-0.830731,1.469879,0.320882,0.209907,0.185237,-0.182057,0.942593,0.327518,-0.017318,0.018803,-0.062277,0.287392,0.761482,0.577645,-0.324897,-0.915527,0.237175,0.843935,-0.167466,0.509635,0.042259,-0.813777,1.366665,0.098924,-0.097191,0.021083,0.224311,0.138169,0.246090,0.301732,0.910663,0.177024,0.455868,0.000000,1,0.025069,2.756356,27.583807,58.786354,-0.954175,56.998900,0.000000
31.741666,3.933333,1,-0.830870,1.468623,0.320383,0.211112,0.186960,-0.181004,0.942186,0.328585,-0.016681,0.018253,-0.063270,0.289219,0.761592,0.576478,-0.327340,-0.914680,0.237084,0.841484,-0.168051,0.513482,0.040762,-0.813777,1.366665,0.098924,-0.096210,0.020331,0.223745,0.138365,0.248146,0.302562,0.909799,0.199812,0.370259,0.000000,1,0.025288,2.648196,27.747733,58.568143,-0.915477,56.838139,0.000000
31.775000,3.966667,1,-0.831032,1.467448,0.319749,0.212570,0.188314,-0.180014,0.941779,0.329596,-0.016113,0.017572,-0.063822,0.291107,0.761664,0.575370,-0.329752,-0.913636,0.237766,0.839320,-0.168412,0.516894,0.040351,-0.813777,1.366665,0.098924,-0.095309,0.019617,0.223047,0.138958,0.249999,0.303327,0.908946,0.175128,0.305783,0.000000,1,0.026453,2.552042,27.935329,58.345596,-0.880528,56.668444,0.000000
31.808333,4.000000,1,-0.831216,1.466414,0.319073,0.213415,0.188713,-0.179375,0.941630,0.330506,-0.015648,0.016854,-0.063794,0.292030,0.761809,0.574714,-0.331268,-0.912904,0.238470,0.838385,-0.168844,0.518269,0.037458,-0.813777,1.366665,0.098924,-0.094539,0.018966,0.222311,0.139489,0.250730,0.303855,0.908487,0.177119,0.365034,0.000000,1,0.026567,2.473545,28.125700,58.134307,-0.850828,56.504379,0.000000
31.841666,4.033333,1,-0.831351,1.465498,0.318523,0.214129,0.189287,-0.178689,0.941483,0.331297,-0.015213,0.016267,-0.063980,0.292914,0.761980,0.574017,-0.332823,-0.912259,0.238772,0.837297,-0.169412,0.519840,0.032303,-0.813777,1.366665,0.098924,-0.093840,0.018408,0.221711,0.139819,0.251551,0.304428,0.908018,0.186460,0.351605,0.000000,1,0.025186,2.400811,28.284249,57.953295,-0.822980,56.366218,0.000000
31.875000,4.066667,1,-0.831491,1.464622,0.318099,0.214870,0.190304,-0.177942,0.941250,0.332065,-0.014805,0.015807,-0.064551,0.294017,0.762108,0.573218,-0.334508,-0.911667,0.238681,0.835750,-0.169950,0.522149,0.029508,-0.813777,1.366665,0.098924,-0.093180,0.017854,0.221237,0.139957,0.252773,0.305033,0.907454,0.205729,0.331865,0.000000,1,0.024451,2.332657,28.416495,57.787431,-0.796700,56.244205,0.000000
31.908333,4.100000,1,-0.831757,1.463731,0.317774,0.215323,0.191397,-0.177372,0.941033,0.332924,-0.014486,0.015444,-0.065322,0.294899,0.762175,0.572588,-0.335751,-0.911352,0.238138,0.834298,-0.170354,0.524335,0.029567,-0.813777,1.366665,0.098924,-0.092575,0.017178,0.220850,0.139811,0.253932,0.305484,0.907001,0.208406,0.346477,0.000000,1,0.024783,2.278301,28.534621,57.615094,-0.774582,56.123302,0.000000
31.941666,4.133333,1,-0.832208,1.462859,0.317584,0.215659,0.192223,-0.177188,0.940822,0.333883,-0.014325,0.015216,-0.065911,0.295562,0.762074,0.572313,-0.336227,-0.911252,0.237849,0.833328,-0.170202,0.525924,0.029993,-0.813777,1.366665,0.098924,-0.092089,0.016346,0.220584,0.139700,0.254814,0.305586,0.906736,0.221442,0.331097,0.000000,1,0.024967,2.248588,28.632268,57.437566,-0.759560,56.006072,0.000000
31.975000,4.166667,1,-0.832787,1.462036,0.317498,0.216226,0.192756,-0.177316,0.940559,0.334885,-0.014293,0.015091,-0.066141,0.296304,0.761780,0.572294,-0.336210,-0.911120,0.238377,0.832729,-0.169366,0.527141,0.030295,-0.813777,1.366665,0.098924,-0.091714,0.015424,0.220414,0.139936,0.255564,0.305385,0.906557,0.255007,0.351353,0.000000,1,0.024958,2.239329,28.712281,57.261790,-0.750389,55.895236,0.000000
32.008333,4.200000,1,-0.833432,1.461265,0.317386,0.217217,0.192973,-0.177748,0.940204,0.335884,-0.014346,0.014942,-0.065904,0.297288,0.761257,0.572506,-0.335786,-0.910834,0.240059,0.832464,-0.167712,0.528087,0.030345,-0.813777,1.366665,0.098924,-0.091419,0.014478,0.220214,0.140700,0.256253,0.304870,0.906417,0.288106,0.310291,0.000000,1,0.025548,2.243485,28.797487,57.083359,-0.745091,55.781653,0.000000
32.041666,4.233333,1,-0.834158,1.460516,0.317159,0.218698,0.193026,-0.178401,0.939726,0.336909,-0.014478,0.014679,-0.065308,0.298639,0.760516,0.572857,-0.335140,-0.910340,0.242820,0.832327,-0.165300,0.529063,0.031998,-0.813777,1.366665,0.098924,-0.091185,0.013487,0.219894,0.141973,0.257043,0.304108,0.906251,0.355606,0.301810,0.000000,1,0.027103,2.260000,28.907346,56.889203,-0.743365,55.652751,0.000000
32.075000,4.266667,1,-0.834896,1.459812,0.316806,0.219973,0.192791,-0.179129,0.939338,0.337902,-0.014650,0.014290,-0.064545,0.299679,0.759822,0.573322,-0.334273,-0.909930,0.245538,0.832559,-0.162990,0.529415,0.032398,-0.813777,1.366665,0.098924,-0.090995,0.012522,0.219449,0.143207,0.257483,0.303307,0.906201,0.376451,0.300935,0.000000,1,0.028335,2.282777,29.040694,56.687834,-0.743488,55.513408,0.000000
32.108333,4.300000,1,-0.835507,1.459164,0.316321,0.220960,0.192629,-0.179304,0.939107,0.338769,-0.014755,0.013774,-0.063965,0.300488,0.759519,0.573363,-0.334326,-0.909403,0.247412,0.832519,-0.161922,0.529804,0.030429,-0.813777,1.366665,0.098924,-0.090781,0.011705,0.218887,0.144146,0.257823,0.303062,0.906037,0.410838,0.297138,0.000000,1,0.028858,2.295825,29.192378,56.495012,-0.741101,55.373429,0.000000
32.141666,4.333333,1,-0.835948,1.458564,0.315707,0.222334,0.193369,-0.178802,0.938726,0.339489,-0.014756,0.013132,-0.064012,0.302035,0.759391,0.572715,-0.335800,-0.908497,0.248740,0.831161,-0.161545,0.532047,0.028948,-0.813777,1.366665,0.098924,-0.090514,0.011070,0.218212,0.144973,0.259117,0.303385,0.905427,0.398571,0.299787,0.000000,1,0.029286,2.293185,29.360559,56.314578,-0.734630,55.235380,0.000000
32.175000,4.366667,1,-0.836304,1.458006,0.314993,0.223537,0.194493,-0.178486,0.938268,0.340122,-0.014716,0.012393,-0.064483,0.303602,0.759119,0.572195,-0.336871,-0.907882,0.249538,0.829572,-0.160838,0.534734,0.029200,-0.813777,1.366665,0.098924,-0.090237,0.010536,0.217446,0.145467,0.260676,0.303519,0.904855,0.382972,0.294161,0.000000,1,0.030001,2.284790,29.542833,56.139318,-0.726778,55.096236,0.000000
32.208333,4.400000,1,-0.836588,1.457462,0.314359,0.223974,0.195433,-0.178639,0.937939,0.340703,-0.014625,0.011735,-0.065136,0.304409,0.758762,0.572165,-0.336770,-0.907930,0.249499,0.828618,-0.159926,0.536484,0.026477,-0.813777,1.366665,0.098924,-0.089931,0.010063,0.216767,0.145394,0.261723,0.303277,0.904646,0.328307,0.305867,0.000000,1,0.029467,2.268641,29.706443,55.979889,-0.717019,54.971107,0.000000
32.241666,4.433333,1,-0.836795,1.456832,0.313938,0.224548,0.196327,-0.178322,0.937676,0.341314,-0.014418,0.011287,-0.065678,0.305313,0.758671,0.571742,-0.337595,-0.907633,0.249464,0.827423,-0.159790,0.538366,0.023566,-0.813777,1.366665,0.098924,-0.089513,0.009588,0.216301,0.145454,0.262776,0.303479,0.904263,0.380973,0.311170,0.000000,1,0.028355,2.233999,29.830285,55.836019,-0.702553,54.865826,0.000000
32.275000,4.466667,1,-0.836915,1.456098,0.313762,0.225495,0.197598,-0.177433,0.937350,0.341965,-0.014075,0.011081,-0.066384,0.306710,0.758779,0.570769,-0.339633,-0.906895,0.249381,0.825453,-0.160304,0.541230,0.022925,-0.813777,1.366665,0.098924,-0.088962,0.009106,0.216083,0.145645,0.264316,0.304180,0.903548,0.398699,0.291542,0.000000,1,0.027055,2.177792,29.908561,55.709444,-0.682601,54.782818,0.000000
32.308333,4.500000,1,-0.837032,1.455310,0.313772,0.225869,0.198771,-0.176926,0.937108,0.342664,-0.013695,0.011059,-0.067262,0.307558,0.758798,0.570184,-0.340732,-0.906683,0.248652,0.823935,-0.160597,0.543452,0.023889,-0.813777,1.366665,0.098924,-0.088366,0.008579,0.216047,0.145392,0.265510,0.304566,0.903109,0.439408,0.317168,0.000000,1,0.026276,2.115711,29.953470,55.592561,-0.661319,54.714483,0.000000
32.341666,4.533333,1,-0.837197,1.454514,0.313847,0.225816,0.199454,-0.176727,0.937013,0.343401,-0.013346,0.011100,-0.067895,0.307811,0.758812,0.569954,-0.341086,-0.906773,0.247838,0.823178,-0.160810,0.544535,0.024489,-0.813777,1.366665,0.098924,-0.087789,0.008002,0.216071,0.145012,0.266079,0.304721,0.902950,0.486780,0.330329,0.000000,1,0.026315,2.058435,29.988123,55.475375,-0.641510,54.648881,0.000000
32.375000,4.566667,1,-0.837350,1.453706,0.313914,0.226033,0.200349,-0.176495,0.936813,0.344141,-0.012981,0.011134,-0.068598,0.308398,0.758745,0.569640,-0.341608,-0.906735,0.247256,0.822113,-0.160801,0.546144,0.024753,-0.813777,1.366665,0.098924,-0.087195,0.007429,0.216089,0.144762,0.266964,0.304871,0.902678,0.539263,0.318187,0.000000,1,0.026636,1.998789,30.024565,55.357056,-0.621287,54.582081,0.000000
32.408333,4.600000,1,-0.837434,1.452904,0.313943,0.226530,0.201435,-0.176413,0.936476,0.344832,-0.012565,0.011130,-0.069351,0.309321,0.758487,0.569393,-0.341963,-0.906658,0.247046,0.820851,-0.160224,0.548208,0.024211,-0.813777,1.366665,0.098924,-0.086568,0.006921,0.216074,0.144666,0.268159,0.304838,0.902351,0.582424,0.337284,0.000000,1,0.026802,1.931538,30.065760,55.243173,-0.599275,54.516154,0.000000
32.441666,4.633333,1,-0.837469,1.452176,0.313897,0.227153,0.202586,-0.176376,0.936083,0.345433,-0.012155,0.011055,-0.070108,0.310385,0.758158,0.569159,-0.342285,-0.906546,0.247011,0.819504,-0.159437,0.550447,0.021931,-0.813777,1.366665,0.098924,-0.085976,0.006500,0.215992,0.144648,0.269475,0.304744,0.901993,0.872926,0.338239,0.000000,1,0.026893,1.866039,30.115963,55.137110,-0.577889,54.451691,0.000000
32.475000,4.666667,1,-0.837490,1.451548,0.313740,0.227771,0.203867,-0.175981,0.935729,0.345940,-0.011797,0.010873,-0.070978,0.311499,0.758025,0.568619,-0.343268,-0.906275,0.246643,0.817837,-0.159280,0.552967,0.019413,-0.813777,1.366665,0.098924,-0.085461,0.006156,0.215805,0.144556,0.270888,0.304990,0.901501,1.142275,0.301188,0.000000,1,0.027268,1.809177,30.181849,55.035860,-0.558905,54.385234,0.000000
32.508333,4.700000,1,-0.837428,1.451009,0.313532,0.228623,0.205296,-0.175156,0.935364,0.346325,-0.011427,0.010645,-0.071869,0.312882,0.758072,0.567685,-0.345137,-0.905666,0.246273,0.815720,-0.159678,0.555972,0.017429,-0.813777,1.366665,0.098924,-0.084974,0.005935,0.215579,0.144588,0.272524,0.305618,0.900790,1.503826,0.348500,0.000000,1,0.026996,1.750977,30.249640,54.950367,-0.539727,54.326460,0.000000
32.541666,4.733333,1,-0.837251,1.450578,0.313382,0.229532,0.206291,-0.174417,0.935060,0.346557,-0.011028,0.010480,-0.072346,0.314124,0.758130,0.566861,-0.346870,-0.904960,0.246434,0.814057,-0.159990,0.558315,0.014693,-0.813777,1.366665,0.098924,-0.084515,0.005862,0.215424,0.144882,0.273809,0.306185,0.900160,1.700897,0.322713,0.000000,1,0.025610,1.689238,30.296260,54.895995,-0.519768,54.289979,0.000000
32.575000,4.766667,1,-0.837013,1.450270,0.313354,0.229826,0.206591,-0.174054,0.934990,0.346658,-0.010653,0.010442,-0.072479,0.314515,0.758228,0.566496,-0.347658,-0.904658,0.246432,0.813475,-0.160325,0.559066,0.011698,-0.813777,1.366665,0.098924,-0.084127,0.005897,0.215401,0.144985,0.274200,0.306489,0.899921,1.781444,0.364376,0.000000,1,0.023757,1.631698,30.310446,54.875277,-0.501018,54.280252,0.000000
32.608333,4.800000,1,-0.836733,1.450123,0.313441,0.229464,0.207052,-0.173832,0.935018,0.346610,-0.010339,0.010526,-0.073049,0.314394,0.758364,0.566307,-0.347919,-0.904867,0.245292,0.813002,-0.160904,0.559588,0.009862,-0.813777,1.366665,0.098924,-0.083851,0.006042,0.215504,0.144443,0.274423,0.306707,0.899866,1.667773,0.378391,0.000000,1,0.021745,1.584113,30.291949,54.890439,-0.484948,54.298437,0.000000
32.641666,4.833333,1,-0.836442,1.450141,0.313530,0.229163,0.207441,-0.173691,0.935032,0.346424,-0.010117,0.010619,-0.073528,0.314297,0.758449,0.566185,-0.348055,-0.905065,0.244366,0.812626,-0.161303,0.560018,0.009128,-0.813777,1.366665,0.098924,-0.083709,0.006286,0.215618,0.143991,0.274615,0.306846,0.899833,1.603213,0.366596,0.000000,1,0.020696,1.551252,30.263557,54.929111,-0.472801,54.331491,0.000000
32.675000,4.866667,1,-0.836179,1.450264,0.313526,0.229341,0.208018,-0.173588,0.934879,0.346167,-0.009981,0.010623,-0.073967,0.314710,0.758363,0.566014,-0.348313,-0.905045,0.244073,0.811932,-0.161171,0.561061,0.008727,-0.813777,1.366665,0.098924,-0.083669,0.006573,0.215641,0.143863,0.275207,0.306890,0.899657,1.561806,0.352092,0.000000,1,0.020915,1.532019,30.248299,54.970962,-0.464330,54.362155,0.000000
32.708333,4.900000,1,-0.835996,1.450450,0.313384,0.229762,0.208877,-0.173443,0.934611,0.345904,-0.009949,0.010490,-0.074548,0.315463,0.758193,0.565746,-0.348748,-0.904924,0.243900,0.810855,-0.160829,0.562715,0.008910,-0.813777,1.366665,0.098924,-0.083724,0.006840,0.215523,0.143810,0.276161,0.306935,0.899358,1.615489,0.304225,0.000000,1,0.022015,1.528853,30.259484,55.000543,-0.460189,54.378556,0.000000
32.741666,4.933333,1,-0.835910,1.450698,0.313164,0.230013,0.209716,-0.173149,0.934416,0.345646,-0.010033,0.010280,-0.075186,0.316056,0.758157,0.565379,-0.349387,-0.904818,0.243378,0.809767,-0.160910,0.564257,0.010279,-0.813777,1.366665,0.098924,-0.083883,0.007067,0.215322,0.143616,0.277012,0.307140,0.899057,1.741537,0.310362,0.000000,1,0.022763,1.543601,30.286262,55.021334,-0.460850,54.385673,0.000000
32.775000,4.966667,1,-0.835876,1.451030,0.312983,0.230036,0.210326,-0.172640,0.934367,0.345353,-0.010208,0.010113,-0.075714,0.316340,0.758348,0.564893,-0.350327,-0.904674,0.242562,0.808869,-0.161649,0.565333,0.011388,-0.813777,1.366665,0.098924,-0.084142,0.007293,0.215160,0.143330,0.277539,0.307588,0.898787,1.787936,0.343115,0.000000,1,0.022275,1.572710,30.303134,55.051226,-0.465370,54.400204,0.000000
32.808333,5.000000,1,-0.835787,1.451462,0.312967,0.229618,0.210670,-0.172012,0.934508,0.344955,-0.010397,0.010115,-0.076196,0.316113,0.758766,0.564395,-0.351306,-0.904660,0.241195,0.808313,-0.163063,0.565721,0.013237,-0.813777,1.366665,0.098924,-0.084455,0.007604,0.215171,0.142789,0.277613,0.308210,0.898637,1.667354,0.351693,0.000000,1,0.020187,1.604397,30.281047,55.114517,-0.470686,54.443151,0.000000
32.841666,5.033333,1,-0.835579,1.451974,0.313258,0.228592,0.210903,-0.171568,0.934789,0.344432,-0.010535,0.010429,-0.076852,0.315298,0.759234,0.564132,-0.351697,-0.905079,0.239042,0.808154,-0.164684,0.565479,0.018738,-0.813777,1.366665,0.098924,-0.084773,0.008027,0.215502,0.141778,0.277305,0.308717,0.898719,1.373923,0.322832,0.000000,1,0.016612,1.628656,30.190677,55.228145,-0.474206,54.531688,0.000000
32.875000,5.066667,1,-0.835351,1.452471,0.313898,0.227159,0.211375,-0.171231,0.935093,0.343922,-0.010642,0.011090,-0.077904,0.314226,0.759685,0.563978,-0.351719,-0.905851,0.236068,0.807932,-0.166381,0.565299,0.025265,-0.813777,1.366665,0.098924,-0.085070,0.008428,0.216181,0.140298,0.277016,0.309141,0.898894,0.863243,0.310488,0.000000,1,0.013408,1.648015,30.032604,55.373364,-0.476635,54.655762,0.000000
32.908333,5.100000,1,-0.835304,1.452835,0.314643,0.225662,0.210706,-0.170935,0.935661,0.343632,-0.010812,0.011849,-0.077961,0.312593,0.760338,0.563997,-0.351658,-0.906398,0.234049,0.808918,-0.168385,0.563293,0.024906,-0.813777,1.366665,0.098924,-0.085354,0.008594,0.216943,0.139317,0.275689,0.309606,0.899294,0.634957,0.312882,0.000000,1,0.013584,1.676145,29.867424,55.491770,-0.481609,54.767409,0.000000
32.941666,5.133333,1,-0.835468,1.453095,0.315282,0.224399,0.209458,-0.170840,0.936262,0.343548,-0.011089,0.012496,-0.077398,0.310914,0.760922,0.564216,-0.351339,-0.906777,0.233058,0.810521,-0.169985,0.560501,0.021260,-0.813777,1.366665,0.098924,-0.085665,0.008539,0.217577,0.138824,0.273972,0.309895,0.899796,0.714563,0.285317,0.000000,1,0.015525,1.720153,29.735998,55.565371,-0.490983,54.845520,0.000000
32.975000,5.166667,1,-0.835774,1.453394,0.315794,0.223283,0.209187,-0.170820,0.936593,0.343513,-0.011505,0.013016,-0.077649,0.309800,0.761240,0.564365,-0.350925,-0.907346,0.231461,0.811124,-0.171032,0.559308,0.020023,-0.813777,1.366665,0.098924,-0.086086,0.008398,0.218075,0.137986,0.273194,0.310031,0.900114,0.964722,0.306888,0.000000,1,0.016757,1.785549,29.632622,55.617763,-0.506123,54.904199,0.000000
33.008333,5.200000,1,-0.836120,1.453794,0.316258,0.222560,0.209487,-0.170768,0.936707,0.343419,-0.012015,0.013492,-0.078237,0.309287,0.761381,0.564375,-0.350720,-0.907804,0.229971,0.811013,-0.171645,0.559281,0.021094,-0.813777,1.366665,0.098924,-0.086613,0.008284,0.218527,0.137212,0.273108,0.310125,0.900226,1.244851,0.324055,0.000000,1,0.016677,1.865719,29.535071,55.674858,-0.525251,54.963494,0.000000
33.041666,5.233333,1,-0.836386,1.454247,0.316808,0.222363,0.209450,-0.170728,0.936770,0.343238,-0.012491,0.014057,-0.078291,0.309095,0.761457,0.564370,-0.350715,-0.907886,0.229658,0.811088,-0.171894,0.559096,0.022838,-0.813777,1.366665,0.098924,-0.087141,0.008256,0.219074,0.137058,0.272979,0.310183,0.900269,0.983064,0.355348,0.000000,1,0.015182,1.941275,29.415046,55.754431,-0.543280,55.040882,0.000000
33.075000,5.266667,1,-0.836566,1.454770,0.317581,0.222067,0.208658,-0.170169,0.937118,0.342958,-0.012938,0.014848,-0.077701,0.308475,0.762012,0.564042,-0.351639,-0.907551,0.229568,0.811676,-0.173400,0.557776,0.028500,-0.813777,1.366665,0.098924,-0.087683,0.008318,0.219852,0.137175,0.272111,0.310801,0.900301,0.713092,0.351927,0.000000,1,0.012541,2.012558,29.245171,55.871333,-0.560293,55.152074,0.000000
33.108333,5.300000,1,-0.836731,1.455284,0.318567,0.221002,0.207616,-0.169343,0.937751,0.342685,-0.013364,0.015851,-0.077222,0.307056,0.762949,0.563615,-0.352749,-0.907442,0.228290,0.812596,-0.176109,0.555584,0.033724,-0.813777,1.366665,0.098924,-0.088210,0.008366,0.220844,0.136740,0.270641,0.311759,0.900479,0.672200,0.303316,0.000000,1,0.010638,2.080722,29.033641,56.006999,-0.576655,55.284964,0.000000
33.141666,5.333333,1,-0.836955,1.455652,0.319634,0.219929,0.207577,-0.168842,0.938102,0.342566,-0.013747,0.016930,-0.077653,0.306077,0.763503,0.563338,-0.353240,-0.907756,0.226274,0.812685,-0.177933,0.554872,0.034525,-0.813777,1.366665,0.098924,-0.088648,0.008279,0.221905,0.135819,0.270066,0.312338,0.900590,0.803993,0.286670,0.000000,1,0.010566,2.141347,28.815829,56.124472,-0.591275,55.409903,0.000000
33.175000,5.366667,1,-0.837174,1.455881,0.320705,0.219625,0.208540,-0.168236,0.938069,0.342556,-0.014043,0.018007,-0.078642,0.306226,0.763761,0.562770,-0.354210,-0.907808,0.224542,0.811479,-0.179031,0.556282,0.033498,-0.813777,1.366665,0.098924,-0.088965,0.008120,0.222963,0.135076,0.270744,0.312885,0.900308,0.967187,0.296740,0.000000,1,0.010725,2.187633,28.604468,56.223985,-0.602311,55.523328,0.000000
33.208333,5.400000,1,-0.837281,1.456007,0.321758,0.220232,0.209482,-0.167003,0.937937,0.342560,-0.014188,0.019063,-0.079197,0.307170,0.764196,0.561586,-0.356698,-0.906977,0.223962,0.809670,-0.180535,0.558428,0.031995,-0.813777,1.366665,0.098924,-0.089136,0.008000,0.224009,0.135124,0.271814,0.313957,0.899605,0.877899,0.398716,0.000000,1,0.010326,2.210292,28.397630,56.319777,-0.607233,55.633285,0.000000
33.241666,5.433333,1,-0.837169,1.455955,0.322777,0.220671,0.210791,-0.165321,0.937838,0.342572,-0.014051,0.020080,-0.080148,0.308123,0.764869,0.560010,-0.359930,-0.906060,0.222499,0.807278,-0.182897,0.561116,0.030780,-0.813777,1.366665,0.098924,-0.089038,0.007970,0.225030,0.134839,0.273109,0.315451,0.898733,0.704378,0.471090,0.000000,1,0.009958,2.189086,28.198330,56.412184,-0.600643,55.739031,0.000000
33.275000,5.466667,1,-0.836910,1.455750,0.323740,0.220123,0.211916,-0.164284,0.937895,0.342617,-0.013706,0.021037,-0.081382,0.308122,0.765406,0.559099,-0.361571,-0.906026,0.219960,0.805724,-0.184939,0.562678,0.030552,-0.813777,1.366665,0.098924,-0.088731,0.007984,0.226001,0.133799,0.273793,0.316419,0.898340,0.591185,0.508363,0.000000,1,0.010141,2.135017,28.012162,56.494769,-0.585428,55.835580,0.000000
33.308333,5.500000,1,-0.836680,1.455505,0.324547,0.219622,0.211119,-0.164167,0.938213,0.342704,-0.013362,0.021836,-0.080886,0.307321,0.765740,0.559155,-0.361607,-0.906050,0.219805,0.806618,-0.185800,0.561111,0.026228,-0.813777,1.366665,0.098924,-0.088406,0.007967,0.226812,0.133748,0.272841,0.316629,0.898563,0.617163,0.517181,0.000000,1,0.011194,2.080968,27.859295,56.555808,-0.570309,55.910924,0.000000
33.341666,5.533333,1,-0.836519,1.455322,0.325122,0.218953,0.209765,-0.164013,0.938700,0.342775,-0.013115,0.022405,-0.079964,0.306124,0.766236,0.559264,-0.361660,-0.906014,0.219866,0.808098,-0.187024,0.558569,0.018715,-0.813777,1.366665,0.098924,-0.088169,0.007948,0.227389,0.133821,0.271316,0.316925,0.898910,0.791943,0.482529,0.000000,1,0.012488,2.042081,27.750899,56.597849,-0.559289,55.963150,0.000000
33.375000,5.566667,1,-0.836423,1.455289,0.325489,0.218077,0.209395,-0.163384,0.939096,0.342757,-0.013013,0.022772,-0.080009,0.305173,0.766880,0.558895,-0.362471,-0.906043,0.218404,0.808377,-0.189013,0.557495,0.011434,-0.813777,1.366665,0.098924,-0.088091,0.007976,0.227761,0.133228,0.270538,0.317630,0.898983,0.829609,0.474044,0.000000,1,0.013269,2.026216,27.677232,56.635143,-0.554430,56.002659,0.000000
33.408333,5.600000,1,-0.836443,1.455439,0.325741,0.218049,0.209490,-0.163160,0.939120,0.342659,-0.013115,0.023029,-0.080103,0.305188,0.767003,0.558704,-0.362866,-0.905948,0.218141,0.808163,-0.189420,0.557667,0.008822,-0.813777,1.366665,0.098924,-0.088229,0.008017,0.228017,0.133153,0.270599,0.317840,0.898901,0.763430,0.515496,0.000000,1,0.013605,2.042719,27.620709,56.674570,-0.558223,56.038297,0.000000
33.441666,5.633333,1,-0.836668,1.455849,0.325880,0.218858,0.209419,-0.163462,0.938896,0.342473,-0.013540,0.023182,-0.079686,0.305880,0.766654,0.558864,-0.362642,-0.905659,0.219708,0.808162,-0.188216,0.558076,0.014634,-0.813777,1.366665,0.098924,-0.088696,0.008039,0.228156,0.133896,0.270939,0.317486,0.898814,0.616894,0.561764,0.000000,1,0.014233,2.109794,27.580231,56.717047,-0.575538,56.070918,0.000000
33.475000,5.666667,1,-0.837132,1.456523,0.325865,0.219786,0.208001,-0.163990,0.938902,0.342213,-0.014316,0.023188,-0.078011,0.306086,0.766390,0.559349,-0.362086,-0.905116,0.222844,0.809604,-0.186880,0.556433,0.024558,-0.813777,1.366665,0.098924,-0.089514,0.008019,0.228133,0.135400,0.270157,0.316992,0.898998,0.605142,0.509652,0.000000,1,0.015713,2.232286,27.564822,56.756066,-0.607710,56.094456,0.000000
33.508333,5.700000,1,-0.837731,1.457326,0.325617,0.220930,0.205173,-0.164834,0.939108,0.341924,-0.015281,0.022967,-0.074981,0.305862,0.766143,0.560224,-0.361053,-0.904291,0.227811,0.812556,-0.185194,0.552680,0.030931,-0.813777,1.366665,0.098924,-0.090512,0.007979,0.227875,0.137781,0.268247,0.316266,0.899464,0.694807,0.449169,0.000000,1,0.017962,2.384588,27.592840,56.777971,-0.647956,56.096267,0.000000
33.541666,5.733333,1,-0.838215,1.458012,0.325131,0.222401,0.203294,-0.165413,0.939068,0.341650,-0.016088,0.022503,-0.072652,0.306348,0.765801,0.560733,-0.360599,-0.903334,0.232284,0.814306,-0.183458,0.550680,0.029118,-0.813777,1.366665,0.098924,-0.091348,0.007993,0.227382,0.139981,0.267322,0.315700,0.899599,0.772175,0.429853,0.000000,1,0.019743,2.512701,27.668976,56.776256,-0.681851,56.071469,0.000000
33.575000,5.766667,1,-0.838404,1.458537,0.324393,0.223374,0.204797,-0.164461,0.938677,0.341317,-0.016566,0.021785,-0.073554,0.307870,0.765881,0.559671,-0.362716,-0.902573,0.231945,0.811993,-0.183968,0.553916,0.027754,-0.813777,1.366665,0.098924,-0.091887,0.008190,0.226656,0.140080,0.269078,0.316435,0.898801,0.767469,0.377109,0.000000,1,0.021174,2.590154,27.790834,56.763360,-0.702245,56.027304,0.000000
33.608333,5.800000,1,-0.838354,1.458963,0.323434,0.224528,0.206492,-0.162904,0.938302,0.340911,-0.016798,0.020843,-0.074538,0.309632,0.766245,0.558069,-0.366006,-0.901394,0.231363,0.809077,-0.185374,0.557702,0.031518,-0.813777,1.366665,0.098924,-0.092210,0.008553,0.225725,0.140231,0.271063,0.317719,0.897727,0.656558,0.397217,0.000000,1,0.022768,2.629562,27.951789,56.743621,-0.712486,55.968107,0.000000
33.641666,5.833333,1,-0.838189,1.459309,0.322394,0.226469,0.207294,-0.161566,0.937890,0.340496,-0.016891,0.019820,-0.074374,0.311702,0.766454,0.556650,-0.369219,-0.899658,0.233009,0.806927,-0.185965,0.560612,0.033252,-0.813777,1.366665,0.098924,-0.092404,0.008976,0.224719,0.141503,0.272649,0.318779,0.896671,0.668862,0.366861,0.000000,1,0.023659,2.647452,28.128410,56.718391,-0.717001,55.901627,0.000000
33.675000,5.866667,1,-0.837978,1.459611,0.321586,0.228096,0.208383,-0.160952,0.937360,0.340098,-0.016915,0.019027,-0.074621,0.313627,0.766243,0.555825,-0.370980,-0.898600,0.234288,0.804988,-0.185393,0.563581,0.026633,-0.813777,1.366665,0.098924,-0.092536,0.009393,0.223946,0.142376,0.274369,0.319150,0.895876,0.756982,0.358262,0.000000,1,0.021800,2.654444,28.261392,56.710904,-0.718594,55.857630,0.000000
33.708333,5.900000,1,-0.837827,1.459980,0.321287,0.228507,0.209197,-0.160994,0.937071,0.339701,-0.017022,0.018744,-0.075170,0.314353,0.765971,0.555716,-0.371059,-0.898584,0.234227,0.804064,-0.184723,0.565117,0.014961,-0.813777,1.366665,0.098924,-0.092761,0.009747,0.223677,0.142339,0.275287,0.319019,0.895647,0.822473,0.324561,0.000000,1,0.017453,2.674036,28.295238,56.748456,-0.723520,55.866759,0.000000
33.741666,5.933333,1,-0.837863,1.460477,0.321499,0.227922,0.207867,-0.161767,0.937376,0.339334,-0.017346,0.018975,-0.074249,0.313253,0.765890,0.556572,-0.369430,-0.899063,0.234962,0.806028,-0.184201,0.562484,0.016246,-0.813777,1.366665,0.098924,-0.093199,0.009967,0.223909,0.142491,0.273865,0.318418,0.896273,0.861397,0.339212,0.000000,1,0.013549,2.727432,28.230259,56.826688,-0.737514,55.926504,0.000000
33.775000,5.966667,1,-0.838124,1.461006,0.321937,0.226814,0.205229,-0.163061,0.938002,0.339086,-0.017867,0.019431,-0.072394,0.311112,0.765854,0.558064,-0.366647,-0.899837,0.236354,0.809747,-0.183548,0.557333,0.022069,-0.813777,1.366665,0.098924,-0.093789,0.009995,0.224348,0.142832,0.271057,0.317447,0.897416,0.776417,0.368115,0.000000,1,0.012640,2.810952,28.127996,56.904920,-0.759732,55.997260,0.000000
33.808333,6.000000,1,-0.838531,1.461451,0.322382,0.225774,0.204017,-0.164459,0.938273,0.338993,-0.018452,0.019888,-0.071791,0.309663,0.765473,0.559469,-0.363681,-0.900979,0.236587,0.812055,-0.182206,0.554407,0.022461,-0.813777,1.366665,0.098924,-0.094386,0.009856,0.224777,0.142543,0.269545,0.316273,0.898331,0.722612,0.387578,0.000000,1,0.013424,2.903550,28.034216,56.957344,-0.784576,56.051898,0.000000
33.841666,6.033333,1,-0.839020,1.461809,0.322794,0.225070,0.204863,-0.165950,0.937995,0.339016,-0.019052,0.020310,-0.072889,0.309427,0.764582,0.560676,-0.360660,-0.902472,0.235517,0.812257,-0.179796,0.554898,0.021988,-0.813777,1.366665,0.098924,-0.094955,0.009604,0.225164,0.141548,0.270020,0.314848,0.898846,0.708114,0.404094,0.000000,1,0.014249,2.997399,27.954279,56.987041,-0.809890,56.090465,0.000000
33.875000,6.066667,1,-0.839543,1.462137,0.323162,0.224714,0.205233,-0.167463,0.937731,0.339084,-0.019661,0.020685,-0.073406,0.309290,0.763681,0.561910,-0.357737,-0.903647,0.235469,0.812833,-0.177194,0.554892,0.021557,-0.813777,1.366665,0.098924,-0.095517,0.009311,0.225502,0.141087,0.270242,0.313400,0.899358,0.747177,0.407284,0.000000,1,0.014781,3.092392,27.886182,57.004866,-0.835573,56.119284,0.000000
33.908333,6.100000,1,-0.839966,1.462498,0.323470,0.225164,0.204147,-0.168640,0.937649,0.339062,-0.020211,0.021002,-0.072252,0.309222,0.763061,0.562938,-0.355761,-0.903796,0.237880,0.814428,-0.174965,0.553258,0.019073,-0.813777,1.366665,0.098924,-0.096053,0.009125,0.225790,0.142025,0.269551,0.312295,0.899802,0.729295,0.387406,0.000000,1,0.014482,3.178887,27.824301,57.032250,-0.858938,56.151260,0.000000
33.941666,6.133333,1,-0.840103,1.462866,0.323725,0.226086,0.203697,-0.168995,0.937461,0.338860,-0.020539,0.021270,-0.071446,0.309848,0.762714,0.563167,-0.355478,-0.903345,0.240007,0.814796,-0.173675,0.553123,0.014067,-0.813777,1.366665,0.098924,-0.096438,0.009187,0.226050,0.143051,0.269614,0.311899,0.899758,0.706395,0.395058,0.000000,1,0.013273,3.231988,27.761043,57.086626,-0.873232,56.197700,0.000000
33.975000,6.166667,1,-0.839943,1.463149,0.323918,0.226914,0.205011,-0.168509,0.937062,0.338546,-0.020577,0.021476,-0.072251,0.311163,0.762579,0.562522,-0.356697,-0.902898,0.239878,0.812972,-0.173493,0.555857,0.011341,-0.813777,1.366665,0.098924,-0.096589,0.009456,0.226268,0.143124,0.271153,0.312209,0.899176,0.636962,0.413247,0.000000,1,0.012470,3.240839,27.702321,57.156741,-0.875584,56.250855,0.000000
34.008333,6.200000,1,-0.839634,1.463226,0.324021,0.227982,0.207336,-0.167450,0.936481,0.338302,-0.020375,0.021585,-0.073847,0.313132,0.762546,0.561265,-0.359056,-0.902229,0.238877,0.809734,-0.173860,0.560450,0.010043,-0.813777,1.366665,0.098924,-0.096485,0.009746,0.226399,0.142904,0.273676,0.312981,0.898177,0.682199,0.439956,0.000000,1,0.013196,3.211212,27.665679,57.209132,-0.867650,56.287930,0.000000
34.041666,6.233333,1,-0.839336,1.463004,0.324057,0.228972,0.209764,-0.166413,0.935883,0.338301,-0.020003,0.021615,-0.075569,0.315077,0.762491,0.560021,-0.361333,-0.901641,0.237658,0.806401,-0.174207,0.565127,0.011196,-0.813777,1.366665,0.098924,-0.096137,0.009871,0.226449,0.142567,0.276252,0.313729,0.897181,0.718987,0.436501,0.000000,1,0.015121,3.152714,27.657740,57.216520,-0.852075,56.292694,0.000000
34.075000,6.266667,1,-0.839199,1.462501,0.324066,0.229059,0.210649,-0.166477,0.935652,0.338620,-0.019591,0.021606,-0.076327,0.315547,0.762266,0.559959,-0.361240,-0.901846,0.237024,0.805507,-0.173752,0.566541,0.015625,-0.813777,1.366665,0.098924,-0.095641,0.009711,0.226447,0.142214,0.277079,0.313600,0.897027,0.764890,0.426326,0.000000,1,0.017603,3.085219,27.675761,57.168410,-0.834231,56.260605,0.000000
34.108333,6.300000,1,-0.839239,1.461790,0.324167,0.228267,0.209854,-0.167412,0.935857,0.339216,-0.019194,0.021678,-0.075980,0.314500,0.762034,0.560911,-0.359212,-0.902658,0.237013,0.807075,-0.172938,0.564555,0.021599,-0.813777,1.366665,0.098924,-0.095067,0.009281,0.226511,0.141929,0.276036,0.312825,0.897664,0.702998,0.412593,0.000000,1,0.019169,3.017780,27.694136,57.081814,-0.816487,56.208352,0.000000
34.141666,6.333333,1,-0.839336,1.460967,0.324448,0.227082,0.208761,-0.168201,0.936248,0.339941,-0.018772,0.021925,-0.075538,0.312968,0.762036,0.561824,-0.357296,-0.903542,0.236541,0.808978,-0.172810,0.561864,0.026235,-0.813777,1.366665,0.098924,-0.094432,0.008727,0.226745,0.141445,0.274534,0.312245,0.898403,0.643270,0.415363,0.000000,1,0.019090,2.945782,27.686201,56.989465,-0.797477,56.161079,0.000000
34.175000,6.366667,1,-0.839366,1.460138,0.324892,0.225790,0.207511,-0.168702,0.936749,0.340637,-0.018290,0.022336,-0.074996,0.311269,0.762264,0.562531,-0.355868,-0.904282,0.235863,0.810906,-0.173340,0.558914,0.028238,-0.813777,1.366665,0.098924,-0.093756,0.008211,0.227147,0.140938,0.272828,0.311962,0.899100,0.637744,0.438662,0.000000,1,0.017806,2.864750,27.644737,56.916758,-0.775923,56.134202,0.000000
34.208333,6.400000,1,-0.839281,1.459280,0.325428,0.224774,0.206123,-0.169195,0.937210,0.341291,-0.017698,0.022839,-0.074209,0.309755,0.762454,0.563213,-0.354567,-0.904821,0.235755,0.812875,-0.173685,0.555938,0.030453,-0.813777,1.366665,0.098924,-0.092994,0.007765,0.227649,0.140738,0.271133,0.311668,0.899746,0.646912,0.504576,0.000000,1,0.016888,2.767233,27.582805,56.859832,-0.749856,56.121722,0.000000
34.241666,6.433333,1,-0.839166,1.458466,0.325932,0.223945,0.204886,-0.169764,0.937577,0.341890,-0.017108,0.023311,-0.073476,0.308475,0.762524,0.563917,-0.353198,-0.905331,0.235855,0.814669,-0.173682,0.553308,0.028934,-0.813777,1.366665,0.098924,-0.092252,0.007371,0.228122,0.140629,0.269667,0.311272,0.900341,0.699714,0.510600,0.000000,1,0.016652,2.670737,27.523949,56.808673,-0.724011,56.111410,0.000000
34.275000,6.466667,1,-0.839100,1.457804,0.326314,0.223265,0.204352,-0.169816,0.937846,0.342393,-0.016652,0.023667,-0.073298,0.307633,0.762745,0.564101,-0.352835,-0.905628,0.235257,0.815432,-0.174304,0.551986,0.022998,-0.813777,1.366665,0.098924,-0.091664,0.007031,0.228477,0.140298,0.268868,0.311316,0.900616,0.715691,0.514270,0.000000,1,0.016654,2.596039,27.482704,56.761614,-0.703947,56.098134,0.000000
34.308333,6.500000,1,-0.839112,1.457203,0.326609,0.223519,0.204644,-0.169403,0.937797,0.342890,-0.016294,0.023938,-0.073441,0.307984,0.762885,0.563701,-0.353695,-0.905315,0.235168,0.814841,-0.174774,0.552710,0.020089,-0.813777,1.366665,0.098924,-0.091168,0.006667,0.228743,0.140369,0.269231,0.311674,0.900373,0.664827,0.525912,0.000000,1,0.017248,2.536999,27.458263,56.706869,-0.688052,56.075934,0.000000
34.341666,6.533333,1,-0.839235,1.456547,0.326925,0.224758,0.206047,-0.168839,0.937295,0.343500,-0.015993,0.024227,-0.074141,0.309704,0.762687,0.562934,-0.355216,-0.904609,0.235593,0.812762,-0.174377,0.555887,0.022167,-0.813777,1.366665,0.098924,-0.090687,0.006179,0.229017,0.140755,0.271043,0.312017,0.899649,0.643461,0.590841,0.000000,1,0.018077,2.486013,27.437423,56.634623,-0.674328,56.043562,0.000000
34.375000,6.566667,1,-0.839513,1.455747,0.327336,0.225646,0.208162,-0.168766,0.936627,0.344321,-0.015728,0.024603,-0.075646,0.311430,0.762137,0.562527,-0.355682,-0.904562,0.235070,0.810328,-0.173150,0.559810,0.028246,-0.813777,1.366665,0.098924,-0.090171,0.005473,0.229367,0.140498,0.273337,0.311869,0.899046,0.661062,0.501345,0.000000,1,0.019342,2.439463,27.412738,56.534650,-0.661830,55.997854,0.000000
34.408333,6.600000,1,-0.839890,1.454737,0.327828,0.226592,0.209701,-0.169607,0.935903,0.345372,-0.015412,0.025051,-0.076623,0.312963,0.761121,0.562920,-0.354500,-0.904860,0.235707,0.808939,-0.170351,0.562670,0.035558,-0.813777,1.366665,0.098924,-0.089532,0.004564,0.229780,0.140589,0.275190,0.310872,0.898813,0.705864,0.150045,0.000000,1,0.021080,2.383940,27.388532,56.402959,-0.646993,55.935412,0.000000
34.441666,6.633333,1,-0.840292,1.453628,0.328286,0.229133,0.210349,-0.170596,0.934959,0.346516,-0.015060,0.025460,-0.076098,0.315524,0.759804,0.563340,-0.353715,-0.904077,0.239855,0.808034,-0.166186,0.565211,0.037943,-0.813777,1.366665,0.098924,-0.088825,0.003583,0.230151,0.142498,0.277033,0.309643,0.898370,0.719624,0.038760,0.000000,1,0.022431,2.322436,27.378340,56.252113,-0.630563,55.858876,0.000000
34.475000,6.666667,1,-0.840671,1.452437,0.328692,0.232880,0.211262,-0.170883,0.933774,0.347710,-0.014639,0.025815,-0.075264,0.319270,0.758570,0.563004,-0.354725,-0.902215,0.245315,0.806096,-0.162187,0.569126,0.039436,-0.813777,1.366665,0.098924,-0.088036,0.002582,0.230470,0.145314,0.279661,0.308958,0.897340,0.705936,0.034488,0.000000,1,0.023559,2.250540,27.382590,56.087947,-0.611378,55.771208,0.000000
34.508333,6.700000,1,-0.841006,1.451143,0.329138,0.235799,0.213146,-0.170405,0.932700,0.348960,-0.014121,0.026206,-0.075655,0.322699,0.757803,0.562028,-0.356801,-0.900641,0.248069,0.802986,-0.159979,0.574126,0.042263,-0.813777,1.366665,0.098924,-0.087136,0.001558,0.230827,0.146924,0.282713,0.309015,0.896101,0.664259,0.105261,0.000000,1,0.024232,2.163745,27.384232,55.917414,-0.588274,55.681100,0.000000
34.541666,6.733333,1,-0.841361,1.449966,0.329606,0.238261,0.214793,-0.169863,0.931795,0.350131,-0.013689,0.026624,-0.076034,0.325615,0.757219,0.561082,-0.358811,-0.899240,0.250245,0.800208,-0.158323,0.578447,0.039477,-0.813777,1.366665,0.098924,-0.086346,0.000578,0.231210,0.148252,0.285333,0.309186,0.894992,0.649683,0.298163,0.000000,1,0.023552,2.091237,27.376985,55.761000,-0.568845,55.601233,0.000000
34.575000,6.766667,1,-0.841745,1.448996,0.329909,0.241820,0.215769,-0.169442,0.930729,0.351147,-0.013408,0.026885,-0.075328,0.329214,0.756411,0.560167,-0.361078,-0.897030,0.254870,0.797834,-0.155664,0.582434,0.032577,-0.813777,1.366665,0.098924,-0.085744,-0.000297,0.231436,0.150859,0.287895,0.309177,0.893738,0.709373,0.387249,0.000000,1,0.023364,2.042940,27.391347,55.615236,-0.555639,55.520835,0.000000
34.608333,6.800000,1,-0.842067,1.448106,0.329965,0.245900,0.217576,-0.168819,0.929351,0.352053,-0.013128,0.026902,-0.075135,0.333640,0.755418,0.558912,-0.363944,-0.894560,0.259435,0.794289,-0.152603,0.588063,0.028459,-0.813777,1.366665,0.098924,-0.085173,-0.001055,0.231425,0.153510,0.291435,0.309243,0.892115,0.741241,0.391602,0.000000,1,0.024378,1.995775,27.446137,55.466300,-0.542689,55.427104,0.000000
34.641666,6.833333,1,-0.842357,1.447259,0.329739,0.250306,0.219307,-0.168183,0.927882,0.352895,-0.012854,0.026639,-0.074728,0.338324,0.754342,0.557602,-0.366991,-0.891810,0.264560,0.790681,-0.149233,0.593762,0.027699,-0.813777,1.366665,0.098924,-0.084620,-0.001736,0.231136,0.156481,0.295065,0.309282,0.890390,0.757556,0.368768,0.000000,1,0.026266,1.950084,27.551122,55.303479,-0.530110,55.311638,0.000000
34.675000,6.866667,1,-0.842712,1.446489,0.329208,0.254613,0.220380,-0.167479,0.926583,0.353703,-0.012683,0.026074,-0.073774,0.342627,0.753441,0.556319,-0.370134,-0.888860,0.270052,0.787753,-0.146232,0.598382,0.030028,-0.813777,1.366665,0.098924,-0.084165,-0.002401,0.230543,0.159682,0.298063,0.309432,0.888770,0.738615,0.345171,0.000000,1,0.028830,1.920385,27.712765,55.118872,-0.521630,55.168567,0.000000
34.708333,6.900000,1,-0.843129,1.445782,0.328488,0.257899,0.221427,-0.166743,0.925557,0.354490,-0.012602,0.025323,-0.073247,0.346008,0.752815,0.555142,-0.372905,-0.886527,0.273884,0.785150,-0.144192,0.602286,0.032740,-0.813777,1.366665,0.098924,-0.083795,-0.003065,0.229760,0.162009,0.300544,0.309714,0.887414,0.795574,0.320974,0.000000,1,0.030794,1.904615,27.909579,54.920269,-0.516685,55.008411,0.000000
34.741666,6.933333,1,-0.843531,1.445057,0.327726,0.260528,0.222613,-0.166361,0.924604,0.355282,-0.012498,0.024529,-0.073143,0.348870,0.752109,0.554321,-0.374756,-0.884855,0.276750,0.782785,-0.142035,0.605866,0.033793,-0.813777,1.366665,0.098924,-0.083401,-0.003723,0.228935,0.163705,0.302846,0.309710,0.886321,0.913752,0.278864,0.000000,1,0.031839,1.885493,28.115289,54.716518,-0.510855,54.843510,0.000000
34.775000,6.966667,1,-0.843841,1.444285,0.327058,0.263060,0.223814,-0.165919,0.923676,0.356059,-0.012292,0.023828,-0.073094,0.351651,0.751453,0.553460,-0.376680,-0.883204,0.279396,0.780391,-0.140048,0.609407,0.032002,-0.813777,1.366665,0.098924,-0.082919,-0.004338,0.228209,0.165308,0.305112,0.309768,0.885225,1.033572,0.292644,0.000000,1,0.031580,1.851028,28.302125,54.523331,-0.501102,54.690130,0.000000
34.808333,7.000000,1,-0.844062,1.443530,0.326541,0.265082,0.224521,-0.164970,0.923096,0.356775,-0.012022,0.023279,-0.072818,0.353754,0.751336,0.552314,-0.379294,-0.881465,0.281345,0.778427,-0.139615,0.612012,0.028239,-0.813777,1.366665,0.098924,-0.082403,-0.004884,0.227642,0.166700,0.306673,0.310404,0.884202,1.085638,0.285336,0.000000,1,0.030406,1.807350,28.455593,54.353805,-0.488986,54.559240,0.000000
34.841666,7.033333,1,-0.844175,1.442784,0.326204,0.266450,0.225316,-0.163935,0.922693,0.357425,-0.011669,0.022911,-0.072909,0.355313,0.751426,0.551178,-0.381775,-0.880149,0.282110,0.776527,-0.139912,0.614353,0.024784,-0.813777,1.366665,0.098924,-0.081837,-0.005352,0.227262,0.167480,0.307992,0.311186,0.883320,1.103952,0.392307,0.000000,1,0.028902,1.751523,28.569930,54.211614,-0.473798,54.454260,0.000000
34.875000,7.066667,1,-0.844191,1.442020,0.325965,0.267887,0.226089,-0.163276,0.922205,0.358035,-0.011225,0.022643,-0.072955,0.356927,0.751271,0.550339,-0.383610,-0.878986,0.283243,0.774828,-0.139461,0.616598,0.024023,-0.813777,1.366665,0.098924,-0.081203,-0.005757,0.226989,0.168338,0.309340,0.311599,0.882540,1.108440,0.471054,0.000000,1,0.028198,1.682419,28.662253,54.085403,-0.455301,54.364167,0.000000
34.908333,7.100000,1,-0.844151,1.441314,0.325609,0.270059,0.226237,-0.162791,0.921620,0.358561,-0.010774,0.022259,-0.072120,0.358921,0.750933,0.549613,-0.385450,-0.877215,0.286220,0.773674,-0.138204,0.618327,0.023743,-0.813777,1.366665,0.098924,-0.080588,-0.006074,0.226605,0.170139,0.310500,0.311808,0.881713,1.146077,0.504775,0.000000,1,0.028798,1.612798,28.771004,53.963268,-0.436701,54.271700,0.000000
34.941666,7.133333,1,-0.844010,1.440727,0.324999,0.272404,0.226934,-0.161866,0.920922,0.358922,-0.010318,0.021628,-0.071692,0.361307,0.750694,0.548431,-0.388167,-0.875213,0.288665,0.771602,-0.137362,0.621098,0.025754,-0.813777,1.366665,0.098924,-0.080015,-0.006218,0.225982,0.171815,0.312210,0.312374,0.880583,1.132615,0.505742,0.000000,1,0.030021,1.543240,28.916392,53.846620,-0.418133,54.171901,0.000000
34.975000,7.166667,1,-0.843883,1.440269,0.324188,0.274153,0.227293,-0.160846,0.920493,0.359180,-0.009954,0.020801,-0.071224,0.363012,0.750742,0.547298,-0.390783,-0.873470,0.290410,0.770050,-0.137374,0.623018,0.028184,-0.813777,1.366665,0.098924,-0.079557,-0.006285,0.225165,0.173137,0.313329,0.313123,0.879661,1.134995,0.448592,0.000000,1,0.031398,1.487938,29.092709,53.729026,-0.403126,54.063102,0.000000
35.008333,7.200000,1,-0.843903,1.439955,0.323369,0.275055,0.227154,-0.160455,0.920326,0.359412,-0.009794,0.019970,-0.070693,0.363749,0.750752,0.546864,-0.391885,-0.872548,0.291697,0.769690,-0.137253,0.623490,0.026329,-0.813777,1.366665,0.098924,-0.079299,-0.006395,0.224333,0.173979,0.313625,0.313405,0.879289,1.207099,0.381321,0.000000,1,0.031679,1.463380,29.268791,53.613886,-0.395738,53.956001,0.000000
35.041666,7.233333,1,-0.844078,1.439785,0.322646,0.275368,0.227530,-0.160397,0.920150,0.359625,-0.009842,0.019240,-0.070891,0.364193,0.750620,0.546724,-0.392135,-0.872400,0.291801,0.769128,-0.136913,0.624258,0.022875,-0.813777,1.366665,0.098924,-0.079247,-0.006565,0.223591,0.174066,0.314106,0.313394,0.879103,1.183212,0.315844,0.000000,1,0.031124,1.470226,29.424815,53.509563,-0.396097,53.860582,0.000000
35.075000,7.266667,1,-0.844370,1.439741,0.321911,0.275869,0.227312,-0.160567,0.920024,0.359808,-0.010060,0.018500,-0.070477,0.364544,0.750422,0.546816,-0.392051,-0.872069,0.292902,0.769301,-0.136200,0.624200,0.023770,-0.813777,1.366665,0.098924,-0.079365,-0.006764,0.222833,0.174609,0.314163,0.313190,0.879048,0.785713,0.221453,0.000000,1,0.031484,1.502615,29.580748,53.408573,-0.402748,53.767201,0.000000
35.108333,7.300000,1,-0.844632,1.439815,0.321067,0.276964,0.226181,-0.160628,0.919963,0.359875,-0.010327,0.017657,-0.068979,0.365020,0.750308,0.546846,-0.392403,-0.870963,0.295708,0.770248,-0.135441,0.623196,0.026595,-0.813777,1.366665,0.098924,-0.079563,-0.006863,0.221975,0.176108,0.313696,0.313090,0.878952,0.841619,0.081696,0.000000,1,0.032091,1.542733,29.748975,53.317240,-0.411295,53.675682,0.000000
35.141666,7.333333,1,-0.844767,1.440002,0.320127,0.277765,0.225186,-0.160271,0.920028,0.359771,-0.010563,0.016724,-0.067724,0.365289,0.750499,0.546560,-0.393370,-0.869864,0.297651,0.770909,-0.135672,0.622329,0.029040,-0.813777,1.366665,0.098924,-0.079789,-0.006786,0.221037,0.177279,0.313187,0.313414,0.878782,0.804524,0.191676,0.000000,1,0.032237,1.579006,29.923310,53.246261,-0.418893,53.593385,0.000000
35.175000,7.366667,1,-0.844795,1.440238,0.319107,0.278802,0.224831,-0.159685,0.919903,0.359562,-0.010742,0.015714,-0.066938,0.366049,0.750628,0.545972,-0.394868,-0.868649,0.299214,0.770639,-0.135846,0.622625,0.031421,-0.813777,1.366665,0.098924,-0.079995,-0.006586,0.220030,0.178338,0.313350,0.313881,0.878343,0.808404,0.361227,0.000000,1,0.032684,1.607273,30.105524,53.185945,-0.424557,53.514671,0.000000
35.208333,7.400000,1,-0.844757,1.440420,0.318091,0.279993,0.225641,-0.159192,0.919428,0.359355,-0.010837,0.014706,-0.067130,0.367462,0.750416,0.545290,-0.396304,-0.867724,0.299997,0.769053,-0.135260,0.624709,0.030994,-0.813777,1.366665,0.098924,-0.080120,-0.006360,0.219030,0.178967,0.314621,0.314150,0.877664,1.334504,0.500097,0.000000,1,0.033002,1.622918,30.287487,53.125252,-0.427190,53.435979,0.000000
35.241666,7.433333,1,-0.844764,1.440562,0.317114,0.280978,0.225906,-0.158994,0.919097,0.359209,-0.010943,0.013736,-0.066929,0.368453,0.750196,0.544948,-0.397104,-0.866956,0.301157,0.768316,-0.134547,0.625770,0.029617,-0.813777,1.366665,0.098924,-0.080237,-0.006196,0.218063,0.179688,0.315323,0.314202,0.877246,2.014059,0.563193,0.000000,1,0.033388,1.639815,30.466486,53.057181,-0.430187,53.354398,0.000000
35.275000,7.466667,1,-0.844827,1.440622,0.316252,0.281166,0.224709,-0.159033,0.919326,0.359167,-0.011043,0.012876,-0.065772,0.368092,0.750365,0.545101,-0.397078,-0.866469,0.302590,0.769629,-0.134746,0.624111,0.025980,-0.813777,1.366665,0.098924,-0.080316,-0.006135,0.217203,0.180433,0.314357,0.314234,0.877428,2.366059,0.558647,0.000000,1,0.033344,1.655409,30.630939,52.981498,-0.432921,53.273032,0.000000
35.308333,7.500000,1,-0.844876,1.440530,0.315637,0.280686,0.223481,-0.159302,0.919725,0.359246,-0.011037,0.012258,-0.064886,0.367125,0.750593,0.545545,-0.396341,-0.866607,0.303161,0.771323,-0.135200,0.621918,0.018708,-0.813777,1.366665,0.098924,-0.080262,-0.006168,0.216582,0.180619,0.313051,0.314127,0.877895,2.661688,0.198552,0.000000,1,0.032231,1.654546,30.756848,52.907906,-0.431691,53.203599,0.000000
35.341666,7.533333,1,-0.844886,1.440297,0.315196,0.280368,0.223231,-0.159609,0.919830,0.359422,-0.010911,0.011808,-0.064807,0.366734,0.750551,0.545875,-0.395641,-0.866948,0.303100,0.771880,-0.135053,0.621258,0.014978,-0.813777,1.366665,0.098924,-0.080069,-0.006263,0.216132,0.180471,0.312689,0.313889,0.878140,3.244441,0.182010,0.000000,1,0.031662,1.635265,30.856162,52.834400,-0.426020,53.141632,0.000000
35.375000,7.566667,1,-0.844874,1.440006,0.314795,0.280923,0.223462,-0.159623,0.919602,0.359631,-0.010733,0.011396,-0.064769,0.367331,0.750335,0.545775,-0.395870,-0.866611,0.303763,0.771445,-0.134396,0.621941,0.014866,-0.813777,1.366665,0.098924,-0.079816,-0.006373,0.215720,0.180840,0.313163,0.313791,0.877930,3.818295,0.174197,0.000000,1,0.031824,1.607894,30.950101,52.759123,-0.418415,53.080243,0.000000
35.408333,7.600000,1,-0.844841,1.439682,0.314434,0.281855,0.223720,-0.159490,0.919277,0.359856,-0.010518,0.011022,-0.064587,0.368273,0.750093,0.545494,-0.396529,-0.865914,0.304889,0.770772,-0.133622,0.622941,0.014586,-0.813777,1.366665,0.098924,-0.079524,-0.006487,0.215348,0.181519,0.313836,0.313787,0.877551,4.108112,0.180430,0.000000,1,0.031861,1.574943,31.037534,52.684968,-0.409481,53.021264,0.000000
35.441666,7.633333,1,-0.844806,1.439262,0.314146,0.282388,0.224298,-0.159462,0.918977,0.360159,-0.010241,0.010718,-0.064870,0.369003,0.749837,0.545319,-0.396838,-0.865675,0.305165,0.769927,-0.132928,0.624133,0.015321,-0.813777,1.366665,0.098924,-0.079151,-0.006659,0.215045,0.181699,0.314604,0.313706,0.877268,4.262537,0.176053,0.000000,1,0.032097,1.532464,31.116471,52.604391,-0.398280,52.961252,0.000000
35.475000,7.666667,1,-0.844807,1.438718,0.313897,0.283007,0.224807,-0.159687,0.918623,0.360584,-0.009919,0.010448,-0.065058,0.369781,0.749417,0.545347,-0.396729,-0.865499,0.305807,0.769270,-0.131718,0.625199,0.017943,-0.813777,1.366665,0.098924,-0.078694,-0.006932,0.214772,0.181991,0.315364,0.313375,0.877052,4.429084,0.177603,0.000000,1,0.033012,1.482696,31.196820,52.506583,-0.385368,52.891786,0.000000
35.508333,7.700000,1,-0.844859,1.438104,0.313643,0.283695,0.224881,-0.159911,0.918354,0.361096,-0.009594,0.010169,-0.064824,0.370428,0.749067,0.545416,-0.396637,-0.865133,0.306960,0.769082,-0.130608,0.625664,0.020015,-0.813777,1.366665,0.098924,-0.078205,-0.007285,0.214486,0.182555,0.315772,0.313071,0.876897,4.655912,0.185817,0.000000,1,0.034064,1.432410,31.284476,52.393068,-0.372372,52.812094,0.000000
35.541666,7.733333,1,-0.844944,1.437467,0.313335,0.284098,0.224792,-0.160143,0.918211,0.361643,-0.009284,0.009836,-0.064570,0.370750,0.748828,0.545556,-0.396398,-0.864934,0.307827,0.769177,-0.129825,0.625709,0.021354,-0.813777,1.366665,0.098924,-0.077716,-0.007673,0.214144,0.182952,0.315899,0.312805,0.876864,4.858418,0.200685,0.000000,1,0.035135,1.384236,31.385135,52.268136,-0.359915,52.722918,0.000000
35.575000,7.766667,1,-0.844971,1.436850,0.312937,0.284199,0.224626,-0.160404,0.918175,0.362137,-0.008940,0.009413,-0.064381,0.370770,0.748675,0.545775,-0.395970,-0.864957,0.308313,0.769475,-0.129319,0.625448,0.022060,-0.813777,1.366665,0.098924,-0.077211,-0.007993,0.213717,0.183125,0.315813,0.312555,0.876947,5.096886,0.195751,0.000000,1,0.035856,1.331405,31.499676,52.143565,-0.346356,52.630262,0.000000
35.608333,7.800000,1,-0.844878,1.436306,0.312440,0.284300,0.224476,-0.160317,0.918195,0.362496,-0.008547,0.008896,-0.064200,0.370792,0.748729,0.545707,-0.396164,-0.864784,0.308550,0.769564,-0.129434,0.625315,0.022258,-0.813777,1.366665,0.098924,-0.076701,-0.008165,0.213205,0.183283,0.315725,0.312638,0.876917,5.233251,0.203524,0.000000,1,0.036039,1.271729,31.623505,52.032807,-0.331164,52.542498,0.000000
35.641666,7.833333,1,-0.844719,1.435893,0.311838,0.284864,0.224055,-0.160026,0.918174,0.362708,-0.008180,0.008280,-0.063567,0.371104,0.748825,0.545437,-0.396916,-0.864054,0.309626,0.769693,-0.129561,0.625129,0.022435,-0.813777,1.366665,0.098924,-0.076264,-0.008200,0.212600,0.183971,0.315612,0.312880,0.876727,5.475816,0.214577,0.000000,1,0.036203,1.216597,31.756984,51.937195,-0.317061,52.460239,0.000000
35.675000,7.866667,1,-0.844559,1.435629,0.311158,0.285204,0.223760,-0.159867,0.918168,0.362797,-0.007904,0.007592,-0.063150,0.371276,0.748882,0.545291,-0.397340,-0.863609,0.310323,0.769825,-0.129624,0.624954,0.022397,-0.813777,1.366665,0.098924,-0.075951,-0.008146,0.211924,0.184405,0.315510,0.313014,0.876624,5.692921,0.194765,0.000000,1,0.036320,1.175367,31.896325,51.854902,-0.306274,52.383561,0.000000
35.708333,7.900000,1,-0.844444,1.435501,0.310429,0.284473,0.223686,-0.159946,0.918399,0.362802,-0.007747,0.006859,-0.063408,0.370593,0.749064,0.545476,-0.396871,-0.864189,0.309306,0.770195,-0.130234,0.624370,0.022480,-0.813777,1.366665,0.098924,-0.075777,-0.008051,0.211201,0.183810,0.315094,0.313034,0.876892,6.320228,0.187204,0.000000,1,0.036490,1.152191,32.038991,51.781893,-0.299790,52.311015,0.000000
35.741666,7.933333,1,-0.844402,1.435465,0.309672,0.283511,0.223479,-0.160236,0.918696,0.362777,-0.007704,0.006102,-0.063651,0.369648,0.749212,0.545885,-0.395917,-0.865024,0.308194,0.770909,-0.130740,0.623382,0.022770,-0.813777,1.366665,0.098924,-0.075719,-0.007965,0.210450,0.183084,0.314458,0.312887,0.877325,6.667746,0.471648,0.000000,1,0.036863,1.145993,32.184644,51.710900,-0.297358,52.238855,0.000000
35.775000,7.966667,1,-0.844421,1.435421,0.308887,0.283210,0.223480,-0.160365,0.918766,0.362793,-0.007705,0.005316,-0.063788,0.369382,0.749222,0.546035,-0.395555,-0.865327,0.307809,0.771078,-0.130806,0.623160,0.023575,-0.813777,1.366665,0.098924,-0.075688,-0.007930,0.209665,0.182825,0.314319,0.312801,0.877459,7.119839,0.650971,0.000000,1,0.037753,1.146358,32.338532,51.629780,-0.296521,52.159254,0.000000
35.808333,8.000000,1,-0.844496,1.435305,0.308095,0.283352,0.223297,-0.160308,0.918777,0.362901,-0.007707,0.004519,-0.063560,0.369427,0.749252,0.545990,-0.395711,-0.865130,0.308161,0.771206,-0.130838,0.622995,0.024122,-0.813777,1.366665,0.098924,-0.075626,-0.007982,0.208865,0.183035,0.314223,0.312852,0.877431,7.813028,0.584839,0.000000,1,0.038858,1.146725,32.500638,51.531613,-0.295730,52.068610,0.000000
35.841666,8.033333,1,-0.844609,1.435097,0.307257,0.284035,0.222384,-0.160458,0.918761,0.363104,-0.007685,0.003672,-0.062441,0.369633,0.749149,0.546122,-0.395705,-0.864413,0.310174,0.772092,-0.130245,0.622021,0.026133,-0.813777,1.366665,0.098924,-0.075508,-0.008111,0.208012,0.184073,0.313753,0.312694,0.877439,8.503173,0.487513,0.000000,1,0.040407,1.143098,32.678586,51.412303,-0.294036,51.962764,0.000000
35.875000,8.066667,1,-0.844692,1.434811,0.306361,0.285054,0.221367,-0.160706,0.918648,0.363348,-0.007593,0.002765,-0.061082,0.370092,0.748907,0.546295,-0.395661,-0.863461,0.312870,0.773038,-0.129186,0.621067,0.028314,-0.813777,1.366665,0.098924,-0.075308,-0.008251,0.207100,0.185454,0.313358,0.312407,0.877392,9.333933,0.411263,0.000000,1,0.041758,1.129052,32.870911,51.279728,-0.289915,51.846341,0.000000
35.908333,8.100000,1,-0.844730,1.434517,0.305463,0.285528,0.220900,-0.160944,0.918572,0.363571,-0.007461,0.001856,-0.060457,0.370310,0.748719,0.546475,-0.395421,-0.863088,0.314200,0.773536,-0.128471,0.620594,0.028381,-0.813777,1.366665,0.098924,-0.075076,-0.008358,0.206189,0.186095,0.313185,0.312155,0.877407,9.884275,0.370062,0.000000,1,0.042165,1.108894,33.062546,51.149930,-0.284368,51.731910,0.000000
35.941666,8.133333,1,-0.844783,1.434245,0.304508,0.285920,0.220575,-0.161180,0.918486,0.363784,-0.007354,0.000890,-0.059997,0.370518,0.748527,0.546647,-0.395154,-0.862821,0.315267,0.773902,-0.127786,0.620280,0.029839,-0.813777,1.366665,0.098924,-0.074871,-0.008461,0.205221,0.186597,0.313098,0.311904,0.877420,10.477355,0.345574,0.000000,1,0.043151,1.092688,33.264381,51.015790,-0.279762,51.612802,0.000000
35.975000,8.166667,1,-0.844880,1.434012,0.303444,0.286209,0.220483,-0.161330,0.918392,0.363988,-0.007308,-0.000183,-0.059789,0.370736,0.748370,0.546738,-0.395006,-0.862656,0.315903,0.773993,-0.127265,0.620273,0.032796,-0.813777,1.366665,0.098924,-0.074722,-0.008568,0.204144,0.186894,0.313164,0.311731,0.877396,11.149706,0.312090,0.000000,1,0.044689,1.085521,33.486482,50.871860,-0.277285,51.483502,0.000000
36.008333,8.200000,1,-0.844947,1.433866,0.302460,0.286405,0.220515,-0.161353,0.918319,0.364108,-0.007289,-0.001173,-0.059731,0.370925,0.748292,0.546722,-0.395054,-0.862528,0.316193,0.773904,-0.127018,0.620434,0.029925,-0.813777,1.366665,0.098924,-0.074629,-0.008611,0.203151,0.187049,0.313288,0.311683,0.877335,11.824335,0.321619,0.000000,1,0.043896,1.082586,33.687580,50.749330,-0.275784,51.371502,0.000000
36.041666,8.233333,1,-0.844832,1.433723,0.301764,0.286653,0.220434,-0.161179,0.918292,0.364126,-0.007121,-0.001873,-0.059546,0.371108,0.748341,0.546553,-0.395469,-0.862211,0.316539,0.773819,-0.127119,0.620520,0.021587,-0.813777,1.366665,0.098924,-0.074442,-0.008527,0.202462,0.187300,0.313328,0.311825,0.877217,12.450306,0.449683,0.000000,1,0.040885,1.057911,33.826022,50.673047,-0.269214,51.300782,0.000000
36.075000,8.266667,1,-0.844629,1.433523,0.301277,0.287042,0.220292,-0.161110,0.918217,0.364146,-0.006846,-0.002365,-0.059245,0.371390,0.748296,0.546454,-0.395755,-0.861826,0.317230,0.773813,-0.126914,0.620569,0.016937,-0.813777,1.366665,0.098924,-0.074160,-0.008421,0.201984,0.187704,0.313388,0.311854,0.877099,13.004106,0.892557,0.000000,1,0.039268,1.017102,33.924035,50.618027,-0.258916,51.252016,0.000000
36.108333,8.300000,1,-0.844525,1.433299,0.300840,0.287465,0.220058,-0.161292,0.918108,0.364245,-0.006636,-0.002810,-0.058852,0.371666,0.748108,0.546566,-0.395604,-0.861528,0.318225,0.774035,-0.126260,0.620426,0.015039,-0.813777,1.366665,0.098924,-0.073914,-0.008415,0.201548,0.188188,0.313395,0.311645,0.877067,13.351142,0.918096,0.000000,1,0.039589,0.985687,34.017584,50.554284,-0.250831,51.199784,0.000000
36.141666,8.333333,1,-0.844535,1.433076,0.300479,0.287660,0.220279,-0.161469,0.917963,0.364415,-0.006515,-0.003179,-0.058967,0.371939,0.747899,0.546654,-0.395384,-0.861549,0.318441,0.773820,-0.125661,0.620815,0.012730,-0.813777,1.366665,0.098924,-0.073729,-0.008510,0.201178,0.188252,0.313692,0.311433,0.877022,13.514176,0.865875,0.000000,1,0.039659,0.967315,34.101348,50.485721,-0.245796,51.147567,0.000000
36.175000,8.366667,1,-0.844607,1.432862,0.300173,0.287734,0.220698,-0.161575,0.917821,0.364618,-0.006449,-0.003494,-0.059312,0.372191,0.747729,0.546678,-0.395251,-0.861685,0.318239,0.773383,-0.125234,0.621446,0.011401,-0.813777,1.366665,0.098924,-0.073588,-0.008658,0.200857,0.188115,0.314103,0.311291,0.876955,13.677357,0.774124,0.000000,1,0.039648,0.957189,34.176732,50.416993,-0.242693,51.097430,0.000000
36.208333,8.400000,1,-0.844669,1.432640,0.299912,0.287880,0.221269,-0.161619,0.917630,0.364822,-0.006369,-0.003765,-0.059761,0.372574,0.747544,0.546622,-0.395267,-0.861778,0.317966,0.772717,-0.124786,0.622365,0.010469,-0.813777,1.366665,0.098924,-0.073433,-0.008806,0.200581,0.187965,0.314680,0.311187,0.876817,13.867953,0.773384,0.000000,1,0.039498,0.944892,34.243719,50.352326,-0.239109,51.051576,0.000000
36.241666,8.433333,1,-0.844660,1.432425,0.299737,0.287864,0.222032,-0.161613,0.917452,0.364982,-0.006235,-0.003947,-0.060453,0.372897,0.747398,0.546525,-0.395312,-0.862029,0.317230,0.771857,-0.124516,0.623484,0.008293,-0.813777,1.366665,0.098924,-0.073248,-0.008898,0.200399,0.187580,0.315346,0.311138,0.876677,14.041432,0.800090,0.000000,1,0.038579,0.924856,34.290689,50.304478,-0.233754,51.019758,0.000000
36.275000,8.466667,1,-0.844570,1.432244,0.299624,0.287915,0.222953,-0.161545,0.917224,0.365068,-0.006056,-0.004067,-0.061257,0.373349,0.747236,0.546348,-0.395503,-0.862243,0.316410,0.770762,-0.124229,0.624895,0.006954,-0.813777,1.366665,0.098924,-0.073046,-0.008911,0.200285,0.187175,0.316182,0.311127,0.876467,14.195978,1.029026,0.000000,1,0.037623,0.898175,34.320548,50.275682,-0.226881,51.002315,0.000000
36.308333,8.500000,1,-0.844483,1.432094,0.299541,0.287858,0.224149,-0.161498,0.916959,0.365132,-0.005898,-0.004154,-0.062355,0.373827,0.747037,0.546170,-0.395621,-0.862638,0.315182,0.769398,-0.123904,0.626638,0.005756,-0.813777,1.366665,0.098924,-0.072873,-0.008912,0.200203,0.186544,0.317210,0.311088,0.876244,14.251890,0.826011,0.000000,1,0.037260,0.874644,34.342743,50.254003,-0.220754,50.990430,0.000000
36.341666,8.533333,1,-0.844511,1.431998,0.299512,0.286769,0.225488,-0.161590,0.916955,0.365224,-0.005863,-0.004188,-0.064040,0.373451,0.747027,0.546245,-0.395031,-0.863951,0.312312,0.768288,-0.124302,0.627920,0.003131,-0.813777,1.366665,0.098924,-0.072807,-0.008985,0.200167,0.184952,0.317871,0.311032,0.876362,14.383097,0.901381,0.000000,1,0.037052,0.869245,34.356225,50.232880,-0.218823,50.980924,0.000000
36.375000,8.566667,1,-0.844704,1.431912,0.299467,0.285609,0.225936,-0.161964,0.917141,0.365408,-0.005966,-0.004238,-0.064962,0.372621,0.747051,0.546671,-0.393862,-0.865194,0.310342,0.768369,-0.124610,0.627759,0.006497,-0.813777,1.366665,0.098924,-0.072840,-0.009189,0.200102,0.183737,0.317722,0.310780,0.876760,14.367708,0.880791,0.000000,1,0.037971,0.884318,34.378976,50.194293,-0.221640,50.959579,0.000000
36.408333,8.600000,1,-0.845024,1.431785,0.299348,0.285586,0.225840,-0.162466,0.917083,0.365697,-0.006147,-0.004365,-0.064895,0.372563,0.746774,0.547096,-0.392949,-0.865470,0.310731,0.768759,-0.123765,0.627449,0.010922,-0.813777,1.366665,0.098924,-0.072907,-0.009514,0.199952,0.183772,0.317649,0.310308,0.876947,14.333512,0.856813,0.000000,1,0.039585,0.910759,34.423356,50.129793,-0.227110,50.918749,0.000000
36.441666,8.633333,1,-0.845400,1.431613,0.299259,0.285863,0.226170,-0.162892,0.916840,0.366057,-0.006346,-0.004464,-0.065076,0.372960,0.746366,0.547360,-0.392324,-0.865604,0.311146,0.768521,-0.122595,0.627970,0.012685,-0.813777,1.366665,0.098924,-0.072967,-0.009912,0.199825,0.183860,0.318093,0.309838,0.876934,14.291855,0.858496,0.000000,1,0.040108,0.939558,34.467220,50.055744,-0.233143,50.872967,0.000000
36.475000,8.666667,1,-0.845804,1.431388,0.299227,0.286118,0.226513,-0.163390,0.916587,0.366479,-0.006532,-0.004509,-0.065281,0.373344,0.745919,0.547684,-0.391562,-0.865800,0.311561,0.768311,-0.121313,0.628476,0.013897,-0.813777,1.366665,0.098924,-0.072998,-0.010368,0.199750,0.183923,0.318542,0.309301,0.876947,14.287989,0.897154,0.000000,1,0.040340,0.966432,34.504765,49.976624,-0.238750,50.826130,0.000000
36.508333,8.700000,1,-0.846148,1.431097,0.299119,0.287133,0.226217,-0.163706,0.916286,0.366913,-0.006634,-0.004632,-0.064572,0.374120,0.745489,0.547824,-0.391439,-0.865108,0.313628,0.768478,-0.119847,0.628553,0.013892,-0.813777,1.366665,0.098924,-0.072941,-0.010803,0.199600,0.184951,0.318786,0.308893,0.876786,14.369152,0.950016,0.000000,1,0.041278,0.980575,34.558153,49.887581,-0.241459,50.769855,0.000000
36.541666,8.733333,1,-0.846288,1.430767,0.298896,0.288301,0.226246,-0.163470,0.915955,0.367252,-0.006551,-0.004870,-0.064078,0.375170,0.745280,0.547448,-0.392389,-0.864084,0.315260,0.767924,-0.119096,0.629372,0.012661,-0.813777,1.366665,0.098924,-0.072739,-0.011078,0.199352,0.185944,0.319366,0.308973,0.876336,14.532039,0.971080,0.000000,1,0.041711,0.967607,34.627223,49.803663,-0.237983,50.712147,0.000000
36.575000,8.766667,1,-0.846249,1.430473,0.298557,0.289463,0.226458,-0.162994,0.915621,0.367451,-0.006349,-0.005220,-0.063746,0.376292,0.745178,0.546855,-0.393773,-0.862983,0.316549,0.767034,-0.118709,0.630529,0.013505,-0.813777,1.366665,0.098924,-0.072470,-0.011174,0.199004,0.186837,0.320095,0.309270,0.875776,14.725829,0.987944,0.000000,1,0.041891,0.937388,34.708800,49.732529,-0.230578,50.657907,0.000000
36.608333,8.800000,1,-0.846186,1.430248,0.298170,0.290329,0.226506,-0.162879,0.915355,0.367578,-0.006168,-0.005615,-0.063405,0.377083,0.744979,0.546621,-0.394370,-0.862260,0.317773,0.766624,-0.118027,0.631155,0.013594,-0.813777,1.366665,0.098924,-0.072244,-0.011207,0.198613,0.187562,0.320552,0.309268,0.875454,15.052781,1.049017,0.000000,1,0.042018,0.910517,34.794584,49.668716,-0.223937,50.606453,0.000000
36.641666,8.833333,1,-0.846237,1.430053,0.297828,0.290305,0.226621,-0.163142,0.915287,0.367751,-0.006098,-0.005965,-0.063524,0.377115,0.744803,0.546824,-0.393896,-0.862465,0.317805,0.766641,-0.117535,0.631227,0.011887,-0.813777,1.366665,0.098924,-0.072107,-0.011324,0.198260,0.187489,0.320654,0.309009,0.875524,15.506095,1.037618,0.000000,1,0.042168,0.899760,34.874553,49.601466,-0.220968,50.554748,0.000000
36.675000,8.866667,1,-0.846419,1.429872,0.297504,0.290242,0.226058,-0.163472,0.915387,0.367993,-0.006138,-0.006297,-0.063052,0.376814,0.744739,0.547174,-0.393250,-0.862521,0.318451,0.767486,-0.117223,0.630256,0.012405,-0.813777,1.366665,0.098924,-0.072051,-0.011543,0.197914,0.187715,0.320140,0.308743,0.875758,15.829613,1.068190,0.000000,1,0.042794,0.905383,34.955917,49.523764,-0.221728,50.497214,0.000000
36.708333,8.900000,1,-0.846576,1.429643,0.297161,0.290978,0.225565,-0.163372,0.915293,0.368257,-0.006131,-0.006651,-0.062282,0.377249,0.744682,0.547041,-0.393735,-0.861734,0.319981,0.767751,-0.116859,0.630002,0.013244,-0.813777,1.366665,0.098924,-0.071943,-0.011767,0.197549,0.188590,0.320056,0.308785,0.875586,16.098568,1.045641,0.000000,1,0.043408,0.903912,35.042763,49.440152,-0.220898,50.435180,0.000000
36.741666,8.933333,1,-0.846544,1.429300,0.296858,0.291890,0.226570,-0.162600,0.914892,0.368500,-0.005905,-0.006967,-0.062768,0.378498,0.744666,0.546143,-0.395576,-0.860904,0.319945,0.765873,-0.116935,0.632269,0.013749,-0.813777,1.366665,0.098924,-0.071636,-0.011897,0.197234,0.188876,0.321353,0.309334,0.874855,16.363552,1.013409,0.000000,1,0.043190,0.870027,35.120788,49.364540,-0.212756,50.379693,0.000000
36.775000,8.966667,1,-0.846447,1.428860,0.296666,0.292469,0.227754,-0.161609,0.914589,0.368785,-0.005565,-0.007176,-0.063558,0.379526,0.744844,0.545095,-0.397664,-0.860265,0.319074,0.763777,-0.117663,0.634665,0.014713,-0.813777,1.366665,0.098924,-0.071213,-0.012037,0.197031,0.188784,0.322636,0.310121,0.874123,16.534291,1.036207,0.000000,1,0.042850,0.819325,35.180800,49.292845,-0.200836,50.330967,0.000000
36.808333,9.000000,1,-0.846449,1.428357,0.296657,0.292603,0.227906,-0.161255,0.914571,0.369188,-0.005264,-0.007204,-0.063629,0.379708,0.744985,0.544766,-0.398363,-0.860006,0.318898,0.763364,-0.118104,0.635080,0.015090,-0.813777,1.366665,0.098924,-0.070793,-0.012312,0.196999,0.188819,0.322819,0.310433,0.873937,16.662464,1.039416,0.000000,1,0.042421,0.774223,35.213811,49.219510,-0.190192,50.288381,0.000000
36.841666,9.033333,1,-0.846549,1.427808,0.296817,0.292120,0.227084,-0.161494,0.914887,0.369692,-0.005011,-0.007067,-0.063109,0.378918,0.745159,0.545140,-0.397680,-0.860257,0.319074,0.764605,-0.118488,0.633514,0.017420,-0.813777,1.366665,0.098924,-0.070387,-0.012709,0.197124,0.188805,0.321870,0.310330,0.874327,16.703087,1.080490,0.000000,1,0.042048,0.735974,35.221741,49.145588,-0.181103,50.251937,0.000000
36.875000,9.066667,1,-0.846646,1.427226,0.297059,0.291371,0.226347,-0.161750,0.915263,0.370224,-0.004735,-0.006849,-0.062782,0.377928,0.745382,0.545558,-0.396849,-0.860753,0.318771,0.765845,-0.119073,0.631904,0.019130,-0.813777,1.366665,0.098924,-0.069954,-0.013128,0.197331,0.188520,0.320866,0.310235,0.874791,16.584557,1.098682,0.000000,1,0.041770,0.694387,35.215896,49.075331,-0.171278,50.220883,0.000000
36.908333,9.100000,1,-0.846674,1.426671,0.297247,0.291003,0.226577,-0.161776,0.915319,0.370690,-0.004420,-0.006684,-0.063151,0.377702,0.745430,0.545607,-0.396649,-0.861129,0.318005,0.765719,-0.119307,0.632012,0.017580,-0.813777,1.366665,0.098924,-0.069506,-0.013470,0.197490,0.188091,0.320892,0.310239,0.874872,16.436228,1.062642,0.000000,1,0.041774,0.647420,35.215912,49.010957,-0.160260,50.191274,0.000000
36.941666,9.133333,1,-0.846677,1.426198,0.297232,0.291058,0.226986,-0.161612,0.915229,0.371069,-0.004139,-0.006717,-0.063492,0.377930,0.745427,0.545414,-0.396985,-0.861123,0.317599,0.765141,-0.119385,0.632698,0.014201,-0.813777,1.366665,0.098924,-0.069111,-0.013729,0.197453,0.187936,0.321274,0.310358,0.874724,16.302593,0.970400,0.000000,1,0.042826,0.605507,35.248469,48.941086,-0.150385,50.150227,0.000000
36.975000,9.166667,1,-0.846699,1.425790,0.296978,0.291589,0.227056,-0.161299,0.915098,0.371398,-0.003914,-0.006987,-0.063314,0.378431,0.745441,0.545067,-0.397786,-0.860552,0.318146,0.764711,-0.119383,0.633217,0.014443,-0.813777,1.366665,0.098924,-0.068778,-0.013945,0.197180,0.188356,0.321579,0.310586,0.874440,16.363400,0.651584,0.000000,1,0.044658,0.572127,35.323296,48.855313,-0.142431,50.089836,0.000000
37.008333,9.200000,1,-0.846738,1.425425,0.296585,0.291944,0.227455,-0.160947,0.914947,0.371698,-0.003732,-0.007394,-0.063510,0.378919,0.745464,0.544674,-0.398593,-0.860201,0.318086,0.763940,-0.119500,0.634126,0.016113,-0.813777,1.366665,0.098924,-0.068492,-0.014139,0.196769,0.188463,0.322088,0.310848,0.874136,16.583101,0.644484,0.000000,1,0.045936,0.545116,35.422802,48.760184,-0.135910,50.018223,0.000000
37.041666,9.233333,1,-0.846835,1.425091,0.296208,0.291195,0.227918,-0.160773,0.915102,0.372008,-0.003614,-0.007785,-0.064253,0.378456,0.745697,0.544590,-0.398587,-0.860833,0.316379,0.763565,-0.120386,0.634410,0.015386,-0.813777,1.366665,0.098924,-0.068262,-0.014365,0.196371,0.187586,0.322127,0.311074,0.874230,16.860798,0.793407,0.000000,1,0.046200,0.527503,35.520206,48.664372,-0.131491,49.946946,0.000000
37.075000,9.266667,1,-0.847013,1.424729,0.295916,0.289529,0.227653,-0.160796,0.915692,0.372393,-0.003543,-0.008093,-0.064752,0.376856,0.746237,0.544900,-0.397782,-0.862054,0.314057,0.764445,-0.122126,0.633015,0.014951,-0.813777,1.366665,0.098924,-0.068053,-0.014683,0.196049,0.186274,0.321087,0.311283,0.874819,17.078048,0.470908,0.000000,1,0.046375,0.516681,35.606823,48.563980,-0.128593,49.876178,0.000000
37.108333,9.300000,1,-0.847183,1.424341,0.295739,0.287719,0.227156,-0.160777,0.916389,0.372799,-0.003449,-0.008288,-0.065105,0.375025,0.746891,0.545226,-0.396979,-0.863281,0.311694,0.765617,-0.124169,0.631199,0.013793,-0.813777,1.366665,0.098924,-0.067820,-0.015020,0.195840,0.184948,0.319770,0.311566,0.875482,17.106393,0.228790,0.000000,1,0.045846,0.502417,35.673000,48.471641,-0.124947,49.815021,0.000000
37.141666,9.333333,1,-0.847311,1.423992,0.295690,0.286481,0.226992,-0.160714,0.916828,0.373152,-0.003341,-0.008351,-0.065503,0.373850,0.747329,0.545385,-0.396529,-0.864141,0.309880,0.766188,-0.125582,0.630226,0.011228,-0.813777,1.366665,0.098924,-0.067596,-0.015311,0.195765,0.183956,0.319023,0.311793,0.875883,16.941723,0.315212,0.000000,1,0.044524,0.486363,35.710532,48.401893,-0.120914,49.773167,0.000000
37.175000,9.366667,1,-0.847439,1.423757,0.295745,0.285791,0.226923,-0.160761,0.917053,0.373419,-0.003302,-0.008307,-0.065747,0.373206,0.747519,0.545537,-0.396134,-0.864672,0.308902,0.766524,-0.126214,0.629691,0.008212,-0.813777,1.366665,0.098924,-0.067470,-0.015551,0.195799,0.183393,0.318630,0.311839,0.876127,16.732452,0.447187,0.000000,1,0.043050,0.480338,35.721411,48.358132,-0.119093,49.751788,0.000000
37.208333,9.400000,1,-0.847581,1.423674,0.295816,0.285454,0.226579,-0.160815,0.917233,0.373573,-0.003363,-0.008241,-0.065588,0.372755,0.747656,0.545676,-0.395872,-0.864853,0.308732,0.767060,-0.126583,0.628964,0.005349,-0.813777,1.366665,0.098924,-0.067478,-0.015721,0.195854,0.183269,0.318165,0.311855,0.876316,16.561217,0.541458,0.000000,1,0.042039,0.489278,35.720298,48.336307,-0.120569,49.744894,0.000000
37.241666,9.433333,1,-0.847688,1.423731,0.295832,0.285291,0.226112,-0.160781,0.917405,0.373593,-0.003483,-0.008224,-0.065240,0.372403,0.747821,0.545731,-0.395842,-0.864810,0.308889,0.767628,-0.126986,0.628189,0.003683,-0.813777,1.366665,0.098924,-0.067584,-0.015781,0.195863,0.183355,0.317672,0.311944,0.876445,16.473936,0.520588,0.000000,1,0.041465,0.506869,35.719354,48.332668,-0.123960,49.747338,0.000000
37.275000,9.466667,1,-0.847724,1.423861,0.295800,0.285135,0.225685,-0.160710,0.917571,0.373509,-0.003591,-0.008251,-0.064924,0.372074,0.747999,0.545751,-0.395882,-0.864755,0.308993,0.768128,-0.127434,0.627487,0.004168,-0.813777,1.366665,0.098924,-0.067713,-0.015737,0.195835,0.183425,0.317215,0.312064,0.876553,16.434626,0.531978,0.000000,1,0.041066,0.522770,35.719664,48.342668,-0.127003,49.756420,0.000000
37.308333,9.500000,1,-0.847710,1.423956,0.295807,0.285063,0.225407,-0.160695,0.917664,0.373426,-0.003636,-0.008240,-0.064706,0.371887,0.748086,0.545784,-0.395865,-0.864714,0.309130,0.768461,-0.127639,0.627038,0.002866,-0.813777,1.366665,0.098924,-0.067784,-0.015675,0.195847,0.183498,0.316934,0.312109,0.876624,16.486150,0.458201,0.000000,1,0.077207,0.522770,35.719664,48.342668,-0.127003,49.756420,0.000000
37.341666,9.533333,1,-0.847670,1.423979,0.295912,0.284825,0.225263,-0.160789,0.917757,0.373387,-0.003617,-0.008134,-0.064684,0.371612,0.748129,0.545915,-0.395585,-0.864905,0.308954,0.768755,-0.127761,0.626652,0.003432,-0.813777,1.366665,0.098924,-0.067783,-0.015638,0.195956,0.183363,0.316696,0.312059,0.876756,16.485773,0.560392,0.000000,1,0.039481,0.526826,35.689725,48.374300,-0.127467,49.784408,0.000000
37.375000,9.566667,1,-0.847636,1.423966,0.296052,0.284620,0.225361,-0.160886,0.917780,0.373382,-0.003580,-0.007995,-0.064864,0.371474,0.748110,0.546013,-0.395324,-0.865147,0.308609,0.768766,-0.127752,0.626641,0.004339,-0.813777,1.366665,0.098924,-0.067754,-0.015630,0.196097,0.183140,0.316687,0.311983,0.876833,16.399917,0.643615,0.000000,1,0.040031,0.521554,35.662909,48.388518,-0.125916,49.802104,0.000000
37.408333,9.600000,1,-0.847667,1.423953,0.296175,0.284635,0.225394,-0.160983,0.917750,0.373416,-0.003594,-0.007872,-0.064888,0.371503,0.748041,0.546086,-0.395159,-0.865201,0.308668,0.768777,-0.127551,0.626668,0.003835,-0.813777,1.366665,0.098924,-0.067761,-0.015675,0.196217,0.183139,0.316728,0.311886,0.876853,16.264600,0.656379,0.000000,1,0.040417,0.523680,35.642121,48.394205,-0.126013,49.813505,0.000000
37.441666,9.633333,1,-0.847760,1.423958,0.296282,0.284978,0.224947,-0.161114,0.917730,0.373471,-0.003670,-0.007766,-0.064338,0.371613,0.747953,0.546197,-0.395059,-0.864877,0.309704,0.769242,-0.127146,0.626180,0.004259,-0.813777,1.366665,0.098924,-0.067817,-0.015759,0.196316,0.183656,0.316505,0.311752,0.876873,16.150596,0.689876,0.000000,1,0.040691,0.534785,35.625912,48.394486,-0.128107,49.820671,0.000000
37.475000,9.666667,1,-0.847829,1.423946,0.296367,0.285604,0.224437,-0.161276,0.917632,0.373526,-0.003717,-0.007682,-0.063606,0.371946,0.747777,0.546298,-0.395027,-0.864333,0.311260,0.769701,-0.126431,0.625760,0.003302,-0.813777,1.366665,0.098924,-0.067845,-0.015831,0.196395,0.184449,0.316364,0.311558,0.876826,16.055484,0.696055,0.000000,1,0.040850,0.541572,35.613988,48.392653,-0.129273,49.825431,0.000000
37.508333,9.700000,1,-0.847831,1.423889,0.296472,0.286264,0.224110,-0.161399,0.917484,0.373577,-0.003683,-0.007580,-0.063023,0.372390,0.747575,0.546338,-0.395086,-0.863796,0.312673,0.769919,-0.125681,0.625643,0.003585,-0.813777,1.366665,0.098924,-0.067799,-0.015875,0.196496,0.185181,0.316400,0.311384,0.876721,15.992388,0.676024,0.000000,1,0.040643,0.536585,35.598258,48.393398,-0.127866,49.832355,0.000000
37.541666,9.733333,1,-0.847800,1.423812,0.296684,0.286406,0.224044,-0.161412,0.917454,0.373627,-0.003608,-0.007371,-0.062901,0.372487,0.747539,0.546335,-0.395123,-0.863673,0.312964,0.769954,-0.125542,0.625627,0.006818,-0.813777,1.366665,0.098924,-0.067719,-0.015910,0.196706,0.185337,0.316411,0.311359,0.876693,15.936542,0.823562,0.000000,1,0.039694,0.525708,35.561935,48.405469,-0.125174,49.850363,0.000000
37.575000,9.766667,1,-0.847798,1.423731,0.297029,0.286267,0.224010,-0.161491,0.917492,0.373704,-0.003552,-0.007029,-0.062933,0.372350,0.747539,0.546425,-0.394918,-0.863814,0.312833,0.770082,-0.125551,0.625468,0.010656,-0.813777,1.366665,0.098924,-0.067652,-0.015985,0.197047,0.185234,0.316317,0.311303,0.876768,15.707093,1.019062,0.000000,1,0.038705,0.517498,35.501714,48.426705,-0.123078,49.879130,0.000000
37.608333,9.800000,1,-0.847835,1.423612,0.297473,0.286590,0.223844,-0.161762,0.917384,0.373838,-0.003503,-0.006590,-0.062646,0.372566,0.747315,0.546618,-0.394569,-0.863670,0.313669,0.770311,-0.124808,0.625335,0.013831,-0.813777,1.366665,0.098924,-0.067575,-0.016122,0.197480,0.185599,0.316338,0.311015,0.876786,15.367112,1.194089,0.000000,1,0.038246,0.510180,35.426815,48.448016,-0.121193,49.911461,0.000000
37.641666,9.833333,1,-0.847870,1.423420,0.297982,0.287136,0.223880,-0.162093,0.917146,0.374031,-0.003408,-0.006090,-0.062443,0.373071,0.746946,0.546799,-0.394223,-0.863451,0.314707,0.770268,-0.123656,0.625617,0.016338,-0.813777,1.366665,0.098924,-0.067437,-0.016303,0.197975,0.186060,0.316649,0.310626,0.876713,14.926612,1.473816,0.000000,1,0.038081,0.496105,35.343922,48.465655,-0.117834,49.943656,0.000000
37.675000,9.866667,1,-0.847909,1.423116,0.298529,0.287479,0.224219,-0.162397,0.916902,0.374318,-0.003248,-0.005555,-0.062601,0.373530,0.746592,0.546953,-0.393847,-0.863468,0.315131,0.769934,-0.122636,0.626229,0.018833,-0.813777,1.366665,0.098924,-0.067206,-0.016553,0.198503,0.186198,0.317128,0.310265,0.876639,14.438778,1.780815,0.000000,1,0.038462,0.472364,35.260845,48.470582,-0.112362,49.968949,0.000000
37.708333,9.900000,1,-0.847969,1.422679,0.299126,0.287552,0.224537,-0.162884,0.916714,0.374725,-0.003023,-0.004977,-0.062864,0.373741,0.746210,0.547299,-0.393023,-0.863790,0.315277,0.769811,-0.121562,0.626590,0.022243,-0.813777,1.366665,0.098924,-0.066876,-0.016895,0.199071,0.186115,0.317467,0.309763,0.876711,13.836395,2.084631,0.000000,1,0.039059,0.439172,35.177753,48.459206,-0.104820,49.985436,0.000000
37.741666,9.933333,1,-0.848000,1.422168,0.299803,0.287319,0.224425,-0.163438,0.916717,0.375177,-0.002730,-0.004321,-0.062876,0.373490,0.745966,0.547801,-0.391922,-0.864249,0.315390,0.770315,-0.120839,0.626109,0.025467,-0.813777,1.366665,0.098924,-0.066469,-0.017263,0.199719,0.185978,0.317279,0.309267,0.876984,13.315109,2.477247,0.000000,1,0.038820,0.396064,35.083139,48.447587,-0.095101,50.004590,0.000000
37.775000,9.966667,1,-0.847955,1.421636,0.300529,0.287347,0.223599,-0.163745,0.916855,0.375602,-0.002363,-0.003617,-0.062127,0.373153,0.745942,0.548150,-0.391345,-0.864141,0.316401,0.771410,-0.120578,0.624810,0.027034,-0.813777,1.366665,0.098924,-0.066003,-0.017583,0.200421,0.186409,0.316576,0.309031,0.877229,12.743913,3.077809,0.000000,1,0.038153,0.342233,34.977510,48.445451,-0.083025,50.031404,0.000000
37.808333,10.000000,1,-0.847842,1.421051,0.301360,0.287442,0.223056,-0.163699,0.916965,0.376032,-0.001908,-0.002808,-0.061597,0.372997,0.746053,0.548164,-0.391443,-0.863870,0.317018,0.771968,-0.120778,0.624082,0.030668,-0.813777,1.366665,0.098924,-0.065457,-0.017884,0.201231,0.186754,0.316140,0.309105,0.877287,12.085462,3.673569,0.000000,1,0.037357,0.275833,34.852447,48.452843,-0.068185,50.068061,0.000000
37.841666,10.033333,1,-0.847735,1.420398,0.302269,0.287101,0.222871,-0.163756,0.917107,0.376523,-0.001415,-0.001925,-0.061582,0.372612,0.746157,0.548286,-0.391179,-0.864108,0.316696,0.772322,-0.121084,0.623584,0.033744,-0.813777,1.366665,0.098924,-0.064857,-0.018235,0.202115,0.186550,0.315814,0.309106,0.877447,11.175222,4.325658,0.000000,1,0.037236,0.203969,34.717445,48.456831,-0.052141,50.105269,0.000000
37.875000,10.066667,1,-0.847693,1.419667,0.303078,0.286915,0.222988,-0.164032,0.917088,0.377111,-0.000929,-0.001145,-0.061774,0.372502,0.746021,0.548525,-0.390609,-0.864444,0.316483,0.772400,-0.120726,0.623557,0.032738,-0.813777,1.366665,0.098924,-0.064226,-0.018672,0.202891,0.186338,0.315840,0.308855,0.877572,10.227280,5.061503,0.000000,1,0.038700,0.133223,34.609299,48.433135,-0.036343,50.120724,0.000000
37.908333,10.100000,1,-0.847712,1.418912,0.303718,0.287143,0.223410,-0.164047,0.916911,0.377749,-0.000480,-0.000535,-0.062053,0.372891,0.745858,0.548450,-0.390704,-0.864410,0.316458,0.771853,-0.120310,0.624314,0.029693,-0.813777,1.366665,0.098924,-0.063608,-0.019159,0.203492,0.186330,0.316324,0.308780,0.877425,9.287885,5.557285,0.000000,1,0.040315,0.068156,34.537794,48.383106,-0.021796,50.112688,0.000000
37.941666,10.133333,1,-0.847801,1.418250,0.304231,0.287387,0.223696,-0.163901,0.916791,0.378351,-0.000145,-0.000050,-0.062200,0.373233,0.745815,0.548259,-0.391087,-0.864230,0.316477,0.771370,-0.120219,0.624929,0.025273,-0.813777,1.366665,0.098924,-0.063104,-0.019641,0.203964,0.186399,0.316688,0.308868,0.877248,8.430976,6.138046,0.000000,1,0.040865,0.019597,34.488121,48.326379,-0.010873,50.095449,0.000000
37.975000,10.166667,1,-0.847938,1.417617,0.304786,0.286865,0.224071,-0.164162,0.916816,0.378958,0.000135,0.000479,-0.062771,0.372937,0.745735,0.548504,-0.390406,-0.864897,0.315493,0.771258,-0.120123,0.625085,0.025584,-0.813777,1.366665,0.098924,-0.062652,-0.020150,0.204478,0.185770,0.316778,0.308654,0.877425,7.651160,6.595880,0.000000,1,0.040617,-0.020792,34.430925,48.272587,-0.001748,50.081718,0.000000
38.008333,10.200000,1,-0.848103,1.416959,0.305453,0.285790,0.224782,-0.164627,0.916894,0.379608,0.000409,0.001117,-0.063893,0.372300,0.745623,0.548959,-0.389123,-0.866209,0.313474,0.771058,-0.120074,0.625341,0.028541,-0.813777,1.366665,0.098924,-0.062195,-0.020709,0.205098,0.184502,0.316908,0.308283,0.877776,7.125510,7.239188,0.000000,1,0.040240,-0.060189,34.356267,48.221909,0.007145,50.074137,0.000000
38.041666,10.233333,1,-0.848309,1.416332,0.306114,0.285842,0.224983,-0.164734,0.916810,0.380257,0.000633,0.001750,-0.064053,0.372436,0.745502,0.549013,-0.388965,-0.866291,0.313442,0.770869,-0.119753,0.625635,0.028017,-0.813777,1.366665,0.098924,-0.061785,-0.021283,0.205709,0.184452,0.317115,0.308159,0.877755,7.135645,7.759197,0.000000,1,0.040262,-0.092200,34.282937,48.170467,0.014416,50.065771,0.000000
38.075000,10.266667,1,-0.848523,1.415780,0.306740,0.286366,0.224991,-0.164620,0.916665,0.380850,0.000804,0.002353,-0.063826,0.372905,0.745415,0.548839,-0.389404,-0.865828,0.314175,0.770624,-0.119436,0.625998,0.025865,-0.813777,1.366665,0.098924,-0.061443,-0.021820,0.206291,0.184900,0.317371,0.308203,0.877553,7.450176,8.211578,0.000000,1,0.039944,-0.116569,34.211671,48.125613,0.020012,50.060322,0.000000
38.108333,10.300000,1,-0.848718,1.415289,0.307383,0.286054,0.225391,-0.164492,0.916687,0.381384,0.000953,0.002974,-0.064321,0.372803,0.745502,0.548732,-0.389511,-0.866120,0.313235,0.770204,-0.119822,0.626441,0.024970,-0.813777,1.366665,0.098924,-0.061142,-0.022310,0.206892,0.184433,0.317568,0.308334,0.877534,7.787088,8.707592,0.000000,1,0.039251,-0.137784,34.132917,48.092604,0.024907,50.063027,0.000000
38.141666,10.333333,1,-0.848885,1.414835,0.308063,0.285148,0.225562,-0.164716,0.916886,0.381872,0.001104,0.003633,-0.064879,0.372074,0.745597,0.549032,-0.388710,-0.866993,0.311814,0.770433,-0.120250,0.626077,0.025021,-0.813777,1.366665,0.098924,-0.060857,-0.022760,0.207534,0.183569,0.317291,0.308216,0.877856,7.768115,9.177865,0.000000,1,0.038505,-0.159083,34.043682,48.071217,0.029806,50.074518,0.000000
38.175000,10.366667,1,-0.849037,1.414408,0.308769,0.284630,0.225499,-0.165036,0.917006,0.382330,0.001250,0.004320,-0.065057,0.371588,0.745568,0.549379,-0.387900,-0.867548,0.311277,0.770850,-0.120209,0.625572,0.025174,-0.813777,1.366665,0.098924,-0.060586,-0.023185,0.208205,0.183157,0.316998,0.307976,0.878132,7.413408,10.148933,0.000000,1,0.037951,-0.179862,33.947130,48.057584,0.034579,50.091908,0.000000
38.208333,10.400000,1,-0.849233,1.413958,0.309514,0.284473,0.225170,-0.165284,0.917090,0.382835,0.001376,0.005045,-0.064835,0.371306,0.745531,0.549646,-0.387371,-0.867705,0.311500,0.771410,-0.120041,0.624914,0.026762,-0.813777,1.366665,0.098924,-0.060321,-0.023663,0.208910,0.183186,0.316642,0.307782,0.878323,7.155702,10.861056,0.000000,1,0.038009,-0.197513,33.847093,48.039218,0.038667,50.107591,0.000000
38.241666,10.433333,1,-0.849513,1.413471,0.310249,0.284175,0.224304,-0.165742,0.917313,0.383420,0.001457,0.005757,-0.064198,0.370663,0.745519,0.550172,-0.386379,-0.867919,0.312135,0.772736,-0.119841,0.623311,0.027751,-0.813777,1.366665,0.098924,-0.060070,-0.024229,0.209597,0.183357,0.315752,0.307444,0.878726,7.210947,11.832586,0.000000,1,0.038755,-0.208761,33.755589,48.005326,0.041363,50.112761,0.000000
38.275000,10.466667,1,-0.849825,1.412936,0.310899,0.283759,0.223675,-0.166444,0.917467,0.384059,0.001540,0.006382,-0.063829,0.370022,0.745342,0.550885,-0.384904,-0.868432,0.312531,0.773959,-0.119219,0.621911,0.026931,-0.813777,1.366665,0.098924,-0.059795,-0.024841,0.210193,0.183315,0.315026,0.306865,0.879197,7.428388,11.187974,0.000000,1,0.039872,-0.220251,33.685191,47.952879,0.044099,50.102602,0.000000
38.308333,10.500000,1,-0.850091,1.412335,0.311457,0.283964,0.223822,-0.166790,0.917305,0.384720,0.001698,0.006913,-0.063876,0.370273,0.745042,0.551117,-0.384380,-0.868514,0.312947,0.773907,-0.118336,0.622145,0.025873,-0.813777,1.366665,0.098924,-0.059440,-0.025443,0.210699,0.183428,0.315270,0.306496,0.879215,7.541674,11.655931,0.000000,1,0.040810,-0.242279,33.634606,47.887113,0.049086,50.080275,0.000000
38.341666,10.533333,1,-0.850260,1.411708,0.311999,0.284525,0.224075,-0.166669,0.917092,0.385342,0.001948,0.007428,-0.063853,0.370883,0.744900,0.550902,-0.384859,-0.868098,0.313511,0.773369,-0.117906,0.622895,0.025363,-0.813777,1.366665,0.098924,-0.059010,-0.025975,0.211196,0.183788,0.315760,0.306524,0.878954,7.443002,12.137867,0.000000,1,0.040681,-0.277442,33.584781,47.826057,0.056873,50.060291,0.000000
38.375000,10.566667,1,-0.850335,1.411040,0.312640,0.284336,0.224488,-0.166387,0.917101,0.385944,0.002300,0.008041,-0.064303,0.370895,0.745042,0.550650,-0.385300,-0.868213,0.312650,0.772815,-0.118444,0.623480,0.027864,-0.813777,1.366665,0.098924,-0.058495,-0.026460,0.211797,0.183419,0.316022,0.306788,0.878845,6.751804,13.144356,0.000000,1,0.039897,-0.326951,33.515261,47.777546,0.067713,50.052066,0.000000
38.408333,10.600000,1,-0.850401,1.410247,0.313435,0.283250,0.224614,-0.166408,0.917402,0.386647,0.002737,0.008803,-0.064897,0.369984,0.745320,0.550815,-0.384781,-0.869090,0.310848,0.773047,-0.119428,0.623006,0.033743,-0.813777,1.366665,0.098924,-0.057871,-0.027021,0.212547,0.182417,0.315609,0.306891,0.879166,6.759566,13.830756,0.000000,1,0.039903,-0.388208,33.425630,47.725083,0.081053,50.046926,0.000000
38.441666,10.633333,1,-0.850465,1.409331,0.314300,0.282588,0.224058,-0.166524,0.917721,0.387449,0.003251,0.009631,-0.064692,0.369150,0.745557,0.551079,-0.384253,-0.869484,0.310399,0.773960,-0.120080,0.621745,0.037867,-0.813777,1.366665,0.098924,-0.057143,-0.027653,0.213362,0.182117,0.314801,0.306902,0.879514,6.962838,14.650614,0.000000,1,0.040536,-0.460042,33.331780,47.660537,0.096635,50.036440,0.000000
38.475000,10.666667,1,-0.850487,1.408371,0.315150,0.281911,0.223695,-0.166449,0.918031,0.388260,0.003824,0.010443,-0.064663,0.368386,0.745873,0.551165,-0.384071,-0.869841,0.309622,0.774557,-0.121017,0.620820,0.038469,-0.813777,1.366665,0.098924,-0.056356,-0.028273,0.214162,0.181706,0.314150,0.307084,0.879769,7.094610,15.746292,0.000000,1,0.040844,-0.540014,33.242597,47.591951,0.113926,50.022583,0.000000
38.508333,10.700000,1,-0.850455,1.407406,0.315953,0.280568,0.223767,-0.166394,0.918435,0.389041,0.004443,0.011207,-0.065320,0.367222,0.746281,0.551313,-0.383575,-0.870843,0.307414,0.774894,-0.122404,0.620126,0.037671,-0.813777,1.366665,0.098924,-0.055535,-0.028845,0.214920,0.180507,0.313561,0.307294,0.880152,7.116937,16.762694,0.000000,1,0.040961,-0.626092,33.160610,47.523484,0.132483,50.006921,0.000000
38.541666,10.733333,1,-0.850361,1.406361,0.316693,0.279748,0.223899,-0.166627,0.918611,0.389846,0.005158,0.011906,-0.065805,0.366552,0.746349,0.551609,-0.382795,-0.871628,0.306159,0.775143,-0.122734,0.619750,0.038512,-0.813777,1.366665,0.098924,-0.054612,-0.029405,0.215616,0.179737,0.313290,0.307157,0.880453,6.572821,17.282851,0.000000,1,0.041849,-0.725338,33.093622,47.443552,0.153804,49.981316,0.000000
38.575000,10.766667,1,-0.850211,1.405257,0.317372,0.279334,0.224469,-0.166619,0.918599,0.390662,0.005952,0.012542,-0.066501,0.366436,0.746356,0.551593,-0.382645,-0.872106,0.304981,0.774633,-0.122938,0.620346,0.039145,-0.813777,1.366665,0.098924,-0.053609,-0.029943,0.216254,0.179101,0.313594,0.307171,0.880470,6.647300,17.916892,0.000000,1,0.042617,-0.835371,33.039922,47.354926,0.177367,49.947719,0.000000
38.608333,10.800000,1,-0.850056,1.404207,0.318016,0.278280,0.224764,-0.166452,0.918877,0.391431,0.006718,0.013146,-0.067228,0.365627,0.746699,0.551577,-0.382485,-0.872885,0.302945,0.774564,-0.124158,0.620190,0.037254,-0.813777,1.366665,0.098924,-0.052649,-0.030445,0.216860,0.178042,0.313338,0.307435,0.880684,6.911464,18.616397,0.000000,1,0.042471,-0.941032,32.989395,47.270892,0.199956,49.915797,0.000000
38.641666,10.833333,1,-0.849893,1.403156,0.318666,0.277771,0.224841,-0.166153,0.919066,0.392196,0.007490,0.013755,-0.067517,0.365205,0.747011,0.551400,-0.382800,-0.873118,0.301875,0.774488,-0.125168,0.620081,0.037371,-0.813777,1.366665,0.098924,-0.051683,-0.030940,0.217472,0.177558,0.313146,0.307778,0.880730,7.068487,19.405697,0.000000,1,0.042530,-1.047242,32.938096,47.187505,0.222613,49.884473,0.000000
38.675000,10.866667,1,-0.849748,1.402029,0.319312,0.277823,0.225256,-0.165769,0.919018,0.393032,0.008294,0.014357,-0.067860,0.365430,0.747144,0.551028,-0.383527,-0.872990,0.301322,0.773798,-0.125658,0.620844,0.039214,-0.813777,1.366665,0.098924,-0.050663,-0.031492,0.218075,0.177395,0.313521,0.308110,0.880513,7.040989,20.158378,0.000000,1,0.043499,-1.157335,32.894552,47.089754,0.246044,49.843588,0.000000
38.708333,10.900000,1,-0.849668,1.400907,0.319936,0.277444,0.226117,-0.165472,0.918975,0.393902,0.009043,0.014938,-0.068795,0.365470,0.747255,0.550734,-0.383918,-0.873363,0.299739,0.772793,-0.126246,0.621975,0.038596,-0.813777,1.366665,0.098924,-0.049683,-0.032093,0.218652,0.176643,0.314086,0.308375,0.880371,7.012647,20.793286,0.000000,1,0.044091,-1.259211,32.858429,46.983312,0.267700,49.796251,0.000000
38.741666,10.933333,1,-0.849680,1.399820,0.320525,0.277379,0.227851,-0.164758,0.918695,0.394799,0.009697,0.015483,-0.070368,0.366172,0.747347,0.549945,-0.385218,-0.873533,0.297570,0.770465,-0.126958,0.624712,0.037111,-0.813777,1.366665,0.098924,-0.048781,-0.032749,0.219188,0.175731,0.315556,0.308936,0.879831,7.052494,21.399984,0.000000,1,0.044691,-1.347357,32.831754,46.868259,0.286429,49.741992,0.000000
38.775000,10.966667,1,-0.849787,1.398723,0.321161,0.278110,0.229357,-0.164066,0.918222,0.395762,0.010281,0.016075,-0.071386,0.367482,0.747242,0.549082,-0.386825,-0.873060,0.296870,0.768128,-0.126932,0.627589,0.038156,-0.813777,1.366665,0.098924,-0.047925,-0.033493,0.219762,0.175619,0.317211,0.309396,0.879095,7.200977,21.561664,0.000000,1,0.045204,-1.425268,32.802498,46.745234,0.302963,49.684254,0.000000
38.808333,11.000000,1,-0.849929,1.397669,0.321906,0.278626,0.230037,-0.163877,0.917930,0.396717,0.010813,0.016776,-0.071765,0.368239,0.747065,0.548765,-0.387413,-0.872780,0.296927,0.767074,-0.126514,0.628961,0.038952,-0.813777,1.366665,0.098924,-0.047123,-0.034254,0.220443,0.175732,0.318053,0.309463,0.878745,7.256138,21.931393,0.000000,1,0.044561,-1.495605,32.752988,46.633134,0.317840,49.637588,0.000000
38.841666,11.033333,1,-0.850002,1.396702,0.322697,0.278899,0.231021,-0.163677,0.917635,0.397562,0.011350,0.017526,-0.072525,0.368915,0.746900,0.548436,-0.387917,-0.872764,0.296315,0.765743,-0.126240,0.630636,0.037546,-0.813777,1.366665,0.098924,-0.046357,-0.034915,0.221180,0.175486,0.319047,0.309545,0.878405,7.241711,22.443269,0.000000,1,0.043267,-1.566604,32.685961,46.544657,0.332755,49.607987,0.000000
38.875000,11.066667,1,-0.850014,1.395796,0.323422,0.279228,0.232482,-0.163033,0.917281,0.398320,0.011897,0.018216,-0.073680,0.369847,0.746885,0.547675,-0.389247,-0.872601,0.295050,0.763599,-0.126531,0.633171,0.034832,-0.813777,1.366665,0.098924,-0.045608,-0.035486,0.221860,0.175049,0.320470,0.310008,0.877811,7.176424,22.832737,0.000000,1,0.042879,-1.639104,32.623421,46.466111,0.347908,49.582501,0.000000
38.908333,11.100000,1,-0.850000,1.394899,0.324047,0.279429,0.233508,-0.162549,0.917045,0.399050,0.012457,0.018804,-0.074504,0.370475,0.746900,0.547118,-0.390222,-0.872489,0.294092,0.762081,-0.126821,0.634940,0.032791,-0.813777,1.366665,0.098924,-0.044853,-0.036019,0.222442,0.174715,0.321454,0.310366,0.877391,7.189839,23.744312,0.000000,1,0.043398,-1.713412,32.577641,46.382931,0.363386,49.550253,0.000000
38.941666,11.133333,1,-0.850009,1.394004,0.324621,0.279469,0.234401,-0.162525,0.916809,0.399791,0.012997,0.019342,-0.075288,0.370904,0.746712,0.546977,-0.390297,-0.872717,0.293315,0.761018,-0.126493,0.636279,0.031886,-0.813777,1.366665,0.098924,-0.044111,-0.036567,0.222972,0.174315,0.322261,0.310312,0.877194,7.389516,23.703618,0.000000,1,0.043967,-1.784602,32.542662,46.292846,0.378179,49.511586,0.000000
38.975000,11.166667,1,-0.850052,1.393147,0.325161,0.279112,0.235477,-0.162511,0.916644,0.400521,0.013486,0.019848,-0.076413,0.371063,0.746590,0.546879,-0.390168,-0.873297,0.291755,0.759882,-0.126471,0.637640,0.030409,-0.813777,1.366665,0.098924,-0.043420,-0.037119,0.223466,0.173482,0.323040,0.310279,0.877084,7.481927,24.120244,0.000000,1,0.044189,-1.848588,32.513264,46.201492,0.391445,49.470844,0.000000
39.008333,11.200000,1,-0.850064,1.392262,0.325720,0.278317,0.236257,-0.162262,0.916730,0.401255,0.014019,0.020371,-0.077460,0.370697,0.746800,0.546693,-0.390254,-0.873969,0.289621,0.759112,-0.127421,0.638367,0.031406,-0.813777,1.366665,0.098924,-0.042688,-0.037662,0.223981,0.172410,0.323334,0.310550,0.877091,7.509109,25.648971,0.000000,1,0.044332,-1.918233,32.481529,46.110276,0.405807,49.430820,0.000000
39.041666,11.233333,1,-0.849999,1.391329,0.326315,0.278067,0.237058,-0.161791,0.916682,0.401983,0.014641,0.020929,-0.078282,0.370823,0.746982,0.546241,-0.390985,-0.874123,0.288167,0.758008,-0.128221,0.639518,0.033254,-0.813777,1.366665,0.098924,-0.041874,-0.038170,0.224536,0.171794,0.323901,0.310966,0.876855,7.350028,26.358214,0.000000,1,0.044318,-2.000059,32.443577,46.022326,0.422580,49.394168,0.000000
39.075000,11.266667,1,-0.849934,1.390427,0.326895,0.278147,0.237601,-0.161522,0.916564,0.402686,0.015245,0.021474,-0.078729,0.371132,0.747003,0.545939,-0.391505,-0.874074,0.287609,0.757198,-0.128423,0.640436,0.032253,-0.813777,1.366665,0.098924,-0.041086,-0.038660,0.225078,0.171595,0.324408,0.311170,0.876634,7.286083,27.230956,0.000000,1,0.044283,-2.079189,32.406378,45.937333,0.438747,49.358910,0.000000
39.108333,11.300000,1,-0.849926,1.389566,0.327434,0.278015,0.237960,-0.161446,0.916525,0.403388,0.015778,0.021978,-0.079108,0.371172,0.747009,0.545849,-0.391581,-0.874234,0.287018,0.756783,-0.128560,0.640899,0.030456,-0.813777,1.366665,0.098924,-0.040363,-0.039172,0.225575,0.171305,0.324658,0.311229,0.876578,7.240075,28.324804,0.000000,1,0.044606,-2.148297,32.376833,45.848875,0.452838,49.319859,0.000000
39.141666,11.333333,1,-0.849885,1.388711,0.327948,0.278227,0.238969,-0.160902,0.916293,0.404065,0.016333,0.022459,-0.079912,0.371801,0.747054,0.545241,-0.392652,-0.874072,0.286046,0.755227,-0.128951,0.642654,0.029973,-0.813777,1.366665,0.098924,-0.039627,-0.039651,0.226052,0.170988,0.325630,0.311641,0.876133,7.177349,28.858510,0.000000,1,0.044712,-2.220418,32.349979,45.762293,0.467476,49.281152,0.000000
39.175000,11.366667,1,-0.849804,1.387886,0.328456,0.278756,0.240241,-0.160133,0.915935,0.404693,0.016901,0.022934,-0.080807,0.372825,0.747086,0.544366,-0.394272,-0.873630,0.285167,0.753122,-0.129334,0.645042,0.029141,-0.813777,1.366665,0.098924,-0.038895,-0.040079,0.226526,0.170812,0.326976,0.312210,0.875462,7.139719,29.022629,0.000000,1,0.044435,-2.294403,32.320404,45.683698,0.482422,49.247417,0.000000
39.208333,11.400000,1,-0.849767,1.387124,0.328920,0.280028,0.240970,-0.159600,0.915448,0.405296,0.017397,0.023368,-0.080890,0.374274,0.746878,0.543644,-0.395815,-0.872622,0.286114,0.751521,-0.128739,0.647025,0.026787,-0.813777,1.366665,0.098924,-0.038239,-0.040505,0.226956,0.171549,0.328214,0.312507,0.874749,6.985724,29.172611,0.000000,1,0.044509,-2.358347,32.296242,45.606287,0.495303,49.212932,0.000000
39.241666,11.433333,1,-0.849746,1.386368,0.329398,0.281281,0.241988,-0.159017,0.914897,0.405905,0.017876,0.023816,-0.081240,0.375834,0.746639,0.542844,-0.397440,-0.871683,0.286724,0.749551,-0.128138,0.649426,0.026848,-0.813777,1.366665,0.098924,-0.037597,-0.040943,0.227399,0.172128,0.329695,0.312828,0.873963,6.899073,29.513703,0.000000,1,0.044585,-2.419971,32.270232,45.528959,0.507674,49.178972,0.000000
39.275000,11.466667,1,-0.849712,1.385585,0.329919,0.281759,0.243370,-0.158361,0.914497,0.406529,0.018383,0.024307,-0.082259,0.376862,0.746585,0.542051,-0.398828,-0.871375,0.285731,0.747374,-0.128311,0.651896,0.028258,-0.813777,1.366665,0.098924,-0.036924,-0.041389,0.227885,0.171857,0.331120,0.313281,0.873315,6.826858,30.398437,0.000000,1,0.044629,-2.485027,32.238330,45.451870,0.520686,49.146647,0.000000
39.308333,11.500000,1,-0.849701,1.384799,0.330420,0.282193,0.244871,-0.157678,0.914080,0.407168,0.018871,0.024776,-0.083404,0.377905,0.746530,0.541225,-0.400239,-0.871119,0.284536,0.745044,-0.128526,0.654516,0.027938,-0.813777,1.366665,0.098924,-0.036264,-0.041854,0.228348,0.171490,0.332628,0.313753,0.872645,6.800201,30.798717,0.000000,1,0.045041,-2.547331,32.211912,45.369975,0.533109,49.110368,0.000000
39.341666,11.533333,1,-0.849730,1.384078,0.330874,0.282192,0.245883,-0.157384,0.913860,0.407778,0.019290,0.025201,-0.084308,0.378347,0.746477,0.540848,-0.400751,-0.871258,0.283389,0.743667,-0.128673,0.656051,0.025587,-0.813777,1.366665,0.098924,-0.035677,-0.042313,0.228764,0.170990,0.333509,0.313946,0.872337,6.802563,31.225808,0.000000,1,0.045122,-2.600167,32.191192,45.289745,0.543595,49.073524,0.000000
39.375000,11.566667,1,-0.849775,1.383442,0.331245,0.282026,0.245924,-0.157435,0.913891,0.408326,0.019642,0.025546,-0.084420,0.378219,0.746486,0.540909,-0.400581,-0.871420,0.283127,0.743704,-0.128736,0.655997,0.022119,-0.813777,1.366665,0.098924,-0.035171,-0.042730,0.229101,0.170827,0.333468,0.313914,0.872396,6.691889,31.550895,0.000000,1,0.045128,-2.644377,32.179350,45.214461,0.552310,49.037070,0.000000
39.408333,11.600000,1,-0.849785,1.382834,0.331515,0.282297,0.246052,-0.157404,0.913778,0.408828,0.020004,0.025792,-0.084414,0.378517,0.746396,0.540825,-0.400764,-0.871244,0.283410,0.743436,-0.128466,0.656353,0.019965,-0.813777,1.366665,0.098924,-0.034669,-0.043094,0.229342,0.171000,0.333711,0.313899,0.872275,6.719185,31.903729,0.000000,1,0.045557,-2.690070,32.181820,45.138777,0.561270,48.996816,0.000000
39.441666,11.633333,1,-0.849733,1.382212,0.331717,0.282674,0.246722,-0.157024,0.913546,0.409301,0.020423,0.025970,-0.084843,0.379143,0.746361,0.540367,-0.401610,-0.870954,0.283106,0.742283,-0.128507,0.657649,0.019687,-0.813777,1.366665,0.098924,-0.034120,-0.043408,0.229518,0.170992,0.334470,0.314158,0.871892,7.275873,32.271986,0.000000,1,0.046025,-2.743454,32.194579,45.061722,0.571708,48.953300,0.000000
39.475000,11.666667,1,-0.849630,1.381581,0.331879,0.282957,0.247434,-0.156371,0.913378,0.409748,0.020888,0.026107,-0.085346,0.379703,0.746507,0.539693,-0.402895,-0.870582,0.282423,0.740957,-0.129114,0.659024,0.019782,-0.813777,1.366665,0.098924,-0.033536,-0.043680,0.229659,0.170878,0.335208,0.314687,0.871440,7.508122,32.630271,0.000000,1,0.046328,-2.803081,32.212761,44.985300,0.583333,48.908835,0.000000
39.508333,11.700000,1,-0.849492,1.380966,0.331990,0.283236,0.248009,-0.155717,0.913248,0.410160,0.021369,0.026195,-0.085727,0.380198,0.746686,0.539037,-0.404181,-0.870169,0.281859,0.739795,-0.129778,0.660197,0.019197,-0.813777,1.366665,0.098924,-0.032946,-0.043910,0.229753,0.170829,0.335822,0.315229,0.871017,7.318551,32.943974,0.000000,1,0.046586,-2.865082,32.237070,44.910686,0.595380,48.863871,0.000000
39.541666,11.733333,1,-0.849331,1.380368,0.332021,0.283733,0.248675,-0.155051,0.913025,0.410541,0.021858,0.026205,-0.086094,0.380928,0.746785,0.538325,-0.405588,-0.869617,0.281539,0.738435,-0.130200,0.661636,0.018603,-0.813777,1.366665,0.098924,-0.032357,-0.044102,0.229770,0.170922,0.336623,0.315747,0.870502,7.083748,33.154320,0.000000,1,0.047105,-2.928247,32.273022,44.834810,0.607618,48.815388,0.000000
39.575000,11.766667,1,-0.849191,1.379805,0.332015,0.284227,0.249419,-0.154496,0.912763,0.410906,0.022309,0.026178,-0.086534,0.381690,0.746800,0.537693,-0.406796,-0.869157,0.281217,0.737040,-0.130398,0.663150,0.017413,-0.813777,1.366665,0.098924,-0.031809,-0.044291,0.229749,0.170977,0.337496,0.316152,0.870007,7.075486,33.337493,0.000000,1,0.047411,-2.986200,32.314209,44.758790,0.618797,48.765601,0.000000
39.608333,11.800000,1,-0.849087,1.379284,0.332036,0.284764,0.250091,-0.153918,0.912509,0.411260,0.022706,0.026180,-0.086891,0.382459,0.746832,0.537045,-0.408066,-0.868629,0.281009,0.735700,-0.130616,0.664594,0.015966,-0.813777,1.366665,0.098924,-0.031315,-0.044489,0.229755,0.171104,0.338326,0.316579,0.869504,7.171905,33.521506,0.000000,1,0.047226,-3.037073,32.348982,44.687743,0.628547,48.720164,0.000000
39.641666,11.833333,1,-0.849005,1.378763,0.332124,0.285182,0.250830,-0.153248,0.912289,0.411629,0.023086,0.026248,-0.087359,0.383150,0.746937,0.536330,-0.409436,-0.868153,0.280487,0.734267,-0.131092,0.666083,0.016017,-0.813777,1.366665,0.098924,-0.030835,-0.044712,0.229825,0.171093,0.339152,0.317102,0.868993,7.210178,33.792289,0.000000,1,0.047038,-3.085299,32.373152,44.619613,0.637747,48.679018,0.000000
39.675000,11.866667,1,-0.848996,1.378246,0.332279,0.285346,0.251434,-0.152748,0.912155,0.412042,0.023407,0.026382,-0.087820,0.383557,0.747046,0.535812,-0.410387,-0.867920,0.279819,0.733184,-0.131579,0.667179,0.016200,-0.813777,1.366665,0.098924,-0.030397,-0.045000,0.229957,0.170932,0.339744,0.317505,0.868647,7.233188,34.174940,0.000000,1,0.047062,-3.125338,32.389033,44.549654,0.645327,48.639006,0.000000
39.708333,11.900000,1,-0.849070,1.377753,0.332459,0.285532,0.252075,-0.152386,0.911980,0.412487,0.023647,0.026542,-0.088308,0.384002,0.747057,0.535397,-0.411103,-0.867765,0.279245,0.732124,-0.131785,0.668302,0.015895,-0.813777,1.366665,0.098924,-0.030025,-0.045346,0.230107,0.170773,0.340386,0.317771,0.868329,7.191015,34.409847,0.000000,1,0.047266,-3.154300,32.402884,44.476765,0.650727,48.597947,0.000000
39.741666,11.933333,1,-0.849158,1.377282,0.332676,0.285509,0.252641,-0.152155,0.911870,0.412924,0.023864,0.026739,-0.088822,0.384229,0.747068,0.535133,-0.411486,-0.867819,0.278514,0.731306,-0.132001,0.669154,0.015791,-0.813777,1.366665,0.098924,-0.029679,-0.045696,0.230294,0.170473,0.340865,0.317942,0.868138,7.141374,34.704324,0.000000,1,0.047067,-3.180146,32.409333,44.408581,0.655475,48.561271,0.000000
39.775000,11.966667,1,-0.849183,1.376786,0.332994,0.285485,0.253009,-0.152054,0.911792,0.413346,0.024146,0.027037,-0.089161,0.384369,0.747050,0.535002,-0.411645,-0.867888,0.278061,0.730805,-0.132066,0.669688,0.017687,-0.813777,1.366665,0.098924,-0.029280,-0.046016,0.230587,0.170271,0.341175,0.318008,0.868031,7.127879,35.048413,0.000000,1,0.046389,-3.214790,32.396483,44.351166,0.661878,48.535196,0.000000
39.808333,12.000000,1,-0.849117,1.376226,0.333425,0.285905,0.253705,-0.151630,0.911537,0.413769,0.024543,0.027446,-0.089594,0.385046,0.747014,0.534493,-0.412580,-0.867543,0.277753,0.729552,-0.132113,0.671044,0.021281,-0.813777,1.366665,0.098924,-0.028777,-0.046305,0.230995,0.170288,0.341976,0.318297,0.867607,7.157446,35.403416,0.000000,1,0.045839,-3.264495,32.364362,44.301958,0.671162,48.518320,0.000000
39.841666,12.033333,1,-0.849016,1.375620,0.333940,0.286560,0.254637,-0.150914,0.911191,0.414212,0.024996,0.027937,-0.090129,0.386033,0.747025,0.533674,-0.414137,-0.866922,0.277375,0.727751,-0.132340,0.672952,0.024046,-0.813777,1.366665,0.098924,-0.028217,-0.046599,0.231488,0.170388,0.343086,0.318815,0.866958,7.147413,35.900282,0.000000,1,0.045599,-3.321411,32.319512,44.255460,0.681825,48.506015,0.000000
39.875000,12.066667,1,-0.848925,1.374943,0.334518,0.286904,0.255366,-0.150345,0.910972,0.414719,0.025485,0.028489,-0.090623,0.386654,0.747088,0.533053,-0.415284,-0.866554,0.276808,0.726395,-0.132706,0.674343,0.026847,-0.813777,1.366665,0.098924,-0.027604,-0.046945,0.232040,0.170318,0.343873,0.319248,0.866501,7.178110,36.461720,0.000000,1,0.045942,-3.382559,32.270098,44.201499,0.693313,48.490785,0.000000
39.908333,12.100000,1,-0.848841,1.374188,0.335125,0.286795,0.255963,-0.149895,0.910913,0.415294,0.026017,0.029067,-0.091199,0.386817,0.747246,0.532616,-0.416006,-0.866544,0.275754,0.725435,-0.133386,0.675242,0.029191,-0.813777,1.366665,0.098924,-0.026928,-0.047342,0.232617,0.169926,0.344329,0.319636,0.866254,7.138094,36.997452,0.000000,1,0.046610,-3.448577,32.222935,44.136111,0.705747,48.468817,0.000000
39.941666,12.133333,1,-0.848742,1.373437,0.335665,0.286445,0.256490,-0.149803,0.910890,0.415854,0.026556,0.029577,-0.091825,0.386736,0.747279,0.532520,-0.415980,-0.866906,0.274652,0.724858,-0.133714,0.675797,0.027896,-0.813777,1.366665,0.098924,-0.026248,-0.047718,0.233128,0.169364,0.344621,0.319717,0.866218,7.149229,37.610186,0.000000,1,0.047030,-3.515586,32.187075,44.067193,0.718343,48.442072,0.000000
39.975000,12.166667,1,-0.848641,1.372701,0.336086,0.286501,0.257269,-0.149942,0.910630,0.416396,0.027086,0.029970,-0.092503,0.387132,0.746994,0.532515,-0.415742,-0.867192,0.274110,0.723949,-0.133113,0.676889,0.025616,-0.813777,1.366665,0.098924,-0.025579,-0.048073,0.233521,0.169036,0.345345,0.319505,0.866072,7.152272,38.072685,0.000000,1,0.047773,-3.581410,32.171091,43.991311,0.730684,48.406597,0.000000
40.008333,12.200000,1,-0.848620,1.371962,0.336397,0.286988,0.257947,-0.149689,0.910327,0.416985,0.027552,0.030252,-0.092893,0.387862,0.746836,0.532137,-0.416403,-0.866897,0.274040,0.722779,-0.132787,0.678202,0.024062,-0.813777,1.366665,0.098924,-0.024950,-0.048487,0.233799,0.169121,0.346169,0.319621,0.865683,7.160690,38.459074,0.000000,1,0.049125,-3.638210,32.179563,43.897473,0.741289,48.355403,0.000000
40.041666,12.233333,1,-0.848674,1.371170,0.336646,0.287446,0.258551,-0.149233,0.910086,0.417658,0.027989,0.030469,-0.093226,0.388531,0.746825,0.531606,-0.417409,-0.866475,0.273844,0.721591,-0.132878,0.679448,0.024944,-0.813777,1.366665,0.098924,-0.024317,-0.048984,0.234006,0.169214,0.346906,0.319942,0.865251,7.180648,38.991353,0.000000,1,0.050687,-3.690496,32.207927,43.782197,0.751015,48.287842,0.000000
40.075000,12.266667,1,-0.848744,1.370323,0.336884,0.287653,0.259151,-0.149271,0.909843,0.418385,0.028447,0.030672,-0.093674,0.388982,0.746596,0.531520,-0.417424,-0.866536,0.273630,0.720786,-0.132360,0.680403,0.026503,-0.813777,1.366665,0.098924,-0.023646,-0.049526,0.234198,0.169102,0.347540,0.319822,0.865063,7.157784,39.667101,0.000000,1,0.051735,-3.744817,32.244692,43.654541,0.761069,48.211689,0.000000
40.108333,12.300000,1,-0.848788,1.369480,0.337147,0.287445,0.259564,-0.149579,0.909741,0.419094,0.028923,0.030902,-0.094142,0.388982,0.746376,0.531746,-0.416767,-0.867003,0.273149,0.720525,-0.131879,0.680772,0.026528,-0.813777,1.366665,0.098924,-0.022965,-0.050045,0.234419,0.168727,0.347817,0.319514,0.865139,7.178683,40.094390,0.000000,1,0.051726,-3.801532,32.275598,43.531919,0.771469,48.139818,0.000000
40.141666,12.333333,1,-0.848747,1.368644,0.337430,0.287481,0.260092,-0.149449,0.909600,0.419747,0.029463,0.031152,-0.094598,0.389246,0.746314,0.531558,-0.416994,-0.867063,0.272614,0.719775,-0.131867,0.681568,0.026500,-0.813777,1.366665,0.098924,-0.022244,-0.050491,0.234665,0.168498,0.348297,0.319583,0.864965,7.184335,40.882431,0.000000,1,0.051406,-3.866948,32.298297,43.420466,0.783397,48.076084,0.000000
40.175000,12.366667,1,-0.848614,1.367767,0.337712,0.287380,0.260874,-0.148993,0.909483,0.420378,0.030101,0.031400,-0.095338,0.389496,0.746425,0.531087,-0.417715,-0.867100,0.271388,0.718566,-0.132479,0.682724,0.027924,-0.813777,1.366665,0.098924,-0.021438,-0.050884,0.234917,0.168020,0.348920,0.319957,0.864669,7.183037,41.441557,0.000000,1,0.051641,-3.945167,32.319971,43.311574,0.797656,48.014084,0.000000
40.208333,12.400000,1,-0.848425,1.366856,0.338018,0.286580,0.261277,-0.148779,0.909654,0.421002,0.030805,0.031672,-0.096050,0.388960,0.746691,0.530977,-0.417675,-0.867671,0.269618,0.718233,-0.133547,0.682866,0.029368,-0.813777,1.366665,0.098924,-0.020574,-0.051249,0.235195,0.167127,0.348880,0.320221,0.864760,7.110271,42.040991,0.000000,1,0.051830,-4.031811,32.337781,43.204518,0.813424,47.954116,0.000000
40.241666,12.433333,1,-0.848222,1.365945,0.338291,0.286399,0.261633,-0.148534,0.909649,0.421616,0.031519,0.031911,-0.096445,0.388953,0.746804,0.530752,-0.418001,-0.867760,0.268825,0.717710,-0.134035,0.683320,0.029177,-0.813777,1.366665,0.098924,-0.019701,-0.051600,0.235442,0.166793,0.349096,0.320444,0.864654,7.228775,42.669050,0.000000,1,0.052269,-4.119775,32.360870,43.095998,0.829369,47.892121,0.000000
40.275000,12.466667,1,-0.848011,1.365062,0.338467,0.287286,0.262307,-0.147957,0.909269,0.422201,0.032222,0.032054,-0.096649,0.390034,0.746717,0.530044,-0.419425,-0.866978,0.269132,0.716193,-0.133853,0.684946,0.027743,-0.813777,1.366665,0.098924,-0.018847,-0.051920,0.235594,0.167221,0.350098,0.320819,0.864028,7.330365,43.145978,0.000000,1,0.052929,-4.206218,32.398562,42.984885,0.844958,47.825195,0.000000
40.308333,12.500000,1,-0.847737,1.364240,0.338600,0.287993,0.263051,-0.147103,0.908969,0.422697,0.032937,0.032157,-0.096990,0.390983,0.746828,0.529125,-0.421239,-0.866174,0.268887,0.714488,-0.134318,0.686634,0.026300,-0.813777,1.366665,0.098924,-0.018009,-0.052151,0.235711,0.167454,0.351061,0.321473,0.863348,7.350793,43.778534,0.000000,1,0.052650,-4.294900,32.435217,42.886551,0.860853,47.765464,0.000000
40.341666,12.533333,1,-0.847420,1.363452,0.338724,0.288213,0.263866,-0.146420,0.908773,0.423139,0.033666,0.032253,-0.097613,0.391531,0.746965,0.528412,-0.422506,-0.865847,0.267952,0.712973,-0.134970,0.688079,0.025741,-0.813777,1.366665,0.098924,-0.017177,-0.052326,0.235825,0.167234,0.351859,0.322018,0.862863,7.324589,44.406617,0.000000,1,0.052454,-4.385732,32.468177,42.797516,0.877066,47.711700,0.000000
40.375000,12.566667,1,-0.847136,1.362660,0.338870,0.287771,0.264256,-0.146030,0.908863,0.423605,0.034372,0.032371,-0.098152,0.391305,0.747231,0.528103,-0.422948,-0.866044,0.266614,0.712415,-0.135976,0.688459,0.025628,-0.813777,1.366665,0.098924,-0.016359,-0.052533,0.235957,0.166654,0.351973,0.322407,0.862783,7.287038,44.981640,0.000000,1,0.052758,-4.473121,32.499780,42.705636,0.892606,47.656797,0.000000
40.408333,12.600000,1,-0.846948,1.361839,0.339049,0.287129,0.264220,-0.145746,0.909122,0.424154,0.035019,0.032519,-0.098399,0.390714,0.747599,0.527973,-0.423124,-0.866316,0.265447,0.712532,-0.137174,0.688100,0.025828,-0.813777,1.366665,0.098924,-0.015569,-0.052839,0.236113,0.166110,0.351618,0.322762,0.862900,7.241614,45.666242,0.000000,1,0.053534,-4.551781,32.533685,42.601215,0.906518,47.594643,0.000000
40.441666,12.633333,1,-0.846888,1.361011,0.339216,0.287053,0.264200,-0.145520,0.909188,0.424785,0.035568,0.032653,-0.098410,0.390636,0.747760,0.527802,-0.423482,-0.866222,0.265183,0.712453,-0.137658,0.688085,0.025411,-0.813777,1.366665,0.098924,-0.014843,-0.053254,0.236246,0.166050,0.351554,0.322989,0.862853,7.265577,46.329393,0.000000,1,0.054641,-4.616815,32.577804,42.481000,0.917888,47.521550,0.000000
40.475000,12.666667,1,-0.846910,1.360199,0.339311,0.287632,0.264183,-0.145368,0.909034,0.425450,0.036040,0.032716,-0.098137,0.391142,0.747681,0.527589,-0.424038,-0.865707,0.265975,0.712166,-0.137314,0.688451,0.024536,-0.813777,1.366665,0.098924,-0.014175,-0.053723,0.236301,0.166557,0.351813,0.323064,0.862622,7.289070,46.827175,0.000000,1,0.055781,-4.671355,32.637937,42.348923,0.927264,47.438243,0.000000
40.508333,12.700000,1,-0.846971,1.359424,0.339350,0.287780,0.264421,-0.145193,0.908946,0.426105,0.036458,0.032724,-0.098282,0.391376,0.747681,0.527388,-0.424405,-0.865567,0.265848,0.711706,-0.137372,0.688915,0.023331,-0.813777,1.366665,0.098924,-0.013559,-0.054197,0.236299,0.166565,0.352087,0.323188,0.862462,7.302008,47.341739,0.000000,1,0.056421,-4.718898,32.706955,42.214396,0.935254,47.351560,0.000000
40.541666,12.733333,1,-0.847082,1.358692,0.339353,0.287250,0.264699,-0.145125,0.909044,0.426757,0.036811,0.032697,-0.098765,0.391027,0.747811,0.527373,-0.424246,-0.865990,0.264720,0.711511,-0.137950,0.689001,0.022235,-0.813777,1.366665,0.098924,-0.013005,-0.054688,0.236260,0.165970,0.352074,0.323293,0.862543,7.332602,47.871037,0.000000,1,0.056960,-4.757877,32.781504,42.078468,0.941576,47.262897,0.000000
40.575000,12.766667,1,-0.847230,1.357968,0.339314,0.286595,0.264630,-0.145313,0.909241,0.427422,0.037127,0.032628,-0.098995,0.390416,0.747912,0.527639,-0.423595,-0.866553,0.263918,0.711956,-0.138345,0.688461,0.022179,-0.813777,1.366665,0.098924,-0.012480,-0.055202,0.236176,0.165440,0.351704,0.323202,0.862829,7.368594,48.372946,0.000000,1,0.057810,-4.791908,32.864728,41.936738,0.946909,47.169151,0.000000
40.608333,12.800000,1,-0.847369,1.357238,0.339241,0.286341,0.264425,-0.145482,0.909353,0.428085,0.037455,0.032525,-0.098926,0.390102,0.747938,0.527847,-0.423181,-0.866777,0.263847,0.712412,-0.138396,0.687979,0.022418,-0.813777,1.366665,0.098924,-0.011942,-0.055707,0.236059,0.165324,0.351407,0.323092,0.863014,7.452814,48.920277,0.000000,1,0.058551,-4.827457,32.954497,41.791745,0.952418,47.072246,0.000000
40.641666,12.833333,1,-0.847482,1.356548,0.339155,0.286815,0.264091,-0.145561,0.909288,0.428700,0.037778,0.032410,-0.098418,0.390376,0.747833,0.527888,-0.423296,-0.866385,0.264949,0.712704,-0.137881,0.687780,0.021128,-0.813777,1.366665,0.098924,-0.011425,-0.056168,0.235932,0.165898,0.351344,0.322991,0.862967,7.477256,49.515982,0.000000,1,0.058574,-4.862834,33.041648,41.654864,0.957767,46.980506,0.000000
40.675000,12.866667,1,-0.847559,1.355892,0.339044,0.287559,0.263833,-0.145554,0.909129,0.429266,0.038109,0.032273,-0.097858,0.390925,0.747679,0.527804,-0.423693,-0.865767,0.266331,0.712747,-0.137201,0.687872,0.020081,-0.813777,1.366665,0.098924,-0.010917,-0.056578,0.235785,0.166667,0.351476,0.322930,0.862788,7.476167,50.039266,0.000000,1,0.058668,-4.899589,33.128073,41.525319,0.963249,46.893039,0.000000
40.708333,12.900000,1,-0.847597,1.355210,0.338896,0.288004,0.264024,-0.145317,0.908971,0.429827,0.038487,0.032098,-0.097829,0.391402,0.747639,0.527513,-0.424319,-0.865359,0.266658,0.712198,-0.137069,0.688467,0.020983,-0.813777,1.366665,0.098924,-0.010364,-0.056966,0.235603,0.166955,0.351850,0.323081,0.862523,7.442459,50.455988,0.000000,1,0.059435,-4.942459,33.221367,41.392341,0.969759,46.802246,0.000000
40.741666,12.933333,1,-0.847622,1.354499,0.338737,0.287756,0.264307,-0.144994,0.909019,0.430404,0.038892,0.031910,-0.098186,0.391303,0.747834,0.527245,-0.424745,-0.865423,0.265770,0.711741,-0.137791,0.688795,0.021871,-0.813777,1.366665,0.098924,-0.009781,-0.057359,0.235411,0.166596,0.351965,0.323392,0.862429,7.421433,50.904395,0.000000,1,0.060203,-4.988458,33.318854,41.254569,0.976761,46.708050,0.000000
40.775000,12.966667,1,-0.847666,1.353775,0.338601,0.287064,0.264502,-0.144725,0.909224,0.431002,0.039291,0.031746,-0.098663,0.390770,0.748150,0.527102,-0.424859,-0.865811,0.264322,0.711593,-0.138926,0.688719,0.022116,-0.813777,1.366665,0.098924,-0.009197,-0.057775,0.235239,0.165897,0.351791,0.323717,0.862513,7.400577,51.598422,0.000000,1,0.060724,-5.033275,33.414728,41.114275,0.983476,46.613064,0.000000
40.808333,13.000000,1,-0.847739,1.353037,0.338521,0.286670,0.264376,-0.144403,0.909436,0.431632,0.039675,0.031636,-0.098718,0.390360,0.748488,0.526915,-0.425230,-0.865850,0.263595,0.711708,-0.139958,0.688392,0.022389,-0.813777,1.366665,0.098924,-0.008618,-0.058230,0.235119,0.165611,0.351475,0.324085,0.862558,7.360800,52.140668,0.000000,1,0.061098,-5.075793,33.504305,40.972255,0.989704,46.518826,0.000000
40.841666,13.033333,1,-0.847810,1.352262,0.338516,0.286699,0.264037,-0.144319,0.909538,0.432293,0.040085,0.031600,-0.098399,0.390235,0.748612,0.526891,-0.425408,-0.865671,0.263897,0.712076,-0.140205,0.687961,0.023366,-0.813777,1.366665,0.098924,-0.008006,-0.058710,0.235073,0.165800,0.351185,0.324195,0.862599,7.331084,52.701997,0.000000,1,0.061378,-5.121139,33.584477,40.829697,0.996352,46.426714,0.000000
40.875000,13.066667,1,-0.847857,1.351424,0.338532,0.287029,0.264087,-0.144539,0.909385,0.432991,0.040552,0.031581,-0.098302,0.390554,0.748373,0.527013,-0.425188,-0.865589,0.264521,0.712020,-0.139450,0.688172,0.025186,-0.813777,1.366665,0.098924,-0.007329,-0.059206,0.235046,0.166066,0.351399,0.323940,0.862557,6.491719,53.402030,0.000000,1,0.062217,-5.173197,33.665983,40.680253,1.004119,46.330735,0.000000
40.908333,13.100000,1,-0.847887,1.350561,0.338522,0.287266,0.264386,-0.144922,0.909162,0.433696,0.041047,0.031537,-0.098473,0.390901,0.748002,0.527249,-0.424623,-0.865754,0.264889,0.711781,-0.138409,0.688630,0.025881,-0.813777,1.366665,0.098924,-0.006622,-0.059698,0.234994,0.166132,0.351796,0.323515,0.862542,6.334298,54.139551,0.000000,1,0.063059,-5.228634,33.753529,40.526151,1.012395,46.230951,0.000000
40.941666,13.133333,1,-0.847893,1.349733,0.338459,0.287156,0.264781,-0.145185,0.909040,0.434358,0.041539,0.031441,-0.098881,0.390980,0.747783,0.527425,-0.424091,-0.866120,0.264543,0.711478,-0.137915,0.689041,0.024925,-0.813777,1.366665,0.098924,-0.005931,-0.060148,0.234893,0.165850,0.352103,0.323239,0.862574,6.333831,54.849573,0.000000,1,0.063496,-5.284021,33.846260,40.375555,1.020547,46.131945,0.000000
40.975000,13.166667,1,-0.847899,1.348929,0.338313,0.286773,0.265070,-0.145004,0.909106,0.434998,0.042016,0.031264,-0.099306,0.390765,0.747932,0.527293,-0.424200,-0.866370,0.263547,0.711148,-0.138529,0.689259,0.024512,-0.813777,1.366665,0.098924,-0.005259,-0.060575,0.234710,0.165374,0.352166,0.323431,0.862568,6.427606,55.543754,0.000000,1,0.064376,-5.337619,33.951112,40.222489,1.028294,46.028866,0.000000
41.008333,13.200000,1,-0.847914,1.348142,0.338110,0.286287,0.264607,-0.144643,0.909451,0.435627,0.042474,0.031029,-0.099099,0.390124,0.748403,0.527138,-0.424610,-0.866346,0.262967,0.711702,-0.139857,0.688418,0.024386,-0.813777,1.366665,0.098924,-0.004606,-0.060996,0.234471,0.165172,0.351505,0.323882,0.862707,6.485921,56.179446,0.000000,1,0.065241,-5.388842,34.065189,40.066416,1.035539,45.922145,0.000000
41.041666,13.233333,1,-0.847889,1.347352,0.337877,0.285735,0.263785,-0.144434,0.909897,0.436233,0.042966,0.030766,-0.098601,0.389267,0.748893,0.527170,-0.424739,-0.866352,0.262737,0.712824,-0.141125,0.686998,0.024721,-0.813777,1.366665,0.098924,-0.003929,-0.061383,0.234205,0.165091,0.350501,0.324230,0.863000,6.517418,56.767324,0.000000,1,0.065853,-5.444451,34.182694,39.911214,1.043442,45.815293,0.000000
41.075000,13.266667,1,-0.847814,1.346524,0.337609,0.285271,0.263467,-0.144404,0.910139,0.436839,0.043520,0.030466,-0.098519,0.388714,0.749126,0.527262,-0.424578,-0.866563,0.262302,0.713379,-0.141792,0.686283,0.026213,-0.813777,1.366665,0.098924,-0.003192,-0.061745,0.233906,0.164844,0.349994,0.324349,0.863209,6.541125,57.476606,0.000000,1,0.066848,-5.507764,34.307533,39.751376,1.052594,45.704449,0.000000
41.108333,13.300000,1,-0.847735,1.345623,0.337290,0.285538,0.263817,-0.144350,0.909963,0.437498,0.044120,0.030112,-0.098715,0.389105,0.748993,0.527126,-0.424787,-0.866448,0.262342,0.712807,-0.141471,0.686945,0.028759,-0.813777,1.366665,0.098924,-0.002392,-0.062138,0.233554,0.164903,0.350430,0.324333,0.863026,6.588652,58.199964,0.000000,1,0.068626,-5.576132,34.448329,39.574933,1.062563,45.581177,0.000000
41.141666,13.333333,1,-0.847658,1.344668,0.336948,0.286155,0.264297,-0.144116,0.909666,0.438201,0.044750,0.029734,-0.098869,0.389864,0.748829,0.526769,-0.425478,-0.866011,0.262664,0.711829,-0.141041,0.688046,0.030518,-0.813777,1.366665,0.098924,-0.001547,-0.062561,0.233176,0.165199,0.351143,0.324431,0.862642,6.614756,58.891649,0.000000,1,0.070112,-5.647637,34.598998,39.386156,1.072981,45.449260,0.000000
41.175000,13.366667,1,-0.847588,1.343704,0.336647,0.286155,0.264401,-0.143884,0.909673,0.438917,0.045382,0.029396,-0.098959,0.389908,0.748940,0.526563,-0.425877,-0.865898,0.262393,0.711558,-0.141407,0.688251,0.030385,-0.813777,1.366665,0.098924,-0.000699,-0.062998,0.232838,0.165143,0.351226,0.324642,0.862540,6.671935,59.873383,0.000000,1,0.070655,-5.718862,34.744598,39.197395,1.083213,45.318855,0.000000
41.208333,13.400000,1,-0.847503,1.342683,0.336407,0.285246,0.263672,-0.143958,0.910158,0.439670,0.046061,0.029116,-0.098707,0.388777,0.749345,0.526869,-0.425333,-0.866363,0.261738,0.712863,-0.142523,0.686668,0.031570,-0.813777,1.366665,0.098924,0.000206,-0.063459,0.232559,0.164714,0.350143,0.324757,0.863019,6.724824,60.794810,0.000000,1,0.071422,-5.795385,34.884614,39.004655,1.094220,45.187937,0.000000
41.241666,13.433333,1,-0.847369,1.341585,0.336178,0.283978,0.262678,-0.143966,0.910841,0.440457,0.046824,0.028846,-0.098373,0.387210,0.749958,0.527213,-0.424738,-0.866958,0.260733,0.714593,-0.144230,0.684510,0.033869,-0.813777,1.366665,0.098924,0.001200,-0.063922,0.232292,0.164102,0.348649,0.325003,0.863648,6.747767,61.818460,0.000000,1,0.072676,-5.881819,35.027979,38.803707,1.106780,45.052144,0.000000
41.275000,13.466667,1,-0.847194,1.340498,0.335894,0.283556,0.262188,-0.143959,0.911114,0.441208,0.047614,0.028521,-0.098119,0.386618,0.750207,0.527341,-0.424567,-0.867100,0.260540,0.715361,-0.144875,0.683572,0.034112,-0.813777,1.366665,0.098924,0.002208,-0.064340,0.231974,0.163975,0.348011,0.325110,0.863889,6.805246,62.815399,0.000000,1,0.073550,-5.971646,35.178096,38.603622,1.119742,44.915532,0.000000
41.308333,13.500000,1,-0.846995,1.339498,0.335507,0.283910,0.262033,-0.143971,0.911047,0.441871,0.048369,0.028097,-0.097824,0.386865,0.750133,0.527320,-0.424728,-0.866810,0.261242,0.715431,-0.144538,0.683569,0.032717,-0.813777,1.366665,0.098924,0.003158,-0.064680,0.231559,0.164358,0.348046,0.325069,0.863818,6.892974,63.699077,0.000000,1,0.074038,-6.058063,35.336439,38.412492,1.131941,44.782085,0.000000
41.341666,13.533333,1,-0.846748,1.338572,0.335039,0.284448,0.261941,-0.143803,0.910932,0.442444,0.049115,0.027595,-0.097501,0.387302,0.750096,0.527112,-0.425292,-0.866294,0.262033,0.715245,-0.144300,0.683814,0.032008,-0.813777,1.366665,0.098924,0.004072,-0.064934,0.231071,0.164865,0.348218,0.325172,0.863613,6.964639,64.514858,0.000000,1,0.074401,-6.144402,35.499168,38.232006,1.143950,44.653625,0.000000
41.375000,13.566667,1,-0.846422,1.337685,0.334563,0.284827,0.261830,-0.143704,0.910861,0.442937,0.049902,0.027088,-0.097232,0.387588,0.750069,0.526989,-0.425657,-0.865929,0.262648,0.715184,-0.144115,0.683917,0.031734,-0.813777,1.366665,0.098924,0.004996,-0.065099,0.230583,0.165245,0.348298,0.325230,0.863486,7.038883,65.223742,0.000000,1,0.074339,-6.236504,35.654957,38.065633,1.156750,44.534655,0.000000
41.408333,13.600000,1,-0.846006,1.336859,0.334076,0.285008,0.261800,-0.143713,0.910812,0.443328,0.050724,0.026573,-0.097125,0.387736,0.750018,0.526973,-0.425732,-0.865796,0.262961,0.715160,-0.143921,0.683983,0.031366,-0.813777,1.366665,0.098924,0.005919,-0.065155,0.230094,0.165416,0.348359,0.325203,0.863439,7.059537,65.848512,0.000000,1,0.073997,-6.334164,35.801621,37.917847,1.170313,44.428029,0.000000
41.441666,13.633333,1,-0.845514,1.336113,0.333610,0.284835,0.261696,-0.143743,0.910891,0.443609,0.051558,0.026082,-0.097109,0.387537,0.750077,0.527039,-0.425600,-0.865906,0.262816,0.715373,-0.144090,0.683725,0.030236,-0.813777,1.366665,0.098924,0.006815,-0.065106,0.229636,0.165318,0.348185,0.325206,0.863527,7.099034,66.531994,0.000000,1,0.073175,-6.434658,35.932385,37.793600,1.184207,44.337890,0.000000
41.475000,13.666667,1,-0.844971,1.335406,0.333127,0.284917,0.261547,-0.143394,0.910963,0.443828,0.052410,0.025577,-0.096933,0.387540,0.750293,0.526760,-0.426255,-0.865581,0.262825,0.715319,-0.144673,0.683658,0.030419,-0.813777,1.366665,0.098924,0.007707,-0.064991,0.229168,0.165454,0.348078,0.325542,0.863417,7.099080,67.238005,0.000000,1,0.073176,-6.538037,36.059110,37.680070,1.198519,44.254554,0.000000
41.508333,13.700000,1,-0.844465,1.334663,0.332621,0.285443,0.261721,-0.142660,0.910864,0.444097,0.053253,0.025048,-0.096843,0.388076,0.750527,0.526049,-0.427787,-0.864793,0.262928,0.714463,-0.145337,0.684412,0.030936,-0.813777,1.366665,0.098924,0.008609,-0.064925,0.228672,0.165811,0.348454,0.326160,0.862964,7.164583,67.961514,0.000000,1,0.074441,-6.639552,36.195693,37.553908,1.212565,44.162267,0.000000
41.541666,13.733333,1,-0.844063,1.333860,0.332200,0.285978,0.261924,-0.142234,0.910704,0.444480,0.054051,0.024600,-0.096782,0.388638,0.750568,0.525587,-0.428784,-0.864204,0.263242,0.713751,-0.145439,0.685133,0.029774,-0.813777,1.366665,0.098924,0.009504,-0.064986,0.228249,0.166167,0.348874,0.326480,0.862604,7.212810,68.683984,0.000000,1,0.075431,-6.733750,36.330120,37.412301,1.225450,44.062296,0.000000
41.575000,13.766667,1,-0.843769,1.332967,0.331948,0.286172,0.261718,-0.142594,0.910646,0.445006,0.054818,0.024316,-0.096518,0.388724,0.750349,0.525884,-0.428261,-0.864231,0.264003,0.714156,-0.144680,0.684872,0.029184,-0.813777,1.366665,0.098924,0.010414,-0.065203,0.227982,0.166443,0.348802,0.326132,0.862712,7.213073,69.531461,0.000000,1,0.076146,-6.821841,36.450972,37.256624,1.237342,43.958004,0.000000
41.608333,13.800000,1,-0.843548,1.331950,0.331822,0.285920,0.261172,-0.143253,0.910778,0.445680,0.055605,0.024152,-0.096150,0.388266,0.750171,0.526544,-0.427012,-0.864660,0.264621,0.715333,-0.144001,0.683785,0.031452,-0.813777,1.366665,0.098924,0.011388,-0.065559,0.227828,0.166503,0.348225,0.325588,0.863138,7.171364,70.504465,0.000000,1,0.077564,-6.909903,36.567305,37.080817,1.249215,43.844065,0.000000
41.641666,13.833333,1,-0.843369,1.330832,0.331700,0.285364,0.260532,-0.143302,0.911128,0.446459,0.056419,0.023988,-0.095821,0.387489,0.750462,0.526761,-0.426682,-0.864888,0.264408,0.716369,-0.144750,0.682541,0.034155,-0.813777,1.366665,0.098924,0.012424,-0.066005,0.227669,0.166335,0.347392,0.325673,0.863475,7.162177,71.498684,0.000000,1,0.079666,-6.999534,36.696305,36.882058,1.261287,43.715062,0.000000
41.675000,13.866667,1,-0.843193,1.329768,0.331550,0.284893,0.260244,-0.142938,0.911415,0.447196,0.057197,0.023798,-0.095764,0.386938,0.750885,0.526574,-0.427098,-0.864902,0.263687,0.716683,-0.145998,0.681945,0.032661,-0.813777,1.366665,0.098924,0.013413,-0.066422,0.227486,0.166061,0.346892,0.326106,0.863565,7.144959,72.452934,0.000000,1,0.080040,-7.085082,36.825498,36.689356,1.272507,43.589422,0.000000
41.708333,13.900000,1,-0.842984,1.328793,0.331360,0.284512,0.260321,-0.142568,0.911570,0.447842,0.057948,0.023572,-0.095995,0.386629,0.751195,0.526316,-0.427553,-0.864961,0.262756,0.716503,-0.147019,0.681915,0.030470,-0.813777,1.366665,0.098924,0.014346,-0.066760,0.227269,0.165687,0.346760,0.326498,0.863542,7.140296,73.451192,0.000000,1,0.079863,-7.168391,36.951033,36.512204,1.283154,43.473105,0.000000
41.741666,13.933333,1,-0.842748,1.327802,0.331091,0.284202,0.260495,-0.142125,0.911686,0.448480,0.058729,0.023266,-0.096280,0.386425,0.751504,0.525973,-0.428164,-0.864952,0.261789,0.716132,-0.148055,0.682082,0.031614,-0.813777,1.366665,0.098924,0.015307,-0.067075,0.226975,0.165325,0.346744,0.326941,0.863450,7.145803,74.430829,0.000000,1,0.081263,-7.255280,37.090590,36.328059,1.294261,43.350020,0.000000
41.775000,13.966667,1,-0.842583,1.326795,0.330724,0.284451,0.260480,-0.141897,0.911649,0.449170,0.059460,0.022861,-0.096153,0.386638,0.751568,0.525749,-0.428685,-0.864625,0.262018,0.715919,-0.148199,0.682273,0.032529,-0.813777,1.366665,0.098924,0.016243,-0.067451,0.226577,0.165544,0.346842,0.327129,0.863297,7.114961,75.431661,0.000000,1,0.083456,-7.335140,37.253366,36.124683,1.304179,43.211538,0.000000
41.808333,14.000000,1,-0.842534,1.325815,0.330262,0.284487,0.260002,-0.142171,0.911731,0.449905,0.060082,0.022361,-0.095713,0.386461,0.751512,0.526038,-0.428246,-0.864627,0.262728,0.716669,-0.147864,0.681558,0.032550,-0.813777,1.366665,0.098924,0.017095,-0.067899,0.226076,0.165812,0.346448,0.326910,0.863487,7.101716,76.353313,0.000000,1,0.085496,-7.400710,37.437132,35.905329,1.311730,43.059977,0.000000
41.841666,14.033333,1,-0.842511,1.324872,0.329736,0.284258,0.259015,-0.142555,0.912023,0.450624,0.060659,0.021799,-0.094934,0.385826,0.751593,0.526530,-0.427507,-0.864729,0.263595,0.718216,-0.147808,0.679940,0.032385,-0.813777,1.366665,0.098924,0.017901,-0.068342,0.225511,0.166103,0.345481,0.326667,0.863911,7.090025,77.329912,0.000000,1,0.086704,-7.460932,37.630070,35.683857,1.318255,42.905563,0.000000
41.875000,14.066667,1,-0.842438,1.323990,0.329200,0.284256,0.258261,-0.142615,0.912229,0.451263,0.061241,0.021229,-0.094258,0.385491,0.751740,0.526687,-0.427432,-0.864534,0.264352,0.719192,-0.147994,0.678867,0.031043,-0.813777,1.366665,0.098924,0.018684,-0.068710,0.224944,0.166470,0.344814,0.326682,0.864101,7.067552,78.218877,0.000000,1,0.086713,-7.522714,37.815968,35.477008,1.324781,42.760960,0.000000
41.908333,14.100000,1,-0.842366,1.323162,0.328662,0.284468,0.257943,-0.142174,0.912321,0.451859,0.061788,0.020660,-0.093871,0.385535,0.752011,0.526336,-0.428317,-0.864003,0.264658,0.719241,-0.148666,0.678669,0.029684,-0.813777,1.366665,0.098924,0.019420,-0.069049,0.224376,0.166800,0.344616,0.327105,0.863956,7.072627,79.149448,0.000000,1,0.086955,-7.580835,37.996770,35.279418,1.330553,42.622776,0.000000
41.941666,14.133333,1,-0.842365,1.322325,0.328125,0.284905,0.258125,-0.141280,0.912272,0.452506,0.062284,0.020090,-0.093825,0.385995,0.752362,0.525506,-0.430081,-0.863173,0.264504,0.718309,-0.149704,0.679427,0.029839,-0.813777,1.366665,0.098924,0.020126,-0.069452,0.223803,0.167073,0.344950,0.327885,0.863474,7.069198,80.047888,0.000000,1,0.088342,-7.631839,38.182828,35.072149,1.335130,42.478494,0.000000
41.975000,14.166667,1,-0.842379,1.321423,0.327554,0.285454,0.258480,-0.140842,0.912068,0.453213,0.062806,0.019484,-0.093894,0.386635,0.752371,0.525010,-0.431098,-0.862610,0.264688,0.717398,-0.149756,0.680377,0.032037,-0.813777,1.366665,0.098924,0.020878,-0.069901,0.223192,0.167367,0.345511,0.328201,0.863073,7.047678,81.068212,0.000000,1,0.090486,-7.685001,38.383099,34.847384,1.339949,42.322008,0.000000
42.008333,14.200000,1,-0.842322,1.320495,0.326911,0.285542,0.258005,-0.140968,0.912155,0.453895,0.063400,0.018805,-0.093432,0.386505,0.752385,0.525167,-0.430939,-0.862480,0.265367,0.718033,-0.149626,0.679736,0.033928,-0.813777,1.366665,0.098924,0.021692,-0.070297,0.222513,0.167676,0.345139,0.328115,0.863194,7.046847,81.948181,0.000000,1,0.092098,-7.747055,38.595361,34.617760,1.345958,42.160699,0.000000
42.041666,14.233333,1,-0.842196,1.319594,0.326232,0.285389,0.257243,-0.140918,0.912426,0.454512,0.064032,0.018093,-0.092813,0.386033,0.752642,0.525257,-0.430982,-0.862318,0.265822,0.719003,-0.150168,0.678590,0.034029,-0.813777,1.366665,0.098924,0.022519,-0.070617,0.221807,0.167915,0.344389,0.328254,0.863395,7.025220,82.929900,0.000000,1,0.092720,-7.814636,38.807202,34.396444,1.352591,42.004396,0.000000
42.075000,14.266667,1,-0.842056,1.318692,0.325500,0.285717,0.257022,-0.140609,0.912433,0.455120,0.064676,0.017326,-0.092465,0.386223,0.752778,0.524983,-0.431686,-0.861816,0.266310,0.718968,-0.150449,0.678565,0.035135,-0.813777,1.366665,0.098924,0.023358,-0.070922,0.221048,0.168300,0.344338,0.328528,0.863236,7.036587,84.058579,0.000000,1,0.094216,-7.883671,39.028328,34.170566,1.359294,41.844024,0.000000
42.108333,14.300000,1,-0.841988,1.317796,0.324676,0.286245,0.256891,-0.140396,0.912337,0.455763,0.065256,0.016468,-0.092110,0.386633,0.752777,0.524745,-0.432317,-0.861258,0.267090,0.718807,-0.150316,0.678765,0.036573,-0.813777,1.366665,0.098924,0.024151,-0.071274,0.220192,0.168817,0.344468,0.328677,0.863026,7.018332,85.106556,0.000000,1,0.096537,-7.944356,39.269331,33.929390,1.364627,41.671495,0.000000
42.141666,14.333333,1,-0.842026,1.316919,0.323824,0.286622,0.256575,-0.140524,0.912288,0.456453,0.065739,0.015582,-0.091662,0.386830,0.752667,0.524837,-0.432289,-0.860969,0.268064,0.719139,-0.149818,0.678523,0.036679,-0.813777,1.366665,0.098924,0.024870,-0.071702,0.219301,0.169300,0.344377,0.328539,0.863020,7.024462,86.080753,0.000000,1,0.098391,-7.992409,39.520004,33.677093,1.367930,41.491359,0.000000
42.175000,14.366667,1,-0.842161,1.316061,0.322985,0.287348,0.256236,-0.140739,0.912122,0.457187,0.066135,0.014709,-0.091039,0.387329,0.752406,0.524950,-0.432278,-0.860476,0.269660,0.719428,-0.148807,0.678439,0.036225,-0.813777,1.366665,0.098924,0.025522,-0.072202,0.218415,0.170098,0.344437,0.328276,0.862939,7.014576,87.163043,0.000000,1,0.099862,-8.029145,39.772725,33.418063,1.369385,41.307682,0.000000
42.208333,14.400000,1,-0.842389,1.315215,0.322133,0.288305,0.255921,-0.140618,0.911927,0.457967,0.066449,0.013822,-0.090331,0.388040,0.752267,0.524747,-0.432961,-0.859604,0.271339,0.719396,-0.148131,0.678621,0.036679,-0.813777,1.366665,0.098924,0.026112,-0.072772,0.217509,0.171078,0.344617,0.328301,0.862665,7.009477,88.201954,0.000000,1,0.083253,-8.055863,40.038067,33.140396,1.364072,41.122463,0.000000
42.241666,14.433333,1,-0.842701,1.314375,0.321260,0.289202,0.255674,-0.140269,0.911766,0.458791,0.066691,0.012913,-0.089707,0.388726,0.752261,0.524355,-0.434009,-0.858647,0.272694,0.719161,-0.147889,0.678923,0.037523,-0.813777,1.366665,0.098924,0.026652,-0.073406,0.216576,0.171968,0.344818,0.328543,0.862315,6.999286,89.743177,0.000000,1,0.084481,-8.073199,40.308273,32.856630,1.357502,40.932568,0.000000
42.275000,14.466667,1,-0.843080,1.313575,0.320391,0.290031,0.255531,-0.140405,0.911522,0.459626,0.066856,0.012010,-0.089215,0.389401,0.751967,0.524359,-0.434176,-0.858083,0.274198,0.719121,-0.146829,0.679195,0.037209,-0.813777,1.366665,0.098924,0.027121,-0.074076,0.215644,0.172757,0.345098,0.328323,0.862129,6.996045,90.977493,0.000000,1,0.085712,-8.081017,40.577783,32.572705,1.349624,40.742486,0.000000
42.308333,14.500000,1,-0.843515,1.312821,0.319476,0.290512,0.255207,-0.140845,0.911392,0.460454,0.066948,0.011060,-0.088719,0.389691,0.751643,0.524693,-0.433652,-0.857910,0.275568,0.719618,-0.145675,0.678917,0.037900,-0.813777,1.366665,0.098924,0.027522,-0.074762,0.214662,0.173340,0.345063,0.327873,0.862197,7.000635,91.802979,0.000000,1,0.086976,-8.080189,40.854310,32.286524,1.340564,40.549530,0.000000
42.341666,14.533333,1,-0.843939,1.312139,0.318494,0.290744,0.254350,-0.141056,0.911525,0.461216,0.067005,0.010048,-0.087850,0.389521,0.751653,0.524951,-0.433417,-0.857601,0.276894,0.720723,-0.145398,0.677803,0.038046,-0.813777,1.366665,0.098924,0.027869,-0.075394,0.213618,0.173963,0.344426,0.327723,0.862383,6.994708,92.626522,0.000000,1,0.088224,-8.076270,41.134184,32.008308,1.331099,40.360087,0.000000
42.375000,14.566667,1,-0.844292,1.311500,0.317505,0.291477,0.253619,-0.140904,0.911518,0.461901,0.067092,0.009031,-0.086867,0.389849,0.751693,0.524814,-0.434049,-0.856728,0.278602,0.721267,-0.145176,0.677272,0.036887,-0.813777,1.366665,0.098924,0.028219,-0.075943,0.212575,0.174950,0.344128,0.327842,0.862257,6.989013,93.342129,0.000000,1,0.089419,-8.077138,41.406769,31.744184,1.322370,40.179762,0.000000
42.408333,14.600000,1,-0.844613,1.310862,0.316534,0.292507,0.253066,-0.140518,0.911401,0.462567,0.067204,0.008032,-0.085909,0.390517,0.751737,0.524411,-0.435225,-0.855537,0.280421,0.721341,-0.144979,0.677235,0.036168,-0.813777,1.366665,0.098924,0.028585,-0.076467,0.211553,0.176103,0.344121,0.328130,0.861916,6.989429,94.343796,0.000000,1,0.090610,-8.081351,41.674619,31.484301,1.314225,40.002701,0.000000
42.441666,14.633333,1,-0.844953,1.310225,0.315631,0.293353,0.252267,-0.140326,0.911380,0.463246,0.067303,0.007102,-0.084813,0.390915,0.751781,0.524230,-0.435978,-0.854522,0.282337,0.721904,-0.144736,0.676688,0.034668,-0.813777,1.366665,0.098924,0.028940,-0.077012,0.210597,0.177221,0.343814,0.328279,0.861752,6.996101,95.300009,0.000000,1,0.091779,-8.083603,41.931811,31.228146,1.305921,39.829837,0.000000
42.475000,14.666667,1,-0.845259,1.309619,0.314836,0.294169,0.251329,-0.140505,0.911349,0.463883,0.067411,0.006280,-0.083613,0.391229,0.751647,0.524381,-0.436068,-0.853723,0.284610,0.722875,-0.143930,0.675823,0.031376,-0.813777,1.366665,0.098924,0.029286,-0.077521,0.209753,0.178388,0.343388,0.328089,0.861754,7.005479,96.196709,0.000000,1,0.092842,-8.087619,42.164884,30.991075,1.297958,39.672142,0.000000
42.508333,14.700000,1,-0.845462,1.309002,0.314054,0.294740,0.250614,-0.140749,0.911324,0.464468,0.067607,0.005472,-0.082723,0.391424,0.751498,0.524590,-0.435924,-0.853217,0.286343,0.723698,-0.143185,0.675099,0.030491,-0.813777,1.366665,0.098924,0.029698,-0.077952,0.208929,0.179235,0.343042,0.327849,0.861807,7.005902,97.167224,0.000000,1,0.093886,-8.102967,42.390830,30.763570,1.291722,39.520873,0.000000
42.541666,14.733333,1,-0.845608,1.308380,0.313270,0.294903,0.250455,-0.140620,0.911335,0.465022,0.067853,0.004663,-0.082506,0.391496,0.751561,0.524480,-0.436227,-0.852959,0.286647,0.723756,-0.143302,0.675013,0.030342,-0.813777,1.366665,0.098924,0.030145,-0.078338,0.208108,0.179450,0.342975,0.327966,0.861745,6.998571,98.320492,0.000000,1,0.094928,-8.124537,42.614611,30.540286,1.286518,39.372110,0.000000
42.575000,14.766667,1,-0.845761,1.307828,0.312532,0.295240,0.250333,-0.140126,0.911335,0.465527,0.068051,0.003902,-0.082239,0.391737,0.751775,0.524036,-0.437246,-0.852346,0.286918,0.723482,-0.143857,0.675188,0.028013,-0.813777,1.366665,0.098924,0.030528,-0.078696,0.207336,0.179792,0.343008,0.328403,0.861494,6.982803,101.100036,0.000000,1,0.095880,-8.141156,42.822715,30.334190,1.280786,39.235537,0.000000
42.608333,14.800000,1,-0.845941,1.307326,0.311826,0.296181,0.250053,-0.139698,0.911172,0.466009,0.068198,0.003175,-0.081564,0.392446,0.751801,0.523572,-0.438438,-0.851264,0.288308,0.723226,-0.143716,0.675492,0.026554,-0.813777,1.366665,0.098924,0.030855,-0.079053,0.206595,0.180735,0.343198,0.328714,0.861103,6.980874,103.082822,0.000000,1,0.096801,-8.152068,43.021371,30.137598,1.274469,39.105660,0.000000
42.641666,14.833333,1,-0.846173,1.306825,0.311081,0.297126,0.249688,-0.139529,0.910991,0.466521,0.068303,0.002409,-0.080816,0.393123,0.751695,0.523333,-0.439183,-0.850315,0.289971,0.723233,-0.143154,0.675605,0.027813,-0.813777,1.366665,0.098924,0.031154,-0.079449,0.205811,0.181726,0.343325,0.328785,0.860816,6.994035,105.628200,0.000000,1,0.097799,-8.157507,43.230265,29.931264,1.267632,38.968135,0.000000
42.675000,14.866667,1,-0.846444,1.306333,0.310293,0.297516,0.249421,-0.139608,0.910924,0.467046,0.068370,0.001598,-0.080406,0.393354,0.751591,0.523373,-0.439232,-0.849980,0.290877,0.723469,-0.142708,0.675446,0.029041,-0.813777,1.366665,0.098924,0.031424,-0.079868,0.204981,0.182195,0.343282,0.328683,0.860773,6.983221,108.238338,0.000000,1,0.098841,-8.158209,43.448672,29.717623,1.260325,38.824582,0.000000
42.708333,14.900000,1,-0.846690,1.305905,0.309484,0.297889,0.249081,-0.139657,0.910888,0.467505,0.068419,0.000771,-0.079936,0.393536,0.751526,0.523401,-0.439324,-0.849614,0.291806,0.723783,-0.142362,0.675183,0.028442,-0.813777,1.366665,0.098924,0.031654,-0.080230,0.204136,0.182685,0.343164,0.328619,0.860741,6.973368,112.016853,0.000000,1,0.099819,-8.157756,43.662060,29.516731,1.252969,38.688827,0.000000
42.741666,14.933333,1,-0.846831,1.305548,0.308695,0.298824,0.248779,-0.139519,0.910685,0.467845,0.068509,-0.000033,-0.079249,0.394233,0.751388,0.523179,-0.440007,-0.848706,0.293416,0.723736,-0.141728,0.675366,0.026309,-0.813777,1.366665,0.098924,0.031882,-0.080468,0.203323,0.183638,0.343343,0.328655,0.860453,6.987087,115.393240,0.000000,1,0.100455,-8.173563,43.874446,29.297728,1.173059,38.656132,0.000000
42.775000,14.966667,1,-0.846848,1.305223,0.307957,0.299870,0.248616,-0.139340,0.910413,0.468087,0.068679,-0.000783,-0.078637,0.395090,0.751206,0.522886,-0.440813,-0.847728,0.295028,0.723453,-0.140989,0.675824,0.024194,-0.813777,1.366665,0.098924,0.032149,-0.080590,0.202572,0.184619,0.343698,0.328703,0.860083,6.983559,119.523080,0.000000,1,0.101215,-8.190553,44.048279,29.150662,1.170836,38.553212,0.000000
42.808333,15.000000,1,-0.846859,1.304914,0.307271,0.300500,0.248166,-0.139334,0.910329,0.468314,0.068845,-0.001481,-0.077955,0.395451,0.751118,0.522841,-0.441120,-0.847086,0.296409,0.723776,-0.140511,0.675577,0.022568,-0.813777,1.366665,0.098924,0.032406,-0.080702,0.201874,0.185383,0.343605,0.328666,0.859969,6.989674,124.106275,0.000000,1,0.101931,-8.207169,44.210544,29.012740,1.169403,38.456855,0.000000
42.841666,15.033333,1,-0.846937,1.304676,0.306650,0.300622,0.247659,-0.139434,0.910412,0.468527,0.068917,-0.002112,-0.077447,0.395337,0.751139,0.522974,-0.441001,-0.846887,0.297154,0.724416,-0.140415,0.674911,0.020096,-0.813777,1.366665,0.098924,0.032568,-0.080838,0.201238,0.185737,0.343219,0.328601,0.860072,6.986750,129.221733,0.000000,1,0.102577,-8.212820,44.356992,28.888487,1.166784,38.370046,0.000000
42.875000,15.066667,1,-0.847055,1.304524,0.306041,0.300697,0.247239,-0.139489,0.910493,0.468697,0.068904,-0.002727,-0.077038,0.395218,0.751180,0.523064,-0.440938,-0.846724,0.297711,0.724938,-0.140412,0.674351,0.019162,-0.813777,1.366665,0.098924,0.032635,-0.080962,0.200615,0.186008,0.342886,0.328576,0.860156,6.972499,134.469946,0.000000,1,0.103163,-8.209200,44.493606,28.778411,1.163268,38.292109,0.000000
42.908333,15.100000,1,-0.847165,1.304452,0.305448,0.301086,0.246821,-0.139214,0.910520,0.468798,0.068850,-0.003324,-0.076486,0.395377,0.751315,0.522832,-0.441594,-0.846104,0.298501,0.725141,-0.140648,0.674084,0.018233,-0.813777,1.366665,0.098924,0.032638,-0.081037,0.200012,0.186542,0.342693,0.328824,0.860022,6.988502,140.799049,0.000000,1,0.103664,-8.201747,44.617166,28.687619,1.159780,38.226196,0.000000
42.941666,15.133333,1,-0.847235,1.304404,0.304982,0.301908,0.246576,-0.138873,0.910366,0.468861,0.068816,-0.003792,-0.075897,0.395996,0.751313,0.522451,-0.442569,-0.845159,0.299733,0.724939,-0.140463,0.674339,0.014192,-0.813777,1.366665,0.098924,0.032644,-0.081078,0.199541,0.187366,0.342860,0.329060,0.859686,6.997191,146.395325,0.000000,1,0.104044,-8.197141,44.712173,28.619670,1.157320,38.176530,0.000000
42.975000,15.166667,1,-0.847310,1.304345,0.304663,0.302753,0.246428,-0.139103,0.910090,0.468940,0.068787,-0.004114,-0.075394,0.396685,0.750949,0.522525,-0.442567,-0.844595,0.301322,0.724963,-0.139216,0.674572,0.009990,-0.813777,1.366665,0.098924,0.032654,-0.081142,0.199215,0.188174,0.343149,0.328742,0.859516,7.004959,151.208259,0.000000,1,0.104342,-8.192699,44.782188,28.564616,1.155205,38.137374,0.000000
43.008333,15.200000,1,-0.847431,1.304333,0.304314,0.303075,0.246641,-0.139610,0.909847,0.469009,0.068692,-0.004465,-0.075453,0.397072,0.750503,0.522863,-0.441843,-0.844741,0.301973,0.724900,-0.137897,0.674911,0.011098,-0.813777,1.366665,0.098924,0.032600,-0.081217,0.198856,0.188358,0.343516,0.328198,0.859537,6.990685,154.847219,0.000000,1,0.104640,-8.180728,44.855042,28.510767,1.152083,38.098377,0.000000
43.041666,15.233333,1,-0.847551,1.304263,0.303949,0.303371,0.246547,-0.140348,0.909661,0.469124,0.068633,-0.004833,-0.075250,0.397301,0.750002,0.523437,-0.440701,-0.844952,0.303049,0.725364,-0.136330,0.674731,0.011714,-0.813777,1.366665,0.098924,0.032596,-0.081321,0.198480,0.188673,0.343608,0.327465,0.859711,7.000411,157.385846,0.000000,1,0.105002,-8.172263,44.937812,28.442972,1.149059,38.050716,0.000000
43.075000,15.266667,1,-0.847692,1.304116,0.303593,0.303912,0.246223,-0.141066,0.909457,0.469313,0.068603,-0.005196,-0.074733,0.397648,0.749486,0.523987,-0.439706,-0.844876,0.304702,0.726007,-0.134629,0.674381,0.012306,-0.813777,1.366665,0.098924,0.032645,-0.081485,0.198107,0.189313,0.343615,0.326738,0.859844,6.983349,158.269630,0.000000,1,0.105440,-8.166141,45.029701,28.357594,1.145849,37.992638,0.000000
43.108333,15.300000,1,-0.847868,1.303926,0.303243,0.304870,0.245253,-0.141947,0.909261,0.469557,0.068572,-0.005555,-0.073454,0.398081,0.748891,0.524689,-0.438612,-0.844351,0.307720,0.727389,-0.132466,0.673319,0.013071,-0.813777,1.366665,0.098924,0.032711,-0.081702,0.197735,0.190631,0.343259,0.325858,0.860029,7.003228,157.970120,0.000000,1,0.105933,-8.158998,45.128160,28.259552,1.142126,37.927060,0.000000
43.141666,15.333333,1,-0.848049,1.303715,0.302843,0.306087,0.243522,-0.142841,0.909178,0.469820,0.068548,-0.005965,-0.071377,0.398409,0.748375,0.525462,-0.437589,-0.843360,0.311863,0.729611,-0.130320,0.671330,0.014609,-0.813777,1.366665,0.098924,0.032792,-0.081931,0.197313,0.192543,0.342357,0.324995,0.860289,6.992161,157.097010,0.000000,1,0.106483,-8.152473,45.238611,28.151002,1.138211,37.854301,0.000000
43.175000,15.366667,1,-0.848192,1.303685,0.302208,0.306240,0.243780,-0.142989,0.909034,0.469905,0.068441,-0.006602,-0.071544,0.398660,0.748181,0.525525,-0.437410,-0.843419,0.311956,0.729332,-0.129787,0.671737,0.019535,-0.813777,1.366665,0.098924,0.032742,-0.082006,0.196668,0.192552,0.342666,0.324810,0.860234,7.008540,156.963029,0.000000,1,0.107006,-8.139120,45.367434,28.059165,1.133943,37.787424,0.000000
43.208333,15.400000,1,-0.848308,1.303770,0.301528,0.305748,0.244224,-0.143255,0.909039,0.469882,0.068287,-0.007280,-0.072165,0.398421,0.748081,0.525764,-0.436729,-0.844132,0.310981,0.729124,-0.129665,0.671986,0.020869,-0.813777,1.366665,0.098924,0.032613,-0.081993,0.195985,0.191915,0.342831,0.324584,0.860395,7.009442,157.162972,0.000000,1,0.107442,-8.121907,45.489211,27.988988,1.129803,37.732825,0.000000
43.241666,15.433333,1,-0.848427,1.303894,0.300915,0.306216,0.244035,-0.143643,0.908870,0.469831,0.068108,-0.007888,-0.071795,0.398759,0.747747,0.526033,-0.436269,-0.843938,0.312152,0.729422,-0.128560,0.671875,0.019094,-0.813777,1.366665,0.098924,0.032448,-0.081967,0.195371,0.192420,0.342909,0.324167,0.860409,7.019047,157.675980,0.000000,1,0.107800,-8.102096,45.593996,27.934110,1.125729,37.688699,0.000000
43.275000,15.466667,1,-0.848480,1.304058,0.300330,0.307705,0.244128,-0.143531,0.908360,0.469710,0.067958,-0.008467,-0.071219,0.400124,0.747319,0.525684,-0.437169,-0.842700,0.314230,0.728714,-0.127115,0.672918,0.018299,-0.813777,1.366665,0.098924,0.032285,-0.081868,0.194791,0.193660,0.343708,0.324064,0.859851,7.020676,157.854500,0.000000,1,0.108070,-8.086705,45.684771,27.897849,1.122803,37.656333,0.000000
43.308333,15.500000,1,-0.848424,1.304217,0.299850,0.309022,0.243993,-0.143416,0.907967,0.469531,0.067899,-0.008939,-0.070514,0.401234,0.746997,0.525391,-0.437985,-0.841515,0.316261,0.728345,-0.125952,0.673536,0.015249,-0.813777,1.366665,0.098924,0.032185,-0.081690,0.194326,0.194862,0.344221,0.324006,0.859396,7.022364,157.730627,0.000000,1,0.108219,-8.082895,45.749722,27.884666,1.122112,37.639818,0.000000
43.341666,15.533333,1,-0.848353,1.304413,0.299556,0.309533,0.243391,-0.143761,0.907900,0.469321,0.067834,-0.009225,-0.069754,0.401427,0.746766,0.525672,-0.437607,-0.841111,0.317857,0.729106,-0.125052,0.672880,0.010815,-0.813777,1.366665,0.098924,0.032062,-0.081496,0.194048,0.195603,0.343952,0.323659,0.859465,7.019050,158.793224,0.000000,1,0.108201,-8.078691,45.775334,27.901341,1.122146,37.644568,0.000000
43.375000,15.566667,1,-0.848330,1.304714,0.299424,0.309405,0.243729,-0.143741,0.907856,0.469062,0.067669,-0.009344,-0.070114,0.401462,0.746743,0.525630,-0.437593,-0.841318,0.317327,0.728726,-0.125083,0.673285,0.009901,-0.813777,1.366665,0.098924,0.031822,-0.081301,0.193932,0.195328,0.344187,0.323667,0.859431,7.010919,158.610057,0.000000,1,0.107998,-8.063201,45.761377,27.952801,1.121539,37.673074,0.000000
43.408333,15.600000,1,-0.848371,1.305126,0.299500,0.308881,0.244753,-0.143268,0.907834,0.468761,0.067390,-0.009252,-0.071257,0.401442,0.746956,0.525188,-0.438199,-0.841796,0.315214,0.727375,-0.126042,0.674566,0.012613,-0.813777,1.366665,0.098924,0.031454,-0.081119,0.194023,0.194367,0.344819,0.324099,0.859233,7.004716,158.318280,0.000000,1,0.107583,-8.034834,45.700018,28.043173,1.120158,37.728639,0.000000
43.441666,15.633333,1,-0.848460,1.305583,0.299905,0.308405,0.244880,-0.143281,0.907960,0.468465,0.067049,-0.008831,-0.071581,0.401076,0.747071,0.525261,-0.437954,-0.842234,0.314386,0.727396,-0.126479,0.674462,0.018518,-0.813777,1.366665,0.098924,0.031020,-0.080983,0.194440,0.193894,0.344701,0.324140,0.859371,6.992547,157.972984,0.000000,1,0.099063,-7.999377,45.579144,28.168261,1.115263,37.819910,0.000000
43.475000,15.666667,1,-0.848639,1.306113,0.300660,0.308275,0.244235,-0.144159,0.908038,0.468179,0.066599,-0.008058,-0.071075,0.400685,0.746744,0.526093,-0.436349,-0.842670,0.315446,0.728756,-0.125356,0.673202,0.028173,-0.813777,1.366665,0.098924,0.030473,-0.080915,0.195201,0.194112,0.344106,0.323378,0.859847,6.985089,158.002623,0.000000,1,0.095144,-7.950563,45.390930,28.336136,1.108696,37.947145,0.000000
43.508333,15.700000,1,-0.849005,1.306840,0.301727,0.308217,0.243030,-0.145408,0.908182,0.467860,0.065886,-0.006966,-0.070040,0.400114,0.746300,0.527294,-0.434110,-0.843088,0.317414,0.730992,-0.123739,0.671074,0.040269,-0.813777,1.366665,0.098924,0.029657,-0.080926,0.196267,0.194672,0.343066,0.322301,0.860541,6.962920,157.825880,0.000000,1,0.091030,-7.871034,45.134680,28.555903,1.098189,38.115137,0.000000
43.541666,15.733333,1,-0.849547,1.307896,0.302902,0.307816,0.242074,-0.146643,0.908375,0.467387,0.064837,-0.005757,-0.069380,0.399348,0.745915,0.528506,-0.431736,-0.843854,0.318613,0.733027,-0.122405,0.669095,0.050093,-0.813777,1.366665,0.098924,0.028469,-0.080914,0.197440,0.194814,0.342080,0.321259,0.861290,6.961796,157.688746,0.000000,1,0.087240,-7.753960,44.831650,28.833402,1.082813,38.322553,0.000000
43.575000,15.766667,1,-0.850109,1.309280,0.304085,0.307362,0.242126,-0.147643,0.908353,0.466666,0.063574,-0.004526,-0.069644,0.398978,0.745457,0.529395,-0.429780,-0.844856,0.318601,0.733710,-0.121114,0.668581,0.057159,-0.813777,1.366665,0.098924,0.026995,-0.080743,0.198635,0.194415,0.341950,0.320362,0.861766,6.966223,157.728767,0.000000,1,0.083313,-7.615090,44.490816,29.174039,1.064600,38.570509,0.000000
43.608333,15.800000,1,-0.850577,1.310979,0.305332,0.307051,0.243433,-0.148382,0.907988,0.465639,0.062197,-0.003217,-0.070969,0.399288,0.744824,0.529878,-0.428386,-0.846005,0.317429,0.732657,-0.119597,0.670007,0.064788,-0.813777,1.366665,0.098924,0.025307,-0.080327,0.199916,0.193524,0.342988,0.319584,0.861843,6.983203,157.609273,0.000000,1,0.078546,-7.466756,44.097110,29.592799,1.045148,38.870233,0.000000
43.641666,15.833333,1,-0.850989,1.312938,0.306639,0.306752,0.244443,-0.149262,0.907674,0.464374,0.060710,-0.001838,-0.072023,0.399477,0.744167,0.530514,-0.426734,-0.847126,0.316662,0.732040,-0.117945,0.670975,0.071712,-0.813777,1.366665,0.098924,0.023433,-0.079730,0.201273,0.192790,0.343775,0.318693,0.862024,6.958511,157.397262,0.000000,1,0.074499,-7.308089,43.660986,30.072498,1.024400,39.210416,0.000000
43.675000,15.866667,1,-0.851447,1.315123,0.307949,0.306801,0.244781,-0.150615,0.907343,0.462956,0.059049,-0.000447,-0.072330,0.399685,0.743272,0.531571,-0.424402,-0.848022,0.317400,0.732385,-0.115369,0.671046,0.077651,-0.813777,1.366665,0.098924,0.021343,-0.079049,0.202640,0.192692,0.344158,0.317363,0.862384,6.962070,157.159358,0.000000,1,0.071618,-7.129996,43.203633,30.588354,1.001150,39.573432,0.000000
43.708333,15.900000,1,-0.852047,1.317481,0.309265,0.307038,0.245383,-0.151798,0.906903,0.461486,0.057172,0.000954,-0.072787,0.400174,0.742355,0.532421,-0.422460,-0.848745,0.318055,0.732236,-0.112777,0.671649,0.082979,-0.813777,1.366665,0.098924,0.019030,-0.078392,0.204009,0.192626,0.344857,0.316144,0.862567,6.950259,157.156608,0.000000,1,0.069620,-6.925495,42.737209,31.118589,0.974393,39.945164,0.000000
43.741666,15.933333,1,-0.852867,1.319960,0.310593,0.307000,0.246266,-0.153042,0.906467,0.460052,0.055046,0.002371,-0.073619,0.400544,0.741422,0.533327,-0.420285,-0.849816,0.318077,0.731866,-0.110253,0.672471,0.087883,-0.813777,1.366665,0.098924,0.016497,-0.077854,0.205377,0.192187,0.345675,0.314878,0.862801,6.965335,157.373091,0.000000,1,0.068454,-6.689131,42.271862,31.644094,0.943264,40.313332,0.000000
43.775000,15.966667,1,-0.853971,1.322406,0.311941,0.306591,0.246627,-0.155096,0.906158,0.458815,0.052715,0.003803,-0.074160,0.400362,0.740241,0.535027,-0.416494,-0.851479,0.318616,0.732715,-0.106913,0.672085,0.090096,-0.813777,1.366665,0.098924,0.013836,-0.077573,0.206741,0.191695,0.345887,0.312932,0.863533,6.954096,157.619327,0.000000,1,0.068467,-6.423597,41.827077,32.128640,0.908049,40.654483,0.000000
43.808333,16.000000,1,-0.855288,1.324795,0.313344,0.305979,0.245908,-0.157978,0.906062,0.457755,0.050247,0.005286,-0.073835,0.399531,0.738870,0.537582,-0.411108,-0.853405,0.320453,0.735408,-0.102760,0.669788,0.092036,-0.813777,1.366665,0.098924,0.011106,-0.077505,0.208139,0.191569,0.345081,0.310312,0.864828,6.945286,157.831634,0.000000,1,0.068234,-6.137756,41.395262,32.578261,0.869839,40.973636,0.000000
43.841666,16.033333,1,-0.856655,1.327164,0.314699,0.305791,0.244663,-0.161048,0.905922,0.456739,0.047751,0.006719,-0.072854,0.398847,0.737362,0.540288,-0.405562,-0.854891,0.323545,0.738660,-0.098020,0.666913,0.091571,-0.813777,1.366665,0.098924,0.008366,-0.077487,0.209484,0.192069,0.344024,0.307496,0.866143,6.900711,157.860873,0.000000,1,0.067354,-5.846466,40.980291,33.008346,0.830639,41.278375,0.000000
43.875000,16.066667,1,-0.857907,1.329490,0.315916,0.305819,0.243639,-0.163980,0.905663,0.455682,0.045371,0.008014,-0.071974,0.398450,0.735808,0.542811,-0.400351,-0.856166,0.326649,0.741453,-0.093186,0.664502,0.087257,-0.813777,1.366665,0.098924,0.005726,-0.077382,0.210699,0.192645,0.343261,0.304758,0.867285,6.837228,157.811917,0.000000,1,0.065878,-5.568289,40.590039,33.425097,0.793116,41.570464,0.000000
43.908333,16.100000,1,-0.858980,1.331719,0.316881,0.306111,0.243297,-0.166785,0.905144,0.454587,0.043188,0.009055,-0.071588,0.398589,0.734083,0.545092,-0.395500,-0.857353,0.329431,0.743216,-0.088004,0.663238,0.079640,-0.813777,1.366665,0.098924,0.003266,-0.077157,0.211674,0.193114,0.343225,0.302041,0.868145,6.728720,157.733118,0.000000,1,0.064991,-5.313350,40.246082,33.815813,0.758815,41.838461,0.000000
43.941666,16.133333,1,-0.859889,1.333818,0.317603,0.306964,0.243349,-0.168802,0.904467,0.453486,0.041210,0.009850,-0.071294,0.399392,0.732565,0.546581,-0.392332,-0.857762,0.332145,0.743864,-0.083469,0.663098,0.071967,-0.813777,1.366665,0.098924,0.001006,-0.076843,0.212414,0.193862,0.343774,0.299972,0.868478,6.605199,157.748276,0.000000,1,0.064642,-5.082277,39.950638,34.175007,0.727888,42.078978,0.000000
43.975000,16.166667,1,-0.860617,1.335803,0.318179,0.307825,0.243793,-0.170137,0.903804,0.452363,0.039443,0.010497,-0.071337,0.400369,0.731369,0.547462,-0.390392,-0.857916,0.334027,0.743672,-0.079980,0.663743,0.065744,-0.813777,1.366665,0.098924,-0.001058,-0.076427,0.213019,0.194414,0.344644,0.298523,0.868509,6.493976,157.826157,0.000000,1,0.063752,-4.876259,39.683597,34.517038,0.700540,42.304217,0.000000
44.008333,16.200000,1,-0.861201,1.337680,0.318676,0.308285,0.244036,-0.171438,0.903336,0.451236,0.037855,0.011061,-0.071375,0.400898,0.730366,0.548408,-0.388309,-0.858306,0.335452,0.743849,-0.077058,0.663891,0.060830,-0.813777,1.366665,0.098924,-0.002954,-0.075941,0.213551,0.194717,0.345139,0.297179,0.868705,6.440895,157.973901,0.000000,1,0.062788,-4.691233,39.434757,34.845620,0.676198,42.518452,0.000000
44.041666,16.233333,1,-0.861703,1.339385,0.319052,0.309104,0.243614,-0.172574,0.902953,0.450192,0.036435,0.011500,-0.070655,0.401453,0.729499,0.549249,-0.386667,-0.858083,0.337910,0.744624,-0.074322,0.663334,0.054491,-0.813777,1.366665,0.098924,-0.004659,-0.075469,0.213963,0.195650,0.345215,0.296003,0.868867,6.399068,158.067724,0.000000,1,0.062993,-4.525241,39.220956,35.139317,0.654641,42.706445,0.000000
44.075000,16.266667,1,-0.862134,1.340884,0.319290,0.310391,0.243035,-0.173711,0.902450,0.449264,0.035192,0.011792,-0.069587,0.402353,0.728514,0.550034,-0.385241,-0.857412,0.341225,0.745418,-0.071151,0.662790,0.047356,-0.813777,1.366665,0.098924,-0.006153,-0.075037,0.214233,0.197064,0.345376,0.294775,0.868901,6.339376,158.082971,0.000000,1,0.063871,-4.379418,39.049312,35.389781,0.636087,42.862179,0.000000
44.108333,16.300000,1,-0.862480,1.342225,0.319426,0.311574,0.242852,-0.174912,0.901859,0.448408,0.034111,0.011977,-0.068923,0.403337,0.727429,0.550832,-0.383667,-0.856981,0.344070,0.745784,-0.067806,0.662728,0.041737,-0.813777,1.366665,0.098924,-0.007466,-0.074610,0.214402,0.198197,0.345842,0.293461,0.868903,6.298892,158.072317,0.000000,1,0.064371,-4.252514,38.907679,35.610538,0.620346,42.995696,0.000000
44.141666,16.333333,1,-0.862653,1.343491,0.319353,0.313308,0.242535,-0.175993,0.901133,0.447500,0.033210,0.011953,-0.067892,0.404751,0.726266,0.551457,-0.382572,-0.855968,0.347790,0.746051,-0.064144,0.662792,0.038383,-0.813777,1.366665,0.098924,-0.008621,-0.074060,0.214373,0.199869,0.346451,0.292197,0.868703,6.245265,158.054355,0.000000,1,0.064875,-4.147995,38.800692,35.817387,0.607959,43.114492,0.000000
44.175000,16.366667,1,-0.862556,1.344667,0.318999,0.315584,0.241833,-0.176381,0.900452,0.446490,0.032574,0.011646,-0.066263,0.406469,0.725439,0.551480,-0.382957,-0.853999,0.352179,0.746263,-0.061305,0.662822,0.036966,-0.813777,1.366665,0.098924,-0.009552,-0.073307,0.214082,0.202185,0.346950,0.291561,0.868181,6.200171,158.110580,0.000000,1,0.065840,-4.077008,38.736581,36.012594,0.600725,43.217991,0.000000
44.208333,16.400000,1,-0.862185,1.345674,0.318471,0.317408,0.241517,-0.175860,0.899997,0.445443,0.032257,0.011163,-0.065165,0.407947,0.725232,0.550792,-0.384764,-0.852072,0.354867,0.745736,-0.060416,0.663497,0.035873,-0.813777,1.366665,0.098924,-0.010190,-0.072401,0.213633,0.203905,0.347533,0.291836,0.867453,6.213038,158.158680,0.000000,1,0.066722,-4.045700,38.704118,36.192129,0.599694,43.306617,0.000000
44.241666,16.433333,1,-0.861651,1.346488,0.317773,0.318760,0.241801,-0.175252,0.899561,0.444445,0.032182,0.010503,-0.064813,0.409268,0.725096,0.550031,-0.386530,-0.850703,0.356229,0.744600,-0.059931,0.664815,0.035948,-0.813777,1.366665,0.098924,-0.010578,-0.071447,0.213020,0.204925,0.348413,0.292207,0.866735,6.254046,158.227509,0.000000,1,0.068556,-4.044321,38.711698,36.339891,0.603403,43.369855,0.000000
44.275000,16.466667,1,-0.861016,1.347155,0.316883,0.320638,0.242642,-0.174613,0.898792,0.443498,0.032274,0.009646,-0.064728,0.411302,0.724675,0.549077,-0.388648,-0.849052,0.357860,0.742560,-0.058689,0.667203,0.038427,-0.813777,1.366665,0.098924,-0.010785,-0.070472,0.212216,0.206126,0.350040,0.292483,0.865701,6.321419,158.279251,0.000000,1,0.070865,-4.063485,38.762988,36.454327,0.610379,43.406108,0.000000
44.308333,16.500000,1,-0.860319,1.347683,0.315910,0.322899,0.243109,-0.173834,0.898007,0.442621,0.032498,0.008702,-0.064137,0.413512,0.724292,0.547993,-0.391180,-0.846856,0.360296,0.740771,-0.057424,0.669299,0.039236,-0.813777,1.366665,0.098924,-0.010841,-0.069512,0.211329,0.207838,0.351516,0.292868,0.864563,6.412972,158.320199,0.000000,1,0.072395,-4.098717,38.839813,36.542553,0.619901,43.423388,0.000000
44.341666,16.533333,1,-0.859546,1.348101,0.314916,0.325072,0.243220,-0.172674,0.897416,0.441784,0.032848,0.007733,-0.063256,0.415480,0.724249,0.546661,-0.394321,-0.844401,0.362627,0.739274,-0.057076,0.670982,0.039827,-0.813777,1.366665,0.098924,-0.010764,-0.068546,0.210422,0.209640,0.352616,0.293665,0.863408,6.470280,158.349410,0.000000,1,0.073161,-4.149613,38.927628,36.616837,0.631888,43.431613,0.000000
44.375000,16.566667,1,-0.858653,1.348440,0.313903,0.326616,0.243751,-0.171176,0.896999,0.440938,0.033342,0.006744,-0.063026,0.417073,0.724526,0.545105,-0.397776,-0.842459,0.363369,0.737313,-0.057822,0.673072,0.041766,-0.813777,1.366665,0.098924,-0.010555,-0.067522,0.209502,0.210688,0.353769,0.294841,0.862280,6.482718,158.388192,0.000000,1,0.073576,-4.218871,39.020395,36.687369,0.646768,43.437611,0.000000
44.408333,16.600000,1,-0.857729,1.348659,0.312925,0.327930,0.244183,-0.170002,0.896625,0.440171,0.033933,0.005785,-0.062813,0.418419,0.724701,0.543864,-0.400533,-0.840842,0.364085,0.735714,-0.058274,0.674781,0.040882,-0.813777,1.366665,0.098924,-0.010228,-0.066541,0.208615,0.211592,0.354737,0.295744,0.861351,6.350868,158.414513,0.000000,1,0.074138,-4.299907,39.117589,36.742292,0.663523,43.435108,0.000000
44.441666,16.633333,1,-0.856832,1.348789,0.311986,0.329495,0.244286,-0.169060,0.896201,0.439491,0.034556,0.004861,-0.062198,0.419847,0.724719,0.542809,-0.402979,-0.838996,0.365641,0.734542,-0.058174,0.676065,0.039157,-0.813777,1.366665,0.098924,-0.009843,-0.065633,0.207760,0.212877,0.355546,0.296413,0.860471,6.124515,158.460333,0.000000,1,0.074671,-4.384532,39.218736,36.781207,0.680822,43.423966,0.000000
44.475000,16.666667,1,-0.855918,1.348890,0.310995,0.330964,0.244274,-0.168135,0.895837,0.438823,0.035209,0.003884,-0.061523,0.421138,0.724783,0.541799,-0.405337,-0.837194,0.367163,0.733555,-0.058192,0.677135,0.040542,-0.813777,1.366665,0.098924,-0.009424,-0.064723,0.206853,0.214135,0.356208,0.297089,0.859651,6.078568,158.508656,0.000000,1,0.075521,-4.473037,39.331777,36.810850,0.698688,43.405992,0.000000
44.508333,16.700000,1,-0.855055,1.348964,0.309917,0.332350,0.244403,-0.167313,0.895442,0.438204,0.035838,0.002819,-0.061013,0.422419,0.724777,0.540868,-0.407479,-0.835563,0.368504,0.732471,-0.058049,0.678319,0.041485,-0.813777,1.366665,0.098924,-0.009007,-0.063862,0.205854,0.215254,0.356958,0.297662,0.858862,6.161383,158.570448,0.000000,1,0.077020,-4.558319,39.466650,36.820903,0.715981,43.373411,0.000000
44.541666,16.733333,1,-0.854292,1.349054,0.308822,0.333933,0.244789,-0.166641,0.894873,0.437632,0.036376,0.001736,-0.060649,0.423989,0.724548,0.539985,-0.409475,-0.833920,0.370009,0.731062,-0.057298,0.679901,0.040148,-0.813777,1.366665,0.098924,-0.008661,-0.063073,0.204830,0.216420,0.358039,0.298037,0.857989,5.646760,158.602356,0.000000,1,0.077704,-4.631814,39.609867,36.819905,0.731277,43.333856,0.000000
44.575000,16.766667,1,-0.853561,1.349229,0.307730,0.335505,0.245092,-0.166075,0.894307,0.437011,0.036837,0.000660,-0.060218,0.425515,0.724274,0.539201,-0.411273,-0.832306,0.371647,0.729811,-0.056399,0.681319,0.039759,-0.813777,1.366665,0.098924,-0.008402,-0.062266,0.203811,0.217620,0.359045,0.298316,0.857167,5.739433,158.643514,0.000000,1,0.077344,-4.696330,39.747046,36.829193,0.744976,43.301973,0.000000
44.608333,16.800000,1,-0.852799,1.349493,0.306633,0.336793,0.245140,-0.165387,0.893937,0.436301,0.037270,-0.000418,-0.059681,0.426674,0.724231,0.538402,-0.413123,-0.830784,0.372998,0.728926,-0.056145,0.682286,0.040845,-0.813777,1.366665,0.098924,-0.008201,-0.061384,0.202794,0.218696,0.359683,0.298778,0.856465,5.901686,158.687247,0.000000,1,0.076766,-4.758268,39.875726,36.855819,0.758120,43.282012,0.000000
44.641666,16.833333,1,-0.852036,1.349834,0.305559,0.338527,0.245181,-0.164503,0.893434,0.435529,0.037657,-0.001470,-0.058937,0.428224,0.724149,0.537362,-0.415537,-0.828738,0.374864,0.727784,-0.055732,0.683538,0.040814,-0.813777,1.366665,0.098924,-0.008064,-0.060461,0.201803,0.220157,0.360522,0.299360,0.855534,6.209195,158.699974,0.000000,1,0.076055,-4.815292,39.993541,36.897284,0.770361,43.273057,0.000000
44.675000,16.866667,1,-0.851336,1.350215,0.304497,0.340331,0.245390,-0.163801,0.892820,0.434764,0.037970,-0.002508,-0.058318,0.429913,0.723888,0.536433,-0.417678,-0.826777,0.376808,0.726492,-0.054829,0.684984,0.039836,-0.813777,1.366665,0.098924,-0.007995,-0.059570,0.200821,0.221599,0.361552,0.299738,0.854594,6.359463,158.767019,0.000000,1,0.075966,-4.863009,40.109670,36.939232,0.781034,43.265265,0.000000
44.708333,16.900000,1,-0.850720,1.350662,0.303472,0.341507,0.245034,-0.163353,0.892551,0.433998,0.038178,-0.003509,-0.057471,0.430796,0.723824,0.535902,-0.419012,-0.825314,0.378531,0.726281,-0.054448,0.685238,0.038305,-0.813777,1.366665,0.098924,-0.008027,-0.058717,0.199872,0.222779,0.361789,0.300018,0.854089,6.338646,158.802322,0.000000,1,0.075499,-4.897420,40.218413,36.986191,0.789471,43.262280,0.000000
44.741666,16.933333,1,-0.850156,1.351179,0.302479,0.342763,0.244478,-0.162822,0.892319,0.433208,0.038302,-0.004475,-0.056408,0.431661,0.723826,0.535315,-0.420511,-0.823649,0.380490,0.726252,-0.054213,0.685287,0.037606,-0.813777,1.366665,0.098924,-0.008147,-0.057873,0.198953,0.224124,0.361883,0.300384,0.853568,6.316921,158.828542,0.000000,1,0.074913,-4.921433,40.318455,37.041956,0.796137,43.266365,0.000000
44.775000,16.966667,1,-0.849631,1.351723,0.301549,0.344295,0.244793,-0.162169,0.891762,0.432424,0.038379,-0.005377,-0.056004,0.433155,0.723600,0.534456,-0.422440,-0.821982,0.381956,0.724948,-0.053466,0.686725,0.035963,-0.813777,1.366665,0.098924,-0.008311,-0.057052,0.198095,0.225281,0.362878,0.300743,0.852714,6.293312,158.845559,0.000000,1,0.074266,-4.939580,40.407542,37.103431,0.801789,43.276317,0.000000
44.808333,17.000000,1,-0.849157,1.352327,0.300750,0.345647,0.245295,-0.161935,0.891143,0.431626,0.038382,-0.006146,-0.055855,0.434576,0.723136,0.533946,-0.423565,-0.820778,0.383298,0.723684,-0.052092,0.688163,0.033240,-0.813777,1.366665,0.098924,-0.008554,-0.056253,0.197367,0.226198,0.363969,0.300708,0.852019,6.021435,158.878487,0.000000,1,0.072661,-4.948313,40.470457,37.182190,0.805822,43.301647,0.000000
44.841666,17.033333,1,-0.848729,1.352939,0.300099,0.346329,0.245121,-0.161952,0.890923,0.430856,0.038346,-0.006769,-0.055399,0.435105,0.722919,0.533856,-0.423857,-0.820079,0.384470,0.723661,-0.051361,0.688242,0.029719,-0.813777,1.366665,0.098924,-0.008829,-0.055503,0.196781,0.226871,0.364147,0.300598,0.851803,5.896445,158.908151,0.000000,1,0.071236,-4.951712,40.508977,37.271168,0.808937,43.338081,0.000000
44.875000,17.066667,1,-0.848359,1.353470,0.299579,0.346675,0.244515,-0.161800,0.890982,0.430190,0.038313,-0.007264,-0.054699,0.435144,0.723027,0.533751,-0.424235,-0.819437,0.385419,0.724229,-0.051519,0.687632,0.024911,-0.813777,1.366665,0.098924,-0.009070,-0.054857,0.196318,0.227462,0.363772,0.300745,0.851753,5.924646,158.946873,0.000000,1,0.070656,-4.954422,40.534468,37.352621,0.811942,43.373532,0.000000
44.908333,17.100000,1,-0.848067,1.353908,0.299172,0.347173,0.243924,-0.161585,0.890990,0.429649,0.038276,-0.007649,-0.053945,0.435322,0.723114,0.533564,-0.424798,-0.818622,0.386529,0.724689,-0.051607,0.687141,0.019964,-0.813777,1.366665,0.098924,-0.009275,-0.054337,0.195958,0.228175,0.363481,0.300927,0.851622,6.017450,159.362621,0.000000,1,0.070482,-4.955240,40.552184,37.420694,0.814639,43.403672,0.000000
44.941666,17.133333,1,-0.847795,1.354326,0.298839,0.347445,0.243413,-0.161705,0.891001,0.429140,0.038237,-0.007963,-0.053368,0.435340,0.723059,0.533681,-0.424672,-0.818233,0.387490,0.725301,-0.051326,0.686516,0.017985,-0.813777,1.366665,0.098924,-0.009475,-0.053852,0.195667,0.228661,0.363167,0.300813,0.851666,6.019057,159.495326,0.000000,1,0.069922,-4.955370,40.559894,37.489856,0.817178,43.436714,0.000000
44.975000,17.166667,1,-0.847447,1.354763,0.298544,0.347603,0.243050,-0.161944,0.890995,0.428570,0.038247,-0.008237,-0.052976,0.435323,0.722940,0.533896,-0.424297,-0.818073,0.388237,0.725826,-0.050898,0.685993,0.018972,-0.813777,1.366665,0.098924,-0.009650,-0.053296,0.195422,0.228979,0.362933,0.300590,0.851759,6.549767,159.699780,0.000000,1,0.068905,-4.962492,40.554864,37.574186,0.820802,43.480770,0.000000
45.008333,17.200000,1,-0.846979,1.355240,0.298241,0.348143,0.242972,-0.161860,0.890822,0.427896,0.038329,-0.008516,-0.052666,0.435767,0.722813,0.533737,-0.424702,-0.817485,0.389034,0.725683,-0.050464,0.686176,0.022007,-0.813777,1.366665,0.098924,-0.009793,-0.052618,0.195181,0.229481,0.363122,0.300591,0.851543,7.313366,159.795241,0.000000,1,0.067949,-4.980039,40.541360,37.677137,0.826100,43.536674,0.000000
45.041666,17.233333,1,-0.846428,1.355718,0.297921,0.348791,0.243223,-0.161608,0.890545,0.427172,0.038477,-0.008811,-0.052602,0.436452,0.722671,0.533376,-0.425486,-0.816827,0.389557,0.724994,-0.050041,0.686935,0.023889,-0.813777,1.366665,0.098924,-0.009891,-0.051869,0.194930,0.229913,0.363649,0.300707,0.851161,7.633227,159.661165,0.000000,1,0.067512,-5.006767,40.526679,37.787164,0.832929,43.596582,0.000000
45.075000,17.266667,1,-0.845864,1.356128,0.297614,0.349259,0.243639,-0.161176,0.890326,0.426493,0.038675,-0.009096,-0.052762,0.437047,0.722666,0.532879,-0.426513,-0.816306,0.389527,0.724068,-0.050061,0.687910,0.022853,-0.813777,1.366665,0.098924,-0.009926,-0.051147,0.194689,0.230106,0.364226,0.301011,0.850755,7.475597,159.507098,0.000000,1,0.067589,-5.039572,40.515286,37.888049,0.840829,43.650829,0.000000
45.108333,17.300000,1,-0.845331,1.356480,0.297273,0.350174,0.243687,-0.160529,0.890070,0.425879,0.038885,-0.009417,-0.052390,0.437874,0.722713,0.532173,-0.428095,-0.815096,0.390324,0.723336,-0.050116,0.688675,0.021731,-0.813777,1.366665,0.098924,-0.009928,-0.050478,0.194410,0.230861,0.364684,0.301482,0.850187,7.217024,159.298961,0.000000,1,0.068249,-5.073204,40.517245,37.972082,0.848930,43.693045,0.000000
45.141666,17.333333,1,-0.844833,1.356825,0.296819,0.351600,0.243527,-0.160162,0.889618,0.425287,0.039067,-0.009853,-0.051611,0.439067,0.722448,0.531626,-0.429420,-0.813465,0.392266,0.722822,-0.049188,0.689281,0.022726,-0.813777,1.366665,0.098924,-0.009943,-0.049833,0.194014,0.232161,0.365219,0.301619,0.849554,7.084470,159.153418,0.000000,1,0.069352,-5.103300,40.542710,38.039758,0.856473,43.721239,0.000000
45.175000,17.366667,1,-0.844399,1.357174,0.296325,0.352791,0.243628,-0.159904,0.889165,0.424729,0.039196,-0.010327,-0.051173,0.440167,0.722140,0.531176,-0.430467,-0.812216,0.393705,0.722118,-0.048210,0.690088,0.022307,-0.813777,1.366665,0.098924,-0.009996,-0.049235,0.193574,0.233135,0.365877,0.301663,0.848989,7.096166,159.198951,0.000000,1,0.069871,-5.126088,40.578802,38.096948,0.862788,43.741516,0.000000
45.208333,17.400000,1,-0.843987,1.357494,0.295855,0.353221,0.243574,-0.159779,0.889032,0.424208,0.039325,-0.010780,-0.050932,0.440524,0.722069,0.531000,-0.430890,-0.811711,0.394283,0.721963,-0.047955,0.690268,0.021073,-0.813777,1.366665,0.098924,-0.010037,-0.048673,0.193155,0.233529,0.366032,0.301717,0.848794,7.186471,159.252888,0.000000,1,0.069901,-5.148505,40.614670,38.148931,0.869023,43.759200,0.000000
45.241666,17.433333,1,-0.843543,1.357768,0.295427,0.353949,0.243705,-0.159571,0.888744,0.423706,0.039508,-0.011193,-0.050725,0.441227,0.721895,0.530673,-0.431626,-0.810943,0.395058,0.721417,-0.047410,0.690876,0.020234,-0.813777,1.366665,0.098924,-0.010021,-0.048115,0.192777,0.234090,0.366493,0.301787,0.848416,7.246420,159.276232,0.000000,1,0.069689,-5.177786,40.645669,38.200005,0.876388,43.777657,0.000000
45.275000,17.466667,1,-0.843100,1.358022,0.295020,0.355564,0.243731,-0.159089,0.888178,0.423221,0.039704,-0.011585,-0.050029,0.442668,0.721579,0.529968,-0.433263,-0.809120,0.397000,0.720534,-0.046358,0.691868,0.019610,-0.813777,1.366665,0.098924,-0.009990,-0.047568,0.192420,0.235460,0.367280,0.301982,0.847626,7.249023,159.329334,0.000000,1,0.069572,-5.208527,40.674614,38.249762,0.883975,43.795994,0.000000
45.308333,17.500000,1,-0.842705,1.358304,0.294640,0.356721,0.242844,-0.159027,0.887968,0.422744,0.039844,-0.011949,-0.048721,0.443303,0.721389,0.529817,-0.433841,-0.807604,0.399446,0.721212,-0.045553,0.691215,0.018490,-0.813777,1.366665,0.098924,-0.010008,-0.047050,0.192087,0.236889,0.367055,0.301931,0.847344,7.206189,159.384782,0.000000,1,0.069238,-5.232047,40.699030,38.301501,0.890301,43.816486,0.000000
45.341666,17.533333,1,-0.842400,1.358569,0.294318,0.357230,0.241861,-0.159351,0.887974,0.422337,0.039922,-0.012257,-0.047620,0.443326,0.721229,0.530117,-0.433417,-0.806893,0.401340,0.722449,-0.044877,0.689966,0.015485,-0.813777,1.366665,0.098924,-0.010063,-0.046622,0.191804,0.237812,0.366448,0.301623,0.847458,7.209171,159.479397,0.000000,1,0.069115,-5.246725,40.718855,38.346851,0.895111,43.834667,0.000000
45.375000,17.566667,1,-0.842170,1.358769,0.294009,0.357992,0.241642,-0.159420,0.887714,0.422028,0.039981,-0.012555,-0.047088,0.443907,0.720951,0.530056,-0.433646,-0.806094,0.402695,0.722484,-0.043974,0.689988,0.013017,-0.813777,1.366665,0.098924,-0.010103,-0.046292,0.191525,0.238577,0.366627,0.301449,0.847227,7.181940,159.601885,0.000000,1,0.069789,-5.257736,40.745943,38.374551,0.899297,43.841873,0.000000
45.408333,17.600000,1,-0.841993,1.358949,0.293663,0.358983,0.241378,-0.159505,0.887370,0.421765,0.040008,-0.012893,-0.046415,0.444671,0.720587,0.529969,-0.433956,-0.805057,0.404432,0.722499,-0.042800,0.690046,0.012858,-0.813777,1.366665,0.098924,-0.010155,-0.046014,0.191203,0.239561,0.366879,0.301226,0.846920,7.209743,159.823206,0.000000,1,0.070548,-5.264190,40.784621,38.389316,0.902668,43.839669,0.000000
45.441666,17.633333,1,-0.841789,1.359139,0.293300,0.359994,0.241431,-0.159449,0.886956,0.421476,0.040052,-0.013246,-0.046016,0.445592,0.720227,0.529720,-0.434558,-0.804046,0.405794,0.722028,-0.041687,0.690606,0.013737,-0.813777,1.366665,0.098924,-0.010201,-0.045706,0.190867,0.240406,0.367415,0.301105,0.846491,7.229105,159.270995,0.000000,1,0.070525,-5.272961,40.824186,38.406813,0.906345,43.838883,0.000000
45.475000,17.666667,1,-0.841514,1.359344,0.292935,0.360949,0.242317,-0.159097,0.886389,0.421133,0.040142,-0.013599,-0.046385,0.446829,0.719873,0.529126,-0.435747,-0.803261,0.406075,0.720355,-0.040738,0.692408,0.015029,-0.813777,1.366665,0.098924,-0.010221,-0.045331,0.190536,0.240792,0.368649,0.301203,0.845810,7.232639,159.328104,0.000000,1,0.070129,-5.288543,40.859392,38.433739,0.911087,43.844269,0.000000
45.508333,17.700000,1,-0.841202,1.359567,0.292541,0.362051,0.243350,-0.158446,0.885773,0.420753,0.040250,-0.013981,-0.046817,0.448258,0.719609,0.528238,-0.437545,-0.802222,0.406195,0.718279,-0.040059,0.694601,0.016483,-0.813777,1.366665,0.098924,-0.010235,-0.044913,0.190179,0.241226,0.370070,0.301550,0.844941,7.220690,159.389980,0.000000,1,0.070097,-5.307022,40.896620,38.464399,0.916262,43.851302,0.000000
45.541666,17.733333,1,-0.840877,1.359831,0.292096,0.362806,0.243397,-0.158056,0.885521,0.420330,0.040345,-0.014412,-0.046520,0.448945,0.719547,0.527766,-0.438598,-0.801274,0.406929,0.717735,-0.039824,0.695177,0.018340,-0.813777,1.366665,0.098924,-0.010276,-0.044456,0.189775,0.241846,0.370462,0.301794,0.844505,7.213564,159.407191,0.000000,1,0.070197,-5.324192,40.939208,38.498086,0.921159,43.858827,0.000000
45.575000,17.766667,1,-0.840552,1.360137,0.291632,0.362966,0.242455,-0.158304,0.885670,0.419873,0.040413,-0.014860,-0.045608,0.448674,0.719554,0.528067,-0.438131,-0.800871,0.408225,0.719019,-0.039675,0.693857,0.019313,-0.813777,1.366665,0.098924,-0.010352,-0.043975,0.189354,0.242447,0.369717,0.301613,0.844724,7.211361,159.325613,0.000000,1,0.070039,-5.338475,40.981769,38.536811,0.925512,43.869128,0.000000
45.608333,17.800000,1,-0.840277,1.360402,0.291259,0.363176,0.242007,-0.158556,0.885662,0.419482,0.040467,-0.015220,-0.045116,0.448664,0.719425,0.528292,-0.437744,-0.800617,0.409136,0.719649,-0.039216,0.693230,0.016021,-0.813777,1.366665,0.098924,-0.010423,-0.043567,0.189017,0.242851,0.369433,0.301376,0.844816,7.223539,159.215650,0.000000,1,0.069683,-5.349985,41.013901,38.572424,0.929377,43.880215,0.000000
45.641666,17.833333,1,-0.840078,1.360621,0.291007,0.363446,0.241981,-0.158653,0.885540,0.419178,0.040491,-0.015460,-0.044976,0.448894,0.719269,0.528322,-0.437705,-0.800390,0.409622,0.719633,-0.038740,0.693273,0.011651,-0.813777,1.366665,0.098924,-0.010496,-0.043258,0.188793,0.243098,0.369546,0.301238,0.844745,7.217269,159.133259,0.000000,1,0.069199,-5.356528,41.031406,38.604688,0.932371,43.892881,0.000000
45.675000,17.866667,1,-0.839960,1.360799,0.290852,0.363857,0.241894,-0.158610,0.885403,0.418959,0.040475,-0.015607,-0.044716,0.449221,0.719157,0.528218,-0.437972,-0.799919,0.410257,0.719569,-0.038373,0.693360,0.007921,-0.813777,1.366665,0.098924,-0.010580,-0.043049,0.188656,0.243494,0.369668,0.301217,0.844585,7.204062,159.116621,0.000000,1,0.068962,-5.356765,41.038799,38.631414,0.934260,43.904899,0.000000
45.708333,17.900000,1,-0.839906,1.360925,0.290791,0.364442,0.241842,-0.158683,0.885163,0.418823,0.040441,-0.015662,-0.044414,0.449718,0.718901,0.528169,-0.438129,-0.799350,0.411196,0.719456,-0.037582,0.693521,0.004507,-0.813777,1.366665,0.098924,-0.010656,-0.042929,0.188606,0.244024,0.369910,0.301052,0.844385,7.204219,159.143065,0.000000,1,0.068772,-5.353731,41.036257,38.652547,0.935553,43.916193,0.000000
45.741666,17.933333,1,-0.839882,1.361002,0.290848,0.364832,0.241921,-0.158988,0.884926,0.418750,0.040415,-0.015602,-0.044318,0.450102,0.718548,0.528330,-0.437806,-0.799156,0.411917,0.719366,-0.036549,0.693669,0.002953,-0.813777,1.366665,0.098924,-0.010708,-0.042873,0.188668,0.244328,0.370183,0.300684,0.844309,7.209754,159.155883,0.000000,1,0.032823,-5.353731,41.036257,38.652547,0.935553,43.916193,0.000000
45.775000,17.966667,1,-0.839838,1.361055,0.291000,0.364928,0.242075,-0.159327,0.884784,0.418687,0.040421,-0.015447,-0.044419,0.450259,0.718269,0.528567,-0.437288,-0.799307,0.412174,0.719306,-0.035768,0.693772,0.005000,-0.813777,1.366665,0.098924,-0.010729,-0.042822,0.188826,0.244342,0.370380,0.300327,0.844345,7.214665,159.220539,0.000000,1,0.066251,-5.352248,40.983331,38.702614,0.936993,43.954288,0.000000
45.808333,18.000000,1,-0.839726,1.361089,0.291178,0.365021,0.242498,-0.159419,0.884613,0.418599,0.040493,-0.015268,-0.044760,0.450529,0.718080,0.528565,-0.437231,-0.799435,0.411985,0.718772,-0.035285,0.694349,0.006394,-0.813777,1.366665,0.098924,-0.010698,-0.042726,0.189013,0.244218,0.370804,0.300184,0.844246,7.209688,159.266015,0.000000,1,0.066876,-5.362408,40.941468,38.738695,0.940445,43.982313,0.000000
45.841666,18.033333,1,-0.839578,1.361103,0.291316,0.365170,0.243233,-0.159208,0.884388,0.418504,0.040604,-0.015127,-0.045351,0.450985,0.717980,0.528262,-0.437764,-0.799468,0.411355,0.717658,-0.035103,0.695510,0.006079,-0.813777,1.366665,0.098924,-0.010630,-0.042608,0.189164,0.243985,0.371518,0.300295,0.843960,7.203659,159.298815,0.000000,1,0.067089,-5.377870,40.906988,38.770792,0.944783,44.006452,0.000000
45.875000,18.066667,1,-0.839467,1.361153,0.291372,0.365541,0.244001,-0.158953,0.884069,0.418400,0.040664,-0.015068,-0.045873,0.451651,0.717813,0.527875,-0.438487,-0.799268,0.410973,0.716394,-0.034719,0.696832,0.004007,-0.813777,1.366665,0.098924,-0.010611,-0.042494,0.189230,0.243925,0.372367,0.300407,0.843563,7.216523,159.301355,0.000000,1,0.090312,-5.377870,40.906988,38.770792,0.944783,44.006452,0.000000
45.908333,18.100000,1,-0.839446,1.361289,0.291304,0.366564,0.244425,-0.158721,0.883569,0.418276,0.040598,-0.015131,-0.045800,0.452745,0.717459,0.527424,-0.439452,-0.798282,0.411859,0.715340,-0.033691,0.697964,0.004619,-0.813777,1.366665,0.098924,-0.010713,-0.042396,0.189171,0.244596,0.373230,0.300415,0.842984,7.218750,159.299748,0.000000,1,0.066925,-5.379579,40.886371,38.815088,0.946667,44.033789,0.000000
45.941666,18.133333,1,-0.839514,1.361540,0.291066,0.368921,0.244475,-0.158271,0.882655,0.418108,0.040389,-0.015359,-0.044799,0.454856,0.716807,0.526581,-0.441411,-0.795668,0.414812,0.714159,-0.031637,0.699268,0.010559,-0.813777,1.366665,0.098924,-0.010959,-0.042295,0.188940,0.246593,0.374402,0.300437,0.841875,7.210255,159.286330,0.000000,1,0.069294,-5.353845,40.911572,38.827291,0.943855,44.033482,0.000000
45.975000,18.166667,1,-0.839596,1.361909,0.290651,0.371854,0.244564,-0.157381,0.881558,0.417846,0.040095,-0.015760,-0.043572,0.457491,0.716178,0.525255,-0.444418,-0.792219,0.418189,0.712484,-0.029619,0.701063,0.016861,-0.813777,1.366665,0.098924,-0.011311,-0.042123,0.188537,0.249060,0.375869,0.300774,0.840373,7.202941,159.275399,0.000000,1,0.070139,-5.318070,40.960494,38.839817,0.939221,44.028013,0.000000
46.008333,18.200000,1,-0.839657,1.362375,0.290121,0.373755,0.244605,-0.156886,0.880830,0.417492,0.039758,-0.016272,-0.042762,0.459193,0.715719,0.524461,-0.446223,-0.790006,0.420446,0.711462,-0.028164,0.702160,0.021238,-0.813777,1.366665,0.098924,-0.011731,-0.041871,0.188026,0.250668,0.376809,0.300911,0.839424,7.219331,159.305463,0.000000,1,0.070490,-5.277727,41.021822,38.858460,0.933702,44.023106,0.000000
46.041666,18.233333,1,-0.839697,1.362879,0.289584,0.374115,0.244266,-0.157453,0.880671,0.417093,0.039414,-0.016789,-0.042309,0.459368,0.715313,0.524898,-0.445384,-0.789804,0.421715,0.712062,-0.026925,0.701600,0.022139,-0.813777,1.366665,0.098924,-0.012172,-0.041580,0.187511,0.251154,0.376709,0.300332,0.839531,7.235693,159.340302,0.000000,1,0.070219,-5.236931,41.080296,38.884879,0.928023,44.023140,0.000000
46.075000,18.266667,1,-0.839780,1.363319,0.289139,0.373935,0.243799,-0.158151,0.880751,0.416776,0.039076,-0.017217,-0.041981,0.459011,0.715070,0.525568,-0.444032,-0.790175,0.422443,0.713096,-0.026176,0.700578,0.018937,-0.813777,1.366665,0.098924,-0.012584,-0.041369,0.187081,0.251239,0.376240,0.299735,0.839929,7.254485,159.351598,0.000000,1,0.070049,-5.195782,41.129547,38.905112,0.922255,44.022115,0.000000
46.108333,18.300000,1,-0.839937,1.363645,0.288795,0.374156,0.243202,-0.158588,0.880744,0.416597,0.038749,-0.017549,-0.041355,0.458948,0.714857,0.525962,-0.443308,-0.789935,0.423652,0.714016,-0.025463,0.699667,0.014975,-0.813777,1.366665,0.098924,-0.012941,-0.041290,0.186741,0.251729,0.375838,0.299330,0.840107,7.273637,159.354482,0.000000,1,0.070358,-5.154468,41.173394,38.908919,0.916450,44.013706,0.000000
46.141666,18.333333,1,-0.840047,1.363936,0.288469,0.374938,0.242319,-0.159185,0.880547,0.416419,0.038481,-0.017865,-0.040228,0.459259,0.714391,0.526411,-0.442546,-0.789077,0.426041,0.715177,-0.023946,0.698533,0.013507,-0.813777,1.366665,0.098924,-0.013242,-0.041194,0.186421,0.252843,0.375464,0.298697,0.840165,7.284296,159.412749,0.000000,1,0.070297,-5.120944,41.214822,38.913055,0.911922,44.006171,0.000000
46.175000,18.366667,1,-0.840029,1.364191,0.288134,0.376314,0.242021,-0.159139,0.880050,0.416192,0.038337,-0.018189,-0.039354,0.460348,0.713942,0.526135,-0.443266,-0.787492,0.428219,0.715027,-0.022523,0.698734,0.012636,-0.813777,1.366665,0.098924,-0.013444,-0.041009,0.186100,0.254172,0.375868,0.298522,0.839645,7.278621,159.380545,0.000000,1,0.070084,-5.104300,41.254660,38.923248,0.910242,44.002383,0.000000
46.208333,18.400000,1,-0.839946,1.364363,0.287801,0.377550,0.242633,-0.158652,0.879440,0.415993,0.038294,-0.018514,-0.039351,0.461711,0.713603,0.525401,-0.444811,-0.786192,0.429004,0.713517,-0.021554,0.700306,0.011526,-0.813777,1.366665,0.098924,-0.013541,-0.040815,0.185783,0.254929,0.376990,0.298716,0.838844,7.296588,159.404737,0.000000,1,0.070463,-5.100778,41.297998,38.926287,0.910810,43.994138,0.000000
46.241666,18.433333,1,-0.839842,1.364488,0.287430,0.378726,0.243290,-0.158270,0.878822,0.415816,0.038296,-0.018879,-0.039417,0.463042,0.713210,0.524758,-0.446152,-0.785028,0.429744,0.712021,-0.020444,0.701860,0.012158,-0.813777,1.366665,0.098924,-0.013587,-0.040626,0.185428,0.255614,0.378127,0.298812,0.838089,7.333262,159.413549,0.000000,1,0.071175,-5.102950,41.351302,38.919625,0.912342,43.978609,0.000000
46.275000,18.466667,1,-0.839748,1.364607,0.287031,0.379279,0.243332,-0.158185,0.878586,0.415649,0.038294,-0.019272,-0.039209,0.463551,0.713029,0.524569,-0.446581,-0.784417,0.430414,0.711715,-0.019897,0.702187,0.012792,-0.813777,1.366665,0.098924,-0.013632,-0.040445,0.185045,0.256069,0.378430,0.298790,0.837821,7.369010,159.430480,0.000000,1,0.071643,-5.104537,41.410794,38.907931,0.913731,43.959146,0.000000
46.308333,18.500000,1,-0.839623,1.364734,0.286609,0.379794,0.243014,-0.158217,0.878446,0.415457,0.038310,-0.019687,-0.038698,0.463868,0.712878,0.524533,-0.446736,-0.783757,0.431454,0.711954,-0.019384,0.701959,0.013756,-0.813777,1.366665,0.098924,-0.013669,-0.040232,0.184640,0.256667,0.378401,0.298696,0.837684,7.407558,159.428924,0.000000,1,0.071794,-5.108842,41.472715,38.898023,0.915530,43.940254,0.000000
46.341666,18.533333,1,-0.839443,1.364864,0.286180,0.381038,0.242918,-0.157980,0.877977,0.415229,0.038370,-0.020110,-0.038059,0.464928,0.712543,0.524095,-0.447751,-0.782271,0.433095,0.711491,-0.018332,0.702456,0.014505,-0.813777,1.366665,0.098924,-0.013676,-0.039971,0.184233,0.257781,0.378912,0.298708,0.837107,7.512839,159.473962,0.000000,1,0.071713,-5.119321,41.533147,38.893254,0.918338,43.924606,0.000000
46.375000,18.566667,1,-0.839276,1.365027,0.285779,0.382273,0.243019,-0.157518,0.877495,0.414983,0.038398,-0.020501,-0.037599,0.466065,0.712300,0.523449,-0.449175,-0.780752,0.434359,0.710659,-0.017569,0.703317,0.013895,-0.813777,1.366665,0.098924,-0.013720,-0.039706,0.183856,0.258786,0.379583,0.298919,0.836417,7.663796,159.447651,0.000000,1,0.071328,-5.125936,41.586176,38.895503,0.920422,43.914481,0.000000
46.408333,18.600000,1,-0.839160,1.365232,0.285375,0.383773,0.242815,-0.156789,0.877027,0.414734,0.038361,-0.020896,-0.036741,0.467298,0.712181,0.522571,-0.451139,-0.778669,0.436060,0.709992,-0.017103,0.704002,0.014043,-0.813777,1.366665,0.098924,-0.013826,-0.039459,0.183472,0.260164,0.380100,0.299366,0.835595,7.890812,159.479633,0.000000,1,0.071328,-5.123920,41.638846,38.899311,0.920974,43.905325,0.000000
46.441666,18.633333,1,-0.839097,1.365430,0.285015,0.385358,0.242078,-0.156433,0.876599,0.414525,0.038287,-0.021248,-0.035375,0.468376,0.711922,0.522053,-0.452420,-0.776460,0.438665,0.710184,-0.016170,0.703831,0.012471,-0.813777,1.366665,0.098924,-0.013955,-0.039266,0.183128,0.261880,0.380204,0.299485,0.834968,8.053665,159.489906,0.000000,1,0.071286,-5.116425,41.686662,38.900844,0.920553,43.896125,0.000000
46.475000,18.666667,1,-0.838985,1.365631,0.284775,0.385759,0.240870,-0.156858,0.876680,0.414288,0.038252,-0.021478,-0.034122,0.468203,0.711782,0.522482,-0.451697,-0.775738,0.440681,0.711835,-0.015597,0.702174,0.009974,-0.813777,1.366665,0.098924,-0.014061,-0.039040,0.182908,0.262821,0.379350,0.299113,0.835195,8.187601,159.508456,0.000000,1,0.069933,-5.114372,41.709447,38.920431,0.921006,43.902261,0.000000
46.508333,18.700000,1,-0.838732,1.365801,0.284663,0.385408,0.240027,-0.157001,0.877040,0.413996,0.038350,-0.021580,-0.033521,0.467521,0.712035,0.522787,-0.451139,-0.775829,0.441092,0.713142,-0.016235,0.700831,0.009724,-0.813777,1.366665,0.098924,-0.014065,-0.038727,0.182825,0.262933,0.378439,0.299117,0.835571,8.269992,159.519170,0.000000,1,0.068329,-5.130619,41.704206,38.962421,0.924584,43.926666,0.000000
46.541666,18.733333,1,-0.838412,1.365898,0.284665,0.385479,0.240073,-0.156801,0.877032,0.413726,0.038547,-0.021572,-0.033527,0.467602,0.712117,0.522603,-0.451524,-0.775664,0.440990,0.712954,-0.016468,0.701018,0.010038,-0.813777,1.366665,0.098924,-0.013972,-0.038407,0.182857,0.262968,0.378506,0.299292,0.835467,8.324290,159.482934,0.000000,1,0.067459,-5.159843,41.680432,39.011239,0.930438,43.958806,0.000000
46.575000,18.766667,1,-0.838130,1.365949,0.284724,0.385899,0.240639,-0.156669,0.876715,0.413518,0.038743,-0.021508,-0.033849,0.468224,0.711893,0.522330,-0.452051,-0.775385,0.440941,0.711989,-0.015875,0.702011,0.008787,-0.813777,1.366665,0.098924,-0.013861,-0.038149,0.182942,0.263051,0.379205,0.299290,0.835125,8.355996,159.473166,0.000000,1,0.067325,-5.188238,41.651518,39.054575,0.936206,43.989019,0.000000
46.608333,18.800000,1,-0.837954,1.365998,0.284794,0.386209,0.241140,-0.156753,0.876426,0.413375,0.038855,-0.021434,-0.034164,0.468721,0.711599,0.522265,-0.452145,-0.775312,0.440971,0.711259,-0.015080,0.702768,0.005874,-0.813777,1.366665,0.098924,-0.013807,-0.037982,0.183028,0.263075,0.379804,0.299106,0.834911,8.326222,159.524698,0.000000,1,0.067559,-5.204671,41.625716,39.088172,0.939940,44.013141,0.000000
46.641666,18.833333,1,-0.837851,1.366077,0.284864,0.386644,0.241371,-0.156866,0.876151,0.413253,0.038891,-0.021359,-0.034182,0.469211,0.711299,0.522233,-0.452209,-0.775004,0.441448,0.710850,-0.014228,0.703200,0.004428,-0.813777,1.366665,0.098924,-0.013817,-0.037860,0.183110,0.263339,0.380225,0.298896,0.834711,8.293877,159.761947,0.000000,1,0.092065,-5.204671,41.625716,39.088172,0.939940,44.013141,0.000000
46.675000,18.866667,1,-0.837749,1.366169,0.284961,0.387403,0.241791,-0.156495,0.875766,0.413122,0.038919,-0.021258,-0.034219,0.470067,0.711113,0.521713,-0.453290,-0.774164,0.441812,0.709824,-0.013707,0.704246,0.005042,-0.813777,1.366665,0.098924,-0.013839,-0.037734,0.183219,0.263781,0.380950,0.299074,0.834177,8.300312,160.056727,0.000000,1,0.065461,-5.215974,41.570556,39.154858,0.942703,44.061320,0.000000
46.708333,18.900000,1,-0.837606,1.366281,0.285096,0.388243,0.242631,-0.155837,0.875279,0.412952,0.038967,-0.021117,-0.034592,0.471176,0.710969,0.520883,-0.454969,-0.773261,0.441667,0.708066,-0.013348,0.706021,0.006772,-0.813777,1.366665,0.098924,-0.013856,-0.037567,0.183370,0.264083,0.382074,0.299474,0.833424,8.313145,160.266338,0.000000,1,0.066242,-5.224206,41.528912,39.202566,0.945020,44.096095,0.000000
46.741666,18.933333,1,-0.837498,1.366451,0.285282,0.388715,0.243187,-0.155900,0.874903,0.412759,0.038954,-0.020924,-0.034885,0.471842,0.710605,0.520757,-0.455191,-0.773026,0.441851,0.707184,-0.012354,0.706921,0.008214,-0.813777,1.366665,0.098924,-0.013941,-0.037402,0.183572,0.264219,0.382800,0.299274,0.833119,8.316945,160.312593,0.000000,1,0.065319,-5.224566,41.474902,39.261511,0.945946,44.139436,0.000000
46.775000,18.966667,1,-0.837517,1.366667,0.285557,0.389001,0.243533,-0.156420,0.874587,0.412608,0.038813,-0.020640,-0.035080,0.472254,0.710091,0.521071,-0.454508,-0.773150,0.442337,0.706884,-0.010921,0.707246,0.010536,-0.813777,1.366665,0.098924,-0.014135,-0.037326,0.183855,0.264306,0.383268,0.298689,0.833087,8.228308,160.316349,0.000000,1,0.064534,-5.207240,41.406258,39.324912,0.943784,44.188191,0.000000
46.808333,19.000000,1,-0.837606,1.366875,0.285889,0.389640,0.244100,-0.156590,0.874114,0.412508,0.038622,-0.020301,-0.035311,0.473074,0.709590,0.520996,-0.454633,-0.772796,0.442826,0.705978,-0.009529,0.708170,0.012040,-0.813777,1.366665,0.098924,-0.014359,-0.037318,0.184187,0.264582,0.384088,0.298352,0.832742,8.144758,160.257645,0.000000,1,0.064212,-5.182678,41.331149,39.385730,0.940372,44.236783,0.000000
46.841666,19.033333,1,-0.837715,1.367072,0.286251,0.390535,0.244493,-0.156692,0.873587,0.412430,0.038422,-0.019933,-0.035272,0.474043,0.709064,0.520833,-0.454977,-0.772049,0.443774,0.705168,-0.008033,0.708995,0.012790,-0.813777,1.366665,0.098924,-0.014586,-0.037337,0.184548,0.265162,0.384877,0.298050,0.832301,8.023439,160.232520,0.000000,1,0.063891,-5.156559,41.252260,39.445818,0.936690,44.285611,0.000000
46.875000,19.066667,1,-0.837844,1.367283,0.286711,0.390989,0.244187,-0.157181,0.873381,0.412357,0.038200,-0.019467,-0.034806,0.474316,0.708651,0.521178,-0.454324,-0.771685,0.445076,0.705648,-0.006795,0.708530,0.015648,-0.813777,1.366665,0.098924,-0.014836,-0.037373,0.185004,0.265711,0.384849,0.297522,0.832328,7.897681,160.217167,0.000000,1,0.062811,-5.127345,41.155119,39.516217,0.932440,44.343842,0.000000
46.908333,19.100000,1,-0.837989,1.367515,0.287371,0.390653,0.243808,-0.158014,0.873487,0.412284,0.037954,-0.018799,-0.034628,0.473859,0.708374,0.521981,-0.452673,-0.772334,0.445633,0.706699,-0.005986,0.707489,0.021456,-0.813777,1.366665,0.098924,-0.015114,-0.037430,0.185661,0.265622,0.384387,0.296817,0.832822,7.612295,160.232548,0.000000,1,0.060789,-5.095017,41.019588,39.609222,0.927599,44.422573,0.000000
46.941666,19.133333,1,-0.838147,1.367761,0.288157,0.390458,0.244279,-0.158766,0.873306,0.412212,0.037692,-0.018006,-0.035151,0.473903,0.707886,0.522568,-0.451374,-0.773154,0.445528,0.706522,-0.004677,0.707676,0.025160,-0.813777,1.366665,0.098924,-0.015412,-0.037502,0.186441,0.265238,0.384743,0.296085,0.833040,7.368354,160.246448,0.000000,1,0.059346,-5.060288,40.860055,39.716249,0.922325,44.513887,0.000000
46.975000,19.166667,1,-0.838341,1.368079,0.288938,0.391139,0.245102,-0.159279,0.872677,0.412105,0.037358,-0.017215,-0.035599,0.474876,0.707096,0.522725,-0.450982,-0.773044,0.446115,0.705423,-0.002503,0.708782,0.025967,-0.813777,1.366665,0.098924,-0.015789,-0.037564,0.187218,0.265432,0.385825,0.295385,0.832726,7.135695,160.303272,0.000000,1,0.058518,-5.016406,40.697077,39.831021,0.915437,44.609687,0.000000
47.008333,19.200000,1,-0.838555,1.368499,0.289752,0.391315,0.245860,-0.159934,0.872265,0.411929,0.036947,-0.016387,-0.036215,0.475374,0.706442,0.523113,-0.450082,-0.773529,0.446182,0.704668,-0.000743,0.709537,0.028217,-0.813777,1.366665,0.098924,-0.016263,-0.037591,0.188030,0.265226,0.386611,0.294648,0.832688,6.884270,160.319862,0.000000,1,0.057096,-4.963030,40.520705,39.963709,0.906841,44.717675,0.000000
47.041666,19.233333,1,-0.838778,1.368994,0.290631,0.390376,0.246541,-0.161406,0.872223,0.411701,0.036485,-0.015492,-0.037266,0.474856,0.705771,0.524414,-0.447203,-0.775624,0.445440,0.704840,0.000997,0.709366,0.030980,-0.813777,1.366665,0.098924,-0.016805,-0.037590,0.188909,0.264112,0.386821,0.293339,0.833406,6.697758,160.338725,0.000000,1,0.055538,-4.903272,40.326637,40.114346,0.897097,44.838867,0.000000
47.075000,19.266667,1,-0.838995,1.369549,0.291527,0.389696,0.247148,-0.162822,0.872092,0.411423,0.035991,-0.014577,-0.038136,0.474536,0.705041,0.525622,-0.444534,-0.777364,0.445078,0.704977,0.002925,0.709224,0.032284,-0.813777,1.366665,0.098924,-0.017394,-0.037554,0.189808,0.263256,0.387090,0.292040,0.834008,6.780279,160.365200,0.000000,1,0.054325,-4.839778,40.124122,40.276902,0.886691,44.967930,0.000000
47.108333,19.300000,1,-0.839192,1.370118,0.292398,0.389598,0.248080,-0.163436,0.871756,0.411121,0.035505,-0.013686,-0.039028,0.474867,0.704480,0.526009,-0.443583,-0.778192,0.444580,0.704060,0.004368,0.710127,0.031783,-0.813777,1.366665,0.098924,-0.017985,-0.037491,0.190686,0.262728,0.387895,0.291375,0.834033,6.687830,160.368167,0.000000,1,0.053645,-4.777416,39.924001,40.441124,0.876520,45.096944,0.000000
47.141666,19.333333,1,-0.839413,1.370691,0.293172,0.389220,0.248858,-0.164036,0.871590,0.410826,0.034996,-0.012893,-0.039904,0.474881,0.704081,0.526465,-0.442485,-0.779248,0.443824,0.703448,0.005355,0.710726,0.029622,-0.813777,1.366665,0.098924,-0.018590,-0.037437,0.191464,0.262034,0.388426,0.290792,0.834208,6.570804,160.397804,0.000000,1,0.053831,-4.711846,39.742955,40.593270,0.865829,45.214753,0.000000
47.175000,19.366667,1,-0.839614,1.371278,0.293805,0.388403,0.248588,-0.164881,0.871872,0.410503,0.034493,-0.012239,-0.040037,0.474045,0.703965,0.527362,-0.440573,-0.780448,0.443618,0.704531,0.005660,0.709651,0.026583,-0.813777,1.366665,0.098924,-0.019195,-0.037346,0.192105,0.261478,0.387827,0.290152,0.834884,6.276455,160.390284,0.000000,1,0.054114,-4.647299,39.585918,40.735404,0.855356,45.321382,0.000000
47.208333,19.400000,1,-0.839693,1.371835,0.294359,0.387843,0.248105,-0.165467,0.872148,0.410126,0.034103,-0.011664,-0.039860,0.473341,0.703953,0.528025,-0.439202,-0.781143,0.443753,0.705675,0.005724,0.708513,0.023713,-0.813777,1.366665,0.098924,-0.019709,-0.037160,0.192676,0.261242,0.387152,0.289735,0.835416,5.940167,160.424495,0.000000,1,0.053796,-4.598470,39.440080,40.877004,0.847740,45.424968,0.000000
47.241666,19.433333,1,-0.839668,1.372296,0.294829,0.388209,0.248517,-0.165514,0.871859,0.409761,0.033853,-0.011176,-0.040069,0.473849,0.703673,0.527926,-0.439377,-0.780948,0.443923,0.705001,0.006477,0.709176,0.019746,-0.813777,1.366665,0.098924,-0.020085,-0.036933,0.193166,0.261357,0.387697,0.289583,0.835180,5.753209,160.422560,0.000000,1,0.054160,-4.568212,39.312900,41.004618,0.843556,45.516661,0.000000
47.275000,19.466667,1,-0.839639,1.372678,0.295252,0.389247,0.249737,-0.165231,0.871101,0.409455,0.033652,-0.010738,-0.040703,0.475306,0.703121,0.527302,-0.440592,-0.780208,0.444021,0.702822,0.007927,0.711322,0.017133,-0.813777,1.366665,0.098924,-0.020393,-0.036741,0.193608,0.261651,0.389271,0.289545,0.834369,5.858535,160.465315,0.000000,1,0.054637,-4.543998,39.200557,41.115003,0.840538,45.595647,0.000000
47.308333,19.500000,1,-0.839661,1.373029,0.295756,0.390143,0.251057,-0.165004,0.870363,0.409208,0.033432,-0.010221,-0.041491,0.476682,0.702567,0.526738,-0.441652,-0.779693,0.443873,0.700581,0.009357,0.713512,0.018414,-0.813777,1.366665,0.098924,-0.020701,-0.036616,0.194123,0.261774,0.390866,0.289468,0.833611,5.835853,160.465684,0.000000,1,0.054085,-4.516528,39.078639,41.222601,0.836946,45.675351,0.000000
47.341666,19.533333,1,-0.839661,1.373383,0.296369,0.390908,0.252091,-0.165214,0.869681,0.408948,0.033228,-0.009594,-0.042088,0.477820,0.701864,0.526595,-0.441852,-0.779418,0.444156,0.698976,0.011230,0.715057,0.021250,-0.813777,1.366665,0.098924,-0.021002,-0.036482,0.194750,0.261931,0.392164,0.289018,0.833107,5.665268,160.467909,0.000000,1,0.052693,-4.491227,38.935246,41.343534,0.833726,45.767152,0.000000
47.375000,19.566667,1,-0.839550,1.373808,0.296963,0.391569,0.252224,-0.165720,0.869249,0.408565,0.033070,-0.008983,-0.041925,0.478470,0.701244,0.526845,-0.441354,-0.779013,0.445359,0.698773,0.012998,0.715225,0.022146,-0.813777,1.366665,0.098924,-0.021302,-0.036214,0.195370,0.262443,0.392626,0.288391,0.832946,5.444089,160.488941,0.000000,1,0.051338,-4.473427,38.784404,41.485199,0.831849,45.871663,0.000000
47.408333,19.600000,1,-0.839329,1.374295,0.297477,0.391570,0.252001,-0.166136,0.869234,0.408063,0.032962,-0.008447,-0.041732,0.478378,0.701041,0.527213,-0.440609,-0.779124,0.445903,0.699269,0.013599,0.714729,0.022268,-0.813777,1.366665,0.098924,-0.021593,-0.035814,0.195922,0.262561,0.392448,0.288009,0.833125,5.178604,160.521946,0.000000,1,0.050500,-4.463426,38.637729,41.640418,0.831413,45.982305,0.000000
47.441666,19.633333,1,-0.839159,1.374790,0.297930,0.391967,0.252097,-0.166402,0.868976,0.407582,0.032807,-0.007974,-0.041648,0.478776,0.700688,0.527329,-0.440378,-0.778867,0.446580,0.699106,0.014605,0.714869,0.020781,-0.813777,1.366665,0.098924,-0.021919,-0.035445,0.196410,0.262860,0.392738,0.287667,0.833012,4.925029,160.535545,0.000000,1,0.050604,-4.446993,38.504175,41.785816,0.829866,46.084494,0.000000
47.475000,19.666667,1,-0.839100,1.375257,0.298353,0.392619,0.252039,-0.166804,0.868621,0.407190,0.032580,-0.007532,-0.041317,0.479333,0.700180,0.527523,-0.440026,-0.778331,0.447860,0.699113,0.016081,0.714830,0.018968,-0.813777,1.366665,0.098924,-0.022280,-0.035182,0.196857,0.263456,0.393023,0.287160,0.832865,4.740677,160.532177,0.000000,1,0.051056,-4.419875,38.384037,41.912031,0.826417,46.173208,0.000000
47.508333,19.700000,1,-0.839089,1.375667,0.298892,0.391874,0.252156,-0.167274,0.868833,0.406877,0.032350,-0.006977,-0.041758,0.478728,0.700173,0.528046,-0.438847,-0.779429,0.447106,0.699467,0.016027,0.714486,0.020333,-0.813777,1.366665,0.098924,-0.022622,-0.035001,0.197414,0.262767,0.392784,0.286833,0.833307,4.506989,160.542115,0.000000,1,0.050342,-4.391446,38.249451,42.035059,0.822748,46.263646,0.000000
47.541666,19.733333,1,-0.839044,1.376001,0.299554,0.390545,0.252552,-0.167719,0.869231,0.406609,0.032196,-0.006302,-0.042707,0.477727,0.700356,0.528634,-0.437445,-0.781268,0.445266,0.699660,0.015354,0.714311,0.022281,-0.813777,1.366665,0.098924,-0.022881,-0.034844,0.198092,0.261438,0.392506,0.286614,0.833931,4.206022,160.548331,0.000000,1,0.049357,-4.372743,38.096768,42.160796,0.820901,46.359843,0.000000
47.575000,19.766667,1,-0.838963,1.376269,0.300282,0.389764,0.252942,-0.168071,0.869400,0.406373,0.032110,-0.005563,-0.043407,0.477210,0.700368,0.529028,-0.436490,-0.782458,0.444113,0.699600,0.015201,0.714373,0.023400,-0.813777,1.366665,0.098924,-0.023066,-0.034699,0.198836,0.260582,0.392487,0.286382,0.834288,3.807159,160.560839,0.000000,1,0.048708,-4.363013,37.935386,42.285802,0.820753,46.457716,0.000000
47.608333,19.800000,1,-0.838869,1.376539,0.301077,0.389323,0.253440,-0.168248,0.869419,0.406131,0.032035,-0.004757,-0.044052,0.477040,0.700319,0.529193,-0.436028,-0.783237,0.443191,0.699179,0.015224,0.714784,0.025352,-0.813777,1.366665,0.098924,-0.023247,-0.034548,0.199647,0.259962,0.392720,0.286244,0.834419,3.386630,160.546230,0.000000,1,0.047660,-4.354674,37.760932,42.418536,0.820866,46.562784,0.000000
47.641666,19.833333,1,-0.838791,1.376887,0.301850,0.389009,0.253637,-0.168543,0.869444,0.405837,0.031900,-0.003970,-0.044373,0.476851,0.700218,0.529470,-0.435385,-0.783807,0.442816,0.699171,0.015452,0.714788,0.025528,-0.813777,1.366665,0.098924,-0.023501,-0.034368,0.200439,0.259602,0.392755,0.285997,0.834600,3.885438,160.574683,0.000000,1,0.046799,-4.338796,37.585201,42.559624,0.819555,46.672519,0.000000
47.675000,19.866667,1,-0.838770,1.377369,0.302517,0.388340,0.252919,-0.169422,0.869782,0.405464,0.031638,-0.003285,-0.044037,0.475949,0.700128,0.530428,-0.433415,-0.784654,0.443249,0.700816,0.015762,0.713168,0.024700,-0.813777,1.366665,0.098924,-0.023898,-0.034150,0.201127,0.259392,0.391832,0.285340,0.835323,3.677006,160.613931,0.000000,1,0.046317,-4.306399,37.420936,42.706567,0.815116,46.782503,0.000000
47.708333,19.900000,1,-0.838797,1.377965,0.303125,0.387215,0.252019,-0.170316,0.870369,0.405028,0.031266,-0.002654,-0.043740,0.474563,0.700261,0.531518,-0.431151,-0.785917,0.443219,0.702888,0.015443,0.711133,0.025568,-0.813777,1.366665,0.098924,-0.024417,-0.033906,0.201757,0.258879,0.390528,0.284771,0.836287,3.229363,160.628805,0.000000,1,0.045665,-4.259820,37.260873,42.860953,0.807972,46.895348,0.000000
47.741666,19.933333,1,-0.838867,1.378608,0.303735,0.386006,0.251544,-0.171100,0.870890,0.404580,0.030833,-0.002020,-0.043859,0.473288,0.700389,0.532475,-0.429093,-0.787396,0.442592,0.704365,0.015063,0.709678,0.026657,-0.813777,1.366665,0.098924,-0.024997,-0.033672,0.202388,0.258084,0.389552,0.284281,0.837153,2.464397,160.617515,0.000000,1,0.044999,-4.204929,37.099013,43.018432,0.799237,47.010212,0.000000
47.775000,19.966667,1,-0.838995,1.379238,0.304369,0.385586,0.251143,-0.171992,0.871016,0.404178,0.030362,-0.001363,-0.043699,0.472747,0.700106,0.533342,-0.427274,-0.788108,0.443083,0.705473,0.015885,0.708558,0.027084,-0.813777,1.366665,0.098924,-0.025599,-0.033496,0.203038,0.257934,0.389032,0.283532,0.837696,1.218998,160.577596,0.000000,1,0.044643,-4.144212,36.936529,43.169829,0.789396,47.121949,0.000000
47.808333,20.000000,1,-0.839147,1.379861,0.305058,0.385431,0.250560,-0.172879,0.871077,0.403799,0.029877,-0.000651,-0.043260,0.472361,0.699759,0.534174,-0.425574,-0.788454,0.444103,0.706717,0.016932,0.707293,0.028241,-0.813777,1.366665,0.098924,-0.026208,-0.033350,0.203740,0.258100,0.388480,0.282754,0.838163,0.639791,160.597646,0.000000,1,0.043874,-4.081215,36.765778,43.322370,0.779095,47.236282,0.000000
47.841666,20.033333,1,-0.839236,1.380485,0.305767,0.385062,0.249707,-0.173421,0.871378,0.403381,0.029441,0.000081,-0.042666,0.471662,0.699780,0.534811,-0.424315,-0.788747,0.444786,0.708252,0.016975,0.705756,0.028476,-0.813777,1.366665,0.098924,-0.026785,-0.033152,0.204467,0.258207,0.387570,0.282378,0.838678,0.528240,160.642595,0.000000,1,0.042863,-4.025129,36.588388,43.483006,0.770081,47.356543,0.000000
47.875000,20.066667,1,-0.839225,1.381093,0.306539,0.384310,0.248813,-0.173552,0.871939,0.402919,0.029096,0.000877,-0.042195,0.470601,0.700224,0.535202,-0.423557,-0.789236,0.444641,0.709808,0.015813,0.704218,0.029470,-0.813777,1.366665,0.098924,-0.027293,-0.032885,0.205264,0.257999,0.386418,0.282476,0.839241,0.725023,160.650276,0.000000,1,0.041474,-3.981846,36.396108,43.656550,0.763498,47.487316,0.000000
47.908333,20.100000,1,-0.839119,1.381677,0.307454,0.383111,0.248362,-0.173935,0.872519,0.402424,0.028844,0.001815,-0.042324,0.469341,0.700584,0.535826,-0.422197,-0.790512,0.443667,0.711053,0.014782,0.702983,0.032704,-0.813777,1.366665,0.098924,-0.027731,-0.032565,0.206210,0.257194,0.385451,0.282368,0.839968,1.052184,160.665945,0.000000,1,0.039588,-3.951278,36.175071,43.848621,0.759354,47.634973,0.000000
47.941666,20.133333,1,-0.838965,1.382263,0.308471,0.382074,0.248228,-0.174715,0.872856,0.401902,0.028630,0.002856,-0.042675,0.468369,0.700552,0.536691,-0.420284,-0.791934,0.442946,0.711984,0.014812,0.702039,0.035522,-0.813777,1.366665,0.098924,-0.028145,-0.032214,0.207263,0.256380,0.384862,0.281812,0.840674,1.607622,160.652570,0.000000,1,0.037976,-3.926107,35.932675,44.054930,0.756264,47.795394,0.000000
47.975000,20.166667,1,-0.838865,1.382893,0.309471,0.381851,0.247821,-0.175138,0.872984,0.401377,0.028346,0.003881,-0.042415,0.467996,0.700476,0.537135,-0.419373,-0.792201,0.443333,0.712801,0.015069,0.701205,0.035580,-0.813777,1.366665,0.098924,-0.028625,-0.031882,0.208295,0.256394,0.384413,0.281480,0.840986,2.302920,160.638733,0.000000,1,0.037286,-3.891460,35.692538,44.260793,0.751362,47.954937,0.000000
48.008333,20.200000,1,-0.838866,1.383616,0.310411,0.382391,0.246807,-0.175396,0.872983,0.400836,0.027925,0.004848,-0.041271,0.468030,0.700338,0.537374,-0.419052,-0.791319,0.445207,0.714055,0.015646,0.699915,0.035582,-0.813777,1.366665,0.098924,-0.029238,-0.031578,0.209264,0.257357,0.383790,0.281227,0.841061,3.039371,160.637655,0.000000,1,0.036809,-3.838068,35.461019,44.465079,0.742800,48.111426,0.000000
48.041666,20.233333,1,-0.838992,1.384406,0.311322,0.383545,0.245330,-0.175884,0.872795,0.400317,0.027363,0.005789,-0.039444,0.468407,0.699915,0.537735,-0.418571,-0.789689,0.448542,0.715785,0.017127,0.698111,0.036371,-0.813777,1.366665,0.098924,-0.029974,-0.031340,0.210197,0.259079,0.383066,0.280679,0.841046,3.860156,160.662655,0.000000,1,0.036477,-3.765094,35.235762,44.663927,0.730378,48.263408,0.000000
48.075000,20.266667,1,-0.839232,1.385165,0.312256,0.385192,0.243640,-0.176639,0.872391,0.399891,0.026730,0.006749,-0.037214,0.469131,0.699168,0.538234,-0.417839,-0.787548,0.452966,0.717715,0.019559,0.696063,0.036810,-0.813777,1.366665,0.098924,-0.030747,-0.031216,0.211142,0.261333,0.382407,0.279797,0.840942,4.672903,160.674093,0.000000,1,0.036416,-3.681220,35.014358,44.847839,0.715794,48.406482,0.000000
48.108333,20.300000,1,-0.839460,1.385745,0.313204,0.386645,0.242259,-0.177244,0.872010,0.399601,0.026213,0.007718,-0.035345,0.469818,0.698516,0.538607,-0.417307,-0.785663,0.456715,0.719239,0.021651,0.694425,0.034048,-0.813777,1.366665,0.098924,-0.031364,-0.031179,0.212094,0.263266,0.381920,0.279067,0.840803,5.531790,160.669391,0.000000,1,0.036783,-3.612093,34.803688,45.005451,0.704150,48.532994,0.000000
48.141666,20.333333,1,-0.839563,1.386132,0.314179,0.387888,0.241262,-0.177529,0.871676,0.399391,0.025913,0.008705,-0.033908,0.470484,0.698058,0.538712,-0.417280,-0.784010,0.459571,0.720197,0.023131,0.693383,0.031601,-0.813777,1.366665,0.098924,-0.031751,-0.031147,0.213073,0.264827,0.381657,0.278649,0.840571,6.278752,160.645012,0.000000,1,0.036744,-3.571829,34.597577,45.146925,0.698254,48.649966,0.000000
48.175000,20.366667,1,-0.839589,1.386384,0.315171,0.390407,0.240416,-0.177594,0.870772,0.399243,0.025756,0.009707,-0.032041,0.472347,0.697170,0.538345,-0.418316,-0.780905,0.463896,0.720368,0.025855,0.693110,0.030740,-0.813777,1.366665,0.098924,-0.031983,-0.031125,0.214071,0.267406,0.382139,0.278191,0.839686,7.118799,160.621657,0.000000,1,0.036684,-3.550763,34.394970,45.276111,0.696190,48.759706,0.000000
48.208333,20.400000,1,-0.839700,1.386532,0.316215,0.394583,0.239077,-0.177618,0.869252,0.399231,0.025595,0.010754,-0.029000,0.475464,0.695717,0.537654,-0.420175,-0.775686,0.470918,0.720532,0.030274,0.692760,0.031790,-0.813777,1.366665,0.098924,-0.032174,-0.031235,0.215107,0.271652,0.382991,0.277498,0.838164,7.855535,160.666175,0.000000,1,0.037057,-3.528007,34.195379,45.384234,0.693798,48.857630,0.000000
48.241666,20.433333,1,-0.839908,1.386571,0.317363,0.398514,0.238248,-0.177541,0.867700,0.399368,0.025423,0.011901,-0.026525,0.478586,0.694291,0.536853,-0.422170,-0.770854,0.477029,0.720075,0.034512,0.693037,0.035037,-0.813777,1.366665,0.098924,-0.032328,-0.031495,0.216236,0.275434,0.384172,0.276893,0.836588,8.749330,160.693371,0.000000,1,0.037309,-3.502609,33.989959,45.473911,0.690864,48.947373,0.000000
48.275000,20.466667,1,-0.840112,1.386422,0.318550,0.402252,0.238440,-0.177312,0.865968,0.399655,0.025368,0.013079,-0.025049,0.481987,0.692789,0.535822,-0.424535,-0.766569,0.481811,0.718276,0.038833,0.694674,0.036390,-0.813777,1.366665,0.098924,-0.032321,-0.031858,0.217393,0.278550,0.386155,0.276371,0.834813,9.619115,160.667031,0.000000,1,0.038160,-3.492051,33.792336,45.537055,0.690912,49.021260,0.000000
48.308333,20.500000,1,-0.840256,1.386151,0.319676,0.407441,0.239110,-0.176486,0.863523,0.400001,0.025434,0.014191,-0.023354,0.486880,0.690898,0.533912,-0.428785,-0.760499,0.487632,0.715016,0.044229,0.697708,0.035008,-0.813777,1.366665,0.098924,-0.032180,-0.032231,0.218490,0.282669,0.389243,0.276089,0.832083,10.466281,160.648456,0.000000,1,0.038861,-3.497573,33.612784,45.581180,0.694162,49.080722,0.000000
48.341666,20.533333,1,-0.840292,1.385907,0.320722,0.412411,0.240766,-0.174830,0.861036,0.400256,0.025568,0.015227,-0.022627,0.492006,0.689357,0.531229,-0.434567,-0.754679,0.491539,0.710148,0.048549,0.702377,0.032256,-0.813777,1.366665,0.098924,-0.032002,-0.032491,0.219518,0.286104,0.393061,0.276550,0.828956,11.239667,160.623356,0.000000,1,0.038258,-3.513260,33.440825,45.632993,0.699354,49.142623,0.000000
48.375000,20.566667,1,-0.840251,1.385674,0.321738,0.415645,0.243205,-0.173102,0.859143,0.400455,0.025757,0.016233,-0.023366,0.495935,0.688417,0.528757,-0.439740,-0.751187,0.492288,0.704835,0.051072,0.707530,0.031295,-0.813777,1.366665,0.098924,-0.031790,-0.032679,0.220522,0.287663,0.396722,0.277345,0.826403,11.868370,160.543900,0.000000,1,0.037677,-3.536862,33.270250,45.690940,0.706062,49.207696,0.000000
48.408333,20.600000,1,-0.840276,1.385438,0.322710,0.416447,0.244220,-0.173737,0.858338,0.400696,0.025894,0.017195,-0.023938,0.497101,0.687415,0.528940,-0.439298,-0.751002,0.492964,0.703404,0.053776,0.708753,0.030005,-0.813777,1.366665,0.098924,-0.031613,-0.032920,0.221476,0.287867,0.398041,0.276464,0.825992,12.389660,160.444002,0.000000,1,0.037970,-3.553039,33.111343,45.737478,0.711237,49.263947,0.000000
48.441666,20.633333,1,-0.840483,1.385248,0.323499,0.415870,0.243258,-0.176250,0.858378,0.401002,0.025855,0.017973,-0.023372,0.496190,0.686326,0.531230,-0.434497,-0.752388,0.495100,0.706000,0.056820,0.705929,0.025127,-0.813777,1.366665,0.098924,-0.031571,-0.033270,0.222236,0.287884,0.397021,0.274224,0.827224,12.876317,160.432760,0.000000,1,0.039380,-3.544754,32.991069,45.756859,0.711446,49.296112,0.000000
48.475000,20.666667,1,-0.840795,1.385206,0.324015,0.416146,0.241300,-0.178306,0.858372,0.401243,0.025639,0.018484,-0.021529,0.495592,0.685373,0.533093,-0.430696,-0.752075,0.498883,0.709396,0.059600,0.702285,0.018134,-0.813777,1.366665,0.098924,-0.031709,-0.033602,0.222722,0.289110,0.395515,0.272345,0.828137,13.604749,160.445940,0.000000,1,0.040387,-3.512871,32.914126,45.765410,0.706791,49.311736,0.000000
48.508333,20.700000,1,-0.841114,1.385256,0.324368,0.417264,0.239714,-0.179394,0.858048,0.401408,0.025361,0.018836,-0.019632,0.495895,0.684559,0.533931,-0.429065,-0.750485,0.502668,0.711543,0.061987,0.699903,0.014349,-0.813777,1.366665,0.098924,-0.031927,-0.033873,0.223050,0.290862,0.394706,0.271200,0.828285,14.122491,160.457568,0.000000,1,0.040749,-3.473076,32.860008,45.773743,0.700419,49.321769,0.000000
48.541666,20.733333,1,-0.841343,1.385276,0.324669,0.418680,0.238667,-0.179831,0.857558,0.401541,0.025170,0.019135,-0.018077,0.496693,0.683890,0.534101,-0.428819,-0.748490,0.505842,0.712575,0.063935,0.698677,0.011375,-0.813777,1.366665,0.098924,-0.032071,-0.034082,0.223332,0.292595,0.394491,0.270578,0.827981,14.998063,160.445308,0.000000,1,0.040806,-3.445534,32.813563,45.781826,0.696422,49.330109,0.000000
48.575000,20.766667,1,-0.841414,1.385245,0.325041,0.419875,0.238354,-0.179786,0.857070,0.401623,0.025138,0.019504,-0.017270,0.497614,0.683451,0.533832,-0.429451,-0.746884,0.507677,0.712508,0.065192,0.698629,0.011388,-0.813777,1.366665,0.098924,-0.032086,-0.034193,0.223694,0.293773,0.394796,0.270402,0.827476,15.597259,160.400744,0.000000,1,0.039824,-3.440157,32.750863,45.803514,0.696791,49.350233,0.000000
48.608333,20.800000,1,-0.841330,1.385195,0.325569,0.420029,0.239113,-0.179451,0.856854,0.401632,0.025243,0.020031,-0.017878,0.498082,0.683415,0.533422,-0.430283,-0.746906,0.506940,0.711287,0.065250,0.699867,0.016125,-0.813777,1.366665,0.098924,-0.032001,-0.034199,0.224225,0.293530,0.395527,0.270627,0.827139,15.847236,160.278143,0.000000,1,0.037995,-3.454047,32.653645,45.851017,0.700943,49.393225,0.000000
48.641666,20.833333,1,-0.841216,1.385149,0.326222,0.420216,0.240779,-0.178615,0.856470,0.401624,0.025372,0.020682,-0.019278,0.498976,0.683463,0.532474,-0.432199,-0.747092,0.505033,0.708615,0.065013,0.702594,0.019909,-0.813777,1.366665,0.098924,-0.031905,-0.034190,0.224882,0.292864,0.397056,0.271249,0.826438,16.022066,160.162270,0.000000,1,0.036755,-3.471292,32.532136,45.912417,0.705720,49.450020,0.000000
48.675000,20.866667,1,-0.841135,1.385166,0.326937,0.421345,0.242780,-0.177280,0.855627,0.401589,0.025437,0.021399,-0.020555,0.500848,0.683314,0.530858,-0.435534,-0.746076,0.503667,0.704896,0.065318,0.706296,0.021606,-0.813777,1.366665,0.098924,-0.031880,-0.034181,0.225601,0.292836,0.399318,0.272128,0.825069,16.503439,160.925282,0.000000,1,0.035708,-3.480085,32.395746,45.985430,0.708746,49.516933,0.000000
48.708333,20.900000,1,-0.841108,1.385298,0.327663,0.422772,0.243892,-0.175814,0.854909,0.401495,0.025391,0.022129,-0.020901,0.502590,0.683319,0.529190,-0.439043,-0.744220,0.503367,0.702201,0.065278,0.708980,0.022141,-0.813777,1.366665,0.098924,-0.031980,-0.034155,0.226332,0.293493,0.400935,0.273154,0.823711,17.034139,160.984152,0.000000,1,0.034693,-3.474135,32.251098,46.071420,0.708743,49.592961,0.000000
48.741666,20.933333,1,-0.841172,1.385502,0.328447,0.423220,0.243841,-0.175199,0.854829,0.401400,0.025230,0.022920,-0.020647,0.502958,0.683513,0.528598,-0.440315,-0.743377,0.503500,0.701838,0.064766,0.709386,0.024385,-0.813777,1.366665,0.098924,-0.032191,-0.034171,0.227117,0.293892,0.401081,0.273665,0.823328,17.676263,161.086744,0.000000,1,0.033842,-3.452511,32.094559,46.164203,0.705535,49.675718,0.000000
48.775000,20.966667,1,-0.841355,1.385629,0.329444,0.420046,0.243820,-0.176716,0.856087,0.401447,0.025022,0.023920,-0.022050,0.500149,0.684011,0.530560,-0.436039,-0.747875,0.500553,0.703761,0.063286,0.707612,0.030653,-0.813777,1.366665,0.098924,-0.032404,-0.034349,0.228101,0.291204,0.399579,0.272851,0.825281,18.291151,161.100064,0.000000,1,0.033347,-3.423331,31.911738,46.249717,0.700805,49.761409,0.000000
48.808333,21.000000,1,-0.841538,1.385723,0.330505,0.416072,0.244550,-0.178607,0.857426,0.401522,0.024836,0.024981,-0.024487,0.496965,0.684437,0.532891,-0.430855,-0.753799,0.496137,0.705122,0.061893,0.706379,0.032404,-0.813777,1.366665,0.098924,-0.032589,-0.034549,0.229146,0.287468,0.398369,0.271757,0.827534,18.821903,161.113805,0.000000,1,0.032836,-3.396815,31.720202,46.334776,0.696596,49.849187,0.000000
48.841666,21.033333,1,-0.841594,1.385984,0.331245,0.416785,0.245318,-0.178295,0.856925,0.401375,0.024645,0.025731,-0.024858,0.497933,0.684127,0.532367,-0.431935,-0.753169,0.496154,0.703658,0.062704,0.707766,0.023620,-0.813777,1.366665,0.098924,-0.032844,-0.034524,0.229890,0.287701,0.399383,0.271841,0.826937,19.354522,161.060422,0.000000,1,0.032460,-3.371551,31.566717,46.432616,0.692568,49.934092,0.000000
48.875000,21.066667,1,-0.841608,1.386411,0.331716,0.419261,0.245701,-0.177225,0.855829,0.401061,0.024385,0.026218,-0.024095,0.500288,0.683590,0.530882,-0.435167,-0.749920,0.498246,0.701703,0.064248,0.709567,0.019053,-0.813777,1.366665,0.098924,-0.033212,-0.034348,0.230377,0.289621,0.400883,0.272336,0.825376,19.767330,161.095370,0.000000,1,0.032489,-3.338140,31.446596,46.538856,0.686824,50.014975,0.000000
48.908333,21.100000,1,-0.841681,1.386876,0.332089,0.420252,0.245485,-0.176551,0.855544,0.400749,0.024053,0.026608,-0.023454,0.501065,0.683618,0.530142,-0.436799,-0.748332,0.499205,0.701325,0.064233,0.709942,0.018019,-0.813777,1.366665,0.098924,-0.033644,-0.034192,0.230764,0.290565,0.401146,0.272808,0.824760,20.165921,161.032717,0.000000,1,0.032840,-3.294848,31.343968,46.637050,0.679056,50.087163,0.000000
48.941666,21.133333,1,-0.841811,1.387422,0.332521,0.419350,0.244505,-0.176247,0.856329,0.400407,0.023628,0.027060,-0.022964,0.499829,0.684457,0.530247,-0.436621,-0.748819,0.498630,0.702907,0.061983,0.708576,0.021245,-0.813777,1.366665,0.098924,-0.034175,-0.034043,0.231208,0.290264,0.399825,0.273388,0.825316,20.681662,161.107196,0.000000,1,0.031840,-3.238998,31.227422,46.746493,0.668662,50.169051,0.000000
48.975000,21.166667,1,-0.842048,1.388098,0.332919,0.418029,0.242633,-0.176689,0.857416,0.400025,0.023038,0.027482,-0.021869,0.497835,0.685228,0.531174,-0.434753,-0.749724,0.498902,0.706175,0.059970,0.705493,0.024598,-0.813777,1.366665,0.098924,-0.034874,-0.033911,0.231616,0.290050,0.397542,0.273410,0.826486,21.155935,161.102785,0.000000,1,0.031420,-3.160809,31.111912,46.862353,0.653621,50.254153,0.000000
49.008333,21.200000,1,-0.842492,1.388901,0.333112,0.417118,0.239694,-0.178130,0.858388,0.399659,0.022203,0.027702,-0.019655,0.495743,0.685429,0.532954,-0.431147,-0.750092,0.501472,0.711116,0.059602,0.700543,0.028134,-0.813777,1.366665,0.098924,-0.035790,-0.033864,0.231809,0.290725,0.394560,0.272467,0.827987,21.570770,161.066617,0.000000,1,0.032904,-3.048901,31.033595,46.960310,0.631592,50.320110,0.000000
49.041666,21.233333,1,-0.843075,1.389919,0.333224,0.416510,0.236291,-0.179318,0.859378,0.399203,0.021126,0.027849,-0.016887,0.493713,0.685749,0.534520,-0.428007,-0.749767,0.504638,0.716418,0.058927,0.695178,0.035343,-0.813777,1.366665,0.098924,-0.036962,-0.033808,0.231919,0.291881,0.391305,0.271745,0.829361,22.004940,160.406896,0.000000,1,0.032869,-2.904325,30.960393,47.070020,0.602684,50.391078,0.000000
49.075000,21.266667,1,-0.843651,1.391075,0.333477,0.416278,0.233365,-0.179486,0.860255,0.398636,0.019975,0.028141,-0.014362,0.492216,0.686423,0.535109,-0.426904,-0.748760,0.507061,0.720483,0.057235,0.691106,0.039476,-0.813777,1.366665,0.098924,-0.038246,-0.033684,0.232177,0.293111,0.388610,0.271893,0.830146,22.406797,160.537923,0.000000,1,0.030785,-2.749764,30.851122,47.212265,0.571537,50.488876,0.000000
49.108333,21.300000,1,-0.844161,1.392234,0.333872,0.416797,0.230486,-0.179720,0.860731,0.398033,0.018876,0.028576,-0.011552,0.491406,0.686697,0.535568,-0.426066,-0.746901,0.510497,0.724193,0.056626,0.687268,0.039809,-0.813777,1.366665,0.098924,-0.039499,-0.033517,0.232581,0.294962,0.386326,0.271812,0.830583,22.995212,160.632390,0.000000,1,0.028952,-2.602068,30.712882,47.372369,0.541676,50.603839,0.000000
49.141666,21.333333,1,-0.844593,1.393429,0.334341,0.417207,0.227618,-0.180285,0.861177,0.397358,0.017819,0.029088,-0.008806,0.490508,0.686800,0.536311,-0.424586,-0.745316,0.514035,0.728038,0.056456,0.683208,0.040645,-0.813777,1.366665,0.098924,-0.040740,-0.033273,0.233068,0.296720,0.384015,0.271426,0.831155,23.682683,160.730219,0.000000,1,0.027327,-2.460186,30.554696,47.551310,0.512887,50.734119,0.000000
49.175000,21.366667,1,-0.844883,1.394535,0.334881,0.415729,0.225377,-0.180957,0.862339,0.396670,0.016932,0.029668,-0.007454,0.488213,0.687533,0.537486,-0.422107,-0.746356,0.514566,0.731800,0.054486,0.679338,0.037908,-0.813777,1.366665,0.098924,-0.041827,-0.032964,0.233632,0.296553,0.381340,0.271262,0.832498,24.449241,160.820273,0.000000,1,0.025939,-2.341210,30.383822,47.736187,0.488789,50.870980,0.000000
49.208333,21.400000,1,-0.844981,1.395529,0.335558,0.413241,0.224413,-0.181659,0.863638,0.395961,0.016265,0.030382,-0.007695,0.485586,0.688407,0.538741,-0.419397,-0.749220,0.512616,0.734273,0.052072,0.676854,0.036210,-0.813777,1.366665,0.098924,-0.042719,-0.032570,0.234343,0.294896,0.379304,0.271163,0.834047,25.164743,160.897152,0.000000,1,0.024002,-2.252529,30.187471,47.934086,0.470979,51.021574,0.000000
49.241666,21.433333,1,-0.844922,1.396509,0.336405,0.411783,0.224587,-0.182068,0.864203,0.395176,0.015736,0.031268,-0.008499,0.484374,0.688755,0.539376,-0.418003,-0.751230,0.510811,0.734762,0.051088,0.676399,0.038885,-0.813777,1.366665,0.098924,-0.043514,-0.032068,0.235236,0.293566,0.378764,0.271044,0.834800,26.418167,160.931798,0.000000,1,0.021570,-2.182983,29.953834,48.158767,0.457133,51.196337,0.000000
49.275000,21.466667,1,-0.844850,1.397457,0.337349,0.412072,0.225036,-0.181962,0.863971,0.394412,0.015237,0.032250,-0.008774,0.484827,0.688596,0.539167,-0.418444,-0.751044,0.510722,0.734029,0.051517,0.677162,0.040223,-0.813777,1.366665,0.098924,-0.044276,-0.031582,0.236226,0.293594,0.379298,0.271051,0.834546,27.077954,160.913608,0.000000,1,0.020371,-2.117275,29.704118,48.387158,0.444074,51.377390,0.000000
49.308333,21.500000,1,-0.844811,1.398323,0.338352,0.412870,0.225252,-0.181459,0.863639,0.393736,0.014764,0.033286,-0.008608,0.485626,0.688514,0.538555,-0.419769,-0.749966,0.511219,0.733245,0.051748,0.677993,0.039753,-0.813777,1.366665,0.098924,-0.044987,-0.031173,0.237267,0.294166,0.379856,0.271363,0.833989,27.828664,160.932115,0.000000,1,0.019940,-2.054431,29.451991,48.603440,0.431619,51.552722,0.000000
49.341666,21.533333,1,-0.844726,1.399150,0.339379,0.412937,0.225427,-0.181297,0.863596,0.393064,0.014350,0.034346,-0.008733,0.485761,0.688549,0.538387,-0.420127,-0.749896,0.511028,0.732927,0.051648,0.678344,0.039635,-0.813777,1.366665,0.098924,-0.045640,-0.030749,0.238334,0.294136,0.380036,0.271494,0.833875,28.478302,160.949259,0.000000,1,0.019100,-1.999773,29.196306,48.819703,0.420893,51.729114,0.000000
49.375000,21.566667,1,-0.844627,1.400076,0.340282,0.412919,0.225818,-0.181417,0.863477,0.392299,0.013886,0.035286,-0.009095,0.485919,0.688394,0.538435,-0.420009,-0.750150,0.510751,0.732473,0.052061,0.678802,0.038926,-0.813777,1.366665,0.098924,-0.046368,-0.030248,0.239284,0.293932,0.380379,0.271347,0.833839,28.872672,161.004532,0.000000,1,0.018457,-1.938382,28.954681,49.042321,0.408669,51.905248,0.000000
49.408333,21.600000,1,-0.844556,1.401049,0.341043,0.412594,0.226301,-0.181401,0.863509,0.391509,0.013369,0.036085,-0.009671,0.485844,0.688442,0.538432,-0.419996,-0.750756,0.509872,0.731961,0.051907,0.679366,0.037112,-0.813777,1.366665,0.098924,-0.047150,-0.029732,0.240091,0.293418,0.380647,0.271388,0.833884,29.303359,161.004323,0.000000,1,0.018503,-1.869513,28.736804,49.257704,0.394783,52.071285,0.000000
49.441666,21.633333,1,-0.844509,1.401965,0.341785,0.412164,0.226601,-0.181500,0.863615,0.390778,0.012867,0.036863,-0.010131,0.485596,0.688503,0.538569,-0.419681,-0.751453,0.509104,0.731774,0.051721,0.679582,0.035393,-0.813777,1.366665,0.098924,-0.047897,-0.029265,0.240876,0.292904,0.380707,0.271352,0.834049,29.889121,160.985906,0.000000,1,0.018400,-1.802223,28.528064,49.459902,0.381206,52.227991,0.000000
49.475000,21.666667,1,-0.844455,1.402845,0.342506,0.412084,0.226774,-0.181811,0.863542,0.390071,0.012392,0.037619,-0.010327,0.485604,0.688303,0.538814,-0.419146,-0.751765,0.509084,0.731705,0.052264,0.679615,0.034175,-0.813777,1.366665,0.098924,-0.048611,-0.028809,0.241639,0.292756,0.380834,0.271049,0.834141,30.550002,160.999254,0.000000,1,0.018079,-1.738318,28.325749,49.655245,0.368322,52.379481,0.000000
49.508333,21.700000,1,-0.844416,1.403689,0.343152,0.412317,0.226921,-0.181791,0.863396,0.389399,0.011926,0.038298,-0.010357,0.485877,0.688180,0.538725,-0.419336,-0.751544,0.509253,0.731416,0.052601,0.679900,0.031896,-0.813777,1.366665,0.098924,-0.049300,-0.028379,0.242324,0.292884,0.381078,0.271009,0.833998,31.294384,161.006246,0.000000,1,0.018236,-1.675441,28.140618,49.837491,0.355620,52.519514,0.000000
49.541666,21.733333,1,-0.844388,1.404524,0.343778,0.412388,0.227063,-0.181705,0.863343,0.388739,0.011454,0.038958,-0.010451,0.486001,0.688172,0.538622,-0.419555,-0.751487,0.509157,0.731170,0.052621,0.680163,0.031338,-0.813777,1.366665,0.098924,-0.049990,-0.027961,0.242988,0.292875,0.381234,0.271066,0.833911,31.928594,161.050467,0.000000,1,0.017921,-1.611600,27.960517,50.015213,0.342647,52.655952,0.000000
49.575000,21.766667,1,-0.844343,1.405410,0.344444,0.412207,0.227076,-0.181815,0.863403,0.388031,0.010968,0.039658,-0.010544,0.485847,0.688180,0.538749,-0.419278,-0.751758,0.508986,0.731266,0.052595,0.680062,0.033266,-0.813777,1.366665,0.098924,-0.050712,-0.027505,0.243695,0.292715,0.381162,0.270995,0.834024,32.436698,161.112386,0.000000,1,0.016766,-1.545640,27.768887,50.204642,0.329125,52.801953,0.000000
49.608333,21.800000,1,-0.844308,1.406331,0.345148,0.411850,0.226908,-0.182169,0.863543,0.387301,0.010452,0.040398,-0.010557,0.485460,0.688150,0.539135,-0.418443,-0.752262,0.508928,0.731762,0.052677,0.679522,0.034803,-0.813777,1.366665,0.098924,-0.051470,-0.027041,0.244441,0.292496,0.380855,0.270734,0.834325,32.896281,161.172975,0.000000,1,0.015814,-1.475419,27.568239,50.400633,0.314575,52.954100,0.000000
49.641666,21.833333,1,-0.844290,1.407247,0.345864,0.410996,0.226764,-0.182408,0.863938,0.386586,0.009927,0.041150,-0.010808,0.484640,0.688408,0.539538,-0.417563,-0.753320,0.508084,0.732369,0.051956,0.678923,0.034886,-0.813777,1.366665,0.098924,-0.052232,-0.026595,0.245198,0.291836,0.380321,0.270686,0.834815,33.429300,161.201331,0.000000,1,0.015259,-1.403591,27.366680,50.594547,0.299592,53.105590,0.000000
49.675000,21.866667,1,-0.844240,1.408172,0.346599,0.409968,0.227145,-0.182388,0.864330,0.385847,0.009422,0.041921,-0.011602,0.483896,0.688788,0.539704,-0.417170,-0.754712,0.506339,0.732255,0.050872,0.679128,0.035456,-0.813777,1.366665,0.098924,-0.052985,-0.026121,0.245975,0.290767,0.380156,0.270879,0.835201,34.003176,161.196730,0.000000,1,0.014362,-1.334389,27.159786,50.793670,0.285114,53.261533,0.000000
49.708333,21.900000,1,-0.844147,1.409188,0.347351,0.409601,0.227899,-0.182380,0.864307,0.385008,0.008897,0.042713,-0.012440,0.483904,0.688788,0.539679,-0.417183,-0.755488,0.505170,0.731410,0.050834,0.680041,0.038019,-0.813777,1.366665,0.098924,-0.053791,-0.025562,0.246778,0.290085,0.380643,0.270896,0.835210,34.353752,161.221347,0.000000,1,0.012976,-1.262522,26.940927,51.011533,0.269934,53.430969,0.000000
49.741666,21.933333,1,-0.844072,1.410251,0.348110,0.410320,0.228351,-0.182127,0.863900,0.384144,0.008329,0.043515,-0.012525,0.484740,0.688531,0.539255,-0.418094,-0.754731,0.505549,0.730444,0.051538,0.681025,0.039256,-0.813777,1.366665,0.098924,-0.054646,-0.024994,0.247589,0.290478,0.381383,0.270960,0.834715,34.887440,161.227995,0.000000,1,0.012169,-1.184353,26.718149,51.234374,0.253229,53.604360,0.000000
49.775000,21.966667,1,-0.844077,1.411318,0.348887,0.410507,0.228100,-0.181919,0.863921,0.383325,0.007696,0.044333,-0.012213,0.484792,0.688637,0.539079,-0.418488,-0.754302,0.505862,0.730618,0.051260,0.680860,0.039585,-0.813777,1.366665,0.098924,-0.055548,-0.024491,0.248411,0.290758,0.381242,0.271148,0.834621,35.464753,161.233172,0.000000,1,0.011849,-1.096511,26.496144,51.450136,0.234219,53.773999,0.000000
49.808333,22.000000,1,-0.844115,1.412473,0.349644,0.409410,0.227300,-0.182346,0.864563,0.382455,0.006982,0.045135,-0.011985,0.483469,0.689026,0.539775,-0.416998,-0.755427,0.505413,0.732250,0.050199,0.679184,0.041465,-0.813777,1.366665,0.098924,-0.056542,-0.023966,0.249214,0.290212,0.380018,0.271019,0.835412,36.269588,161.281316,0.000000,1,0.011177,-0.997046,26.272982,51.673228,0.212415,53.948102,0.000000
49.841666,22.033333,1,-0.844132,1.413751,0.350324,0.408276,0.226761,-0.182706,0.865164,0.381472,0.006209,0.045865,-0.012006,0.482229,0.689414,0.540388,-0.415672,-0.756682,0.504627,0.733523,0.049129,0.677886,0.043427,-0.813777,1.366665,0.098924,-0.057628,-0.023350,0.249948,0.289506,0.379004,0.270940,0.836142,37.068788,161.285053,0.000000,1,0.010468,-0.889118,26.054038,51.910047,0.188507,54.128578,0.000000
49.875000,22.066667,1,-0.844175,1.415108,0.350915,0.407473,0.226421,-0.182782,0.865616,0.380437,0.005368,0.046509,-0.012055,0.481366,0.689792,0.540674,-0.415053,-0.757511,0.503893,0.734300,0.048083,0.677121,0.044430,-0.813777,1.366665,0.098924,-0.058793,-0.022705,0.250596,0.288983,0.378315,0.271054,0.836598,37.846589,161.293780,0.000000,1,0.010310,-0.770955,25.846815,52.148776,0.162059,54.307027,0.000000
49.908333,22.100000,1,-0.844222,1.416445,0.351494,0.406443,0.225708,-0.183276,0.866181,0.379421,0.004535,0.047139,-0.011876,0.480142,0.690084,0.541393,-0.413504,-0.758618,0.503501,0.735809,0.047287,0.675536,0.043724,-0.813777,1.366665,0.098924,-0.059943,-0.022072,0.251229,0.288453,0.377204,0.270835,0.837353,38.513587,161.295210,0.000000,1,0.009911,-0.653396,25.644182,52.382378,0.135578,54.481719,0.000000
49.941666,22.133333,1,-0.844221,1.417745,0.352107,0.405149,0.224942,-0.184081,0.866816,0.378406,0.003763,0.047804,-0.011772,0.478663,0.690302,0.542426,-0.411271,-0.760146,0.503026,0.737606,0.046689,0.673615,0.043136,-0.813777,1.366665,0.098924,-0.061036,-0.021422,0.251900,0.287727,0.375931,0.270367,0.838326,39.363404,161.288208,0.000000,1,0.008978,-0.544001,25.435813,52.617283,0.110835,54.659010,0.000000
49.975000,22.166667,1,-0.844167,1.419063,0.352623,0.406501,0.225008,-0.183379,0.866314,0.377341,0.003022,0.048372,-0.011224,0.479885,0.690147,0.541555,-0.413184,-0.758278,0.504275,0.736732,0.047143,0.674540,0.042490,-0.813777,1.366665,0.098924,-0.062115,-0.020709,0.252478,0.288845,0.376618,0.270782,0.837499,40.165762,161.314254,0.000000,1,0.008638,-0.438631,25.241534,52.852837,0.086868,54.832915,0.000000
50.008333,22.200000,1,-0.844002,1.420440,0.352958,0.413294,0.225810,-0.180253,0.863543,0.376156,0.002330,0.048762,-0.008901,0.486237,0.688968,0.537418,-0.422205,-0.749184,0.510359,0.731871,0.050488,0.679570,0.042795,-0.813777,1.366665,0.098924,-0.063181,-0.019855,0.252888,0.294238,0.380503,0.272410,0.833327,40.801346,161.313925,0.000000,1,0.008505,-0.340012,25.070951,53.095124,0.064328,55.003896,0.000000
50.041666,22.233333,1,-0.843808,1.421690,0.353417,0.418189,0.226165,-0.178213,0.861515,0.375060,0.001740,0.049273,-0.007031,0.490716,0.687992,0.534617,-0.428271,-0.742525,0.515016,0.728724,0.053235,0.682736,0.040366,-0.813777,1.366665,0.098924,-0.064126,-0.019058,0.253419,0.298235,0.383115,0.273373,0.830389,41.407830,161.335575,0.000000,1,0.007309,-0.255427,24.886036,53.330093,0.044975,55.175368,0.000000
50.075000,22.266667,1,-0.843736,1.422827,0.354071,0.417686,0.225931,-0.178452,0.861770,0.374133,0.001124,0.049971,-0.007047,0.490169,0.688119,0.534955,-0.427546,-0.743134,0.514739,0.729317,0.052886,0.682128,0.039413,-0.813777,1.366665,0.098924,-0.065045,-0.018441,0.254127,0.297921,0.382674,0.273262,0.830742,41.996396,161.322818,0.000000,1,0.006686,-0.166577,24.680049,53.548972,0.024449,55.344643,0.000000
50.108333,22.300000,1,-0.843729,1.423958,0.354779,0.415196,0.225640,-0.179300,0.862874,0.373254,0.000459,0.050723,-0.007895,0.487839,0.688762,0.536244,-0.424761,-0.746392,0.512326,0.730985,0.051089,0.680478,0.040029,-0.813777,1.366665,0.098924,-0.065994,-0.017888,0.254885,0.295938,0.381238,0.272969,0.832205,42.685445,161.333710,0.000000,1,0.006368,-0.070459,24.467946,53.763034,0.002015,55.513433,0.000000
50.141666,22.333333,1,-0.843732,1.425165,0.355487,0.413292,0.225511,-0.180343,0.863604,0.372320,-0.000258,0.051479,-0.008635,0.486103,0.688978,0.537531,-0.421973,-0.749088,0.510692,0.732298,0.050471,0.679111,0.041975,-0.813777,1.366665,0.098924,-0.067011,-0.017301,0.255645,0.294384,0.380241,0.272348,0.833416,43.316724,161.351141,0.000000,1,0.005920,0.033632,24.251064,53.986177,-0.022518,55.688753,0.000000
50.175000,22.366667,1,-0.843683,1.426621,0.355942,0.415971,0.225366,-0.179749,0.862478,0.371146,-0.001087,0.051991,-0.007317,0.488411,0.688192,0.536463,-0.424307,-0.745527,0.513959,0.731233,0.052676,0.680091,0.045781,-0.813777,1.366665,0.098924,-0.068208,-0.016512,0.256168,0.296745,0.381395,0.272395,0.832035,44.046092,161.338665,0.000000,1,0.006284,0.154535,24.060661,54.232177,-0.051336,55.868819,0.000000
50.208333,22.400000,1,-0.843676,1.428089,0.356295,0.417530,0.224985,-0.179113,0.861957,0.369984,-0.001961,0.052403,-0.006277,0.489619,0.687980,0.535646,-0.426088,-0.743175,0.515888,0.730881,0.053287,0.680421,0.045316,-0.813777,1.366665,0.098924,-0.069438,-0.015742,0.256588,0.298259,0.381790,0.272730,0.831202,45.147037,161.350020,0.000000,1,0.006702,0.282542,23.890572,54.467732,-0.082128,56.037701,0.000000
50.241666,22.433333,1,-0.843758,1.429532,0.356698,0.416340,0.224641,-0.179237,0.862596,0.368897,-0.002888,0.052862,-0.006494,0.488413,0.688510,0.536064,-0.425187,-0.744514,0.514699,0.731827,0.051823,0.679517,0.045017,-0.813777,1.366665,0.098924,-0.070695,-0.015064,0.257049,0.297406,0.380911,0.272881,0.831861,46.241687,161.352874,0.000000,1,0.006725,0.419016,23.718228,54.692818,-0.115253,56.201988,0.000000
50.275000,22.466667,1,-0.843792,1.430997,0.357154,0.415438,0.224503,-0.179323,0.863049,0.367766,-0.003789,0.053374,-0.006767,0.487552,0.688889,0.536357,-0.424551,-0.745580,0.513680,0.732382,0.050772,0.678998,0.046025,-0.813777,1.366665,0.098924,-0.071944,-0.014339,0.257567,0.296701,0.380351,0.272993,0.832332,46.998729,161.339420,0.000000,1,0.006187,0.552426,23.533005,54.928543,-0.147856,56.376026,0.000000
50.308333,22.500000,1,-0.843700,1.432418,0.357620,0.415936,0.224650,-0.178901,0.862858,0.366595,-0.004563,0.053897,-0.006673,0.488055,0.688902,0.535885,-0.425565,-0.744858,0.513888,0.731830,0.050740,0.679596,0.044954,-0.813777,1.366665,0.098924,-0.073088,-0.013535,0.258103,0.297049,0.380706,0.273291,0.831947,47.512431,161.331093,0.000000,1,0.005319,0.668088,23.343085,55.171422,-0.176275,56.555564,0.000000
50.341666,22.533333,1,-0.843567,1.433804,0.358116,0.416413,0.225236,-0.178164,0.862628,0.365428,-0.005283,0.054449,-0.006976,0.488730,0.689024,0.535108,-0.427222,-0.744223,0.513433,0.730586,0.050394,0.680959,0.044342,-0.813777,1.366665,0.098924,-0.074181,-0.012718,0.258672,0.297162,0.381424,0.273864,0.831390,48.126132,161.353281,0.000000,1,0.004971,0.776256,23.148353,55.415063,-0.203049,56.737261,0.000000
50.375000,22.566667,1,-0.843428,1.435183,0.358699,0.415854,0.225817,-0.177745,0.862832,0.364266,-0.005993,0.055087,-0.007737,0.488486,0.689410,0.534823,-0.427810,-0.744984,0.511838,0.729866,0.049307,0.681810,0.045094,-0.813777,1.366665,0.098924,-0.075265,-0.011908,0.259326,0.296391,0.381646,0.274338,0.831407,48.916092,161.349562,0.000000,1,0.005123,0.883326,22.938452,55.663381,-0.229774,56.926308,0.000000
50.408333,22.600000,1,-0.843272,1.436590,0.359327,0.415290,0.226053,-0.177344,0.863124,0.363074,-0.006705,0.055772,-0.008189,0.488085,0.689863,0.534598,-0.428276,-0.745592,0.510561,0.729605,0.048044,0.682179,0.046457,-0.813777,1.366665,0.098924,-0.076363,-0.011072,0.260029,0.295786,0.381561,0.274825,0.831501,49.814413,161.392468,0.000000,1,0.005639,0.991404,22.717599,55.919659,-0.256986,57.123230,0.000000
50.441666,22.633333,1,-0.843098,1.438049,0.359908,0.415725,0.226475,-0.176369,0.863004,0.361826,-0.007435,0.056412,-0.008359,0.488648,0.690189,0.533659,-0.430275,-0.744822,0.510004,0.728483,0.047138,0.683441,0.047422,-0.813777,1.366665,0.098924,-0.077496,-0.010188,0.260689,0.295937,0.382103,0.275651,0.830924,50.583936,161.428037,0.000000,1,0.006114,1.102796,22.501318,56.181338,-0.285287,57.322032,0.000000
50.475000,22.666667,1,-0.842944,1.439503,0.360456,0.415892,0.227426,-0.175660,0.862818,0.360595,-0.008178,0.057018,-0.009127,0.489209,0.690349,0.532925,-0.431814,-0.744739,0.508822,0.726879,0.046670,0.685178,0.046824,-0.813777,1.366665,0.098924,-0.078634,-0.009322,0.261314,0.295606,0.382994,0.276227,0.830441,51.293477,161.460392,0.000000,1,0.006381,1.216731,22.293033,56.436927,-0.314510,57.515584,0.000000
50.508333,22.700000,1,-0.842786,1.440896,0.360941,0.416051,0.228488,-0.175383,0.862517,0.359406,-0.008882,0.057559,-0.010006,0.489817,0.690215,0.532525,-0.432634,-0.744916,0.507866,0.725311,0.047006,0.686815,0.044516,-0.813777,1.366665,0.098924,-0.079719,-0.008479,0.261873,0.295220,0.383999,0.276373,0.830065,52.046691,161.479537,0.000000,1,0.006171,1.325516,22.100662,56.679724,-0.342678,57.697904,0.000000
50.541666,22.733333,1,-0.842600,1.442196,0.361286,0.415801,0.228964,-0.175129,0.862563,0.358271,-0.009511,0.057958,-0.010540,0.489803,0.690379,0.532314,-0.433061,-0.745322,0.506906,0.724673,0.046531,0.687521,0.040733,-0.813777,1.366665,0.098924,-0.080710,-0.007650,0.262292,0.294769,0.384287,0.276630,0.830006,52.758069,161.492258,0.000000,1,0.005447,1.423294,21.939384,56.902798,-0.368244,57.860632,0.000000
50.575000,22.766667,1,-0.842416,1.443516,0.361540,0.415270,0.228939,-0.175145,0.862822,0.357117,-0.010155,0.058266,-0.010751,0.489321,0.690612,0.532451,-0.432760,-0.745956,0.506230,0.724914,0.045879,0.687310,0.040708,-0.813777,1.366665,0.098924,-0.081718,-0.006804,0.262620,0.294326,0.384006,0.276726,0.830262,53.455744,161.493293,0.000000,1,0.005604,1.523879,21.794517,57.121647,-0.394765,58.016418,0.000000
50.608333,22.800000,1,-0.842283,1.444906,0.361789,0.415095,0.228853,-0.175411,0.862875,0.355937,-0.010881,0.058571,-0.010755,0.489130,0.690542,0.532717,-0.432194,-0.746249,0.506282,0.725206,0.046071,0.686989,0.042538,-0.813777,1.366665,0.098924,-0.082812,-0.005961,0.262943,0.294222,0.383856,0.276509,0.830440,54.123850,161.535171,0.000000,1,0.006384,1.637370,21.649176,57.343435,-0.424903,58.174229,0.000000
50.641666,22.833333,1,-0.842156,1.446326,0.362053,0.414429,0.228501,-0.176100,0.863148,0.354738,-0.011629,0.058892,-0.010744,0.488390,0.690485,0.533470,-0.430589,-0.747200,0.506245,0.726211,0.046230,0.685916,0.043495,-0.813777,1.366665,0.098924,-0.083935,-0.005109,0.263281,0.293833,0.383251,0.276004,0.831025,54.880160,161.524370,0.000000,1,0.006972,1.754979,21.499861,57.568991,-0.456373,58.335578,0.000000
50.675000,22.866667,1,-0.841974,1.447711,0.362341,0.413473,0.228516,-0.176706,0.863479,0.353535,-0.012313,0.059236,-0.011189,0.487555,0.690526,0.534172,-0.429071,-0.748629,0.505424,0.726808,0.046098,0.685292,0.042784,-0.813777,1.366665,0.098924,-0.084999,-0.004232,0.263646,0.293015,0.382824,0.275606,0.831643,55.638977,161.492182,0.000000,1,0.007202,1.863530,21.346391,57.796483,-0.485685,58.499541,0.000000
50.708333,22.900000,1,-0.841732,1.449126,0.362680,0.413859,0.229438,-0.176666,0.863058,0.352272,-0.012966,0.059633,-0.011847,0.488304,0.690173,0.533929,-0.429560,-0.748576,0.505087,0.725437,0.047042,0.686679,0.044276,-0.813777,1.366665,0.098924,-0.086056,-0.003293,0.264068,0.292897,0.383826,0.275487,0.831262,56.438245,161.462852,0.000000,1,0.008074,1.968301,21.178908,58.037277,-0.514214,58.675217,0.000000
50.741666,22.933333,1,-0.841464,1.450661,0.363065,0.415312,0.230467,-0.176287,0.862162,0.350901,-0.013668,0.060082,-0.012126,0.490045,0.689532,0.533155,-0.431198,-0.747139,0.505818,0.723371,0.048796,0.688734,0.048135,-0.813777,1.366665,0.098924,-0.087198,-0.002271,0.264544,0.293638,0.385430,0.275471,0.830263,57.276620,161.469824,0.000000,1,0.009573,2.081606,20.994518,58.299143,-0.545268,58.867685,0.000000
50.775000,22.966667,1,-0.841188,1.452243,0.363482,0.415646,0.231065,-0.176272,0.861844,0.349489,-0.014394,0.060563,-0.012515,0.490605,0.689257,0.532986,-0.431538,-0.747009,0.505720,0.722449,0.049536,0.689647,0.049766,-0.813777,1.366665,0.098924,-0.088377,-0.001221,0.265054,0.293633,0.386121,0.275364,0.829979,58.347120,161.495846,0.000000,1,0.010622,2.199372,20.801432,58.569397,-0.577826,59.067715,0.000000
50.808333,23.000000,1,-0.840909,1.453881,0.363954,0.415241,0.231726,-0.176808,0.861752,0.348032,-0.015149,0.061103,-0.013297,0.490544,0.688951,0.533419,-0.430574,-0.748046,0.505009,0.721954,0.050340,0.690108,0.051847,-0.813777,1.366665,0.098924,-0.089602,-0.000142,0.265623,0.292972,0.386533,0.274866,0.830186,59.839117,161.436615,0.000000,1,0.011913,2.322764,20.594765,58.850375,-0.612232,59.278124,0.000000
50.841666,23.033333,1,-0.840676,1.455652,0.364414,0.415864,0.232547,-0.176824,0.861227,0.346497,-0.016022,0.061634,-0.013761,0.491459,0.688475,0.533179,-0.431061,-0.747688,0.505123,0.720636,0.051624,0.691389,0.055312,-0.813777,1.366665,0.098924,-0.090962,0.000970,0.266180,0.293108,0.387563,0.274650,0.829729,60.904577,161.439449,0.000000,1,0.013240,2.465238,20.385012,59.142043,-0.652220,59.495660,0.000000
50.875000,23.066667,1,-0.840496,1.457518,0.364816,0.416723,0.233006,-0.176776,0.860698,0.344914,-0.016995,0.062112,-0.013795,0.492424,0.688016,0.532881,-0.431696,-0.746847,0.505825,0.719676,0.052887,0.692293,0.057537,-0.813777,1.366665,0.098924,-0.092431,0.002097,0.266681,0.293622,0.388387,0.274481,0.829218,62.148186,161.458442,0.000000,1,0.014104,2.624521,20.183395,59.435997,-0.697273,59.712335,0.000000
50.908333,23.100000,1,-0.840431,1.459399,0.365153,0.417106,0.233097,-0.177439,0.860351,0.343388,-0.018069,0.062523,-0.013720,0.492811,0.687405,0.533313,-0.430778,-0.746728,0.506782,0.719681,0.054571,0.692157,0.057345,-0.813777,1.366665,0.098924,-0.093974,0.003141,0.267108,0.293918,0.388685,0.273747,0.829216,63.215094,161.449923,0.000000,1,0.014357,2.800165,19.999447,59.713993,-0.747396,59.915448,0.000000
50.941666,23.133333,1,-0.840450,1.461288,0.365345,0.417452,0.232992,-0.177940,0.860108,0.341900,-0.019218,0.062789,-0.013484,0.493077,0.686958,0.533650,-0.430071,-0.746487,0.507736,0.719893,0.055814,0.691837,0.056957,-0.813777,1.366665,0.098924,-0.095569,0.004133,0.267384,0.294274,0.388784,0.273195,0.829225,64.303534,161.458151,0.000000,1,0.014157,2.988398,19.847448,59.973252,-0.801569,60.098873,0.000000
50.975000,23.166667,1,-0.840437,1.463161,0.365411,0.417840,0.233091,-0.178136,0.859852,0.340399,-0.020333,0.062930,-0.013406,0.493466,0.686637,0.533704,-0.429960,-0.746153,0.508321,0.719692,0.056699,0.691974,0.056251,-0.813777,1.366665,0.098924,-0.097134,0.005155,0.267537,0.294562,0.389069,0.272916,0.829081,65.477340,161.467665,0.000000,1,0.013970,3.172960,19.719837,60.224653,-0.855179,60.270650,0.000000
51.008333,23.200000,1,-0.840331,1.465013,0.365443,0.417871,0.233274,-0.178532,0.859705,0.338859,-0.021362,0.063036,-0.013564,0.493579,0.686331,0.533990,-0.429341,-0.746377,0.508515,0.719598,0.057532,0.692003,0.055652,-0.813777,1.366665,0.098924,-0.098628,0.006247,0.267663,0.294507,0.389265,0.272506,0.829144,66.486168,161.467488,0.000000,1,0.014186,3.345629,19.596883,60.479822,-0.905841,60.443214,0.000000
51.041666,23.233333,1,-0.840156,1.466812,0.365495,0.417782,0.233272,-0.179019,0.859648,0.337322,-0.022304,0.063160,-0.013610,0.493504,0.686064,0.534401,-0.428460,-0.746700,0.508784,0.719834,0.058262,0.691697,0.054230,-0.813777,1.366665,0.098924,-0.100041,0.007365,0.267810,0.294439,0.389241,0.272049,0.829329,67.476806,161.434443,0.000000,1,0.014476,3.505930,19.471545,60.735626,-0.953415,60.617187,0.000000
51.075000,23.266667,1,-0.840030,1.468561,0.365559,0.417726,0.233097,-0.179279,0.859668,0.335853,-0.023254,0.063296,-0.013482,0.493380,0.685964,0.534647,-0.427942,-0.746801,0.509072,0.720194,0.058542,0.691298,0.052644,-0.813777,1.366665,0.098924,-0.101439,0.008414,0.267966,0.294481,0.389071,0.271821,0.829469,68.559154,161.443705,0.000000,1,0.014704,3.667956,19.349760,60.979677,-1.001984,60.784144,0.000000
51.108333,23.300000,1,-0.839921,1.470337,0.365624,0.418000,0.233062,-0.179392,0.859521,0.334372,-0.024235,0.063431,-0.013332,0.493609,0.685778,0.534679,-0.427881,-0.746503,0.509559,0.720180,0.059062,0.691268,0.053430,-0.813777,1.366665,0.098924,-0.102870,0.009464,0.268120,0.294735,0.389179,0.271658,0.829381,69.581266,161.480889,0.000000,1,0.015353,3.835905,19.228305,61.224202,-1.052699,60.951595,0.000000
51.141666,23.333333,1,-0.839820,1.472124,0.365674,0.418549,0.233142,-0.179537,0.859202,0.332888,-0.025229,0.063553,-0.013165,0.494133,0.685420,0.534658,-0.427936,-0.745941,0.510336,0.719919,0.060053,0.691455,0.053702,-0.813777,1.366665,0.098924,-0.104313,0.010514,0.268260,0.295170,0.389525,0.271395,0.829150,70.598632,161.493169,0.000000,1,0.015828,4.007037,19.110416,61.467126,-1.104797,61.117370,0.000000
51.175000,23.366667,1,-0.839772,1.473941,0.365718,0.418543,0.232943,-0.179817,0.859200,0.331411,-0.026283,0.063669,-0.012995,0.494042,0.685291,0.534911,-0.427403,-0.745979,0.510727,0.720299,0.060415,0.691027,0.054565,-0.813777,1.366665,0.098924,-0.105810,0.011537,0.268391,0.295266,0.389358,0.271140,0.829277,71.634753,161.519422,0.000000,1,0.016439,4.188830,18.995408,61.706709,-1.160501,61.280805,0.000000
51.208333,23.400000,1,-0.839712,1.475782,0.365737,0.418305,0.232381,-0.179973,0.859436,0.329907,-0.027342,0.063762,-0.012597,0.493584,0.685428,0.535167,-0.426874,-0.746073,0.511032,0.721203,0.060059,0.690115,0.055240,-0.813777,1.366665,0.098924,-0.107321,0.012585,0.268499,0.295338,0.388751,0.271087,0.829554,72.646993,161.506634,0.000000,1,0.016952,4.372931,18.884515,61.947619,-1.217347,61.443909,0.000000
51.241666,23.433333,1,-0.839635,1.477674,0.365688,0.418289,0.232003,-0.180151,0.859509,0.328349,-0.028420,0.063788,-0.012267,0.493404,0.685409,0.535365,-0.426467,-0.745994,0.511487,0.721783,0.060127,0.689503,0.056837,-0.813777,1.366665,0.098924,-0.108865,0.013682,0.268544,0.295512,0.388416,0.270950,0.829694,73.767098,161.507621,0.000000,1,0.017428,4.561939,18.784123,62.191431,-1.276114,61.605375,0.000000
51.275000,23.466667,1,-0.839620,1.479658,0.365509,0.418715,0.231761,-0.180172,0.859362,0.326751,-0.029605,0.063688,-0.011863,0.493676,0.685259,0.535316,-0.426592,-0.745373,0.512287,0.721947,0.060559,0.689293,0.059767,-0.813777,1.366665,0.098924,-0.110519,0.014788,0.268458,0.295996,0.388412,0.270863,0.829552,74.881494,161.527903,0.000000,1,0.017813,4.769874,18.707746,62.430250,-1.341072,61.756547,0.000000
51.308333,23.500000,1,-0.839623,1.481812,0.365204,0.418983,0.231091,-0.180267,0.859392,0.325023,-0.030908,0.063468,-0.011145,0.493618,0.685230,0.535422,-0.426398,-0.744777,0.513314,0.722771,0.060672,0.688419,0.065261,-0.813777,1.366665,0.098924,-0.112325,0.015984,0.268253,0.296553,0.387954,0.270773,0.829596,76.121804,161.536188,0.000000,1,0.018883,5.000003,18.649132,62.678391,-1.413190,61.907019,0.000000
