time_take_s,time_episode_s,tool_tracked,tool_world_x_m,tool_world_y_m,tool_world_z_m,tool_world_qx,tool_world_qy,tool_world_qz,tool_world_qw,tcp_robot_x_m,tcp_robot_y_m,tcp_robot_z_m,tcp_robot_qx,tcp_robot_qy,tcp_robot_qz,tcp_robot_qw,tcp_robot_rot6d_r00,tcp_robot_rot6d_r01,tcp_robot_rot6d_r02,tcp_robot_rot6d_r10,tcp_robot_rot6d_r11,tcp_robot_rot6d_r12,tcp_speed_m_s,box_world_x_m,box_world_y_m,box_world_z_m,tool_in_box_x_m,tool_in_box_y_m,tool_in_box_z_m,tool_in_box_qx,tool_in_box_qy,tool_in_box_qz,tool_in_box_qw,flap_left_deg,flap_right_deg,gripper,ik_reachable,ik_pos_err_mm,q1_deg,q2_deg,q3_deg,q4_deg,q5_deg,q6_deg
5.400000,0.000000,1,-0.844242,1.513235,0.496455,-0.074908,-0.245001,0.228238,-0.939293,0.299826,-0.056758,0.206259,-0.183120,0.172219,0.739529,0.624423,-0.153126,-0.986632,-0.055771,0.860485,-0.160874,0.483411,0.000000,-0.827645,1.375230,0.101748,0.128938,-0.024824,0.397333,-0.257456,-0.124433,0.850398,-0.441653,0.324256,0.178262,0.000000,1,0.063390,9.713036,-9.940203,70.620854,-2.654114,78.754753,0.067999
5.433333,0.033333,1,-0.843788,1.512647,0.494217,-0.078333,-0.245909,0.226807,-0.939123,0.300025,-0.056019,0.204029,-0.182412,0.175687,0.740034,0.623065,-0.157031,-0.986273,-0.051053,0.858084,-0.161848,0.487338,0.070730,-0.827645,1.375230,0.101748,0.128353,-0.025065,0.395061,-0.260409,-0.122414,0.849348,-0.442505,0.337796,0.128887,0.000000,1,0.044188,9.574483,-9.531600,70.614234,-2.646032,78.598694,0.064599
5.466667,0.066667,1,-0.843476,1.512116,0.492013,-0.081684,-0.246443,0.225747,-0.938953,0.300264,-0.055427,0.201831,-0.181400,0.178924,0.740372,0.622037,-0.160328,-0.985991,-0.046013,0.856163,-0.162113,0.490616,0.068662,-0.827645,1.375230,0.101748,0.127841,-0.025176,0.392833,-0.263028,-0.120213,0.848551,-0.443087,0.309781,0.107762,0.000000,1,0.043762,9.458932,-9.117150,70.591575,-2.644590,78.428811,0.061369
5.500000,0.100000,1,-0.843277,1.511640,0.489791,-0.084456,-0.246900,0.224665,-0.938847,0.300527,-0.054959,0.199615,-0.180578,0.181607,0.740774,0.621019,-0.163454,-0.985658,-0.041973,0.854481,-0.162709,0.493344,0.068416,-0.827645,1.375230,0.101748,0.127400,-0.025180,0.390596,-0.265209,-0.118398,0.847784,-0.443744,0.301418,0.113485,0.000000,1,0.042940,9.363758,-8.693865,70.559318,-2.648710,78.247117,0.058301
5.533333,0.133333,1,-0.843152,1.511195,0.487527,-0.087507,-0.247339,0.223305,-0.938776,0.300810,-0.054569,0.197355,-0.179616,0.184531,0.741333,0.619767,-0.167253,-0.985198,-0.037578,0.852618,-0.163673,0.496239,0.069332,-0.827645,1.375230,0.101748,0.127000,-0.025112,0.388321,-0.267565,-0.116354,0.846864,-0.444626,0.319371,0.153158,0.000000,1,0.041794,9.281508,-8.258822,70.519678,-2.655587,78.053482,0.055386
5.566667,0.166667,1,-0.843232,1.510836,0.485163,-0.090821,-0.247342,0.222390,-0.938678,0.301148,-0.054393,0.194992,-0.178144,0.187498,0.741669,0.618899,-0.170458,-0.984840,-0.032164,0.851233,-0.163618,0.498629,0.071786,-0.827645,1.375230,0.101748,0.126715,-0.024848,0.385960,-0.269760,-0.113836,0.846232,-0.445154,0.512426,0.084858,0.000000,1,0.040087,9.233302,-7.795265,70.462752,-2.673352,77.835274,0.052616
5.600000,0.200000,1,-0.843495,1.510559,0.482702,-0.093599,-0.246717,0.222223,-0.938609,0.301530,-0.054411,0.192531,-0.176346,0.189705,0.741695,0.618711,-0.172198,-0.984696,-0.026845,0.850882,-0.162418,0.499620,0.074711,-0.827645,1.375230,0.101748,0.126537,-0.024408,0.383515,-0.271120,-0.111330,0.846126,-0.445163,0.316899,0.119482,0.000000,1,0.038353,9.216229,-7.305370,70.390338,-2.700852,77.594507,0.049986
5.633333,0.233333,1,-0.843781,1.510342,0.480034,-0.096756,-0.246467,0.222050,-0.938396,0.301879,-0.054483,0.189863,-0.174715,0.192418,0.741595,0.618454,-0.173977,-0.984523,-0.021132,0.850049,-0.160979,0.501500,0.080752,-0.827645,1.375230,0.101748,0.126427,-0.023940,0.380867,-0.273007,-0.108785,0.845902,-0.445064,0.297966,0.077214,0.000000,1,0.035710,9.209745,-6.780570,70.319190,-2.730050,77.336032,0.047486
5.666667,0.266667,1,-0.843961,1.510203,0.477002,-0.100714,-0.246880,0.221368,-0.938031,0.302102,-0.054511,0.186832,-0.173323,0.196145,0.741594,0.617677,-0.176868,-0.984124,-0.014761,0.848138,-0.160004,0.505036,0.091205,-0.827645,1.375230,0.101748,0.126389,-0.023567,0.377850,-0.275924,-0.106057,0.845222,-0.445217,0.311165,0.152704,0.000000,1,0.031639,9.200633,-6.203299,70.265952,-2.755752,77.060744,0.045112
5.700000,0.300000,1,-0.844025,1.510131,0.473713,-0.105053,-0.247638,0.220345,-0.937597,0.302202,-0.054486,0.183542,-0.172071,0.200367,0.741683,0.616564,-0.180481,-0.983545,-0.008165,0.845635,-0.159404,0.509403,0.098738,-0.827645,1.375230,0.101748,0.126410,-0.023302,0.374569,-0.279353,-0.103259,0.844258,-0.445564,0.308922,0.241630,0.000000,1,0.028368,9.186814,-5.591066,70.228937,-2.777423,76.776070,0.042856
5.733333,0.333333,1,-0.844034,1.510143,0.470302,-0.109179,-0.248134,0.219342,-0.937229,0.302202,-0.054466,0.180131,-0.170679,0.204281,0.741823,0.615497,-0.184065,-0.982913,-0.001758,0.843447,-0.158865,0.513185,0.102322,-0.827645,1.375230,0.101748,0.126510,-0.023095,0.371166,-0.282447,-0.100450,0.843363,-0.445951,0.460844,0.245633,0.000000,1,0.026353,9.177241,-4.964161,70.201935,-2.798715,76.488312,0.040714
5.766667,0.366667,1,-0.843952,1.510226,0.466776,-0.113581,-0.248078,0.218193,-0.936989,0.302091,-0.054414,0.176605,-0.168671,0.208195,0.742141,0.614354,-0.188238,-0.982108,0.005455,0.841643,-0.158448,0.516267,0.105837,-0.827645,1.375230,0.101748,0.126671,-0.022981,0.367644,-0.285313,-0.097069,0.842487,-0.446530,0.310376,0.281367,0.000000,1,0.024312,9.166141,-4.325036,70.187587,-2.817571,76.200178,0.038678
5.800000,0.400000,1,-0.843784,1.510367,0.463107,-0.118407,-0.247845,0.216875,-0.936759,0.301881,-0.054327,0.172937,-0.166315,0.212408,0.742547,0.613063,-0.192987,-0.981109,0.013445,0.839802,-0.158074,0.519369,0.110250,-0.827645,1.375230,0.101748,0.126881,-0.022952,0.363975,-0.288328,-0.093246,0.841519,-0.447234,0.271596,0.221965,0.000000,1,0.022154,9.152449,-3.666608,70.182724,-2.833774,75.907083,0.036744
5.833333,0.433333,1,-0.843616,1.510642,0.459376,-0.123103,-0.247493,0.215616,-0.936538,0.301566,-0.054320,0.169205,-0.163912,0.216453,0.742933,0.611827,-0.197601,-0.980051,0.021312,0.838134,-0.157632,0.522191,0.112372,-0.827645,1.375230,0.101748,0.127226,-0.022936,0.360245,-0.291168,-0.089445,0.840596,-0.447905,0.265495,0.225580,0.000000,1,0.020894,9.154959,-3.001001,70.185188,-2.854465,75.613676,0.034907
5.866667,0.466667,1,-0.843502,1.511052,0.455715,-0.127732,-0.247290,0.214333,-0.936266,0.301174,-0.054439,0.165542,-0.161671,0.220505,0.743283,0.610549,-0.202185,-0.978920,0.028922,0.836323,-0.157216,0.525211,0.110565,-0.827645,1.375230,0.101748,0.127710,-0.022889,0.356592,-0.294075,-0.085790,0.839616,-0.448559,0.311308,0.161635,0.000000,1,0.020740,9.180288,-2.349126,70.190257,-2.882315,75.327026,0.033161
5.900000,0.500000,1,-0.843487,1.511564,0.452174,-0.132402,-0.247136,0.213021,-0.935957,0.300761,-0.054699,0.161998,-0.159456,0.224614,0.743615,0.609229,-0.206828,-0.977695,0.036534,0.834430,-0.156778,0.528343,0.107343,-0.827645,1.375230,0.101748,0.128306,-0.022765,0.353066,-0.297044,-0.082136,0.838588,-0.449209,0.360179,0.102423,0.000000,1,0.021157,9.229688,-1.715035,70.189779,-2.917999,75.044807,0.031503
5.933333,0.533333,1,-0.843548,1.512149,0.448816,-0.137554,-0.247218,0.211671,-0.935498,0.300335,-0.055066,0.158636,-0.157238,0.229261,0.743832,0.607807,-0.211693,-0.976310,0.044775,0.832115,-0.156020,0.532205,0.102267,-0.827645,1.375230,0.101748,0.128979,-0.022585,0.349729,-0.300505,-0.078273,0.837422,-0.449773,0.354972,0.149322,0.000000,1,0.021957,9.297232,-1.111121,70.185152,-2.959368,74.773266,0.029928
5.966667,0.566667,1,-0.843696,1.512788,0.445660,-0.142133,-0.247163,0.210829,-0.935019,0.299917,-0.055537,0.155475,-0.155151,0.233335,0.743800,0.606831,-0.215368,-0.975127,0.052388,0.830318,-0.154621,0.535410,0.096686,-0.827645,1.375230,0.101748,0.129712,-0.022339,0.346600,-0.303477,-0.074763,0.836570,-0.449959,0.343635,0.165573,0.000000,1,0.023005,9.381952,-0.539863,70.174465,-3.006142,74.512552,0.028432
6.000000,0.600000,1,-0.843865,1.513443,0.442640,-0.146071,-0.246861,0.210350,-0.934599,0.299499,-0.056035,0.152448,-0.153126,0.236725,0.743657,0.606208,-0.218129,-0.974119,0.059263,0.829123,-0.152947,0.537738,0.092859,-0.827645,1.375230,0.101748,0.130459,-0.022082,0.343607,-0.305838,-0.071585,0.836002,-0.449933,0.330656,0.135266,0.000000,1,0.023435,9.471707,0.008828,70.160787,-3.053788,74.259807,0.027010
6.033333,0.633333,1,-0.843968,1.514050,0.439656,-0.149755,-0.246760,0.210020,-0.934117,0.299080,-0.056452,0.149460,-0.151394,0.239979,0.743390,0.605690,-0.220438,-0.973191,0.065616,0.827866,-0.151098,0.540192,0.091403,-0.827645,1.375230,0.101748,0.131150,-0.021886,0.340647,-0.308179,-0.068732,0.835475,-0.449759,0.277721,0.173996,0.000000,1,0.022896,9.548945,0.551159,70.146033,-3.095815,74.008885,0.025660
6.066667,0.666667,1,-0.844021,1.514672,0.436683,-0.153568,-0.246843,0.209530,-0.933586,0.298619,-0.056839,0.146482,-0.149770,0.243430,0.743153,0.605008,-0.223068,-0.972144,0.071950,0.826309,-0.149414,0.543036,0.091141,-0.827645,1.375230,0.101748,0.131849,-0.021741,0.337693,-0.310745,-0.065899,0.834802,-0.449667,0.218870,0.181291,0.000000,1,0.022259,9.622792,1.089824,70.134577,-3.135562,73.761055,0.024377
6.100000,0.700000,1,-0.844011,1.515323,0.433692,-0.157240,-0.246875,0.208855,-0.933117,0.298097,-0.057193,0.143486,-0.148165,0.246732,0.743052,0.604189,-0.226005,-0.971002,0.077956,0.824774,-0.148158,0.545708,0.091836,-0.827645,1.375230,0.101748,0.132569,-0.021662,0.334719,-0.313183,-0.063135,0.834055,-0.449759,0.244440,0.141779,0.000000,1,0.021409,9.693519,1.628833,70.128902,-3.173146,73.515976,0.023158
6.133333,0.733333,1,-0.843928,1.515949,0.430724,-0.160850,-0.246616,0.207996,-0.932762,0.297550,-0.057472,0.140515,-0.146327,0.249847,0.743135,0.603254,-0.229345,-0.969717,0.083961,0.823479,-0.147322,0.547885,0.091012,-0.827645,1.375230,0.101748,0.133254,-0.021654,0.331764,-0.315368,-0.060221,0.833278,-0.450071,0.270643,0.075936,0.000000,1,0.020762,9.753339,2.162693,70.125271,-3.205894,73.274082,0.022000
6.166667,0.766667,1,-0.843797,1.516545,0.427830,-0.164210,-0.245956,0.207089,-0.932553,0.296999,-0.057696,0.137618,-0.144242,0.252559,0.743367,0.602340,-0.232761,-0.968379,0.089803,0.822660,-0.146800,0.549254,0.088736,-0.827645,1.375230,0.101748,0.133900,-0.021693,0.328878,-0.317091,-0.057232,0.832588,-0.450527,0.275771,0.075910,0.000000,1,0.020542,9.804481,2.683799,70.121480,-3.234775,73.037566,0.020900
6.200000,0.800000,1,-0.843563,1.517110,0.424978,-0.167300,-0.245556,0.206213,-0.932303,0.296410,-0.057821,0.134764,-0.142510,0.255146,0.743548,0.601438,-0.235927,-0.967118,0.094983,0.821674,-0.146346,0.550849,0.087498,-0.827645,1.375230,0.101748,0.134502,-0.021833,0.326027,-0.318831,-0.054616,0.831877,-0.450937,0.283769,0.061382,0.000000,1,0.019968,9.840716,3.194411,70.123821,-3.257432,72.808732,0.019855
6.233333,0.833333,1,-0.843204,1.517648,0.422118,-0.171055,-0.245874,0.205093,-0.931785,0.295768,-0.057829,0.131903,-0.141125,0.258648,0.743603,0.600200,-0.239688,-0.965624,0.100598,0.819617,-0.145723,0.554069,0.087969,-0.827645,1.375230,0.101748,0.135061,-0.022092,0.323161,-0.321543,-0.051964,0.830792,-0.451325,0.298011,0.092138,0.000000,1,0.018898,9.859726,3.703109,70.133833,-3.273045,72.584748,0.018862
6.266667,0.866667,1,-0.842770,1.518173,0.419130,-0.175351,-0.246310,0.203873,-0.931139,0.295092,-0.057768,0.128914,-0.139605,0.262689,0.743591,0.598814,-0.243865,-0.963890,0.106985,0.817199,-0.144834,0.557861,0.091957,-0.827645,1.375230,0.101748,0.135600,-0.022415,0.320160,-0.324699,-0.048977,0.829548,-0.451687,0.319936,0.088132,0.000000,1,0.016996,9.868489,4.236034,70.142502,-3.284337,72.349904,0.017919
6.300000,0.900000,1,-0.842269,1.518687,0.416065,-0.180050,-0.246875,0.202456,-0.930401,0.294383,-0.057646,0.125850,-0.138023,0.267147,0.743586,0.597212,-0.248576,-0.961901,0.113824,0.814412,-0.143941,0.562152,0.094425,-0.827645,1.375230,0.101748,0.136122,-0.022800,0.317081,-0.328218,-0.045766,0.828108,-0.452123,0.283969,0.057905,0.000000,1,0.015604,9.868438,4.783709,70.150295,-3.291907,72.108569,0.017023
6.333333,0.933333,1,-0.841792,1.519165,0.413008,-0.185239,-0.247717,0.200795,-0.929518,0.293719,-0.057522,0.122793,-0.136471,0.272168,0.743564,0.595326,-0.253925,-0.959612,0.121109,0.811040,-0.143022,0.567238,0.093920,-0.827645,1.375230,0.101748,0.136611,-0.023156,0.314009,-0.332266,-0.042361,0.826397,-0.452629,0.065674,0.058764,0.000000,1,0.015133,9.866813,5.336535,70.145723,-3.298719,71.858943,0.016172
6.366667,0.966667,1,-0.841395,1.519584,0.410097,-0.190173,-0.248606,0.199204,-0.928626,0.293148,-0.057427,0.119882,-0.135074,0.276982,0.743500,0.593501,-0.259024,-0.957362,0.127924,0.807710,-0.142076,0.572205,0.089044,-0.827645,1.375230,0.101748,0.137049,-0.023435,0.311086,-0.336180,-0.039179,0.824720,-0.453083,0.073804,0.062844,0.000000,1,0.015628,9.867401,5.870632,70.125620,-3.306302,71.609520,0.015363
6.400000,1.000000,1,-0.841012,1.519902,0.407565,-0.193917,-0.249294,0.197958,-0.927934,0.292667,-0.057287,0.117350,-0.134026,0.280640,0.743456,0.592073,-0.262972,-0.955587,0.133035,0.805136,-0.141380,0.575993,0.077417,-0.827645,1.375230,0.101748,0.137378,-0.023708,0.308541,-0.339160,-0.036773,0.823410,-0.453447,0.072067,0.137763,0.000000,1,0.017574,9.857687,6.337302,70.103663,-3.309960,71.387727,0.014595
6.433333,1.033333,1,-0.840656,1.520051,0.405508,-0.196442,-0.249601,0.197277,-0.927465,0.292337,-0.057071,0.115295,-0.133178,0.283038,0.743354,0.591252,-0.265370,-0.954407,0.136697,0.803629,-0.140622,0.578278,0.062787,-0.827645,1.375230,0.101748,0.137531,-0.023960,0.306469,-0.341050,-0.035051,0.822634,-0.453574,0.029784,0.174244,0.000000,1,0.020761,9.830711,6.719656,70.077486,-3.307282,71.199184,0.013865
6.466667,1.066667,1,-0.840322,1.520055,0.403786,-0.199293,-0.249958,0.196624,-0.926900,0.292135,-0.056790,0.113576,-0.132229,0.285750,0.743153,0.590411,-0.267859,-0.953101,0.140887,0.801963,-0.139523,0.580851,0.052608,-0.827645,1.375230,0.101748,0.137535,-0.024190,0.304731,-0.343188,-0.033116,0.821807,-0.453605,0.032722,0.214366,0.000000,1,0.022874,9.788830,7.043108,70.045889,-3.299055,71.032561,0.013172
6.500000,1.100000,1,-0.839988,1.520009,0.402300,-0.202006,-0.250294,0.195862,-0.926383,0.291972,-0.056480,0.112093,-0.131324,0.288330,0.743044,0.589496,-0.270497,-0.951772,0.144780,0.800314,-0.138721,0.583313,0.045704,-0.827645,1.375230,0.101748,0.137484,-0.024428,0.303227,-0.345224,-0.031269,0.820944,-0.453755,0.028634,0.186902,0.000000,1,0.024377,9.740908,7.321832,70.018364,-3.288287,70.886943,0.012514
6.533333,1.133333,1,-0.839633,1.519970,0.401074,-0.204230,-0.251670,0.194766,-0.925753,0.291791,-0.056161,0.110870,-0.131569,0.290935,0.742983,0.588237,-0.273332,-0.950657,0.146770,0.797544,-0.138667,0.587107,0.038300,-0.827645,1.375230,0.101748,0.137430,-0.024702,0.301981,-0.347720,-0.030463,0.819740,-0.454081,0.050368,0.125178,0.000000,1,0.026357,9.691655,7.547650,70.004852,-3.276583,70.770926,0.011888
6.566667,1.166667,1,-0.839270,1.519907,0.400093,-0.206401,-0.253540,0.193355,-0.925057,0.291624,-0.055823,0.109892,-0.132282,0.293713,0.743003,0.586669,-0.276641,-0.949500,0.148052,0.794088,-0.139104,0.591671,0.031442,-0.827645,1.375230,0.101748,0.137345,-0.024996,0.300979,-0.350555,-0.030013,0.818263,-0.454595,0.036728,0.119718,0.000000,1,0.028123,9.638734,7.725235,70.000597,-3.263232,70.680063,0.011294
6.600000,1.200000,1,-0.838940,1.519748,0.399303,-0.208776,-0.254765,0.192088,-0.924451,0.291554,-0.055456,0.109106,-0.132326,0.296386,0.743040,0.585267,-0.279905,-0.948192,0.150282,0.791314,-0.139237,0.595345,0.026118,-0.827645,1.375230,0.101748,0.137164,-0.025255,0.300168,-0.353040,-0.028991,0.816970,-0.455063,0.029621,0.139094,0.000000,1,0.029032,9.577961,7.870334,69.990391,-3.246969,70.599870,0.010729
6.633333,1.233333,1,-0.838665,1.519434,0.398642,-0.210515,-0.255474,0.191192,-0.924046,0.291640,-0.055041,0.108448,-0.132190,0.298259,0.743087,0.584285,-0.282275,-0.947202,0.152080,0.789495,-0.139306,0.597738,0.023476,-0.827645,1.375230,0.101748,0.136834,-0.025447,0.299485,-0.354720,-0.028118,0.816079,-0.455411,0.024574,0.176127,0.000000,1,0.029025,9.504626,7.999128,69.962317,-3.226212,70.517371,0.010192
6.666667,1.266667,1,-0.838496,1.518970,0.398113,-0.211422,-0.255812,0.190881,-0.923811,0.291909,-0.054621,0.107924,-0.132089,0.299221,0.743020,0.583901,-0.283224,-0.946748,0.153142,0.788652,-0.139052,0.598909,0.021717,-0.827645,1.375230,0.101748,0.136365,-0.025522,0.298938,-0.355568,-0.027647,0.815699,-0.455459,0.034188,0.173264,0.000000,1,0.028844,9.425361,8.112993,69.910938,-3.203431,70.429165,0.009683
6.700000,1.300000,1,-0.838461,1.518392,0.397704,-0.211885,-0.255657,0.190929,-0.923737,0.292350,-0.054241,0.107520,-0.131744,0.299568,0.742934,0.583910,-0.283384,-0.946546,0.154088,0.788682,-0.138616,0.598971,0.021249,-0.827645,1.375230,0.101748,0.135799,-0.025457,0.298518,-0.355754,-0.027197,0.815687,-0.455362,0.031800,0.159093,0.000000,1,0.028535,9.348235,8.214277,69.836465,-3.181487,70.334399,0.009199
6.733333,1.333333,1,-0.838456,1.517642,0.397334,-0.212485,-0.255006,0.191339,-0.923695,0.292947,-0.053782,0.107155,-0.130892,0.299815,0.742715,0.584254,-0.283030,-0.946355,0.155905,0.789382,-0.137517,0.598302,0.025102,-0.827645,1.375230,0.101748,0.135064,-0.025341,0.298135,-0.355653,-0.026329,0.815951,-0.455018,0.044597,0.131220,0.000000,1,0.027531,9.253862,8.316684,69.740948,-3.153133,70.228250,0.008739
6.766667,1.366667,1,-0.838370,1.516689,0.396921,-0.213575,-0.254316,0.191747,-0.923549,0.293657,-0.053136,0.106750,-0.129786,0.300484,0.742406,0.584549,-0.282917,-0.945943,0.158588,0.789948,-0.136024,0.597895,0.031265,-0.827645,1.375230,0.101748,0.134118,-0.025277,0.297702,-0.355843,-0.025064,0.816145,-0.454593,0.025353,0.130093,0.000000,1,0.026051,9.125555,8.432101,69.630429,-3.112130,70.108770,0.008302
6.800000,1.400000,1,-0.838222,1.515609,0.396346,-0.214536,-0.254043,0.191442,-0.923464,0.294431,-0.052362,0.106183,-0.129114,0.301222,0.742472,0.584235,-0.283997,-0.945340,0.160241,0.789772,-0.135869,0.598163,0.036980,-0.827645,1.375230,0.101748,0.133043,-0.025247,0.297100,-0.356272,-0.024152,0.815902,-0.454743,0.024906,0.196364,0.000000,1,0.023999,8.974955,8.582641,69.504779,-3.062685,69.966961,0.007887
6.833333,1.433333,1,-0.838159,1.514418,0.395542,-0.215104,-0.253870,0.191171,-0.923436,0.295345,-0.051587,0.105388,-0.128708,0.301653,0.742570,0.583978,-0.284808,-0.944939,0.161169,0.789638,-0.135950,0.598322,0.043142,-0.827645,1.375230,0.101748,0.131875,-0.025105,0.296273,-0.356519,-0.023603,0.815714,-0.454914,0.025394,0.167712,0.000000,1,0.021210,8.821473,8.788253,69.344719,-3.012135,69.784845,0.007492
6.866667,1.466667,1,-0.838264,1.513201,0.394608,-0.215452,-0.253755,0.191298,-0.923360,0.296382,-0.050929,0.104462,-0.128449,0.301914,0.742446,0.584057,-0.284757,-0.944823,0.161937,0.789701,-0.135452,0.598352,0.046149,-0.827645,1.375230,0.101748,0.130706,-0.024786,0.295326,-0.356658,-0.023268,0.815749,-0.454760,0.034669,0.233784,0.000000,1,0.019302,8.685168,9.029643,69.154184,-2.967653,69.572543,0.007118
6.900000,1.500000,1,-0.838517,1.511960,0.393617,-0.216024,-0.253574,0.191714,-0.923190,0.297526,-0.050373,0.103478,-0.128030,0.302346,0.742111,0.584351,-0.284284,-0.944726,0.163328,0.789888,-0.134241,0.598378,0.048222,-0.827645,1.375230,0.101748,0.129534,-0.024315,0.294331,-0.356888,-0.022729,0.815908,-0.454321,0.048651,0.254388,0.000000,1,0.017891,8.564332,9.290695,68.939866,-2.928461,69.340112,0.006762
6.933333,1.533333,1,-0.838969,1.510695,0.392543,-0.217137,-0.252970,0.192110,-0.923012,0.298809,-0.049962,0.102410,-0.126991,0.303075,0.741780,0.584621,-0.284183,-0.944296,0.165969,0.790345,-0.132728,0.598113,0.051599,-0.827645,1.375230,0.101748,0.128367,-0.023638,0.293265,-0.357157,-0.021503,0.816068,-0.453883,0.038970,0.229032,0.000000,1,0.016193,8.465015,9.579358,68.694109,-2.896719,69.080488,0.006424
6.966667,1.566667,1,-0.839545,1.509436,0.391395,-0.218224,-0.252272,0.192565,-0.922852,0.300163,-0.049654,0.101266,-0.125880,0.303737,0.741437,0.584952,-0.283971,-0.943879,0.168679,0.790942,-0.131150,0.597671,0.053971,-0.827645,1.375230,0.101748,0.127223,-0.022835,0.292132,-0.357337,-0.020238,0.816282,-0.453413,0.044019,0.222244,0.000000,1,0.014829,8.381918,9.888708,68.429621,-2.870217,68.803151,0.006103
7.000000,1.600000,1,-0.840193,1.508174,0.390111,-0.219486,-0.251556,0.193312,-0.922592,0.301563,-0.049398,0.099987,-0.124672,0.304549,0.740876,0.585499,-0.283295,-0.943502,0.171893,0.791627,-0.128881,0.597257,0.057390,-0.827645,1.375230,0.101748,0.126089,-0.021953,0.290869,-0.357612,-0.018835,0.816617,-0.452654,0.045954,0.254081,0.000000,1,0.013374,8.307553,10.228364,68.148576,-2.846170,68.505494,0.005797
7.033333,1.633333,1,-0.840894,1.506917,0.388660,-0.221045,-0.251031,0.193870,-0.922246,0.302990,-0.049187,0.098539,-0.123505,0.305713,0.740324,0.585839,-0.283079,-0.942934,0.175330,0.791906,-0.126665,0.597361,0.061309,-0.827645,1.375230,0.101748,0.124973,-0.021009,0.289441,-0.358227,-0.017329,0.816760,-0.451969,0.046751,0.253931,0.000000,1,0.012097,8.240820,10.603541,67.852077,-2.824120,68.186239,0.005508
7.066667,1.666667,1,-0.841613,1.505628,0.387037,-0.222491,-0.250602,0.194129,-0.921960,0.304454,-0.048969,0.096920,-0.122475,0.306817,0.739959,0.585939,-0.283351,-0.942296,0.178299,0.791986,-0.125078,0.597590,0.065825,-0.827645,1.375230,0.101748,0.123830,-0.020032,0.287843,-0.358845,-0.015963,0.816749,-0.451550,0.041748,0.236316,0.000000,1,0.011259,8.172887,11.014765,67.539372,-2.800995,67.844959,0.005232
7.100000,1.700000,1,-0.842370,1.504282,0.385382,-0.223743,-0.250237,0.194769,-0.921621,0.305986,-0.048747,0.095270,-0.121588,0.307778,0.739375,0.586356,-0.282806,-0.941918,0.181137,0.792230,-0.122918,0.597714,0.067878,-0.827645,1.375230,0.101748,0.122637,-0.019010,0.286215,-0.359378,-0.014795,0.816943,-0.450814,0.075969,0.208734,0.000000,1,0.010904,8.103542,11.436093,67.212648,-2.776800,67.493114,0.004971
7.133333,1.733333,1,-0.843262,1.502905,0.383792,-0.225120,-0.249650,0.196146,-0.921153,0.307625,-0.048615,0.093683,-0.120442,0.308753,0.738348,0.587374,-0.280972,-0.941746,0.184851,0.792998,-0.119327,0.597423,0.068566,-0.827645,1.375230,0.101748,0.121429,-0.017852,0.284658,-0.359811,-0.013407,0.817533,-0.449440,0.049243,0.223637,0.000000,1,0.010647,8.047209,11.852526,66.868269,-2.756577,67.134827,0.004722
7.166667,1.766667,1,-0.844188,1.501466,0.382268,-0.226797,-0.248844,0.197265,-0.920720,0.309334,-0.048472,0.092162,-0.118968,0.309898,0.737468,0.588176,-0.279792,-0.941257,0.189080,0.793786,-0.116024,0.597028,0.068749,-0.827645,1.375230,0.101748,0.120161,-0.016657,0.283168,-0.360282,-0.011641,0.817991,-0.448276,0.071493,0.240247,0.000000,1,0.010539,7.988286,12.259755,66.515228,-2.734853,66.776358,0.004486
7.200000,1.800000,1,-0.845043,1.499908,0.380802,-0.228246,-0.248255,0.197782,-0.920411,0.311095,-0.048203,0.090702,-0.117792,0.310935,0.736966,0.588494,-0.279599,-0.940652,0.192349,0.794150,-0.113988,0.596936,0.069109,-0.827645,1.375230,0.101748,0.118766,-0.015520,0.281731,-0.360778,-0.010174,0.818135,-0.447650,0.057240,0.252120,0.000000,1,0.010657,7.908337,12.656954,66.159002,-2.705424,66.420732,0.004262
7.233333,1.833333,1,-0.845889,1.498255,0.379318,-0.230786,-0.248087,0.197615,-0.919858,0.312926,-0.047869,0.089223,-0.116510,0.313135,0.736558,0.588094,-0.281142,-0.939297,0.196672,0.793364,-0.112184,0.598321,0.071310,-0.827645,1.375230,0.101748,0.117276,-0.014378,0.280273,-0.362310,-0.008142,0.817650,-0.447340,0.267533,0.261575,0.000000,1,0.011263,7.817358,13.061387,65.790745,-2.671851,66.056938,0.004049
7.266667,1.866667,1,-0.846763,1.496570,0.377898,-0.233314,-0.248220,0.197499,-0.919209,0.314799,-0.047538,0.087809,-0.115503,0.315460,0.736041,0.587696,-0.282544,-0.938011,0.200759,0.792265,-0.110196,0.600144,0.071111,-0.827645,1.375230,0.101748,0.115756,-0.013209,0.278880,-0.364059,-0.006317,0.817116,-0.446925,0.351823,0.303520,0.000000,1,0.011511,7.726854,13.455947,65.417699,-2.637955,65.695344,0.003846
7.300000,1.900000,1,-0.847693,1.494860,0.376558,-0.234772,-0.248030,0.197933,-0.918796,0.316726,-0.047238,0.086474,-0.114681,0.316682,0.735485,0.587897,-0.282450,-0.937414,0.203661,0.792144,-0.108179,0.600671,0.070899,-0.827645,1.375230,0.101748,0.114217,-0.011984,0.277569,-0.364859,-0.005103,0.817117,-0.446288,0.087576,0.321098,0.000000,1,0.011817,7.641250,13.838868,65.038358,-2.605240,65.335845,0.003654
7.333333,1.933333,1,-0.848696,1.493103,0.375253,-0.235294,-0.247286,0.198974,-0.918638,0.318734,-0.046969,0.085174,-0.113777,0.316819,0.734880,0.588754,-0.280846,-0.937421,0.205832,0.793234,-0.105988,0.599622,0.072207,-0.827645,1.375230,0.101748,0.112640,-0.010684,0.276298,-0.364624,-0.004249,0.817713,-0.445396,0.094839,0.321884,0.000000,1,0.012650,7.559808,14.220670,64.645862,-2.573531,64.970971,0.003471
7.366667,1.966667,1,-0.849681,1.491271,0.373946,-0.236049,-0.246930,0.199733,-0.918375,0.320792,-0.046640,0.083873,-0.113119,0.317339,0.734309,0.589313,-0.279828,-0.937270,0.207896,0.793682,-0.104012,0.599375,0.073718,-0.827645,1.375230,0.101748,0.110985,-0.009391,0.275022,-0.364836,-0.003465,0.818036,-0.444635,0.086127,0.338204,0.000000,1,0.013789,7.468695,14.605933,64.245101,-2.538325,64.601557,0.003298
7.400000,2.000000,1,-0.850559,1.489352,0.372629,-0.237738,-0.247059,0.200116,-0.917821,0.322854,-0.046172,0.082563,-0.112480,0.318912,0.733651,0.589406,-0.279897,-0.936579,0.210895,0.793095,-0.101791,0.600533,0.074613,-0.827645,1.375230,0.101748,0.109231,-0.008193,0.273728,-0.366025,-0.002284,0.817890,-0.443932,0.053152,0.337188,0.000000,1,0.014869,7.356728,14.992002,63.844864,-2.496077,64.233151,0.003133
7.433333,2.033333,1,-0.851276,1.487338,0.371272,-0.239775,-0.247055,0.200358,-0.917240,0.324896,-0.045520,0.081215,-0.111567,0.320736,0.733032,0.589360,-0.280415,-0.935606,0.214494,0.792473,-0.099567,0.601725,0.075985,-0.827645,1.375230,0.101748,0.107363,-0.007138,0.272382,-0.367343,-0.000748,0.817641,-0.443308,0.067663,0.314293,0.000000,1,0.016121,7.217184,15.382890,63.448190,-2.444824,63.865920,0.002976
7.466667,2.066667,1,-0.851854,1.485248,0.369846,-0.241406,-0.246991,0.200324,-0.916836,0.326914,-0.044710,0.079800,-0.110782,0.322169,0.732695,0.589146,-0.281268,-0.934710,0.217270,0.791947,-0.098228,0.602637,0.077839,-0.827645,1.375230,0.101748,0.105404,-0.006207,0.270958,-0.368358,0.000526,0.817339,-0.443023,0.069629,0.272879,0.000000,1,0.017571,7.054711,15.783786,63.053134,-2.386247,63.497129,0.002827
7.500000,2.100000,1,-0.852313,1.483091,0.368376,-0.242602,-0.247069,0.199941,-0.916583,0.328916,-0.043763,0.078341,-0.110321,0.323275,0.732645,0.588689,-0.282550,-0.933927,0.218964,0.791271,-0.097878,0.603581,0.079528,-0.827645,1.375230,0.101748,0.103363,-0.005383,0.269481,-0.369203,0.001388,0.816910,-0.443108,0.075444,0.283973,0.000000,1,0.018976,6.872786,16.190970,62.659104,-2.321625,63.127904,0.002686
7.533333,2.133333,1,-0.852694,1.480901,0.366862,-0.243328,-0.246897,0.199727,-0.916484,0.330896,-0.042733,0.076840,-0.109845,0.323848,0.732654,0.588451,-0.283319,-0.933408,0.220181,0.791116,-0.097696,0.603813,0.080685,-0.827645,1.375230,0.101748,0.101280,-0.004629,0.267955,-0.369552,0.002055,0.816710,-0.443185,0.078239,0.226553,0.000000,1,0.020295,6.680124,16.604693,62.265310,-2.253777,62.757901,0.002552
7.566667,2.166667,1,-0.853037,1.478699,0.365348,-0.244599,-0.246697,0.199407,-0.916269,0.332862,-0.041668,0.075340,-0.109100,0.324896,0.732611,0.588065,-0.284553,-0.932539,0.222264,0.790754,-0.097243,0.604361,0.080802,-0.827645,1.375230,0.101748,0.099182,-0.003911,0.266428,-0.370237,0.003154,0.816360,-0.443250,0.098143,0.129315,0.000000,1,0.021283,6.483741,17.017500,61.872088,-2.184936,62.389994,0.002424
7.600000,2.200000,1,-0.853359,1.476495,0.363895,-0.246217,-0.246765,0.199089,-0.915886,0.334819,-0.040583,0.073900,-0.108441,0.326376,0.732418,0.587608,-0.285916,-0.931534,0.224714,0.789964,-0.096392,0.605530,0.079814,-0.827645,1.375230,0.101748,0.097075,-0.003216,0.264958,-0.371347,0.004340,0.815883,-0.443190,0.069275,0.138642,0.000000,1,0.021817,6.286408,17.418482,61.482227,-2.115988,62.029420,0.002303
7.633333,2.233333,1,-0.853692,1.474322,0.362428,-0.247710,-0.246867,0.198787,-0.915522,0.336756,-0.039527,0.072446,-0.107869,0.327759,0.732234,0.587173,-0.287185,-0.930606,0.226931,0.789186,-0.095605,0.606667,0.079259,-0.827645,1.375230,0.101748,0.095003,-0.002515,0.263477,-0.372401,0.005408,0.815428,-0.443132,0.099750,0.180597,0.000000,1,0.022732,6.095447,17.821426,61.091889,-2.049147,61.669506,0.002188
7.666667,2.266667,1,-0.854107,1.472172,0.360921,-0.249547,-0.247103,0.198350,-0.915054,0.338725,-0.038549,0.070951,-0.107262,0.329510,0.732020,0.586571,-0.288859,-0.929451,0.229526,0.788074,-0.094716,0.608250,0.079771,-0.827645,1.375230,0.101748,0.092964,-0.001732,0.261960,-0.373781,0.006654,0.814806,-0.443097,0.092998,0.359545,0.000000,1,0.024287,5.917747,18.235777,60.689481,-1.986519,61.301059,0.002078
7.700000,2.300000,1,-0.854616,1.470073,0.359343,-0.251679,-0.247237,0.197742,-0.914565,0.340709,-0.037677,0.069384,-0.106435,0.331479,0.731864,0.585806,-0.291006,-0.928022,0.232573,0.786898,-0.093906,0.609896,0.080232,-0.827645,1.375230,0.101748,0.090991,-0.000860,0.260380,-0.375281,0.008192,0.814064,-0.443168,0.090317,0.360574,0.000000,1,0.025970,5.757682,18.666426,60.275466,-1.929297,60.922834,0.001974
7.733333,2.333333,1,-0.855228,1.468054,0.357689,-0.253947,-0.247244,0.197251,-0.914042,0.342692,-0.036933,0.067741,-0.105433,0.333513,0.731626,0.585129,-0.293015,-0.926518,0.236021,0.785865,-0.092785,0.611398,0.080420,-0.827645,1.375230,0.101748,0.089111,0.000108,0.258732,-0.376771,0.009913,0.813378,-0.443127,0.071030,0.471905,0.000000,1,0.027633,5.618830,19.113181,59.851585,-1.878409,60.535977,0.001876
7.766667,2.366667,1,-0.855966,1.466154,0.356091,-0.256102,-0.247370,0.197178,-0.913422,0.344656,-0.036363,0.066150,-0.104585,0.335501,0.731114,0.584784,-0.294178,-0.925265,0.239464,0.784912,-0.090932,0.612899,0.077721,-0.827645,1.375230,0.101748,0.087364,0.001183,0.257149,-0.378268,0.011461,0.812890,-0.442710,0.118991,0.572888,0.000000,1,0.028092,5.507961,19.550512,59.428750,-1.835618,60.154765,0.001782
7.800000,2.400000,1,-0.856778,1.464331,0.354602,-0.257842,-0.247465,0.197678,-0.912799,0.346602,-0.035900,0.064669,-0.103893,0.337105,0.730342,0.584950,-0.294078,-0.924473,0.242625,0.784383,-0.088387,0.613948,0.074669,-0.827645,1.375230,0.101748,0.085702,0.002313,0.255682,-0.379461,0.012701,0.812771,-0.441873,0.093973,0.344895,0.000000,1,0.028226,5.414450,19.966994,59.012274,-1.797801,59.785575,0.001693
7.833333,2.433333,1,-0.857667,1.462541,0.353215,-0.259405,-0.247720,0.198238,-0.912165,0.348568,-0.035518,0.063288,-0.103422,0.338621,0.729533,0.585168,-0.293765,-0.923840,0.245400,0.783756,-0.085829,0.615109,0.072989,-0.827645,1.375230,0.101748,0.084079,0.003510,0.254320,-0.380657,0.013699,0.812677,-0.440985,0.089971,0.089946,0.000000,1,0.028832,5.333841,20.367108,58.595918,-1.763706,59.423505,0.001608
7.866667,2.466667,1,-0.858637,1.460795,0.351932,-0.260788,-0.247577,0.198974,-0.911649,0.350548,-0.035229,0.062010,-0.102674,0.339798,0.728749,0.585593,-0.293077,-0.923278,0.248320,0.783725,-0.083235,0.615506,0.071204,-0.827645,1.375230,0.101748,0.082508,0.004774,0.253069,-0.381435,0.014820,0.812797,-0.440055,0.074985,0.259538,0.000000,1,0.029374,5.267602,20.749711,58.181042,-1.733673,59.069544,0.001528
7.900000,2.500000,1,-0.859546,1.459027,0.350678,-0.262116,-0.246941,0.199528,-0.911320,0.352509,-0.034879,0.060762,-0.101510,0.340706,0.728213,0.585936,-0.292749,-0.922543,0.251422,0.784202,-0.081196,0.615170,0.070529,-0.827645,1.375230,0.101748,0.080906,0.005981,0.251842,-0.381815,0.016226,0.812951,-0.439392,0.066569,0.528265,0.000000,1,0.030281,5.192926,21.125723,57.770587,-1.701418,58.721549,0.001451
7.933333,2.533333,1,-0.860348,1.457209,0.349436,-0.263790,-0.246856,0.199449,-0.910877,0.354445,-0.034413,0.059528,-0.100689,0.342168,0.727859,0.585665,-0.293716,-0.921468,0.254218,0.783659,-0.079834,0.616040,0.070302,-0.827645,1.375230,0.101748,0.079240,0.007087,0.250620,-0.382842,0.017548,0.812591,-0.439112,0.070827,0.539542,0.000000,1,0.031282,5.101945,21.497230,57.365370,-1.664885,58.379200,0.001379
7.966667,2.566667,1,-0.861138,1.455413,0.348212,-0.266044,-0.247099,0.199315,-0.910185,0.356357,-0.033950,0.058311,-0.099901,0.344297,0.727311,0.585234,-0.295042,-0.920085,0.257669,0.782502,-0.077922,0.617753,0.069377,-0.827645,1.375230,0.101748,0.077594,0.008177,0.249416,-0.384491,0.019096,0.812007,-0.438688,0.077655,0.534058,0.000000,1,0.032154,5.012604,21.864292,56.963715,-1.628960,58.041671,0.001310
8.000000,2.600000,1,-0.861948,1.453663,0.346980,-0.268095,-0.246776,0.199769,-0.909571,0.358243,-0.033532,0.057085,-0.098697,0.345992,0.726568,0.585361,-0.295223,-0.918906,0.261641,0.782313,-0.075285,0.618320,0.068639,-0.827645,1.375230,0.101748,0.075997,0.009281,0.248205,-0.385576,0.020846,0.811881,-0.437888,0.085008,0.532084,0.000000,1,0.033203,4.930889,22.232230,56.563168,-1.595239,57.706022,0.001244
8.033333,2.633333,1,-0.862700,1.451955,0.345677,-0.269382,-0.246051,0.200915,-0.909135,0.360061,-0.033091,0.055788,-0.097469,0.346823,0.725672,0.586186,-0.293772,-0.918366,0.265146,0.783148,-0.072199,0.617629,0.068295,-0.827645,1.375230,0.101748,0.074435,0.010327,0.246921,-0.385849,0.022263,0.812346,-0.436712,0.067574,0.532016,0.000000,1,0.034398,4.847380,22.608943,56.167499,-1.561208,57.371779,0.001182
8.066667,2.666667,1,-0.863291,1.450324,0.344396,-0.270052,-0.246148,0.202305,-0.908601,0.361721,-0.032569,0.054514,-0.097251,0.347472,0.724577,0.587191,-0.291497,-0.918514,0.267134,0.783347,-0.068939,0.617750,0.064708,-0.827645,1.375230,0.101748,0.072928,0.011201,0.245650,-0.386330,0.022671,0.812867,-0.435295,0.053592,0.541200,0.000000,1,0.034023,4.754287,22.969711,55.799801,-1.524764,57.058671,0.001123
8.100000,2.700000,1,-0.863780,1.448774,0.343286,-0.269517,-0.246330,0.204185,-0.908290,0.363254,-0.032015,0.053412,-0.097644,0.347079,0.723458,0.588737,-0.287709,-0.919633,0.267393,0.784072,-0.065850,0.617167,0.059029,-0.827645,1.375230,0.101748,0.071484,0.011954,0.244545,-0.386080,0.022098,0.813859,-0.433690,0.055101,0.533651,0.000000,1,0.032604,4.658742,23.289003,55.465219,-1.487821,56.777020,0.001067
8.133333,2.733333,1,-0.864254,1.447261,0.342292,-0.267927,-0.245999,0.206403,-0.908349,0.364749,-0.031473,0.052426,-0.098046,0.345511,0.722512,0.590749,-0.282804,-0.921400,0.266542,0.785895,-0.063274,0.615114,0.056131,-0.827645,1.375230,0.101748,0.070072,0.012681,0.243556,-0.384755,0.021056,0.815353,-0.432112,0.110765,0.533057,0.000000,1,0.032336,4.565782,23.583935,55.144424,-1.451811,56.511216,0.001014
8.166667,2.766667,1,-0.864732,1.445723,0.341301,-0.266090,-0.245596,0.208366,-0.908549,0.366266,-0.030920,0.051442,-0.098496,0.343691,0.721807,0.592596,-0.278256,-0.923184,0.265150,0.787776,-0.061412,0.612893,0.056733,-0.827645,1.375230,0.101748,0.068635,0.013415,0.242569,-0.383222,0.019882,0.816783,-0.430827,0.120070,0.544088,0.000000,1,0.033531,4.471387,23.880444,54.818984,-1.415813,56.243599,0.000963
8.200000,2.800000,1,-0.865229,1.444115,0.340208,-0.265459,-0.244656,0.209645,-0.908694,0.367851,-0.030338,0.050357,-0.097930,0.342707,0.721360,0.593802,-0.275617,-0.923813,0.265716,0.789568,-0.059901,0.610733,0.060205,-0.827645,1.375230,0.101748,0.067134,0.014182,0.241481,-0.382085,0.019988,0.817752,-0.429991,0.068770,0.529935,0.000000,1,0.036051,4.372737,24.201495,54.473385,-1.379187,55.959136,0.000915
8.233333,2.833333,1,-0.865748,1.442357,0.338899,-0.268081,-0.243775,0.208805,-0.908354,0.369569,-0.029681,0.049056,-0.095976,0.344661,0.721442,0.592890,-0.278541,-0.921630,0.270210,0.789313,-0.059381,0.611112,0.067577,-0.827645,1.375230,0.101748,0.065493,0.015004,0.240175,-0.383152,0.022568,0.817005,-0.430336,0.094524,0.506752,0.000000,1,0.040353,4.262507,24.573143,54.087891,-1.340203,55.639804,0.000869
8.266667,2.866667,1,-0.866256,1.440455,0.337218,-0.273162,-0.244691,0.204444,-0.907585,0.371396,-0.028925,0.047385,-0.094551,0.349614,0.722726,0.588640,-0.289126,-0.916964,0.274924,0.784739,-0.062546,0.616663,0.077657,-0.827645,1.375230,0.101748,0.063716,0.015855,0.238496,-0.387225,0.025920,0.813597,-0.432948,0.081609,0.646764,0.000000,1,0.046171,4.137629,25.022560,53.654529,-1.298133,55.273758,0.000826
8.300000,2.900000,1,-0.866788,1.438695,0.335665,-0.276953,-0.245431,0.200828,-0.907044,0.373123,-0.028275,0.045841,-0.093540,0.353333,0.723875,0.585159,-0.297677,-0.913266,0.278089,0.781063,-0.065489,0.621009,0.072203,-0.827645,1.375230,0.101748,0.062081,0.016705,0.236948,-0.390312,0.028394,0.810839,-0.435191,0.109977,0.705289,0.000000,1,0.045483,4.030167,25.442845,53.242758,-1.260529,54.929499,0.000784
8.333333,2.933333,1,-0.867464,1.437080,0.334580,-0.278462,-0.244136,0.200719,-0.906956,0.374822,-0.027832,0.044763,-0.091708,0.354106,0.723849,0.585014,-0.298698,-0.911872,0.281548,0.781975,-0.064737,0.619939,0.061796,-0.827645,1.375230,0.101748,0.060596,0.017650,0.235878,-0.390331,0.030386,0.810758,-0.435189,0.129249,0.672299,0.000000,1,0.042409,3.953276,25.776070,52.867161,-1.230486,54.631225,0.000745
8.366667,2.966667,1,-0.868239,1.435477,0.333699,-0.279458,-0.242615,0.201390,-0.906909,0.376569,-0.027477,0.043888,-0.089899,0.354320,0.723510,0.585584,-0.298019,-0.911058,0.284882,0.783646,-0.063098,0.617994,0.059596,-0.827645,1.375230,0.101748,0.059130,0.018679,0.235019,-0.389833,0.032118,0.811222,-0.434646,0.111400,0.639344,0.000000,1,0.042431,3.888827,26.076213,52.496706,-1.203708,54.346417,0.000708
8.400000,3.000000,1,-0.869117,1.434015,0.332685,-0.279818,-0.244171,0.200833,-0.906503,0.378267,-0.027288,0.042878,-0.091135,0.355337,0.723400,0.584912,-0.299145,-0.911018,0.283828,0.781484,-0.063227,0.620714,0.059521,-0.827645,1.375230,0.101748,0.057822,0.019800,0.234035,-0.391236,0.031385,0.810511,-0.434766,0.126169,0.643099,0.000000,1,0.044128,3.849271,26.399195,52.121067,-1.183081,54.053610,0.000672
8.433333,3.033333,1,-0.870073,1.432579,0.331577,-0.279697,-0.246649,0.200120,-0.906028,0.379990,-0.027176,0.041773,-0.093410,0.356336,0.723297,0.584073,-0.300266,-0.911487,0.281125,0.778345,-0.063767,0.624590,0.061497,-0.827645,1.375230,0.101748,0.056552,0.021000,0.232962,-0.393016,0.029689,0.809610,-0.434958,0.150068,0.664742,0.000000,1,0.046431,3.820607,26.743122,51.730815,-1.165283,53.748375,0.000639
8.466667,3.066667,1,-0.870997,1.431021,0.330491,-0.279869,-0.247312,0.200061,-0.905807,0.381792,-0.026966,0.040691,-0.093928,0.356787,0.723127,0.583925,-0.300419,-0.911528,0.280829,0.777479,-0.063471,0.625698,0.063367,-0.827645,1.375230,0.101748,0.055156,0.022184,0.231908,-0.393622,0.029386,0.809388,-0.434843,0.369523,0.699438,0.000000,1,0.048389,3.777404,27.089428,51.327806,-1.144381,53.436894,0.000607
8.500000,3.100000,1,-0.871925,1.429395,0.329423,-0.280769,-0.246917,0.200265,-0.905591,0.383650,-0.026717,0.039628,-0.093172,0.357417,0.722846,0.584008,-0.300507,-0.910899,0.282770,0.777694,-0.062376,0.625541,0.064665,-0.827645,1.375230,0.101748,0.053692,0.023378,0.230871,-0.393908,0.030320,0.809385,-0.434527,0.296160,0.753722,0.000000,1,0.050213,3.728533,27.437777,50.914867,-1.122435,53.120817,0.000576
8.533333,3.133333,1,-0.872911,1.427806,0.328362,-0.282561,-0.246948,0.200166,-0.905047,0.385514,-0.026537,0.038571,-0.092402,0.359036,0.722413,0.583674,-0.301574,-0.909657,0.285616,0.776955,-0.060836,0.626610,0.064499,-0.827645,1.375230,0.101748,0.052273,0.024625,0.229845,-0.395098,0.031657,0.808934,-0.434191,0.216315,0.748063,0.000000,1,0.051615,3.689722,27.786898,50.498642,-1.102996,52.804102,0.000548
8.566667,3.166667,1,-0.873948,1.426272,0.327292,-0.284751,-0.247541,0.199935,-0.904249,0.387364,-0.026432,0.037504,-0.091958,0.361265,0.721813,0.583110,-0.303053,-0.908235,0.288562,0.775351,-0.058941,0.628774,0.064157,-0.827645,1.375230,0.101748,0.050915,0.025916,0.228813,-0.396966,0.032930,0.808195,-0.433768,0.224076,0.657657,0.000000,1,0.052976,3.661751,28.138304,50.081078,-1.086185,52.487363,0.000520
8.600000,3.200000,1,-0.874927,1.424730,0.326236,-0.286524,-0.247740,0.200114,-0.903595,0.389186,-0.026275,0.036451,-0.091345,0.362944,0.721157,0.582976,-0.303590,-0.907140,0.291427,0.774528,-0.056822,0.629982,0.063302,-0.827645,1.375230,0.101748,0.049541,0.027150,0.227792,-0.398263,0.034135,0.807839,-0.433149,0.262810,0.549517,0.000000,1,0.053959,3.626929,28.485568,49.668413,-1.068010,52.175587,0.000494
8.633333,3.233333,1,-0.875786,1.423128,0.325289,-0.287602,-0.246775,0.200927,-0.903336,0.390983,-0.025988,0.035510,-0.089996,0.363480,0.720566,0.583582,-0.302666,-0.906442,0.294545,0.775594,-0.054629,0.628864,0.061480,-0.827645,1.375230,0.101748,0.048090,0.028266,0.226872,-0.398229,0.035562,0.808223,-0.432349,0.251958,0.665976,0.000000,1,0.054160,3.574355,28.810648,49.268886,-1.046084,51.877934,0.000470
8.666667,3.266667,1,-0.876602,1.421549,0.324401,-0.288889,-0.246046,0.201612,-0.902971,0.392737,-0.025680,0.034627,-0.088768,0.364310,0.719939,0.584026,-0.302068,-0.905604,0.297719,0.776248,-0.052384,0.628247,0.059614,-0.827645,1.375230,0.101748,0.046654,0.029334,0.226008,-0.398509,0.036994,0.808438,-0.431567,0.169208,0.727634,0.000000,1,0.054518,3.519764,29.122109,48.880638,-1.023913,51.591020,0.000446
8.700000,3.300000,1,-0.877413,1.419990,0.323512,-0.290314,-0.246010,0.201610,-0.902524,0.394472,-0.025380,0.033744,-0.088100,0.365571,0.719547,0.583822,-0.302779,-0.904588,0.300074,0.775761,-0.051018,0.628961,0.059090,-0.827645,1.375230,0.101748,0.045237,0.030394,0.225144,-0.399408,0.038096,0.808121,-0.431233,0.169606,0.789134,0.000000,1,0.055609,3.466664,29.432977,48.494087,-1.002299,51.306186,0.000424
8.733333,3.333333,1,-0.878080,1.418387,0.322657,-0.291542,-0.245966,0.201433,-0.902180,0.396154,-0.024941,0.032895,-0.087514,0.366652,0.719323,0.583508,-0.303719,-0.903636,0.301988,0.775288,-0.050168,0.629612,0.058046,-0.827645,1.375230,0.101748,0.043757,0.031316,0.224303,-0.400176,0.039058,0.807764,-0.431104,0.119679,0.781686,0.000000,1,0.056072,3.395041,29.733378,48.119787,-0.976928,51.031561,0.000403
8.766667,3.366667,1,-0.878533,1.416755,0.321780,-0.292353,-0.245985,0.201436,-0.901912,0.397731,-0.024311,0.032026,-0.087170,0.367387,0.719085,0.583390,-0.304115,-0.903065,0.303295,0.774964,-0.049365,0.630074,0.057233,-0.827645,1.375230,0.101748,0.042221,0.032031,0.223427,-0.400717,0.039658,0.807575,-0.430902,0.181578,0.763805,0.000000,1,0.056422,3.298637,30.028368,47.763390,-0.946525,50.768713,0.000382
8.800000,3.400000,1,-0.878792,1.415120,0.320905,-0.293064,-0.245879,0.201375,-0.901723,0.399194,-0.023525,0.031161,-0.086759,0.367977,0.718948,0.583250,-0.304586,-0.902502,0.304495,0.774801,-0.048825,0.630317,0.056166,-0.827645,1.375230,0.101748,0.040657,0.032553,0.222541,-0.401101,0.040266,0.807406,-0.430805,0.275094,0.742911,0.000000,1,0.056447,3.182180,30.312703,47.428409,-0.912164,50.520839,0.000363
8.833333,3.433333,1,-0.878951,1.413436,0.320128,-0.293988,-0.245727,0.201038,-0.901539,0.400636,-0.022630,0.030394,-0.086212,0.368736,0.718938,0.582863,-0.305676,-0.901664,0.305884,0.774506,-0.048608,0.630696,0.055854,-0.827645,1.375230,0.101748,0.039028,0.032978,0.221746,-0.401594,0.041074,0.807062,-0.430913,0.393130,0.775354,0.000000,1,0.056644,3.051723,30.577319,47.105140,-0.875216,50.285070,0.000345
8.866667,3.466667,1,-0.879069,1.411754,0.319491,-0.295343,-0.245996,0.200639,-0.901112,0.402051,-0.021707,0.029768,-0.085850,0.370070,0.718740,0.582315,-0.307078,-0.900607,0.307587,0.773524,-0.047914,0.631953,0.054058,-0.827645,1.375230,0.101748,0.037393,0.033354,0.221088,-0.402682,0.041933,0.806489,-0.430888,0.495387,0.715084,0.000000,1,0.056295,2.918164,30.814651,46.797492,-0.837968,50.065366,0.000328
8.900000,3.500000,1,-0.879147,1.410133,0.318886,-0.296830,-0.246618,0.199949,-0.900607,0.403393,-0.020787,0.029175,-0.085748,0.371679,0.718604,0.581472,-0.309075,-0.899438,0.309005,0.771955,-0.047489,0.633901,0.051973,-0.827645,1.375230,0.101748,0.035811,0.033680,0.220461,-0.404123,0.042667,0.805657,-0.431023,0.565519,0.773206,0.000000,1,0.056221,2.786310,31.040406,46.504540,-0.801412,49.857045,0.000312
8.933333,3.533333,1,-0.879231,1.408575,0.318220,-0.298620,-0.247033,0.199186,-0.900070,0.404689,-0.019909,0.028519,-0.085325,0.373469,0.718474,0.580548,-0.311366,-0.897950,0.311025,0.770485,-0.046969,0.635726,0.050894,-0.827645,1.375230,0.101748,0.034295,0.034007,0.219774,-0.405610,0.043769,0.804763,-0.431186,0.617157,0.815620,0.000000,1,0.057139,2.661155,31.274251,46.213405,-0.766592,49.648135,0.000296
8.966667,3.566667,1,-0.879392,1.407177,0.317536,-0.299992,-0.247142,0.199215,-0.899577,0.405903,-0.019191,0.027843,-0.084812,0.374748,0.718026,0.580353,-0.311994,-0.896983,0.313178,0.769852,-0.045509,0.636598,0.046937,-0.827645,1.375230,0.101748,0.032948,0.034391,0.219076,-0.406581,0.044734,0.804427,-0.430798,0.593094,0.820175,0.000000,1,0.057239,2.558638,31.506063,45.932610,-0.736696,49.445835,0.000281
9.000000,3.600000,1,-0.879672,1.405985,0.316863,-0.300534,-0.246886,0.199852,-0.899325,0.407024,-0.018689,0.027177,-0.084338,0.375120,0.717519,0.580809,-0.311097,-0.896756,0.314718,0.770209,-0.043892,0.636280,0.041903,-0.827645,1.375230,0.101748,0.031820,0.034864,0.218401,-0.406729,0.045295,0.804673,-0.430141,0.237621,0.798772,0.000000,1,0.056927,2.486481,31.729285,45.666985,-0.713213,49.254375,0.000267
9.033333,3.633333,1,-0.880032,1.404911,0.316087,-0.301514,-0.246394,0.200095,-0.899078,0.408100,-0.018323,0.026406,-0.083459,0.375779,0.717193,0.580911,-0.311153,-0.895976,0.316876,0.770527,-0.042664,0.635978,0.041205,-0.827645,1.375230,0.101748,0.030822,0.035408,0.217630,-0.406995,0.046353,0.804674,-0.429775,0.037278,0.792328,0.000000,1,0.058211,2.432963,31.968398,45.398740,-0.693779,49.057971,0.000254
9.066667,3.666667,1,-0.880358,1.403946,0.315204,-0.302782,-0.245775,0.200136,-0.898812,0.409068,-0.017994,0.025528,-0.082340,0.376640,0.716942,0.580824,-0.311726,-0.894860,0.319457,0.770809,-0.041571,0.635708,0.040443,-0.827645,1.375230,0.101748,0.029930,0.035909,0.216752,-0.407357,0.047716,0.804536,-0.429540,0.118839,0.763353,0.000000,1,0.058971,2.385277,32.218097,45.139818,-0.675784,48.864353,0.000241
9.100000,3.700000,1,-0.880592,1.403147,0.314327,-0.303706,-0.245142,0.200234,-0.898651,0.409848,-0.017691,0.024655,-0.081361,0.377185,0.716758,0.580836,-0.312021,-0.894014,0.321532,0.771260,-0.040723,0.635216,0.036276,-0.827645,1.375230,0.101748,0.029192,0.036298,0.215877,-0.407484,0.048826,0.804511,-0.429343,0.203176,0.744319,0.000000,1,0.057886,2.342301,32.450349,44.915201,-0.658946,48.693900,0.000229
9.133333,3.733333,1,-0.880765,1.402529,0.313470,-0.304522,-0.244683,0.200304,-0.898485,0.410446,-0.017448,0.023801,-0.080586,0.377711,0.716581,0.580821,-0.312306,-0.893286,0.323271,0.771533,-0.039964,0.634933,0.032121,-0.827645,1.375230,0.101748,0.028623,0.036600,0.215022,-0.407670,0.049743,0.804456,-0.429163,0.178809,0.765499,0.000000,1,0.056674,2.308343,32.662865,44.725104,-0.644111,48.547185,0.000218
9.166667,3.766667,1,-0.880911,1.402057,0.312618,-0.305896,-0.244702,0.200337,-0.898005,0.410912,-0.017272,0.022951,-0.079991,0.378951,0.716143,0.580634,-0.312931,-0.892260,0.325494,0.771009,-0.038520,0.635658,0.029555,-0.827645,1.375230,0.101748,0.028196,0.036857,0.214172,-0.408575,0.050769,0.804136,-0.428783,0.177632,0.804804,0.000000,1,0.056037,2.284035,32.862756,44.559263,-0.631418,48.416834,0.000207
9.200000,3.800000,1,-0.881055,1.401716,0.311833,-0.307803,-0.244679,0.200203,-0.897390,0.411272,-0.017174,0.022168,-0.079121,0.380651,0.715661,0.580236,-0.314133,-0.890740,0.328486,0.770269,-0.036863,0.636652,0.026020,-0.827645,1.375230,0.101748,0.027897,0.037089,0.213392,-0.409798,0.052229,0.803611,-0.428423,0.165273,0.774937,0.000000,1,0.055037,2.270616,33.041034,44.418356,-0.621100,48.305370,0.000196
9.233333,3.833333,1,-0.881193,1.401472,0.311212,-0.309330,-0.244537,0.199915,-0.896968,0.411551,-0.017131,0.021547,-0.078315,0.381956,0.715419,0.579786,-0.315430,-0.889406,0.330849,0.769755,-0.035916,0.637328,0.020442,-0.827645,1.375230,0.101748,0.027689,0.037295,0.212776,-0.410689,0.053485,0.803129,-0.428320,0.221556,0.772981,0.000000,1,0.053334,2.265032,33.182362,44.306458,-0.612558,48.218661,0.000187
9.266667,3.866667,1,-0.881365,1.401302,0.310753,-0.310348,-0.244352,0.199756,-0.896702,0.411790,-0.017162,0.021088,-0.077696,0.382785,0.715257,0.579523,-0.316233,-0.888497,0.332520,0.769534,-0.035258,0.637632,0.015563,-0.827645,1.375230,0.101748,0.027555,0.037514,0.212326,-0.411215,0.054380,0.802844,-0.428237,0.242058,0.778777,0.000000,1,0.051967,2.269302,33.290710,44.215888,-0.606192,48.151485,0.000177
9.300000,3.900000,1,-0.881598,1.401175,0.310406,-0.311153,-0.244173,0.199812,-0.896459,0.412033,-0.017267,0.020741,-0.077177,0.383427,0.715018,0.579463,-0.316533,-0.887836,0.333998,0.769470,-0.034414,0.637756,0.013105,-0.827645,1.375230,0.101748,0.027467,0.037782,0.211992,-0.411603,0.055105,0.802714,-0.428014,0.260702,0.787588,0.000000,1,0.051383,2.283554,33.378976,44.134405,-0.602044,48.094017,0.000168
9.333333,3.933333,1,-0.881856,1.401095,0.310146,-0.311729,-0.243970,0.200045,-0.896262,0.412253,-0.017423,0.020479,-0.076737,0.383853,0.714740,0.579581,-0.316394,-0.887412,0.335254,0.769589,-0.033484,0.637662,0.011257,-0.827645,1.375230,0.101748,0.027429,0.038063,0.211746,-0.411821,0.055668,0.802733,-0.427696,0.259506,0.769427,0.000000,1,0.050745,2.304501,33.449511,44.064712,-0.599462,48.047056,0.000160
9.366667,3.966667,1,-0.882086,1.401069,0.309926,-0.311882,-0.243598,0.200404,-0.896230,0.412411,-0.017588,0.020258,-0.076334,0.383825,0.714552,0.579886,-0.315811,-0.887315,0.336060,0.770119,-0.032822,0.637056,0.009567,-0.827645,1.375230,0.101748,0.027439,0.038306,0.211540,-0.411637,0.056018,0.802958,-0.427406,0.249356,0.786602,0.000000,1,0.050076,2.327029,33.507083,44.010095,-0.597447,48.011115,0.000152
9.400000,4.000000,1,-0.882244,1.401106,0.309685,-0.312130,-0.243220,0.200869,-0.896142,0.412478,-0.017735,0.020015,-0.075883,0.383880,0.714266,0.580261,-0.315078,-0.887181,0.337099,0.770661,-0.031868,0.636448,0.008723,-0.827645,1.375230,0.101748,0.027502,0.038473,0.211310,-0.411507,0.056442,0.803213,-0.426996,0.230705,0.783956,0.000000,1,0.049573,2.347421,33.559782,43.971235,-0.595276,47.984517,0.000144
9.433333,4.033333,1,-0.882311,1.401201,0.309430,-0.312908,-0.243165,0.201354,-0.895777,0.412442,-0.017843,0.019760,-0.075486,0.384554,0.713726,0.580530,-0.314574,-0.886736,0.338738,0.770623,-0.030207,0.636575,0.008403,-0.827645,1.375230,0.101748,0.027612,0.038541,0.211062,-0.411961,0.057053,0.803270,-0.426369,0.274329,0.774731,0.000000,1,0.048884,2.363228,33.605282,43.950937,-0.592472,47.969308,0.000137
9.466667,4.066667,1,-0.882309,1.401329,0.309194,-0.314003,-0.242993,0.201708,-0.895360,0.412339,-0.017915,0.019523,-0.074842,0.385460,0.713201,0.580659,-0.314469,-0.885949,0.340887,0.770555,-0.028513,0.636735,0.008041,-0.827645,1.375230,0.101748,0.027744,0.038535,0.210828,-0.412536,0.057986,0.803210,-0.425799,0.296910,0.788443,0.000000,1,0.048204,2.374511,33.640951,43.945349,-0.589054,47.964066,0.000130
9.500000,4.100000,1,-0.882261,1.401487,0.308992,-0.315043,-0.242602,0.201978,-0.895040,0.412184,-0.017970,0.019319,-0.074027,0.386217,0.712799,0.580753,-0.314491,-0.885101,0.343061,0.770739,-0.027124,0.636573,0.007850,-0.827645,1.375230,0.101748,0.027899,0.038479,0.210626,-0.412914,0.059021,0.803173,-0.425362,0.340986,0.766027,0.000000,1,0.047508,2.383724,33.665629,43.952848,-0.585490,47.968197,0.000124
9.533333,4.133333,1,-0.882192,1.401686,0.308776,-0.315836,-0.242296,0.202284,-0.894775,0.411984,-0.018033,0.019103,-0.073398,0.386792,0.712427,0.580906,-0.314321,-0.884486,0.344798,0.770927,-0.025879,0.636397,0.009039,-0.827645,1.375230,0.101748,0.028093,0.038398,0.210410,-0.413194,0.059814,0.803194,-0.424937,0.331526,0.774461,0.000000,1,0.047241,2.394156,33.688367,43.967885,-0.582415,47.976502,0.000118
9.566667,4.166667,1,-0.882134,1.401944,0.308517,-0.316316,-0.242190,0.202636,-0.894554,0.411743,-0.018139,0.018842,-0.073088,0.387177,0.712075,0.581121,-0.313912,-0.884200,0.345905,0.771008,-0.024785,0.636343,0.011112,-0.827645,1.375230,0.101748,0.028348,0.038321,0.210153,-0.413420,0.060237,0.803270,-0.424515,0.414827,0.776017,0.000000,1,0.047301,2.410586,33.715515,43.986423,-0.580744,47.985281,0.000112
9.600000,4.200000,1,-0.882118,1.402303,0.308225,-0.316513,-0.241734,0.203232,-0.894472,0.411447,-0.018340,0.018548,-0.072589,0.387151,0.711736,0.581616,-0.312907,-0.884120,0.347018,0.771708,-0.023674,0.635536,0.013885,-0.827645,1.375230,0.101748,0.028709,0.038275,0.209867,-0.413197,0.060670,0.803617,-0.424014,0.466671,0.810595,0.000000,1,0.047223,2.439878,33.744311,44.011395,-0.581787,47.996813,0.000106
9.633333,4.233333,1,-0.882124,1.402735,0.307925,-0.316786,-0.241241,0.203673,-0.894409,0.411107,-0.018601,0.018244,-0.072024,0.387176,0.711483,0.581979,-0.312225,-0.883908,0.348169,0.772364,-0.022790,0.634771,0.015785,-0.827645,1.375230,0.101748,0.029145,0.038242,0.209574,-0.412998,0.061188,0.803877,-0.423639,0.654996,0.915177,0.000000,1,0.046996,2.477657,33.771118,44.043378,-0.584706,48.012307,0.000101
9.666667,4.266667,1,-0.882185,1.403208,0.307627,-0.317285,-0.240411,0.204094,-0.894359,0.410766,-0.018932,0.017943,-0.071057,0.387253,0.711252,0.582329,-0.311688,-0.883399,0.349939,0.773331,-0.021856,0.633625,0.016868,-0.827645,1.375230,0.101748,0.029630,0.038257,0.209290,-0.412695,0.062098,0.804148,-0.423288,0.900274,0.930134,0.000000,1,0.047022,2.524701,33.797710,44.075099,-0.589664,48.027459,0.000096
9.700000,4.300000,1,-0.882321,1.403696,0.307371,-0.317821,-0.239216,0.204766,-0.894336,0.410458,-0.019332,0.017682,-0.069745,0.387201,0.710931,0.582913,-0.310696,-0.882833,0.352241,0.774812,-0.020576,0.631857,0.017043,-0.827645,1.375230,0.101748,0.030138,0.038342,0.209051,-0.412140,0.063269,0.804615,-0.422768,1.089207,0.886076,0.000000,1,0.047002,2.580886,33.820307,44.103634,-0.596642,48.041663,0.000091
9.733333,4.333333,1,-0.882510,1.404125,0.307202,-0.318180,-0.238117,0.205540,-0.894324,0.410229,-0.019739,0.017509,-0.068598,0.387034,0.710575,0.583594,-0.309424,-0.882475,0.354253,0.776276,-0.019246,0.630100,0.014940,-0.827645,1.375230,0.101748,0.030592,0.038482,0.208901,-0.411540,0.064241,0.805152,-0.422183,1.208771,0.906822,0.000000,1,0.046882,2.637617,33.834086,44.125213,-0.603983,48.054098,0.000086
9.766667,4.366667,1,-0.882726,1.404448,0.307138,-0.318548,-0.236906,0.206277,-0.894345,0.410101,-0.020104,0.017441,-0.067346,0.386823,0.710264,0.584257,-0.308216,-0.882057,0.356341,0.777852,-0.018022,0.628189,0.011799,-0.827645,1.375230,0.101748,0.030942,0.038657,0.208856,-0.410863,0.065293,0.805693,-0.421648,1.244300,0.909415,0.000000,1,0.046755,2.688171,33.837351,44.138063,-0.610376,48.064232,0.000082
9.800000,4.400000,1,-0.882904,1.404673,0.307186,-0.318844,-0.235976,0.206848,-0.894353,0.410029,-0.020383,0.017487,-0.066379,0.386674,0.710018,0.584767,-0.307283,-0.881724,0.357967,0.779055,-0.017062,0.626723,0.008749,-0.827645,1.375230,0.101748,0.031187,0.038801,0.208919,-0.410350,0.066112,0.806107,-0.421229,1.181575,0.883996,0.000000,1,0.046169,2.726674,33.824404,44.151739,-0.614643,48.078555,0.000078
9.833333,4.433333,1,-0.883004,1.404809,0.307304,-0.318976,-0.235649,0.207209,-0.894309,0.409980,-0.020546,0.017603,-0.066026,0.386647,0.709816,0.585069,-0.306671,-0.881640,0.358698,0.779525,-0.016397,0.626156,0.006169,-0.827645,1.375230,0.101748,0.031332,0.038875,0.209046,-0.410186,0.066417,0.806322,-0.420928,1.080294,0.893356,0.000000,1,0.045636,2.749368,33.800003,44.168620,-0.616033,48.097131,0.000074
9.866667,4.466667,1,-0.883031,1.404873,0.307403,-0.319145,-0.235520,0.207354,-0.894249,0.409946,-0.020607,0.017701,-0.065835,0.386741,0.709699,0.585170,-0.306483,-0.881511,0.359174,0.779668,-0.016013,0.625989,0.003618,-0.827645,1.375230,0.101748,0.031396,0.038888,0.209147,-0.410196,0.066625,0.806379,-0.420777,1.028855,0.873869,0.000000,1,0.094327,2.749368,33.800003,44.168620,-0.616033,48.097131,0.000074
9.900000,4.500000,1,-0.883006,1.404895,0.307432,-0.319368,-0.235339,0.207381,-0.894211,0.409913,-0.020600,0.017730,-0.065573,0.386861,0.709654,0.585176,-0.306539,-0.881279,0.359695,0.779809,-0.015816,0.625818,0.001330,-0.827645,1.375230,0.101748,0.031414,0.038858,0.209174,-0.410206,0.066912,0.806376,-0.420728,1.015291,0.930759,0.000000,1,0.045225,2.757643,33.771433,44.191100,-0.614791,48.119427,0.000070
9.933333,4.533333,1,-0.882982,1.404897,0.307406,-0.319542,-0.235217,0.207496,-0.894154,0.409897,-0.020582,0.017704,-0.065386,0.386963,0.709552,0.585253,-0.306408,-0.881138,0.360153,0.779931,-0.015478,0.625674,0.001052,-0.827645,1.375230,0.101748,0.031414,0.038836,0.209147,-0.410226,0.067121,0.806415,-0.420601,1.069201,0.821073,0.000000,1,0.060311,2.757643,33.771433,44.191100,-0.614791,48.119427,0.000070
9.966667,4.566667,1,-0.882999,1.404884,0.307381,-0.319506,-0.235205,0.207758,-0.894109,0.409918,-0.020588,0.017679,-0.065390,0.386925,0.709395,0.585468,-0.305904,-0.881257,0.360290,0.780053,-0.015033,0.625533,0.000973,-0.827645,1.375230,0.101748,0.031403,0.038856,0.209123,-0.410188,0.067094,0.806554,-0.420375,1.114479,0.868088,0.000000,1,0.089454,2.757643,33.771433,44.191100,-0.614791,48.119427,0.000070
10.000000,4.600000,1,-0.883080,1.404865,0.307356,-0.319646,-0.234986,0.208086,-0.894040,0.409981,-0.020641,0.017654,-0.065130,0.386954,0.709187,0.585729,-0.305360,-0.881187,0.360922,0.780378,-0.014377,0.625142,0.002592,-0.827645,1.375230,0.101748,0.031396,0.038940,0.209103,-0.410109,0.067336,0.806726,-0.420082,1.071669,0.891050,0.000000,1,0.047994,2.763162,33.791834,44.170188,-0.613245,48.106227,0.000067
10.033333,4.633333,1,-0.883224,1.404851,0.307307,-0.320260,-0.234640,0.208451,-0.893826,0.410079,-0.020747,0.017603,-0.064545,0.387351,0.708835,0.585958,-0.304975,-0.880697,0.362439,0.780692,-0.013226,0.624776,0.004592,-0.827645,1.375230,0.101748,0.031402,0.039087,0.209062,-0.410242,0.068018,0.806824,-0.419654,1.085538,0.936319,0.000000,1,0.048201,2.777283,33.811064,44.144981,-0.613488,48.090942,0.000064
10.066667,4.666667,1,-0.883406,1.404851,0.307217,-0.321013,-0.234415,0.208874,-0.893517,0.410189,-0.020891,0.017512,-0.064006,0.387926,0.708373,0.586195,-0.304558,-0.880148,0.364121,0.780830,-0.011777,0.624633,0.006099,-0.827645,1.375230,0.101748,0.031428,0.039273,0.208983,-0.410554,0.068724,0.806886,-0.419114,1.102283,1.023590,0.000000,1,0.048762,2.796444,33.839028,44.113433,-0.614826,48.070032,0.000060
10.100000,4.700000,1,-0.883586,1.404874,0.307087,-0.321619,-0.234079,0.209265,-0.893295,0.410279,-0.021047,0.017381,-0.063433,0.388320,0.708002,0.586444,-0.304120,-0.879672,0.365634,0.781142,-0.010582,0.624264,0.006683,-0.827645,1.375230,0.101748,0.031478,0.039455,0.208865,-0.410689,0.069393,0.806996,-0.418661,1.181610,1.089606,0.000000,1,0.049032,2.817277,33.872608,44.081884,-0.616586,48.047667,0.000057
10.133333,4.733333,1,-0.883718,1.404915,0.306947,-0.322337,-0.233439,0.209559,-0.893135,0.410325,-0.021176,0.017239,-0.062539,0.388678,0.707730,0.586631,-0.303905,-0.878968,0.367500,0.781738,-0.009586,0.623533,0.005912,-0.827645,1.375230,0.101748,0.031540,0.039588,0.208734,-0.410672,0.070347,0.807097,-0.418322,1.276205,1.125366,0.000000,1,0.048820,2.834751,33.904086,44.057688,-0.617781,48.029677,0.000054
10.166667,4.766667,1,-0.883837,1.404967,0.306832,-0.323208,-0.232421,0.209887,-0.893009,0.410356,-0.021301,0.017124,-0.061238,0.389005,0.707473,0.586862,-0.303686,-0.878022,0.369936,0.782734,-0.008536,0.622298,0.005184,-0.827645,1.375230,0.101748,0.031609,0.039706,0.208628,-0.410473,0.071665,0.807260,-0.417981,1.394415,1.145003,0.000000,1,0.048546,2.851719,33.929325,44.038912,-0.618967,48.016050,0.000052
10.200000,4.800000,1,-0.884010,1.405046,0.306719,-0.324210,-0.230894,0.210319,-0.892940,0.410398,-0.021486,0.017009,-0.059423,0.389221,0.707221,0.587208,-0.303310,-0.876830,0.373058,0.784315,-0.007386,0.620318,0.006638,-0.827645,1.375230,0.101748,0.031712,0.039873,0.208527,-0.409977,0.073412,0.807550,-0.417603,1.380214,1.120632,0.000000,1,0.048761,2.876591,33.955640,44.017666,-0.621779,48.000784,0.000049
10.233333,4.833333,1,-0.884258,1.405196,0.306561,-0.325432,-0.228957,0.211157,-0.892796,0.410426,-0.021772,0.016847,-0.057140,0.389453,0.706721,0.587883,-0.302257,-0.875446,0.377141,0.786432,-0.005440,0.617653,0.009908,-0.827645,1.375230,0.101748,0.031898,0.040108,0.208387,-0.409311,0.075585,0.808066,-0.416870,1.379513,1.073552,0.000000,1,0.049229,2.915251,33.989803,43.993516,-0.627345,47.981999,0.000047
10.266667,4.866667,1,-0.884597,1.405466,0.306322,-0.327113,-0.226306,0.212763,-0.892477,0.410416,-0.022203,0.016604,-0.054011,0.389778,0.705722,0.589162,-0.299942,-0.873674,0.383052,0.789465,-0.001922,0.613793,0.014845,-0.827645,1.375230,0.101748,0.032215,0.040422,0.208174,-0.408394,0.078552,0.808983,-0.415440,1.430443,1.088298,0.000000,1,0.049873,2.973499,34.036190,43.967700,-0.636777,47.959315,0.000044
10.300000,4.900000,1,-0.885052,1.405783,0.305892,-0.329283,-0.222353,0.214408,-0.892279,0.410436,-0.022753,0.016168,-0.049496,0.389961,0.704815,0.590523,-0.297666,-0.871021,0.390790,0.793815,0.001573,0.608158,0.021051,-0.827645,1.375230,0.101748,0.032600,0.040855,0.207778,-0.406824,0.082744,0.810061,-0.414064,1.541309,1.103129,0.000000,1,0.052158,3.047513,34.121312,43.917101,-0.649377,47.913903,0.000042
10.333333,4.933333,1,-0.885531,1.406040,0.305316,-0.331355,-0.218156,0.215550,-0.892273,0.410520,-0.023284,0.015587,-0.044810,0.389944,0.704302,0.591518,-0.296197,-0.868162,0.398198,0.798268,0.003900,0.602289,0.023761,-0.827645,1.375230,0.101748,0.032932,0.041329,0.207237,-0.405018,0.087033,0.810958,-0.413199,1.628765,1.124862,0.000000,1,0.054285,3.118625,34.239209,43.840799,-0.661532,47.846826,0.000040
10.366667,4.966667,1,-0.885926,1.406279,0.304782,-0.333590,-0.214725,0.216648,-0.892006,0.410568,-0.023738,0.015048,-0.040738,0.390417,0.703579,0.592362,-0.294897,-0.865355,0.405212,0.801737,0.006635,0.597641,0.021189,-0.827645,1.375230,0.101748,0.033234,0.041720,0.206732,-0.403888,0.090946,0.811610,-0.412180,1.856352,1.240522,0.000000,1,0.053822,3.179681,34.346068,43.775261,-0.671774,47.788390,0.000038
10.400000,5.000000,1,-0.886341,1.406571,0.304280,-0.336213,-0.210351,0.218070,-0.891717,0.410585,-0.024240,0.014541,-0.035647,0.390816,0.702691,0.593480,-0.293023,-0.861928,0.413785,0.806202,0.009910,0.591557,0.021412,-0.827645,1.375230,0.101748,0.033590,0.042122,0.206262,-0.402300,0.095761,0.812491,-0.410905,2.043874,1.276876,0.000000,1,0.053629,3.247285,34.444613,43.717743,-0.683301,47.736451,0.000036
10.433333,5.033333,1,-0.886884,1.406933,0.303789,-0.338982,-0.204257,0.220022,-0.891605,0.410624,-0.024887,0.014044,-0.028949,0.390579,0.701723,0.595143,-0.289933,-0.857865,0.424272,0.812637,0.013494,0.582614,0.024495,-0.827645,1.375230,0.101748,0.034032,0.042640,0.205812,-0.399514,0.101802,0.813907,-0.409367,2.194521,1.246410,0.000000,1,0.054251,3.334037,34.544133,43.655284,-0.698558,47.681824,0.000034
10.466667,5.066667,1,-0.887463,1.407277,0.303371,-0.341801,-0.199141,0.221779,-0.891251,0.410698,-0.025552,0.013620,-0.023105,0.390823,0.700627,0.596528,-0.287241,-0.853947,0.433898,0.817827,0.017177,0.575208,0.023773,-0.827645,1.375230,0.101748,0.034460,0.043192,0.205437,-0.397490,0.107245,0.814983,-0.407802,2.239633,1.218365,0.000000,1,0.054230,3.423063,34.633603,43.592421,-0.714301,47.629595,0.000033
10.500000,5.100000,1,-0.887914,1.407422,0.303124,-0.344164,-0.197524,0.222303,-0.890571,0.410853,-0.025996,0.013368,-0.020602,0.392221,0.699793,0.596681,-0.287095,-0.851268,0.439227,0.818946,0.019730,0.573532,0.016024,-0.827645,1.375230,0.101748,0.034669,0.043633,0.205219,-0.397804,0.110081,0.814896,-0.406914,2.273988,1.239717,0.000000,1,0.053349,3.481792,34.697697,43.532571,-0.724296,47.585216,0.000031
10.533333,5.133333,1,-0.888276,1.407500,0.302988,-0.346316,-0.196386,0.222522,-0.889934,0.411009,-0.026331,0.013229,-0.018624,0.393642,0.699133,0.596584,-0.287481,-0.848845,0.443640,0.819521,0.021733,0.572637,0.011833,-0.827645,1.375230,0.101748,0.034796,0.043989,0.205108,-0.398345,0.112450,0.814623,-0.406282,2.292044,1.217045,0.000000,1,0.052434,3.525684,34.740247,43.484528,-0.731471,47.552397,0.000029
10.566667,5.166667,1,-0.888688,1.407597,0.302922,-0.348351,-0.193660,0.223446,-0.889505,0.411180,-0.026718,0.013159,-0.015272,0.394251,0.698342,0.597203,-0.286231,-0.846146,0.449566,0.822062,0.024171,0.568885,0.012863,-0.827645,1.375230,0.101748,0.034949,0.044388,0.205069,-0.397612,0.115755,0.815016,-0.405284,2.265567,1.216937,0.000000,1,0.052203,3.576436,34.771538,43.439831,-0.739984,47.524108,0.000028
10.600000,5.200000,1,-0.889165,1.407670,0.302888,-0.350561,-0.191024,0.224784,-0.888870,0.411408,-0.027142,0.013121,-0.011922,0.395058,0.697183,0.598100,-0.284269,-0.843390,0.455944,0.824550,0.027588,0.565116,0.014497,-0.827645,1.375230,0.101748,0.035084,0.044852,0.205065,-0.397049,0.119123,0.815525,-0.403833,2.235980,1.053773,0.000000,1,0.052684,3.631546,34.802507,43.386642,-0.749385,47.491342,0.000027
10.633333,5.233333,1,-0.889590,1.407749,0.302717,-0.353883,-0.189164,0.225936,-0.887658,0.411601,-0.027528,0.012946,-0.008771,0.397209,0.695597,0.598575,-0.283261,-0.839703,0.463317,0.825767,0.032135,0.563095,0.013964,-0.827645,1.375230,0.101748,0.035222,0.045273,0.204922,-0.397789,0.122829,0.815472,-0.402098,2.242184,0.914820,0.000000,1,0.053615,3.681848,34.855149,43.327789,-0.757900,47.450214,0.000025
10.666667,5.266667,1,-0.889909,1.407900,0.302296,-0.358159,-0.186910,0.226734,-0.886216,0.411673,-0.027870,0.012522,-0.004844,0.400038,0.693968,0.598628,-0.283242,-0.834733,0.472224,0.826981,0.036771,0.561026,0.016483,-0.827645,1.375230,0.101748,0.035424,0.045593,0.204524,-0.398858,0.127525,0.815037,-0.400456,2.421535,0.943486,0.000000,1,0.054863,3.727192,34.942698,43.268619,-0.765474,47.400399,0.000024
10.700000,5.300000,1,-0.890119,1.408075,0.301788,-0.361306,-0.184574,0.227416,-0.885253,0.411661,-0.028137,0.012011,-0.001348,0.401818,0.692812,0.598792,-0.282893,-0.830784,0.479342,0.828617,0.040019,0.558383,0.017301,-0.827645,1.375230,0.101748,0.035637,0.045807,0.204033,-0.399139,0.131423,0.814872,-0.399250,2.579913,0.984708,0.000000,1,0.055083,3.763391,35.038378,43.217599,-0.771308,47.353011,0.000023
10.733333,5.333333,1,-0.890260,1.408193,0.301334,-0.362900,-0.182578,0.228201,-0.884813,0.411652,-0.028316,0.011555,0.001152,0.402357,0.692073,0.599286,-0.281711,-0.828571,0.483848,0.830426,0.042069,0.555539,0.014698,-0.827645,1.375230,0.101748,0.035784,0.045958,0.203590,-0.398664,0.133919,0.815137,-0.398351,2.739862,1.083052,0.000000,1,0.054757,3.787778,35.123776,43.172096,-0.774919,47.311130,0.000022
10.766667,5.366667,1,-0.890424,1.408299,0.300864,-0.364183,-0.180305,0.229136,-0.884510,0.411667,-0.028506,0.011083,0.003763,0.402494,0.691386,0.599975,-0.280033,-0.826599,0.488176,0.832657,0.043942,0.552043,0.015271,-0.827645,1.375230,0.101748,0.035922,0.046134,0.203133,-0.397780,0.136358,0.815609,-0.397442,2.873493,1.083530,0.000000,1,0.055345,3.813388,35.214252,43.120514,-0.778801,47.264844,0.000021
10.800000,5.400000,1,-0.890624,1.408398,0.300339,-0.365952,-0.178187,0.230002,-0.883984,0.411708,-0.028720,0.010556,0.006451,0.403136,0.690535,0.600501,-0.278713,-0.824133,0.493076,0.834535,0.046241,0.549012,0.017095,-0.827645,1.375230,0.101748,0.036061,0.046349,0.202624,-0.397326,0.139065,0.815869,-0.396423,3.227763,1.169964,0.000000,1,0.056362,3.841970,35.317360,43.058351,-0.783284,47.209949,0.000020
10.833333,5.433333,1,-0.890832,1.408423,0.299820,-0.368203,-0.176330,0.230867,-0.883196,0.411815,-0.028896,0.010035,0.009120,0.404327,0.689451,0.600911,-0.277645,-0.821223,0.498505,0.835973,0.049149,0.546566,0.016807,-0.827645,1.375230,0.101748,0.036125,0.046582,0.202118,-0.397378,0.141966,0.815931,-0.395214,3.560714,0.928350,0.000000,1,0.057164,3.864836,35.425319,42.984545,-0.786722,47.147788,0.000019
10.866667,5.466667,1,-0.891066,1.408368,0.299347,-0.370677,-0.173850,0.232097,-0.882330,0.411999,-0.029045,0.009561,0.012447,0.405441,0.688134,0.601609,-0.275823,-0.817882,0.504965,0.838069,0.052632,0.543019,0.015906,-0.827645,1.375230,0.101748,0.036113,0.046848,0.201660,-0.397102,0.145436,0.816194,-0.393682,3.875770,0.879943,0.000000,1,0.057752,3.883432,35.531582,42.900595,-0.789374,47.080780,0.000018
10.900000,5.500000,1,-0.891338,1.408320,0.298911,-0.373319,-0.170701,0.233453,-0.881473,0.412203,-0.029229,0.009124,0.016450,0.406406,0.686770,0.602420,-0.273638,-0.814077,0.512250,0.840819,0.056153,0.538396,0.015490,-0.827645,1.375230,0.101748,0.036112,0.047150,0.201241,-0.396431,0.149469,0.816570,-0.392065,4.197668,1.309611,0.000000,1,0.057971,3.906564,35.633071,42.815969,-0.792863,47.014743,0.000017
10.933333,5.533333,1,-0.891653,1.408367,0.298510,-0.376181,-0.167312,0.234480,-0.880633,0.412354,-0.029505,0.008720,0.020763,0.407462,0.685568,0.602943,-0.272057,-0.809796,0.519822,0.843638,0.059131,0.533647,0.015350,-0.827645,1.375230,0.101748,0.036211,0.047478,0.200861,-0.395731,0.153835,0.816751,-0.390703,4.358098,1.549279,0.000000,1,0.057620,3.942320,35.724323,42.742881,-0.798676,46.957502,0.000016
10.966667,5.566667,1,-0.892017,1.408525,0.298162,-0.379888,-0.163229,0.235591,-0.879510,0.412448,-0.029887,0.008368,0.026074,0.408964,0.684079,0.603411,-0.270430,-0.804234,0.529221,0.846888,0.062713,0.528060,0.015853,-0.827645,1.375230,0.101748,0.036423,0.047838,0.200538,-0.395056,0.159293,0.816808,-0.389077,4.554403,1.600358,0.000000,1,0.057057,3.992823,35.801597,42.684039,-0.807218,46.911362,0.000015
11.000000,5.600000,1,-0.892496,1.408796,0.297841,-0.384774,-0.158400,0.236922,-0.877910,0.412521,-0.030429,0.008042,0.032580,0.411193,0.682068,0.603856,-0.268592,-0.796948,0.541046,0.850536,0.067443,0.521575,0.019096,-0.827645,1.375230,0.101748,0.036762,0.048295,0.200252,-0.394581,0.166132,0.816687,-0.386948,4.856844,1.424700,0.000000,1,0.057124,4.064706,35.873162,42.629505,-0.819767,46.869004,0.000014
11.033333,5.633333,1,-0.893000,1.409105,0.297612,-0.390079,-0.154711,0.237682,-0.876019,0.412577,-0.031016,0.007806,0.038249,0.414305,0.680056,0.603666,-0.268249,-0.789360,0.552226,0.852747,0.072122,0.517322,0.019040,-0.827645,1.375230,0.101748,0.037141,0.048766,0.200060,-0.395237,0.172553,0.815945,-0.385028,4.980067,1.301698,0.000000,1,0.056473,4.142736,35.926816,42.585961,-0.833465,46.836857,0.000014
11.066667,5.666667,1,-0.893458,1.409381,0.297501,-0.395083,-0.152817,0.237518,-0.874152,0.412632,-0.031546,0.007690,0.042173,0.417946,0.678479,0.602668,-0.270025,-0.782543,0.560992,0.853047,0.075776,0.516303,0.016370,-0.827645,1.375230,0.101748,0.037476,0.049190,0.199982,-0.397058,0.177592,0.814556,-0.383803,4.920107,1.253787,0.000000,1,0.055490,4.213181,35.958034,42.554741,-0.845756,46.816621,0.000013
11.100000,5.700000,1,-0.893977,1.409619,0.297502,-0.399109,-0.151900,0.237249,-0.872555,0.412754,-0.032104,0.007686,0.044786,0.421147,0.677187,0.601703,-0.271895,-0.777209,0.567467,0.852654,0.078823,0.516495,0.017127,-0.827645,1.375230,0.101748,0.037780,0.049672,0.200019,-0.398978,0.181252,0.813259,-0.382850,4.758314,1.171282,0.000000,1,0.055297,4.286561,35.974616,42.521512,-0.858650,46.798757,0.000012
11.133333,5.733333,1,-0.894526,1.409821,0.297599,-0.401557,-0.151110,0.237355,-0.871539,0.412923,-0.032665,0.007777,0.046584,0.422990,0.676242,0.601337,-0.272447,-0.773889,0.571723,0.852708,0.081054,0.516062,0.017803,-0.827645,1.375230,0.101748,0.038050,0.050183,0.200153,-0.399966,0.183624,0.812622,-0.382042,4.471406,0.932062,0.000000,1,0.055043,4.359903,35.977843,42.488531,-0.871577,46.784125,0.000012
11.166667,5.766667,1,-0.895021,1.410056,0.297766,-0.403762,-0.149834,0.237910,-0.870589,0.413033,-0.033203,0.007940,0.048711,0.424400,0.675152,0.601400,-0.271891,-0.770727,0.576242,0.853418,0.083594,0.514480,0.017168,-0.827645,1.375230,0.101748,0.038343,0.050631,0.200354,-0.400424,0.186118,0.812340,-0.380952,4.119383,0.660505,0.000000,1,0.053941,4.430548,35.962563,42.473739,-0.883988,46.783480,0.000011
11.200000,5.800000,1,-0.895459,1.410301,0.297981,-0.406554,-0.148197,0.238810,-0.869322,0.413101,-0.033703,0.008149,0.051423,0.426176,0.673627,0.601628,-0.270800,-0.766715,0.582079,0.854376,0.087163,0.512292,0.016396,-0.827645,1.375230,0.101748,0.038638,0.051021,0.200599,-0.400985,0.189287,0.812065,-0.379383,3.944072,0.492838,0.000000,1,0.053098,4.496587,35.934351,42.472176,-0.895559,46.792783,0.000011
11.233333,5.833333,1,-0.895757,1.410540,0.298205,-0.409449,-0.146190,0.239849,-0.868016,0.413089,-0.034087,0.008370,0.054514,0.427879,0.672005,0.601960,-0.269344,-0.762390,0.588401,0.855692,0.090874,0.509443,0.013289,-0.827645,1.375230,0.101748,0.038908,0.051271,0.200846,-0.401331,0.192773,0.811865,-0.377686,3.959855,0.396785,0.000000,1,0.052042,4.547919,35.895979,42.488489,-0.904404,46.813771,0.000010
11.266667,5.866667,1,-0.895813,1.410785,0.298421,-0.411768,-0.144115,0.240820,-0.866997,0.412927,-0.034281,0.008583,0.057408,0.429035,0.670668,0.602360,-0.267734,-0.758707,0.593871,0.857227,0.093817,0.506319,0.009928,-0.827645,1.375230,0.101748,0.039152,0.051281,0.201069,-0.401256,0.195869,0.811830,-0.376246,4.008119,0.395208,0.000000,1,0.050380,4.575483,35.843755,42.535601,-0.908810,46.854152,0.000010
11.300000,5.900000,1,-0.895716,1.410980,0.298662,-0.413563,-0.142687,0.241264,-0.866255,0.412712,-0.034323,0.008824,0.059488,0.430009,0.669812,0.602417,-0.267111,-0.755851,0.597780,0.858172,0.095626,0.504377,0.009753,-0.827645,1.375230,0.101748,0.039327,0.051145,0.201307,-0.401338,0.198156,0.811630,-0.375391,4.002233,0.484065,0.000000,1,0.049332,4.583419,35.780430,42.597843,-0.909613,46.904891,0.000009
11.333333,5.933333,1,-0.895592,1.411140,0.298940,-0.416090,-0.141680,0.240934,-0.865302,0.412510,-0.034323,0.009102,0.061514,0.431824,0.669117,0.601687,-0.268378,-0.752071,0.601966,0.858324,0.096998,0.503857,0.010313,-0.827645,1.375230,0.101748,0.039462,0.050985,0.201580,-0.402221,0.200742,0.810760,-0.374952,3.935574,0.720292,0.000000,1,0.048856,4.585509,35.710816,42.662258,-0.909421,46.957963,0.000009
11.366667,5.966667,1,-0.895483,1.411340,0.299283,-0.419566,-0.140592,0.240240,-0.863993,0.412285,-0.034360,0.009444,0.064033,0.434455,0.668270,0.600470,-0.270671,-0.746913,0.607337,0.858190,0.098631,0.503767,0.012346,-0.827645,1.375230,0.101748,0.039637,0.050831,0.201919,-0.403666,0.204109,0.809397,-0.374527,3.844465,1.165627,0.000000,1,0.047937,4.592707,35.627489,42.736669,-0.910256,47.019375,0.000008
11.400000,6.000000,1,-0.895389,1.411543,0.299867,-0.422106,-0.140225,0.239939,-0.862898,0.412065,-0.034413,0.010027,0.065492,0.436569,0.667436,0.599707,-0.272126,-0.743348,0.611049,0.857715,0.100480,0.504212,0.018751,-0.827645,1.375230,0.101748,0.039811,0.050677,0.202499,-0.405035,0.206284,0.808421,-0.373964,3.707164,1.624362,0.000000,1,0.045855,4.601872,35.500423,42.832847,-0.911520,47.102642,0.000008
11.433333,6.033333,1,-0.895293,1.411691,0.300760,-0.423049,-0.140406,0.240492,-0.862253,0.411888,-0.034434,0.010919,0.065752,0.437498,0.666617,0.599912,-0.271564,-0.742291,0.612583,0.857355,0.102598,0.504396,0.027311,-0.827645,1.375230,0.101748,0.039923,0.050510,0.203387,-0.405767,0.206866,0.808308,-0.373093,3.367472,2.120702,0.000000,1,0.043562,4.606362,35.319616,42.951121,-0.911989,47.210302,0.000007
11.466667,6.066667,1,-0.895131,1.411840,0.301826,-0.424489,-0.140105,0.241133,-0.861414,0.411670,-0.034405,0.011986,0.066666,0.438658,0.665586,0.600108,-0.270852,-0.740361,0.615228,0.857335,0.105101,0.503916,0.032661,-0.827645,1.375230,0.101748,0.040022,0.050268,0.204444,-0.406456,0.208141,0.808128,-0.372021,2.838827,2.540375,0.000000,1,0.041479,4.604452,35.102535,43.094244,-0.911325,47.339553,0.000007
11.500000,6.100000,1,-0.894978,1.412071,0.302854,-0.426932,-0.139886,0.241187,-0.860226,0.411392,-0.034433,0.013013,0.067950,0.440752,0.664511,0.599621,-0.271675,-0.737012,0.618875,0.856808,0.107616,0.504281,0.031929,-0.827645,1.375230,0.101748,0.040205,0.050026,0.205464,-0.407866,0.210136,0.807310,-0.371131,2.325538,2.894112,0.000000,1,0.040668,4.610637,34.887405,43.244008,-0.912316,47.471446,0.000007
11.533333,6.133333,1,-0.894875,1.412393,0.303793,-0.428983,-0.139990,0.240971,-0.859249,0.411072,-0.034554,0.013950,0.068769,0.442638,0.663743,0.598988,-0.272967,-0.734269,0.621561,0.856029,0.109432,0.505212,0.029951,-0.827645,1.375230,0.101748,0.040487,0.049827,0.206401,-0.409270,0.211629,0.806458,-0.370590,1.794655,3.631497,0.000000,1,0.040419,4.629855,34.685580,43.391519,-0.915933,47.598528,0.000006
11.566667,6.166667,1,-0.894724,1.412798,0.304720,-0.429987,-0.139687,0.240854,-0.858830,0.410656,-0.034687,0.014875,0.069487,0.443403,0.663424,0.598694,-0.273474,-0.732754,0.623124,0.855997,0.110081,0.505125,0.030672,-0.827645,1.375230,0.101748,0.040845,0.049570,0.207323,-0.409692,0.212591,0.806089,-0.370376,1.373652,4.325195,0.000000,1,0.039163,4.651567,34.477820,43.555056,-0.920139,47.735255,0.000006
11.600000,6.200000,1,-0.894441,1.413318,0.305599,-0.430302,-0.138724,0.240993,-0.858789,0.410070,-0.034782,0.015753,0.070490,0.443255,0.663326,0.598794,-0.272953,-0.731901,0.624353,0.856882,0.110060,0.503628,0.031807,-0.827645,1.375230,0.101748,0.041301,0.049170,0.208193,-0.409173,0.213459,0.806181,-0.370250,0.936523,4.876669,0.000000,1,0.037447,4.670188,34.262937,43.746550,-0.923846,47.888282,0.000006
11.633333,6.233333,1,-0.894050,1.414008,0.306364,-0.430531,-0.137630,0.241248,-0.858779,0.409282,-0.034893,0.016516,0.071573,0.442972,0.663202,0.599013,-0.272122,-0.731123,0.625627,0.857942,0.110082,0.501814,0.033069,-0.827645,1.375230,0.101748,0.041915,0.048647,0.208944,-0.408497,0.214345,0.806376,-0.370059,0.604401,5.540134,0.000000,1,0.036073,4.692982,34.051168,43.964617,-0.928470,48.054389,0.000005
11.666667,6.266667,1,-0.893621,1.414807,0.307042,-0.430514,-0.137002,0.241129,-0.858921,0.408385,-0.035038,0.017191,0.072126,0.442677,0.663381,0.598967,-0.272073,-0.730829,0.625992,0.858543,0.109448,0.500924,0.033942,-0.827645,1.375230,0.101748,0.042633,0.048078,0.209608,-0.408020,0.214747,0.806423,-0.370251,0.635238,6.256342,0.000000,1,0.035270,4.721626,33.846178,44.193994,-0.934420,48.224560,0.000005
11.700000,6.300000,1,-0.893210,1.415612,0.307756,-0.430463,-0.136851,0.241045,-0.858994,0.407495,-0.035202,0.017903,0.072239,0.442563,0.663484,0.598923,-0.272145,-0.730811,0.625981,0.858692,0.109142,0.500736,0.034561,-0.827645,1.375230,0.101748,0.043359,0.047524,0.210310,-0.407876,0.214810,0.806426,-0.370366,0.833310,6.756041,0.000000,1,0.034353,4.752805,33.635293,44.424991,-0.941112,48.396789,0.000005
11.733333,6.333333,1,-0.892882,1.416401,0.308608,-0.430732,-0.136470,0.241236,-0.858866,0.406666,-0.035423,0.018752,0.072700,0.442635,0.663284,0.599035,-0.271743,-0.730302,0.626749,0.859021,0.109537,0.500085,0.036209,-0.827645,1.375230,0.101748,0.044077,0.047045,0.211154,-0.407761,0.215259,0.806470,-0.370136,0.935757,7.430350,0.000000,1,0.033200,4.791100,33.405421,44.655567,-0.949454,48.573303,0.000005
11.766667,6.366667,1,-0.892615,1.417167,0.309578,-0.430862,-0.135679,0.241150,-0.858951,0.405892,-0.035680,0.019718,0.073466,0.442398,0.663398,0.598991,-0.271624,-0.729737,0.627459,0.859741,0.109013,0.498960,0.037930,-0.827645,1.375230,0.101748,0.044777,0.046623,0.212119,-0.407255,0.215879,0.806501,-0.370263,0.818763,8.299061,0.000000,1,0.032128,4.833661,33.159253,44.885462,-0.958892,48.753328,0.000004
11.800000,6.400000,1,-0.892318,1.417878,0.310687,-0.430416,-0.135305,0.240933,-0.859294,0.405143,-0.035883,0.020824,0.073602,0.441829,0.663799,0.598950,-0.271684,-0.730125,0.626981,0.860203,0.107908,0.498404,0.040533,-0.827645,1.375230,0.101748,0.045415,0.046171,0.213220,-0.406693,0.215792,0.806621,-0.370670,0.687082,9.051345,0.000000,1,0.030564,4.868678,32.889304,45.123576,-0.967067,48.943489,0.000004
11.833333,6.433333,1,-0.891939,1.418532,0.311972,-0.429839,-0.135876,0.240748,-0.859545,0.404392,-0.035986,0.022107,0.072833,0.441566,0.664104,0.598899,-0.272030,-0.731142,0.625644,0.859784,0.107323,0.499253,0.044717,-0.827645,1.375230,0.101748,0.045981,0.045634,0.214491,-0.406752,0.214984,0.806663,-0.370983,0.676127,10.245670,0.000000,1,0.028528,4.890332,32.585966,45.379054,-0.972783,49.151109,0.000004
11.866667,6.466667,1,-0.891525,1.419127,0.313373,-0.429569,-0.136960,0.240396,-0.859606,0.403666,-0.036028,0.023507,0.071741,0.441808,0.664317,0.598618,-0.273021,-0.731952,0.624264,0.858734,0.107074,0.501110,0.047299,-0.827645,1.375230,0.101748,0.046481,0.045065,0.215873,-0.407395,0.214077,0.806443,-0.371281,0.790069,11.200357,0.000000,1,0.027124,4.903372,32.263075,45.640210,-0.976996,49.366546,0.000004
11.900000,6.500000,1,-0.891082,1.419712,0.314782,-0.429410,-0.137981,0.239786,-0.859693,0.402930,-0.036041,0.024915,0.070752,0.442119,0.664667,0.598116,-0.274503,-0.732534,0.622930,0.857658,0.106424,0.503088,0.047683,-0.827645,1.375230,0.101748,0.046967,0.044467,0.217263,-0.408069,0.213300,0.806075,-0.371788,0.828843,11.691571,0.000000,1,0.026063,4.912500,31.937311,45.903679,-0.980625,49.583849,0.000004
11.933333,6.533333,1,-0.890549,1.420319,0.316099,-0.428379,-0.138863,0.239240,-0.860217,0.402123,-0.035994,0.026231,0.069501,0.441587,0.665376,0.597867,-0.275449,-0.734231,0.620510,0.856995,0.104888,0.504538,0.046340,-0.827645,1.375230,0.101748,0.047466,0.043783,0.218555,-0.408076,0.211953,0.806070,-0.372561,0.741098,12.221542,0.000000,1,0.025052,4.914418,31.621898,46.172096,-0.982968,49.801079,0.000003
11.966667,6.566667,1,-0.889940,1.420999,0.317334,-0.426962,-0.140005,0.239022,-0.860796,0.401212,-0.035929,0.027466,0.067847,0.440826,0.665987,0.597939,-0.275732,-0.736621,0.617544,0.856257,0.103716,0.506031,0.046083,-0.827645,1.375230,0.101748,0.048029,0.043018,0.219762,-0.408021,0.210134,0.806310,-0.373131,0.629676,13.009559,0.000000,1,0.023846,4.914998,31.312317,46.451875,-0.985183,50.022859,0.000003
12.000000,6.600000,1,-0.889313,1.421755,0.318469,-0.425975,-0.141715,0.238633,-0.861114,0.400230,-0.035894,0.028600,0.065875,0.440703,0.666443,0.597742,-0.276731,-0.738659,0.614656,0.854784,0.103028,0.508654,0.045010,-0.827645,1.375230,0.101748,0.048667,0.042232,0.220869,-0.408670,0.208272,0.806229,-0.373639,0.627483,13.981552,0.000000,1,0.023079,4.920507,31.015459,46.734463,-0.988579,50.242902,0.000003
12.033333,6.633333,1,-0.888702,1.422593,0.319539,-0.425297,-0.143684,0.237811,-0.861349,0.399191,-0.035922,0.029669,0.063807,0.440972,0.667021,0.597123,-0.278747,-0.740313,0.611750,0.852860,0.102024,0.512075,0.044720,-0.827645,1.375230,0.101748,0.049392,0.041454,0.221915,-0.409722,0.206486,0.805800,-0.374404,0.746993,14.731534,0.000000,1,0.022309,4.935195,30.726318,47.019875,-0.994050,50.462545,0.000003
12.066667,6.666667,1,-0.888148,1.423511,0.320635,-0.424618,-0.144901,0.236993,-0.861706,0.398123,-0.036043,0.030762,0.062411,0.440904,0.667704,0.596556,-0.280451,-0.741612,0.609393,0.851681,0.100552,0.514324,0.045999,-0.827645,1.375230,0.101748,0.050201,0.040721,0.222991,-0.410211,0.205193,0.805484,-0.375257,0.793298,15.618800,0.000000,1,0.021300,4.962895,30.431134,47.310238,-1.002417,50.686535,0.000003
12.100000,6.700000,1,-0.887651,1.424446,0.321753,-0.423540,-0.145205,0.236973,-0.862191,0.397076,-0.036220,0.031877,0.061659,0.440073,0.668143,0.596758,-0.280157,-0.743170,0.607627,0.851707,0.099567,0.514472,0.046178,-0.827645,1.375230,0.101748,0.051035,0.040041,0.224092,-0.409743,0.204176,0.805812,-0.375619,0.719408,16.443538,0.000000,1,0.020579,4.998248,30.134669,47.596728,-1.012630,50.908946,0.000003
12.133333,6.733333,1,-0.887108,1.425373,0.322931,-0.422426,-0.145896,0.237142,-0.862575,0.396007,-0.036356,0.033052,0.060546,0.439382,0.668406,0.597085,-0.279647,-0.744985,0.605635,0.851396,0.099135,0.515070,0.047851,-0.827645,1.375230,0.101748,0.051853,0.039312,0.225251,-0.409537,0.202874,0.806176,-0.375767,0.648507,17.227383,0.000000,1,0.019169,5.028344,29.825003,47.892055,-1.021946,51.139670,0.000003
12.166667,6.766667,1,-0.886417,1.426259,0.324170,-0.421342,-0.147455,0.236373,-0.863050,0.394882,-0.036350,0.034290,0.058663,0.439105,0.669172,0.596620,-0.281208,-0.746963,0.602469,0.850001,0.097535,0.517673,0.050174,-0.827645,1.375230,0.101748,0.052609,0.038439,0.226461,-0.410020,0.201048,0.805968,-0.376668,0.640842,18.056016,0.000000,1,0.017322,5.039657,29.498266,48.203957,-1.027465,51.383851,0.000002
12.200000,6.800000,1,-0.885517,1.427067,0.325542,-0.419621,-0.149921,0.235165,-0.863794,0.393694,-0.036132,0.035663,0.055684,0.438659,0.670372,0.595885,-0.283641,-0.750077,0.597438,0.847782,0.095001,0.521767,0.054855,-0.827645,1.375230,0.101748,0.053258,0.037362,0.227789,-0.410778,0.198154,0.805637,-0.378082,0.724090,19.671228,0.000000,1,0.015018,5.022491,29.139929,48.540979,-1.027052,51.649921,0.000002
12.233333,6.833333,1,-0.884510,1.427794,0.327056,-0.417495,-0.152545,0.234029,-0.864672,0.392505,-0.035780,0.037179,0.052383,0.437921,0.671660,0.595276,-0.285805,-0.753767,0.591736,0.845526,0.092258,0.525904,0.058751,-0.827645,1.375230,0.101748,0.053808,0.036181,0.229251,-0.411391,0.194848,0.805444,-0.379540,0.768926,20.501215,0.000000,1,0.013371,4.986504,28.754261,48.890807,-1.022747,51.930322,0.000002
12.266667,6.866667,1,-0.883493,1.428461,0.328586,-0.415361,-0.154657,0.233340,-0.865511,0.391359,-0.035385,0.038712,0.049539,0.436949,0.672711,0.595048,-0.286929,-0.757298,0.586661,0.843882,0.090012,0.528925,0.058635,-0.827645,1.375230,0.101748,0.054298,0.034997,0.230727,-0.411607,0.191861,0.805531,-0.380643,0.713683,21.173521,0.000000,1,0.012561,4.943809,28.368810,49.233737,-1.017166,52.207320,0.000002
12.300000,6.900000,1,-0.882521,1.429163,0.329997,-0.413858,-0.156994,0.232727,-0.865975,0.390212,-0.035046,0.040125,0.046775,0.436643,0.673396,0.594720,-0.288241,-0.760117,0.582357,0.841812,0.088699,0.532433,0.055542,-0.827645,1.375230,0.101748,0.054831,0.033861,0.232088,-0.412395,0.189204,0.805388,-0.381421,0.646107,21.937383,0.000000,1,0.012006,4.908614,28.005868,49.564643,-1.013369,52.472259,0.000002
12.333333,6.933333,1,-0.881635,1.429906,0.331274,-0.413196,-0.159868,0.232075,-0.865940,0.389083,-0.034798,0.041404,0.043904,0.437332,0.673658,0.594136,-0.290150,-0.762088,0.578823,0.838891,0.088514,0.537055,0.051702,-0.827645,1.375230,0.101748,0.055419,0.032812,0.233322,-0.414127,0.186832,0.804841,-0.381868,0.676526,22.693183,0.000000,1,0.011790,4.885767,27.670114,49.878556,-1.012444,52.721213,0.000002
12.366667,6.966667,1,-0.880902,1.430677,0.332387,-0.413115,-0.161899,0.231765,-0.865684,0.388025,-0.034688,0.042516,0.042048,0.438167,0.673571,0.593754,-0.291376,-0.763023,0.576972,0.836719,0.089068,0.540340,0.046183,-0.827645,1.375230,0.101748,0.056059,0.031919,0.234400,-0.415598,0.185446,0.804385,-0.381908,0.739263,23.324304,0.000000,1,0.012291,4.881158,27.372129,50.163326,-1.015753,52.944802,0.000002
12.400000,7.000000,1,-0.880323,1.431554,0.333345,-0.413201,-0.162458,0.231638,-0.865573,0.386975,-0.034763,0.043472,0.041587,0.438493,0.673529,0.593594,-0.291835,-0.763134,0.576593,0.836076,0.089259,0.541304,0.042662,-0.827645,1.375230,0.101748,0.056829,0.031175,0.235336,-0.416072,0.185148,0.804202,-0.381919,0.734717,23.973112,0.000000,1,0.012784,4.902417,27.105428,50.430240,-1.024977,53.150785,0.000002
12.433333,7.033333,1,-0.879804,1.432512,0.334174,-0.412838,-0.162388,0.231742,-0.865731,0.385896,-0.034934,0.044299,0.041487,0.438137,0.673622,0.593757,-0.291462,-0.763583,0.576187,0.836291,0.089023,0.541011,0.041084,-0.827645,1.375230,0.101748,0.057690,0.030487,0.236149,-0.415784,0.184915,0.804387,-0.381957,0.640989,24.558855,0.000000,1,0.012903,4.937492,26.861148,50.689533,-1.037430,53.346969,0.000002
12.466667,7.066667,1,-0.879262,1.433480,0.334951,-0.412371,-0.162533,0.232006,-0.865856,0.384796,-0.035091,0.045072,0.041151,0.437783,0.673614,0.594051,-0.290819,-0.764293,0.575570,0.836353,0.089101,0.540902,0.040631,-0.827645,1.375230,0.101748,0.058559,0.029777,0.236908,-0.415585,0.184459,0.804645,-0.381852,0.592237,25.378074,0.000000,1,0.012398,4.971269,26.625106,50.947962,-1.049713,53.540792,0.000002
12.500000,7.100000,1,-0.878722,1.434438,0.335784,-0.412275,-0.163260,0.231410,-0.865924,0.383705,-0.035245,0.045902,0.040455,0.438021,0.673942,0.593552,-0.292120,-0.764599,0.574504,0.835479,0.088331,0.542377,0.041376,-0.827645,1.375230,0.101748,0.059417,0.029068,0.237723,-0.416079,0.183925,0.804281,-0.382338,0.579743,26.127749,0.000000,1,0.011519,5.004484,26.379860,51.208327,-1.061991,53.738585,0.000001
12.533333,7.133333,1,-0.878179,1.435368,0.336687,-0.411862,-0.164321,0.230478,-0.866169,0.382635,-0.035380,0.046803,0.039317,0.438121,0.674576,0.592833,-0.294007,-0.765371,0.572510,0.834273,0.086802,0.544476,0.042161,-0.827645,1.375230,0.101748,0.060245,0.028356,0.238607,-0.416624,0.182939,0.803815,-0.383197,0.577155,26.852071,0.000000,1,0.010613,5.034988,26.123460,51.470129,-1.073776,53.940646,0.000001
12.566667,7.166667,1,-0.877636,1.436281,0.337550,-0.411388,-0.164772,0.230032,-0.866427,0.381577,-0.035505,0.047664,0.038700,0.437897,0.675005,0.592552,-0.294769,-0.766057,0.571198,0.833844,0.085742,0.545301,0.041080,-0.827645,1.375230,0.101748,0.061057,0.027647,0.239451,-0.416664,0.182295,0.803695,-0.383710,0.569314,27.709980,0.000000,1,0.010213,5.063898,25.875376,51.726048,-1.085333,54.137653,0.000001
12.600000,7.200000,1,-0.877041,1.437249,0.338412,-0.411517,-0.165239,0.229833,-0.866330,0.380446,-0.035620,0.048522,0.038339,0.438220,0.675008,0.592332,-0.295345,-0.766057,0.570901,0.833260,0.085789,0.546185,0.042753,-0.827645,1.375230,0.101748,0.061916,0.026881,0.240291,-0.417100,0.182091,0.803479,-0.383785,0.499614,28.827321,0.000000,1,0.009294,5.092599,25.621888,51.994157,-1.096901,54.343085,0.000001
12.633333,7.233333,1,-0.876343,1.438218,0.339359,-0.410830,-0.166256,0.229492,-0.866551,0.379250,-0.035656,0.049468,0.037121,0.438057,0.675357,0.592132,-0.296003,-0.767279,0.568915,0.832323,0.085030,0.547730,0.045748,-0.827645,1.375230,0.101748,0.062762,0.026007,0.241211,-0.417423,0.180912,0.803383,-0.384194,0.336617,29.931085,0.000000,1,0.007885,5.110891,25.346723,52.280727,-1.106111,54.564865,0.000001
12.666667,7.266667,1,-0.875599,1.439133,0.340399,-0.409089,-0.167829,0.228699,-0.867281,0.378070,-0.035623,0.050507,0.034934,0.437197,0.676358,0.591759,-0.297202,-0.769936,0.564686,0.831027,0.082639,0.550059,0.047159,-0.827645,1.375230,0.101748,0.063545,0.025089,0.242219,-0.417491,0.178580,0.803340,-0.385299,0.342405,30.887057,0.000000,1,0.006990,5.119197,25.055372,52.571874,-1.113110,54.794105,0.000001
12.700000,7.300000,1,-0.874814,1.440051,0.341479,-0.406905,-0.170322,0.227312,-0.868186,0.376864,-0.035559,0.051586,0.031723,0.436348,0.677781,0.590937,-0.299575,-0.773368,0.558711,0.828736,0.079212,0.554005,0.048617,-0.827645,1.375230,0.101748,0.064325,0.024128,0.243265,-0.417972,0.175324,0.803005,-0.386967,0.414853,31.896640,0.000000,1,0.006408,5.123452,24.754096,52.870508,-1.119250,55.030646,0.000001
12.733333,7.333333,1,-0.873932,1.440903,0.342640,-0.404298,-0.173640,0.225770,-0.869149,0.375651,-0.035380,0.052747,0.027584,0.435488,0.679324,0.590007,-0.302262,-0.777586,0.551359,0.825637,0.075516,0.559126,0.050641,-0.827645,1.375230,0.101748,0.065024,0.023076,0.244384,-0.418797,0.171209,0.802582,-0.388791,0.447324,32.721335,0.000000,1,0.005840,5.111178,24.436685,53.177103,-1.121562,55.276519,0.000001
12.766667,7.366667,1,-0.872982,1.441691,0.343846,-0.401750,-0.177340,0.224387,-0.869941,0.374449,-0.035107,0.053955,0.023131,0.434852,0.680644,0.589145,-0.304746,-0.781879,0.543870,0.822113,0.072377,0.564705,0.051775,-0.827645,1.375230,0.101748,0.065651,0.021961,0.245544,-0.419942,0.166886,0.802126,-0.390375,0.394956,33.650878,0.000000,1,0.005673,5.085406,24.110753,53.485951,-1.120739,55.526567,0.000001
12.800000,7.400000,1,-0.872111,1.442489,0.344984,-0.398982,-0.180620,0.223112,-0.870868,0.373286,-0.034903,0.055093,0.018956,0.433832,0.682034,0.588438,-0.306763,-0.786222,0.536425,0.819117,0.068940,0.569468,0.049204,-0.827645,1.375230,0.101748,0.066299,0.020927,0.246639,-0.420628,0.162669,0.801850,-0.391979,0.357502,34.627608,0.000000,1,0.005691,5.068692,23.801400,53.780683,-1.122222,55.764936,0.000001
12.833333,7.433333,1,-0.871366,1.443329,0.345971,-0.396873,-0.182446,0.222452,-0.871619,0.372165,-0.034824,0.056080,0.016379,0.432755,0.682994,0.588195,-0.307517,-0.789292,0.531463,0.817644,0.066501,0.571870,0.044872,-0.827645,1.375230,0.101748,0.067010,0.020021,0.247594,-0.420642,0.159890,0.801899,-0.393006,0.416429,35.641345,0.000000,1,0.005706,5.069295,23.524503,54.053977,-1.128045,55.983094,0.000001
12.866667,7.466667,1,-0.870701,1.444261,0.346762,-0.396332,-0.183473,0.221605,-0.871866,0.371019,-0.034862,0.056869,0.015214,0.432726,0.683592,0.587553,-0.309099,-0.790126,0.529300,0.816461,0.064942,0.573737,0.041729,-0.827645,1.375230,0.101748,0.067827,0.019195,0.248359,-0.421076,0.158827,0.801490,-0.393806,0.467427,35.903529,0.000000,1,0.005863,5.087215,23.283580,54.314233,-1.138190,56.184387,0.000001
12.900000,7.500000,1,-0.870069,1.445217,0.347446,-0.396118,-0.184495,0.220563,-0.872012,0.369875,-0.034939,0.057550,0.014200,0.432988,0.684188,0.586691,-0.311184,-0.790517,0.527492,0.815111,0.063370,0.575829,0.040035,-0.827645,1.375230,0.101748,0.068674,0.018403,0.249019,-0.421722,0.158021,0.800880,-0.394678,0.459281,36.196236,0.000000,1,0.005946,5.110999,23.063284,54.565225,-1.149875,56.375207,0.000001
12.933333,7.533333,1,-0.869367,1.446194,0.348100,-0.395177,-0.185597,0.219617,-0.872443,0.368671,-0.034973,0.058203,0.012790,0.432634,0.684994,0.586044,-0.312777,-0.791806,0.524608,0.813940,0.061241,0.577712,0.041084,-0.827645,1.375230,0.101748,0.069534,0.017542,0.249646,-0.421956,0.156609,0.800537,-0.395685,0.395749,36.895089,0.000000,1,0.005751,5.129443,22.843860,54.824280,-1.160270,56.570512,0.000001
12.966667,7.566667,1,-0.868571,1.447218,0.348697,-0.394103,-0.186382,0.218553,-0.873029,0.367374,-0.034960,0.058799,0.011604,0.432019,0.685989,0.585358,-0.314442,-0.793072,0.521693,0.813125,0.058570,0.579135,0.042841,-0.827645,1.375230,0.101748,0.070430,0.016584,0.250212,-0.421870,0.155308,0.800239,-0.396891,0.373210,38.076854,0.000000,1,0.005637,5.142257,22.627359,55.095726,-1.169279,56.771989,0.000001
13.000000,7.600000,1,-0.867803,1.448307,0.349328,-0.393138,-0.186823,0.217829,-0.873550,0.366042,-0.035008,0.059427,0.010776,0.431348,0.686775,0.584947,-0.315442,-0.794157,0.519433,0.812750,0.056448,0.579871,0.044208,-0.827645,1.375230,0.101748,0.071393,0.015644,0.250813,-0.421591,0.154305,0.800128,-0.397801,0.422622,39.174646,0.000000,1,0.006386,5.164509,22.403117,55.373741,-1.180719,56.979791,0.000001
13.033333,7.633333,1,-0.867130,1.449433,0.350030,-0.392168,-0.187305,0.217030,-0.874082,0.364736,-0.035155,0.060126,0.009910,0.430691,0.687603,0.584473,-0.316586,-0.795235,0.517083,0.812307,0.054207,0.580706,0.044648,-0.827645,1.375230,0.101748,0.072403,0.014788,0.251492,-0.421340,0.153275,0.799975,-0.398773,0.452113,40.039806,0.000000,1,0.007418,5.200865,22.168922,55.649911,-1.195853,57.190163,0.000001
13.066667,7.666667,1,-0.866456,1.450548,0.350749,-0.391623,-0.188302,0.215739,-0.874431,0.363439,-0.035296,0.060842,0.008768,0.430645,0.688491,0.583479,-0.318950,-0.795889,0.514618,0.810992,0.051806,0.582759,0.044649,-0.827645,1.375230,0.101748,0.073403,0.013933,0.252188,-0.421759,0.152240,0.799351,-0.399976,0.419323,40.989094,0.000000,1,0.007868,5.236526,21.932493,55.925175,-1.210955,57.401252,0.000001
13.100000,7.700000,1,-0.865665,1.451674,0.351476,-0.391131,-0.189806,0.214192,-0.874707,0.362062,-0.035349,0.061567,0.007196,0.430871,0.689428,0.582227,-0.321921,-0.796605,0.511651,0.809008,0.049275,0.585729,0.046704,-0.827645,1.375230,0.101748,0.074397,0.012958,0.252885,-0.422593,0.150921,0.798489,-0.401313,0.390366,41.822264,0.000000,1,0.008382,5.260518,21.687869,56.215426,-1.223141,57.623263,0.000001
13.133333,7.733333,1,-0.864797,1.452817,0.352172,-0.390518,-0.191161,0.212580,-0.875079,0.360627,-0.035351,0.062261,0.005702,0.430923,0.690479,0.580957,-0.324913,-0.797363,0.508570,0.807192,0.046411,0.588462,0.047833,-0.827645,1.375230,0.101748,0.075399,0.011908,0.253545,-0.423242,0.149609,0.797659,-0.402770,0.377241,43.514045,0.000000,1,0.008836,5.277847,21.444434,56.513771,-1.233710,57.849735,0.000001
13.166667,7.766667,1,-0.864027,1.453980,0.352928,-0.390317,-0.192064,0.211442,-0.875247,0.359233,-0.035443,0.063015,0.004799,0.431143,0.691138,0.580018,-0.327112,-0.797607,0.506775,0.805883,0.044610,0.590391,0.047611,-0.827645,1.375230,0.101748,0.076432,0.010949,0.254274,-0.423808,0.148893,0.797007,-0.403729,0.429266,44.550772,0.000000,1,0.009943,5.308011,21.194181,56.806806,-1.247788,58.076105,0.000001
13.200000,7.800000,1,-0.863451,1.455134,0.353791,-0.390372,-0.192389,0.210470,-0.875385,0.357965,-0.035686,0.063874,0.004529,0.431334,0.691696,0.579212,-0.328987,-0.797370,0.505933,0.805184,0.043071,0.591459,0.046534,-0.827645,1.375230,0.101748,0.077478,0.010177,0.255120,-0.424105,0.148747,0.796462,-0.404545,0.447776,45.544191,0.000000,1,0.011091,5.358872,20.935330,57.082447,-1.267530,58.296586,0.000000
13.233333,7.833333,1,-0.862864,1.456307,0.354650,-0.389672,-0.193030,0.209477,-0.875794,0.356673,-0.035932,0.064729,0.003639,0.430991,0.692503,0.578509,-0.330627,-0.798103,0.503704,0.804375,0.040853,0.592715,0.047069,-0.827645,1.375230,0.101748,0.078543,0.009391,0.255962,-0.424152,0.147821,0.796087,-0.405572,0.416520,46.425309,0.000000,1,0.011828,5.410942,20.675611,57.360871,-1.287731,58.519434,0.000000
13.266667,7.866667,1,-0.862058,1.457599,0.355377,-0.388091,-0.194686,0.208284,-0.876414,0.355155,-0.036073,0.065453,0.001446,0.430310,0.693585,0.577729,-0.332454,-0.800164,0.499211,0.802653,0.037875,0.595242,0.050621,-0.827645,1.375230,0.101748,0.079699,0.008380,0.256661,-0.424389,0.145567,0.795698,-0.406901,0.370033,47.214486,0.000000,1,0.012457,5.450762,20.422860,57.669671,-1.304673,58.756789,0.000000
13.300000,7.900000,1,-0.861056,1.458995,0.355957,-0.386944,-0.197363,0.206302,-0.876790,0.353436,-0.036119,0.066030,-0.001470,0.430473,0.694806,0.576139,-0.336124,-0.801875,0.493981,0.799344,0.034486,0.599884,0.054399,-0.827645,1.375230,0.101748,0.080937,0.007171,0.257202,-0.425684,0.142994,0.794584,-0.408635,0.364939,48.275791,0.000000,1,0.012839,5.479539,20.182170,58.003422,-1.318726,59.004182,0.000000
13.333333,7.933333,1,-0.860019,1.460398,0.356496,-0.386590,-0.200014,0.204027,-0.876878,0.351692,-0.036141,0.066567,-0.004011,0.431334,0.695902,0.574156,-0.340658,-0.802573,0.489723,0.795653,0.031407,0.604938,0.054761,-0.827645,1.375230,0.101748,0.082178,0.005929,0.257701,-0.427477,0.141046,0.793070,-0.410377,0.423188,49.377281,0.000000,1,0.013328,5.505185,19.947836,58.338425,-1.332168,59.250855,0.000000
13.366667,7.966667,1,-0.859077,1.461748,0.357095,-0.386618,-0.200707,0.202006,-0.877175,0.350045,-0.036207,0.067163,-0.004628,0.431664,0.697071,0.572483,-0.344484,-0.802118,0.487788,0.794127,0.028141,0.607100,0.052569,-0.827645,1.375230,0.101748,0.083379,0.004783,0.258264,-0.428053,0.140665,0.791943,-0.412082,0.440582,50.527770,0.000000,1,0.014138,5.536258,19.710921,58.659174,-1.347413,59.491452,0.000000
13.400000,8.000000,1,-0.858205,1.463116,0.357767,-0.386490,-0.200491,0.200461,-0.877635,0.348427,-0.036340,0.067832,-0.004499,0.431449,0.698171,0.571305,-0.347182,-0.801619,0.486695,0.793855,0.025073,0.607590,0.052673,-0.827645,1.375230,0.101748,0.084603,0.003700,0.258906,-0.427841,0.140749,0.791275,-0.413553,0.400952,51.705189,0.000000,1,0.015417,5.577092,19.463485,58.977952,-1.365568,59.735038,0.000000
13.433333,8.033333,1,-0.857223,1.464537,0.358434,-0.385855,-0.202037,0.198669,-0.877968,0.346701,-0.036418,0.068496,-0.006174,0.431565,0.699268,0.569858,-0.350448,-0.802295,0.483227,0.791638,0.021972,0.610595,0.055555,-0.827645,1.375230,0.101748,0.085867,0.002502,0.259537,-0.428618,0.139300,0.790291,-0.415116,0.611640,52.908669,0.000000,1,0.016550,5.611603,19.209043,59.314820,-1.382108,59.991083,0.000000
13.466667,8.066667,1,-0.855939,1.466008,0.359053,-0.384813,-0.205912,0.196328,-0.878052,0.344752,-0.036285,0.069114,-0.010117,0.432357,0.700389,0.567820,-0.354956,-0.804139,0.476830,0.786642,0.018705,0.617127,0.061447,-0.827645,1.375230,0.101748,0.087142,0.001002,0.260101,-0.430879,0.136031,0.788686,-0.416909,0.616240,54.205334,0.000000,1,0.017567,5.617532,18.946358,59.688604,-1.390750,60.269877,0.000000
13.500000,8.100000,1,-0.854576,1.467446,0.359620,-0.383493,-0.208738,0.193971,-0.878486,0.342783,-0.036067,0.069681,-0.013246,0.432430,0.701828,0.565921,-0.359116,-0.805814,0.470849,0.782902,0.014525,0.621976,0.061835,-0.827645,1.375230,0.101748,0.088375,-0.000570,0.260609,-0.432178,0.133239,0.787361,-0.418966,0.658923,55.560880,0.000000,1,0.017950,5.610707,18.691890,60.063202,-1.396073,60.547150,0.000000
13.533333,8.133333,1,-0.853463,1.468919,0.360032,-0.382798,-0.208952,0.192104,-0.879148,0.340936,-0.036068,0.070090,-0.013756,0.431897,0.703251,0.564548,-0.362194,-0.805919,0.468306,0.782155,0.010499,0.622996,0.056750,-0.827645,1.375230,0.101748,0.089679,-0.001890,0.260977,-0.431926,0.132620,0.786613,-0.420822,0.652115,56.753158,0.000000,1,0.017424,5.635375,18.479113,60.401951,-1.410717,60.792804,0.000000
13.566667,8.166667,1,-0.852635,1.470459,0.360253,-0.382799,-0.208600,0.190429,-0.879595,0.339207,-0.036336,0.070306,-0.013447,0.431737,0.704398,0.563247,-0.365145,-0.805110,0.467404,0.781888,0.007286,0.623377,0.052878,-0.827645,1.375230,0.101748,0.091092,-0.002925,0.261174,-0.431698,0.132896,0.785856,-0.422381,0.639658,57.766731,0.000000,1,0.016759,5.699675,18.314976,60.702395,-1.437084,61.003109,0.000000
13.600000,8.200000,1,-0.851985,1.472056,0.360316,-0.382968,-0.208784,0.189027,-0.879780,0.337541,-0.036779,0.070363,-0.013543,0.431967,0.705190,0.562075,-0.367777,-0.804440,0.466494,0.781039,0.005047,0.624462,0.051753,-0.827645,1.375230,0.101748,0.092588,-0.003782,0.261225,-0.431972,0.132939,0.785069,-0.423550,0.639618,58.717406,0.000000,1,0.016395,5.790768,18.188547,60.977680,-1.471502,61.188344,0.000000
13.633333,8.233333,1,-0.851344,1.473717,0.360309,-0.382513,-0.208384,0.188132,-0.880265,0.335829,-0.037266,0.070349,-0.013391,0.431377,0.706020,0.561489,-0.369102,-0.804399,0.465518,0.781292,0.002712,0.624160,0.053404,-0.827645,1.375230,0.101748,0.094150,-0.004635,0.261208,-0.431397,0.132880,0.784849,-0.424560,0.652703,59.816225,0.000000,1,0.016772,5.890309,18.074463,61.253897,-1.508569,61.370447,0.000000
13.666667,8.266667,1,-0.850579,1.475363,0.360298,-0.381021,-0.207750,0.187394,-0.881219,0.334054,-0.037645,0.070332,-0.013492,0.429753,0.707195,0.561254,-0.369624,-0.805428,0.463318,0.782236,-0.000613,0.622982,0.054447,-0.827645,1.375230,0.101748,0.095682,-0.005608,0.261179,-0.429975,0.132184,0.785078,-0.425795,0.664724,60.610345,0.000000,1,0.017228,5.975030,17.957242,61.541227,-1.541501,61.559772,0.000000
13.700000,8.300000,1,-0.849691,1.476968,0.360387,-0.379537,-0.207824,0.186579,-0.882014,0.332238,-0.037903,0.070416,-0.014222,0.428453,0.708263,0.560882,-0.370418,-0.806692,0.460477,0.782318,-0.003679,0.622869,0.055090,-0.827645,1.375230,0.101748,0.097155,-0.006703,0.261241,-0.429088,0.131033,0.785117,-0.426973,0.649887,61.697290,0.000000,1,0.018333,6.042088,17.818133,61.843506,-1.569446,61.764600,0.000000
13.733333,8.333333,1,-0.848825,1.478527,0.360488,-0.378651,-0.208281,0.185861,-0.882439,0.330472,-0.038151,0.070512,-0.015030,0.427860,0.708960,0.560433,-0.371377,-0.807511,0.458263,0.781788,-0.005700,0.623518,0.053578,-0.827645,1.375230,0.101748,0.098584,-0.007772,0.261316,-0.428870,0.130080,0.784938,-0.427811,0.641418,62.789191,0.000000,1,0.018747,6.107066,17.680989,62.137910,-1.597117,61.965052,0.000000
13.766667,8.366667,1,-0.847898,1.480074,0.360579,-0.378141,-0.208659,0.185058,-0.882737,0.328678,-0.038343,0.070599,-0.015599,0.427570,0.709584,0.559850,-0.372650,-0.807860,0.456612,0.781181,-0.007505,0.624260,0.054184,-0.827645,1.375230,0.101748,0.099994,-0.008898,0.261377,-0.428838,0.129467,0.784615,-0.428622,0.640398,64.066991,0.000000,1,0.019214,6.164277,17.544848,62.436392,-1.622703,62.167703,0.000000
13.800000,8.400000,1,-0.846859,1.481670,0.360653,-0.377892,-0.208955,0.184105,-0.882973,0.326778,-0.038474,0.070669,-0.015979,0.427476,0.710219,0.559104,-0.374294,-0.807834,0.455311,0.780512,-0.009332,0.625072,0.057174,-0.827645,1.375230,0.101748,0.101438,-0.010141,0.261415,-0.428916,0.129109,0.784153,-0.429496,0.650072,65.386728,0.000000,1,0.019969,6.214160,17.405660,62.751550,-1.646227,62.380558,0.000000
13.833333,8.433333,1,-0.845851,1.483292,0.360724,-0.377617,-0.209475,0.183326,-0.883129,0.324876,-0.038645,0.070736,-0.016571,0.427460,0.710706,0.558480,-0.375651,-0.807997,0.453902,0.779664,-0.010756,0.626106,0.057335,-0.827645,1.375230,0.101748,0.102912,-0.011357,0.261453,-0.429140,0.128580,0.783739,-0.430185,0.614678,66.476562,0.000000,1,0.020637,6.270771,17.268731,63.065305,-1.672101,62.592393,0.000000
13.866667,8.466667,1,-0.844913,1.484885,0.360900,-0.376752,-0.209989,0.182744,-0.883497,0.323039,-0.038856,0.070907,-0.017419,0.426913,0.711292,0.558127,-0.376382,-0.808855,0.451763,0.779110,-0.012480,0.626763,0.055704,-0.827645,1.375230,0.101748,0.104364,-0.012505,0.261598,-0.428976,0.127603,0.783605,-0.430884,0.611552,67.544672,0.000000,1,0.021852,6.333036,17.117589,63.373608,-1.700091,62.806729,0.000000
13.900000,8.500000,1,-0.844160,1.486432,0.361042,-0.377294,-0.211068,0.181529,-0.883259,0.321350,-0.039188,0.071044,-0.018149,0.427878,0.711625,0.556938,-0.378982,-0.808194,0.450773,0.777131,-0.013480,0.629194,0.051806,-0.827645,1.375230,0.101748,0.105796,-0.013463,0.261721,-0.430154,0.127338,0.782602,-0.431610,0.627014,68.750186,0.000000,1,0.021783,6.412422,16.984629,63.652544,-1.733880,62.999942,0.000000
13.933333,8.533333,1,-0.843460,1.488041,0.361204,-0.377725,-0.212209,0.180800,-0.882951,0.319643,-0.039599,0.071200,-0.018982,0.428773,0.711680,0.556152,-0.380668,-0.807882,0.449908,0.775327,-0.013697,0.631411,0.052869,-0.827645,1.375230,0.101748,0.107295,-0.014377,0.261868,-0.431296,0.126935,0.781863,-0.431928,0.647722,69.850678,0.000000,1,0.022728,6.505620,16.848861,63.932993,-1.772208,63.195446,0.000000
13.966667,8.566667,1,-0.842816,1.489798,0.361270,-0.376802,-0.212609,0.180871,-0.883235,0.317852,-0.040142,0.071258,-0.019751,0.428124,0.711898,0.556346,-0.380177,-0.809035,0.448249,0.775211,-0.014377,0.631538,0.056177,-0.827645,1.375230,0.101748,0.108951,-0.015250,0.261925,-0.430996,0.125972,0.782099,-0.432082,0.654570,70.961510,0.000000,1,0.023248,6.622509,16.729220,64.217160,-1.818175,63.387880,0.000000
14.000000,8.600000,1,-0.842270,1.491665,0.361190,-0.376154,-0.212963,0.180983,-0.883402,0.316033,-0.040828,0.071170,-0.020356,0.427702,0.711995,0.556525,-0.379732,-0.809898,0.447066,0.775072,-0.014703,0.631701,0.058379,-0.827645,1.375230,0.101748,0.110731,-0.016032,0.261845,-0.430839,0.125246,0.782280,-0.432121,0.665046,71.967131,0.000000,1,0.023203,6.764066,16.639402,64.492172,-1.872304,63.565638,0.000000
14.033333,8.633333,1,-0.841697,1.493642,0.360951,-0.375963,-0.213538,0.180890,-0.883364,0.314110,-0.041558,0.070921,-0.020956,0.427788,0.712002,0.556427,-0.379899,-0.810284,0.446224,0.774425,-0.014773,0.632493,0.062169,-0.827645,1.375230,0.101748,0.112622,-0.016845,0.261606,-0.431145,0.124727,0.782171,-0.432164,0.662814,73.170340,0.000000,1,0.023189,6.916265,16.577198,64.771064,-1.930117,63.736135,0.000000
14.066667,8.666667,1,-0.841088,1.495705,0.360486,-0.376510,-0.214079,0.180288,-0.883123,0.312096,-0.042309,0.070445,-0.021200,0.428518,0.712059,0.555782,-0.381313,-0.809669,0.446135,0.773331,-0.014956,0.633826,0.066037,-0.827645,1.375230,0.101748,0.114599,-0.017693,0.261140,-0.431913,0.124802,0.781585,-0.432435,0.653264,74.445875,0.000000,1,0.022607,7.075174,16.556879,65.047484,-1.990471,63.890848,0.000000
14.100000,8.700000,1,-0.840411,1.497847,0.359818,-0.376871,-0.213975,0.179668,-0.883121,0.309979,-0.043050,0.069767,-0.020948,0.428794,0.712335,0.555225,-0.382572,-0.808978,0.446310,0.773048,-0.015721,0.634153,0.070295,-0.827645,1.375230,0.101748,0.116651,-0.018607,0.260470,-0.432081,0.125160,0.781183,-0.432890,0.688503,75.893499,0.000000,1,0.022177,7.236406,16.573386,65.325249,-2.051979,64.033384,0.000000
14.133333,8.733333,1,-0.839647,1.500071,0.358904,-0.377006,-0.213726,0.179187,-0.883221,0.307744,-0.043769,0.068843,-0.020668,0.428803,0.712640,0.554838,-0.383455,-0.808524,0.446376,0.773075,-0.016565,0.634099,0.075696,-0.827645,1.375230,0.101748,0.118779,-0.019602,0.259550,-0.431993,0.125438,0.780950,-0.433317,0.722646,77.408229,0.000000,1,0.021584,7.398418,16.635338,65.603583,-2.114177,64.160101,0.000000
