time_take_s,time_episode_s,tool_tracked,tool_world_x_m,tool_world_y_m,tool_world_z_m,tool_world_qx,tool_world_qy,tool_world_qz,tool_world_qw,tcp_robot_x_m,tcp_robot_y_m,tcp_robot_z_m,tcp_robot_qx,tcp_robot_qy,tcp_robot_qz,tcp_robot_qw,tcp_robot_rot6d_r00,tcp_robot_rot6d_r01,tcp_robot_rot6d_r02,tcp_robot_rot6d_r10,tcp_robot_rot6d_r11,tcp_robot_rot6d_r12,tcp_speed_m_s,box_world_x_m,box_world_y_m,box_world_z_m,tool_in_box_x_m,tool_in_box_y_m,tool_in_box_z_m,tool_in_box_qx,tool_in_box_qy,tool_in_box_qz,tool_in_box_qw,flap_left_deg,flap_right_deg,gripper,ik_reachable,ik_pos_err_mm,q1_deg,q2_deg,q3_deg,q4_deg,q5_deg,q6_deg
10.200000,0.000000,1,-0.831634,1.527045,0.486622,0.068679,0.229874,-0.228707,0.943469,0.281549,-0.055081,0.195901,-0.171441,0.160051,0.743222,0.626588,-0.155991,-0.986267,-0.054266,0.876509,-0.163542,0.452753,0.000000,-0.817892,1.380783,0.102174,0.117274,-0.099057,0.381859,-0.253279,-0.068416,0.940918,-0.214107,0.242431,0.066094,0.000000,1,0.068335,9.870640,-9.804185,73.520273,-2.937092,80.899213,0.071578
10.233333,0.033333,1,-0.831669,1.527117,0.484459,0.070241,0.228221,-0.228638,0.943772,0.281512,-0.055128,0.193738,-0.169265,0.160710,0.743527,0.626650,-0.157319,-0.986267,-0.050288,0.877457,-0.162965,0.451123,0.064926,-0.817892,1.380783,0.102174,0.117400,-0.098940,0.379702,-0.252516,-0.066284,0.941231,-0.214304,0.245246,0.101367,0.000000,1,0.049961,9.865222,-9.392459,73.518062,-2.978416,80.736177,0.067999
10.266667,0.066667,1,-0.831585,1.527125,0.482299,0.072244,0.227647,-0.228152,0.943877,0.281454,-0.055042,0.191578,-0.167859,0.162244,0.743846,0.626254,-0.159260,-0.986141,-0.046511,0.877204,-0.162967,0.451614,0.064854,-0.817892,1.380783,0.102174,0.117405,-0.098882,0.377541,-0.252919,-0.064229,0.941164,-0.214750,0.238364,0.092819,0.000000,1,0.049165,9.839072,-8.982364,73.519224,-3.008796,80.572592,0.064599
10.300000,0.100000,1,-0.831362,1.526978,0.480169,0.074515,0.228362,-0.227015,0.943802,0.281436,-0.054751,0.189451,-0.167491,0.164593,0.744299,0.625200,-0.162144,-0.985807,-0.043520,0.875535,-0.164069,0.454444,0.064397,-0.817892,1.380783,0.102174,0.117202,-0.098845,0.375404,-0.254603,-0.062495,0.940618,-0.215661,0.230157,0.092583,0.000000,1,0.048541,9.778110,-8.577946,73.518406,-3.022822,80.407776,0.061369
10.333333,0.133333,1,-0.831065,1.526696,0.478072,0.076450,0.229155,-0.225815,0.943743,0.281481,-0.054321,0.187359,-0.167343,0.166675,0.744793,0.624098,-0.164996,-0.985432,-0.041229,0.873864,-0.165442,0.457154,0.064101,-0.817892,1.380783,0.102174,0.116845,-0.098789,0.373298,-0.256206,-0.061096,0.940049,-0.216643,0.218218,0.093157,0.000000,1,0.047864,9.692260,-8.176148,73.509855,-3.024824,80.237452,0.058301
10.366667,0.166667,1,-0.830744,1.526353,0.475986,0.078185,0.229504,-0.224719,0.943778,0.281561,-0.053835,0.185278,-0.166888,0.168381,0.745322,0.623130,-0.167715,-0.985067,-0.038924,0.872664,-0.166714,0.458981,0.064158,-0.817892,1.380783,0.102174,0.116425,-0.098716,0.371203,-0.257324,-0.059681,0.939616,-0.217587,0.210445,0.101343,0.000000,1,0.047096,9.596622,-7.773842,73.495578,-3.021015,80.061309,0.055386
10.400000,0.200000,1,-0.830408,1.525932,0.473855,0.080017,0.229711,-0.223606,0.943838,0.281695,-0.053290,0.183153,-0.166260,0.170110,0.745883,0.622157,-0.170556,-0.984677,-0.036351,0.871548,-0.167966,0.460643,0.065947,-0.817892,1.380783,0.102174,0.115935,-0.098607,0.369063,-0.258360,-0.058114,0.939204,-0.218560,0.221421,0.111985,0.000000,1,0.045663,9.490082,-7.358878,73.472335,-3.011077,79.871845,0.052616
10.433333,0.233333,1,-0.830066,1.525390,0.471661,0.082395,0.230515,-0.222211,0.943767,0.281921,-0.052667,0.180966,-0.165926,0.172593,0.746455,0.620874,-0.173967,-0.984185,-0.033396,0.869634,-0.169454,0.463704,0.068558,-0.817892,1.380783,0.102174,0.115345,-0.098427,0.366862,-0.260177,-0.056320,0.938546,-0.219699,0.227361,0.133412,0.000000,1,0.043880,9.368378,-6.924607,73.433893,-2.993480,79.662659,0.049986
10.466667,0.266667,1,-0.829684,1.524768,0.469431,0.084557,0.231429,-0.220847,0.943672,0.282186,-0.051962,0.178743,-0.165785,0.174932,0.746992,0.619610,-0.177197,-0.983690,-0.030901,0.867685,-0.170964,0.466791,0.070389,-0.817892,1.380783,0.102174,0.114667,-0.098230,0.364625,-0.261994,-0.054768,0.937873,-0.220802,0.224203,0.122622,0.000000,1,0.042457,9.232551,-6.481022,73.388778,-2.968581,79.443054,0.047486
10.500000,0.300000,1,-0.829243,1.524089,0.467142,0.087021,0.231649,-0.219391,0.943734,0.282463,-0.051176,0.176463,-0.164890,0.177232,0.747709,0.618329,-0.180961,-0.983108,-0.027404,0.866214,-0.172516,0.468948,0.072833,-0.817892,1.380783,0.102174,0.113910,-0.098042,0.362326,-0.263334,-0.052635,0.937321,-0.222066,0.221075,0.104569,0.000000,1,0.040837,9.083307,-6.026469,73.341467,-2.936681,79.214673,0.045112
10.533333,0.333333,1,-0.828793,1.523364,0.464854,0.089453,0.230939,-0.218197,0.943957,0.282769,-0.050356,0.174183,-0.163175,0.179086,0.748452,0.617350,-0.184505,-0.982559,-0.023139,0.865670,-0.173613,0.469547,0.073274,-0.817892,1.380783,0.102174,0.113111,-0.097834,0.360027,-0.263827,-0.050123,0.937054,-0.223190,0.212731,0.133087,0.000000,1,0.039840,8.928000,-5.569248,73.287393,-2.900983,78.979357,0.042856
10.566667,0.366667,1,-0.828340,1.522627,0.462551,0.092005,0.229531,-0.217110,0.944306,0.283084,-0.049524,0.171889,-0.160781,0.180738,0.749258,0.616520,-0.188106,-0.981982,-0.018076,0.865746,-0.174475,0.469087,0.073797,-0.817892,1.380783,0.102174,0.112301,-0.097622,0.357714,-0.263752,-0.047194,0.936965,-0.224288,0.213165,0.093624,0.000000,1,0.038792,8.771309,-5.108489,73.229585,-2.863389,78.738413,0.040714
10.600000,0.400000,1,-0.827871,1.521870,0.460111,0.095367,0.227796,-0.215829,0.944686,0.283406,-0.048667,0.169459,-0.157733,0.182967,0.750182,0.615525,-0.192499,-0.981231,-0.011416,0.865792,-0.175304,0.468693,0.077916,-0.817892,1.380783,0.102174,0.111468,-0.097401,0.355264,-0.263755,-0.043391,0.936842,-0.225561,0.210192,0.122616,0.000000,1,0.036459,8.610749,-4.620840,73.167028,-2.822918,78.480285,0.038678
10.633333,0.433333,1,-0.827345,1.521053,0.457615,0.099423,0.227021,-0.214266,0.944810,0.283741,-0.047729,0.166973,-0.155236,0.186246,0.751008,0.614167,-0.197401,-0.980313,-0.004394,0.864664,-0.176222,0.470427,0.080348,-0.817892,1.380783,0.102174,0.110554,-0.097186,0.352755,-0.264927,-0.039387,0.936357,-0.226933,0.234602,0.114501,0.000000,1,0.034771,8.436669,-4.121863,73.100413,-2.775819,78.212855,0.036744
10.666667,0.466667,1,-0.826812,1.520161,0.455148,0.103235,0.226371,-0.212737,0.944903,0.284131,-0.046738,0.164516,-0.152961,0.189363,0.751790,0.612827,-0.202092,-0.979364,0.002105,0.863503,-0.177169,0.472200,0.080315,-0.817892,1.380783,0.102174,0.109575,-0.096936,0.350276,-0.266100,-0.035660,0.935850,-0.228263,0.243179,0.103314,0.000000,1,0.033921,8.252963,-3.623869,73.023057,-2.723920,77.938683,0.034907
10.700000,0.500000,1,-0.826332,1.519265,0.452780,0.106815,0.225103,-0.211334,0.945123,0.284557,-0.045789,0.162159,-0.150235,0.191996,0.752626,0.611654,-0.206618,-0.978383,0.008729,0.863005,-0.178034,0.472786,0.077316,-0.817892,1.380783,0.102174,0.108622,-0.096645,0.347900,-0.266616,-0.031866,0.935523,-0.229557,0.231122,0.144696,0.000000,1,0.033954,8.075866,-3.140809,72.936913,-2.673778,77.665578,0.033161
10.733333,0.533333,1,-0.825854,1.518389,0.450604,0.110081,0.224559,-0.209959,0.945184,0.284968,-0.044857,0.159993,-0.148297,0.194672,0.753309,0.610439,-0.210745,-0.977437,0.014243,0.861960,-0.178935,0.474350,0.071810,-0.817892,1.380783,0.102174,0.107682,-0.096378,0.345715,-0.267633,-0.028676,0.935043,-0.230747,0.217290,0.089640,0.000000,1,0.034912,7.902403,-2.695925,72.853300,-2.624108,77.410385,0.031503
10.766667,0.566667,1,-0.825367,1.517536,0.448628,0.112892,0.224887,-0.208392,0.945121,0.285356,-0.043933,0.158027,-0.147345,0.197331,0.753967,0.609003,-0.214810,-0.976487,0.018164,0.860184,-0.180352,0.477028,0.066204,-0.817892,1.380783,0.102174,0.106751,-0.096142,0.343728,-0.269226,-0.026277,0.934336,-0.232043,0.215609,0.105053,0.000000,1,0.036018,7.731429,-2.291737,72.774740,-2.574482,77.175666,0.029928
10.800000,0.600000,1,-0.824841,1.516699,0.446795,0.115090,0.225415,-0.206948,0.945047,0.285707,-0.042988,0.156204,-0.146844,0.199529,0.754557,0.607675,-0.218336,-0.975650,0.020893,0.858451,-0.181839,0.479579,0.062480,-0.817892,1.380783,0.102174,0.105806,-0.095957,0.341881,-0.270716,-0.024518,0.933656,-0.233234,0.238871,0.127958,0.000000,1,0.036647,7.558299,-1.918908,72.703747,-2.523060,76.958432,0.028432
10.833333,0.633333,1,-0.824311,1.515834,0.445071,0.117140,0.225903,-0.205387,0.945020,0.286078,-0.042025,0.154490,-0.146373,0.201577,0.755240,0.606262,-0.222042,-0.974758,0.023324,0.856736,-0.183625,0.481960,0.060015,-0.817892,1.380783,0.102174,0.104833,-0.095764,0.340144,-0.272108,-0.022871,0.932962,-0.234556,0.232226,0.129608,0.000000,1,0.036816,7.381856,-1.565998,72.630467,-2.469595,76.748356,0.027010
10.866667,0.666667,1,-0.823790,1.514949,0.443397,0.119591,0.226909,-0.203691,0.944839,0.286470,-0.041058,0.152826,-0.146189,0.204217,0.755849,0.604662,-0.226025,-0.973775,0.025971,0.854358,-0.185359,0.485504,0.058914,-0.817892,1.380783,0.102174,0.103850,-0.095556,0.338456,-0.274143,-0.021093,0.932067,-0.235907,0.230250,0.122258,0.000000,1,0.036468,7.204831,-1.221120,72.553267,-2.415207,76.539172,0.025660
10.900000,0.700000,1,-0.823262,1.514037,0.441728,0.122100,0.227630,-0.202313,0.944640,0.286881,-0.040069,0.151168,-0.145722,0.206781,0.756301,0.603337,-0.229499,-0.972874,0.029098,0.852344,-0.186452,0.488616,0.059214,-0.817892,1.380783,0.102174,0.102840,-0.095337,0.336775,-0.275942,-0.019142,0.931307,-0.236973,0.213432,0.113239,0.000000,1,0.035682,7.024143,-0.876048,72.471992,-2.358706,76.327052,0.024377
10.933333,0.733333,1,-0.822752,1.513112,0.439991,0.124517,0.227524,-0.201102,0.944609,0.287311,-0.039086,0.149442,-0.144554,0.208893,0.756825,0.602232,-0.232842,-0.971961,0.032800,0.851176,-0.187361,0.490302,0.060990,-0.817892,1.380783,0.102174,0.101832,-0.095093,0.335026,-0.276962,-0.016908,0.930790,-0.237985,0.215617,0.129840,0.000000,1,0.034262,6.844478,-0.515804,72.383953,-2.301979,76.103824,0.023158
10.966667,0.766667,1,-0.822202,1.512218,0.438123,0.126516,0.227184,-0.199967,0.944666,0.287694,-0.038088,0.147585,-0.143364,0.210527,0.757391,0.601235,-0.235927,-0.971104,0.035988,0.850376,-0.188390,0.491294,0.064266,-0.817892,1.380783,0.102174,0.100828,-0.094890,0.333145,-0.277585,-0.014946,0.930382,-0.238984,0.224961,0.117338,0.000000,1,0.032415,6.664023,-0.133667,72.298844,-2.244187,75.871529,0.022000
11.000000,0.800000,1,-0.821584,1.511359,0.436019,0.128354,0.226575,-0.198828,0.944805,0.288006,-0.037054,0.145492,-0.142003,0.211897,0.758031,0.600270,-0.239023,-0.970226,0.039105,0.849866,-0.189552,0.491729,0.070676,-0.817892,1.380783,0.102174,0.099817,-0.094750,0.331022,-0.277897,-0.013007,0.930048,-0.240033,0.227310,0.124583,0.000000,1,0.029486,6.479231,0.289499,72.217550,-2.183938,75.622048,0.020900
11.033333,0.833333,1,-0.820914,1.510520,0.433694,0.131251,0.226897,-0.197169,0.944677,0.288272,-0.035988,0.143179,-0.141007,0.214629,0.758672,0.598722,-0.243298,-0.968996,0.043049,0.847939,-0.190933,0.494514,0.076823,-0.817892,1.380783,0.102174,0.098796,-0.094648,0.328676,-0.279523,-0.010526,0.929243,-0.241380,0.229817,0.151041,0.000000,1,0.026546,6.290357,0.752814,72.135493,-2.121475,75.353603,0.019855
11.066667,0.866667,1,-0.820211,1.509719,0.431167,0.134744,0.227976,-0.194889,0.944399,0.288488,-0.034918,0.140663,-0.140426,0.218232,0.759460,0.596554,-0.248809,-0.967408,0.047077,0.844826,-0.192998,0.499020,0.082268,-0.817892,1.380783,0.102174,0.097791,-0.094584,0.326125,-0.282102,-0.007835,0.928019,-0.243182,0.449707,0.096042,0.000000,1,0.023777,6.102014,1.253239,72.052355,-2.058663,75.067629,0.018862
11.100000,0.900000,1,-0.819498,1.509008,0.428454,0.137689,0.228765,-0.192814,0.944209,0.288626,-0.033889,0.137962,-0.139829,0.221215,0.760233,0.594608,-0.253780,-0.965945,0.050467,0.842216,-0.195012,0.502635,0.086807,-0.817892,1.380783,0.102174,0.096856,-0.094570,0.323386,-0.284173,-0.005509,0.926962,-0.244862,0.508073,0.087299,0.000000,1,0.021248,5.922524,1.786211,71.971351,-1.998744,74.768116,0.017919
11.133333,0.933333,1,-0.818859,1.508354,0.425661,0.140693,0.229440,-0.191050,0.943961,0.288762,-0.032955,0.135179,-0.139102,0.224201,0.760814,0.592913,-0.258209,-0.964567,0.054202,0.839821,-0.196376,0.506101,0.088168,-0.817892,1.380783,0.102174,0.096013,-0.094525,0.320571,-0.286162,-0.003086,0.925996,-0.246239,0.357985,0.099371,0.000000,1,0.019748,5.759047,2.337647,71.881578,-1.944688,74.455939,0.017023
11.166667,0.966667,1,-0.818358,1.507728,0.422916,0.143678,0.229898,-0.189571,0.943698,0.288959,-0.032147,0.132443,-0.138188,0.227074,0.761254,0.591467,-0.262141,-0.963272,0.058222,0.837756,-0.197208,0.509189,0.085790,-0.817892,1.380783,0.102174,0.095273,-0.094390,0.317812,-0.287941,-0.000588,0.925150,-0.247358,0.244799,0.081322,0.000000,1,0.019386,5.616331,2.886633,71.776519,-1.898434,74.137181,0.016172
11.200000,1.000000,1,-0.817944,1.507071,0.420363,0.146341,0.230415,-0.188281,0.943421,0.289234,-0.031393,0.129897,-0.137469,0.229686,0.761596,0.590185,-0.265569,-0.962114,0.061722,0.835815,-0.197853,0.512120,0.080068,-0.817892,1.380783,0.102174,0.094555,-0.094178,0.315251,-0.289624,0.001592,0.924369,-0.248310,0.276009,0.085716,0.000000,1,0.020017,5.481476,3.404470,71.660197,-1.854981,73.826620,0.015363
11.233333,1.033333,1,-0.817581,1.506405,0.418015,0.148761,0.230597,-0.187282,0.943197,0.289547,-0.030677,0.127557,-0.136558,0.231931,0.761854,0.589185,-0.268426,-0.961089,0.065227,0.834401,-0.198138,0.514311,0.074032,-0.817892,1.380783,0.102174,0.093857,-0.093931,0.312897,-0.290892,0.003698,0.923768,-0.249040,0.341756,0.074343,0.000000,1,0.020790,5.352798,3.884804,71.541106,-1.813584,73.531429,0.014595
11.266667,1.066667,1,-0.817205,1.505735,0.415801,0.151206,0.230473,-0.186485,0.942996,0.289854,-0.029949,0.125351,-0.135360,0.234063,0.762041,0.588375,-0.270985,-0.960098,0.069134,0.833367,-0.198059,0.516016,0.070286,-0.817892,1.380783,0.102174,0.093145,-0.093701,0.310677,-0.291896,0.005959,0.923287,-0.249606,0.327269,0.066261,0.000000,1,0.021019,5.222430,4.337737,71.425406,-1.771142,73.250315,0.013865
11.300000,1.100000,1,-0.816811,1.505113,0.413687,0.153122,0.230123,-0.185701,0.942927,0.290113,-0.029236,0.123244,-0.134196,0.235619,0.762338,0.587636,-0.273351,-0.959193,0.072312,0.832716,-0.198335,0.516960,0.067170,-0.817892,1.380783,0.102174,0.092457,-0.093520,0.308553,-0.292462,0.007846,0.922923,-0.250236,0.295447,0.085570,0.000000,1,0.021121,5.095547,4.767746,71.318712,-1.729603,72.984285,0.013172
11.333333,1.133333,1,-0.816404,1.504513,0.411720,0.155226,0.229812,-0.184623,0.942871,0.290346,-0.028528,0.121285,-0.132984,0.237360,0.762778,0.586638,-0.276341,-0.958081,0.075614,0.831820,-0.199031,0.518134,0.062900,-0.817892,1.380783,0.102174,0.091776,-0.093372,0.306576,-0.293154,0.009889,0.922441,-0.251131,0.300252,0.081349,0.000000,1,0.021685,4.969946,5.166835,71.219593,-1.688197,72.736055,0.012514
11.366667,1.166667,1,-0.815972,1.503926,0.409854,0.157333,0.229509,-0.183641,0.942787,0.290555,-0.027809,0.119427,-0.131778,0.239109,0.763151,0.585715,-0.279145,-0.956997,0.078966,0.830959,-0.199530,0.519321,0.060080,-0.817892,1.380783,0.102174,0.091089,-0.093257,0.304698,-0.293852,0.011931,0.921977,-0.251926,0.317805,0.092638,0.000000,1,0.021887,4.843162,5.543949,71.126770,-1.646016,72.501076,0.011888
11.400000,1.200000,1,-0.815521,1.503408,0.408089,0.158623,0.228804,-0.182776,0.942911,0.290696,-0.027118,0.117669,-0.130575,0.239946,0.763651,0.584990,-0.281475,-0.956118,0.081304,0.830794,-0.200426,0.519240,0.056823,-0.817892,1.380783,0.102174,0.090445,-0.093205,0.302918,-0.293826,0.013418,0.921743,-0.252738,0.321268,0.089126,0.000000,1,0.022319,4.722101,5.896939,71.046775,-1.605652,72.283714,0.011294
11.433333,1.233333,1,-0.815057,1.502959,0.406470,0.159912,0.228536,-0.181797,0.942947,0.290774,-0.026460,0.116058,-0.129765,0.240977,0.764127,0.584125,-0.283919,-0.955231,0.083208,0.830150,-0.201457,0.519872,0.052281,-0.817892,1.380783,0.102174,0.089845,-0.093213,0.301282,-0.294190,0.014711,0.921369,-0.253604,0.308833,0.090154,0.000000,1,0.023288,4.607425,6.216912,70.980924,-1.567389,72.088459,0.010729
11.466667,1.266667,1,-0.814647,1.502546,0.404903,0.161149,0.228662,-0.181171,0.942826,0.290857,-0.025865,0.114497,-0.129329,0.242140,0.764304,0.583508,-0.285584,-0.954587,0.084887,0.829324,-0.201773,0.521066,0.050167,-0.817892,1.380783,0.102174,0.089303,-0.093202,0.299700,-0.294870,0.015776,0.921004,-0.254076,0.297846,0.104489,0.000000,1,0.023219,4.503693,6.527611,70.914293,-1.533063,71.897432,0.010192
11.500000,1.300000,1,-0.814308,1.502189,0.403390,0.161942,0.228482,-0.181012,0.942765,0.290937,-0.025363,0.112989,-0.128815,0.242769,0.764323,0.583335,-0.286254,-0.954258,0.086318,0.829168,-0.201567,0.521393,0.047738,-0.817892,1.380783,0.102174,0.088849,-0.093170,0.298175,-0.295069,0.016569,0.920899,-0.254176,0.300566,0.100880,0.000000,1,0.023232,4.415882,6.828466,70.847561,-1.504534,71.711249,0.009683
11.533333,1.333333,1,-0.813959,1.501918,0.401900,0.162648,0.228036,-0.180771,0.942797,0.290944,-0.024905,0.111505,-0.128102,0.243200,0.764462,0.583130,-0.287098,-0.953871,0.087777,0.829253,-0.201625,0.521235,0.046597,-0.817892,1.380783,0.102174,0.088457,-0.093199,0.296672,-0.294994,0.017405,0.920846,-0.254398,0.303674,0.091715,0.000000,1,0.023182,4.336615,7.120336,70.791871,-1.478907,71.535324,0.009199
11.566667,1.366667,1,-0.813596,1.501679,0.400429,0.163740,0.227966,-0.180289,0.942718,0.290915,-0.024455,0.110038,-0.127555,0.244145,0.764611,0.582660,-0.288475,-0.953300,0.089448,0.828733,-0.201802,0.521994,0.046035,-0.817892,1.380783,0.102174,0.088082,-0.093260,0.295186,-0.295432,0.018424,0.920583,-0.254769,0.297570,0.098907,0.000000,1,0.022913,4.259160,7.406848,70.741295,-1.453717,71.365020,0.008739
11.600000,1.400000,1,-0.813302,1.501414,0.399000,0.165232,0.228786,-0.179840,0.942344,0.290949,-0.024045,0.108613,-0.127625,0.245847,0.764487,0.582091,-0.289763,-0.952755,0.091075,0.827250,-0.201457,0.524473,0.044489,-0.817892,1.380783,0.102174,0.087726,-0.093252,0.293746,-0.296837,0.019405,0.920061,-0.254948,0.271960,0.100193,0.000000,1,0.022560,4.187776,7.689602,70.680539,-1.430711,71.191707,0.008302
11.633333,1.433333,1,-0.813081,1.501077,0.397552,0.166849,0.230474,-0.179540,0.941705,0.291085,-0.023650,0.107170,-0.128418,0.248049,0.764061,0.581542,-0.290635,-0.952375,0.092264,0.824959,-0.200561,0.528411,0.045078,-0.817892,1.380783,0.102174,0.087357,-0.093141,0.292294,-0.299063,0.020108,0.919352,-0.254852,0.224497,0.090972,0.000000,1,0.021426,4.117904,7.982920,70.601062,-1.408210,71.004888,0.007887
11.666667,1.466667,1,-0.812976,1.500699,0.396140,0.167888,0.232395,-0.179476,0.941060,0.291323,-0.023323,0.105762,-0.129676,0.249839,0.763523,0.581203,-0.290773,-0.952320,0.092394,0.822728,-0.199566,0.532252,0.043957,-0.817892,1.380783,0.102174,0.087021,-0.092916,0.290885,-0.301231,0.020186,0.918725,-0.254552,0.198623,0.100757,0.000000,1,0.020796,4.058363,8.276182,70.504491,-1.389497,70.809876,0.007492
11.700000,1.500000,1,-0.813038,1.500304,0.394712,0.168671,0.234046,-0.179656,0.940477,0.291674,-0.023119,0.104335,-0.130804,0.251280,0.762928,0.581110,-0.290402,-0.952428,0.092455,0.820954,-0.198338,0.535441,0.044507,-0.817892,1.380783,0.102174,0.086772,-0.092546,0.289471,-0.303039,0.020150,0.918264,-0.254073,0.190552,0.100130,0.000000,1,0.019629,4.018737,8.580976,70.385928,-1.378124,70.599328,0.007118
11.733333,1.533333,1,-0.813217,1.499933,0.393151,0.169941,0.234759,-0.179997,0.940005,0.292078,-0.023021,0.102775,-0.130876,0.252739,0.762362,0.581205,-0.290145,-0.952332,0.094236,0.820022,-0.196648,0.537488,0.048432,-0.817892,1.380783,0.102174,0.086614,-0.092087,0.287931,-0.304229,0.020964,0.918007,-0.253511,0.196275,0.111038,0.000000,1,0.017633,3.996958,8.916510,70.249729,-1.373175,70.367581,0.006762
11.766667,1.566667,1,-0.813423,1.499596,0.391489,0.171978,0.234493,-0.180162,0.939669,0.292471,-0.022964,0.101113,-0.129729,0.254445,0.761997,0.581196,-0.290764,-0.951757,0.098058,0.819721,-0.194939,0.538568,0.051241,-0.817892,1.380783,0.102174,0.086502,-0.091621,0.286291,-0.304897,0.022905,0.917833,-0.253171,0.197599,0.108958,0.000000,1,0.016080,3.982470,9.272163,70.108132,-1.370594,70.125453,0.006424
11.800000,1.600000,1,-0.813568,1.499237,0.389835,0.174777,0.234772,-0.180048,0.939105,0.292844,-0.022846,0.099460,-0.128731,0.257076,0.761557,0.580836,-0.292115,-0.950868,0.102566,0.818493,-0.193083,0.541100,0.050973,-0.817892,1.380783,0.102174,0.086336,-0.091191,0.284656,-0.306395,0.025292,0.917334,-0.252946,0.204947,0.165854,0.000000,1,0.015406,3.958025,9.624795,69.969146,-1.363986,69.886623,0.006103
11.833333,1.633333,1,-0.813650,1.498877,0.388235,0.177574,0.235152,-0.179877,0.938518,0.293180,-0.022676,0.097862,-0.127826,0.259751,0.761123,0.580415,-0.293557,-0.949940,0.106944,0.817129,-0.191295,0.543789,0.049251,-0.817892,1.380783,0.102174,0.086131,-0.090815,0.283071,-0.307984,0.027634,0.916785,-0.252760,0.225752,0.124069,0.000000,1,0.015236,3.925314,9.963646,69.838435,-1.354005,69.658466,0.005797
11.866667,1.666667,1,-0.813774,1.498538,0.386717,0.179799,0.234752,-0.179892,0.938191,0.293525,-0.022555,0.096346,-0.126476,0.261566,0.760833,0.580275,-0.294569,-0.949149,0.111107,0.816822,-0.189727,0.544798,0.046802,-0.817892,1.380783,0.102174,0.085966,-0.090422,0.281570,-0.308621,0.029807,0.916559,-0.252555,0.213927,0.110699,0.000000,1,0.015245,3.900793,10.286717,69.708738,-1.346806,69.438064,0.005508
11.900000,1.700000,1,-0.813975,1.498223,0.385342,0.182124,0.234281,-0.180073,0.937826,0.293897,-0.022511,0.094971,-0.125017,0.263439,0.760436,0.580266,-0.295325,-0.948378,0.115593,0.816641,-0.187784,0.545743,0.042747,-0.817892,1.380783,0.102174,0.085862,-0.089991,0.280216,-0.309236,0.032097,0.916377,-0.252185,0.208956,0.094853,0.000000,1,0.015750,3.889200,10.582963,69.580386,-1.344129,69.230042,0.005232
11.933333,1.733333,1,-0.814145,1.497947,0.384125,0.184053,0.234031,-0.180364,0.937456,0.294219,-0.022467,0.093754,-0.123932,0.265056,0.759984,0.580354,-0.295660,-0.947817,0.119280,0.816421,-0.185869,0.546725,0.037784,-0.817892,1.380783,0.102174,0.085768,-0.089617,0.279017,-0.309866,0.033932,0.916226,-0.251719,0.202519,0.079386,0.000000,1,0.016726,3.878325,10.844131,69.467777,-1.341404,69.045125,0.004971
11.966667,1.766667,1,-0.814237,1.497707,0.383002,0.185631,0.233703,-0.180386,0.937222,0.294466,-0.022383,0.092632,-0.122935,0.266323,0.759772,0.580264,-0.296361,-0.947217,0.122270,0.816256,-0.184732,0.547358,0.034555,-0.817892,1.380783,0.102174,0.085654,-0.089332,0.277907,-0.310277,0.035492,0.916070,-0.251563,0.213190,0.095204,0.000000,1,0.017339,3.861565,11.081309,69.372469,-1.336235,68.879589,0.004722
12.000000,1.800000,1,-0.814254,1.497483,0.381921,0.187184,0.233649,-0.180067,0.936988,0.294654,-0.022250,0.091552,-0.122196,0.267689,0.759712,0.579869,-0.297640,-0.946488,0.124781,0.815646,-0.184189,0.548448,0.033141,-0.817892,1.380783,0.102174,0.085509,-0.089121,0.276833,-0.310930,0.036915,0.915753,-0.251708,0.214759,0.109441,0.000000,1,0.017454,3.837091,11.306323,69.288962,-1.328036,68.725792,0.004486
12.033333,1.833333,1,-0.814094,1.497309,0.380828,0.188088,0.234118,-0.179870,0.936728,0.294696,-0.022006,0.090461,-0.122214,0.268708,0.759573,0.579577,-0.298309,-0.946141,0.125813,0.814781,-0.183774,0.549872,0.033542,-0.817892,1.380783,0.102174,0.085299,-0.089079,0.275735,-0.311754,0.037521,0.915440,-0.251735,0.181537,0.117863,0.000000,1,0.017467,3.795369,11.524454,69.228791,-1.313310,68.587599,0.004262
12.066667,1.866667,1,-0.813741,1.497172,0.379713,0.188945,0.234913,-0.179404,0.936445,0.294592,-0.021629,0.089351,-0.122546,0.269830,0.759534,0.579036,-0.299399,-0.945728,0.126326,0.813461,-0.183818,0.551807,0.035328,-0.817892,1.380783,0.102174,0.085003,-0.089214,0.274603,-0.312853,0.037945,0.914979,-0.251985,0.162731,0.117902,0.000000,1,0.017334,3.732501,11.737867,69.191713,-1.290729,68.464004,0.004049
12.100000,1.900000,1,-0.813360,1.497042,0.378508,0.191167,0.235737,-0.178533,0.935954,0.294466,-0.021233,0.088150,-0.122297,0.272186,0.759496,0.578035,-0.301837,-0.944606,0.128897,0.811455,-0.183581,0.554832,0.038118,-0.817892,1.380783,0.102174,0.084699,-0.089370,0.273379,-0.314596,0.039588,0.914178,-0.252470,0.179259,0.110283,0.000000,1,0.016110,3.666612,11.968553,69.152272,-1.267052,68.333079,0.003846
12.133333,1.933333,1,-0.813072,1.496994,0.377185,0.194479,0.236463,-0.177520,0.935281,0.294331,-0.020960,0.086830,-0.121476,0.275474,0.759364,0.576823,-0.305038,-0.942963,0.133311,0.809109,-0.182779,0.558511,0.040633,-0.817892,1.380783,0.102174,0.084519,-0.089492,0.272043,-0.316742,0.042255,0.913177,-0.252977,0.181606,0.125986,0.000000,1,0.014669,3.621649,12.223928,69.104723,-1.250953,68.189006,0.003654
12.166667,1.966667,1,-0.812839,1.497051,0.375888,0.196533,0.236389,-0.176862,0.934995,0.294145,-0.020794,0.085535,-0.120497,0.277280,0.759411,0.576100,-0.307178,-0.941816,0.136467,0.808171,-0.182449,0.559975,0.039570,-0.817892,1.380783,0.102174,0.084457,-0.089634,0.270733,-0.317609,0.044143,0.912672,-0.253389,0.163608,0.152792,0.000000,1,0.014746,3.595695,12.472606,69.064234,-1.241656,68.052083,0.003471
12.200000,2.000000,1,-0.812652,1.497118,0.374820,0.196465,0.235548,-0.176767,0.935239,0.293978,-0.020672,0.084468,-0.119776,0.276842,0.759669,0.576121,-0.307477,-0.941640,0.137009,0.809005,-0.182887,0.558626,0.032602,-0.817892,1.380783,0.102174,0.084423,-0.089760,0.269654,-0.316836,0.044457,0.912866,-0.253603,0.132243,0.185948,0.000000,1,0.016490,3.576998,12.676634,69.032815,-1.234965,67.938199,0.003298
12.233333,2.033333,1,-0.812540,1.497230,0.373962,0.196427,0.235108,-0.176909,0.935331,0.293821,-0.020641,0.083610,-0.119397,0.276611,0.759687,0.576287,-0.307276,-0.941648,0.137406,0.809542,-0.182760,0.557889,0.026174,-0.817892,1.380783,0.102174,0.084466,-0.089864,0.268789,-0.316425,0.044616,0.913021,-0.253529,0.241382,0.180853,0.000000,1,0.018145,3.573638,12.839094,69.011028,-1.233781,67.846412,0.003133
12.266667,2.066667,1,-0.812533,1.497474,0.373247,0.197837,0.235353,-0.176834,0.934986,0.293622,-0.020774,0.082894,-0.118989,0.277983,0.759419,0.576063,-0.307985,-0.941101,0.139548,0.808794,-0.181752,0.559302,0.022657,-0.817892,1.380783,0.102174,0.084673,-0.089971,0.268070,-0.317272,0.045773,0.912705,-0.253401,0.333872,0.219040,0.000000,1,0.019466,3.598761,12.971242,69.002393,-1.242784,67.774169,0.002976
12.300000,2.100000,1,-0.812577,1.497793,0.372714,0.199011,0.235789,-0.176767,0.934640,0.293393,-0.020996,0.082359,-0.118856,0.279230,0.759146,0.575848,-0.308545,-0.940682,0.141130,0.807929,-0.180860,0.560840,0.018694,-0.817892,1.380783,0.102174,0.084969,-0.090093,0.267535,-0.318183,0.046634,0.912382,-0.253268,0.375020,0.202924,0.000000,1,0.021059,3.639525,13.065376,69.008423,-1.257352,67.725194,0.002827
12.333333,2.133333,1,-0.812626,1.498130,0.372358,0.199520,0.236021,-0.176706,0.934484,0.293154,-0.021233,0.082000,-0.118837,0.279790,0.759037,0.575724,-0.308840,-0.940490,0.141760,0.807492,-0.180519,0.561577,0.014753,-0.817892,1.380783,0.102174,0.085276,-0.090232,0.267178,-0.318617,0.046988,0.912221,-0.253235,0.383606,0.198451,0.000000,1,0.022523,3.683178,13.123025,69.026556,-1.272922,67.697491,0.002686
12.366667,2.166667,1,-0.812728,1.498431,0.372136,0.200234,0.236148,-0.176735,0.934294,0.292974,-0.021494,0.081775,-0.118633,0.280487,0.758858,0.575663,-0.309076,-0.940243,0.142881,0.807143,-0.179878,0.562284,0.011661,-0.817892,1.380783,0.102174,0.085585,-0.090315,0.266956,-0.319046,0.047572,0.912077,-0.253104,0.359686,0.191455,0.000000,1,0.023263,3.730235,13.156891,69.043052,-1.289773,67.678933,0.002552
12.400000,2.200000,1,-0.812962,1.498677,0.371964,0.201652,0.236151,-0.177013,0.933935,0.292919,-0.021826,0.081600,-0.118003,0.281759,0.758420,0.575749,-0.309178,-0.939815,0.145453,0.806821,-0.178251,0.563264,0.011395,-0.817892,1.380783,0.102174,0.085925,-0.090263,0.266795,-0.319673,0.048836,0.911914,-0.252661,0.353041,0.215882,0.000000,1,0.022927,3.788166,13.187601,69.041978,-1.310663,67.653168,0.002424
12.433333,2.233333,1,-0.813257,1.498868,0.371793,0.202962,0.236339,-0.177367,0.933537,0.292944,-0.022175,0.081425,-0.117585,0.283019,0.757912,0.575885,-0.309061,-0.939498,0.147733,0.806382,-0.176515,0.564438,0.011731,-0.817892,1.380783,0.102174,0.086258,-0.090129,0.266640,-0.320413,0.049922,0.911742,-0.252131,0.367304,0.213448,0.000000,1,0.022402,3.848137,13.222707,69.027605,-1.332316,67.619386,0.002303
12.466667,2.266667,1,-0.813531,1.498968,0.371588,0.203948,0.236738,-0.177559,0.933184,0.293028,-0.022452,0.081217,-0.117503,0.284082,0.757517,0.575898,-0.309069,-0.939266,0.149184,0.805744,-0.175278,0.565733,0.010698,-0.817892,1.380783,0.102174,0.086505,-0.089956,0.266450,-0.321202,0.050625,0.911526,-0.251769,0.364500,0.226231,0.000000,1,0.021710,3.895005,13.267891,69.002116,-1.349227,67.576390,0.002188
12.500000,2.300000,1,-0.813781,1.498937,0.371283,0.205262,0.237261,-0.177665,0.932743,0.293204,-0.022629,0.080909,-0.117385,0.285493,0.757083,0.575795,-0.309361,-0.938875,0.151031,0.804824,-0.173907,0.567464,0.011874,-0.817892,1.380783,0.102174,0.086635,-0.089718,0.266161,-0.322247,0.051569,0.911196,-0.251433,0.358610,0.245507,0.000000,1,0.020285,3.923784,13.337816,68.956949,-1.359636,67.513921,0.002078
12.533333,2.333333,1,-0.813980,1.498801,0.370815,0.206362,0.237514,-0.177863,0.932398,0.293432,-0.022701,0.080441,-0.117120,0.286593,0.756692,0.575817,-0.309435,-0.938563,0.152802,0.804300,-0.172599,0.568604,0.015778,-0.817892,1.380783,0.102174,0.086654,-0.089450,0.265709,-0.322955,0.052440,0.910996,-0.251069,0.342909,0.203418,0.000000,1,0.018495,3.933874,13.443232,68.894291,-1.363284,67.428883,0.001974
12.566667,2.366667,1,-0.814081,1.498591,0.370151,0.206692,0.237013,-0.178258,0.932377,0.293660,-0.022649,0.079778,-0.116523,0.286665,0.756497,0.576158,-0.308929,-0.938530,0.154030,0.804917,-0.171730,0.567994,0.021105,-0.817892,1.380783,0.102174,0.086561,-0.089204,0.265057,-0.322648,0.052951,0.911175,-0.250710,0.349966,0.236671,0.000000,1,0.016574,3.922774,13.588116,68.820358,-1.359232,67.322943,0.001876
12.600000,2.400000,1,-0.814059,1.498287,0.369316,0.207009,0.236608,-0.178547,0.932355,0.293890,-0.022439,0.078944,-0.116018,0.286769,0.756348,0.576404,-0.308598,-0.938464,0.155090,0.805383,-0.171045,0.567540,0.026687,-0.817892,1.380783,0.102174,0.086321,-0.088990,0.264228,-0.322422,0.053410,0.911301,-0.250444,0.367436,0.262120,0.000000,1,0.014650,3.884585,13.767259,68.736879,-1.345400,67.199008,0.001782
12.633333,2.433333,1,-0.813913,1.497904,0.368379,0.207939,0.236750,-0.178345,0.932150,0.294106,-0.022081,0.078011,-0.115731,0.287665,0.756260,0.576130,-0.309362,-0.937992,0.156419,0.804824,-0.170646,0.568452,0.030669,-0.817892,1.380783,0.102174,0.085947,-0.088824,0.263291,-0.322967,0.054185,0.911045,-0.250507,0.380311,0.230641,0.000000,1,0.013256,3.821341,13.965611,68.650212,-1.322547,67.066261,0.001693
12.666667,2.466667,1,-0.813669,1.497479,0.367447,0.209298,0.237178,-0.177693,0.931862,0.294299,-0.021620,0.077085,-0.115512,0.289072,0.756301,0.575416,-0.311108,-0.937157,0.157950,0.803592,-0.170668,0.570186,0.031588,-0.817892,1.380783,0.102174,0.085481,-0.088711,0.262353,-0.323969,0.055227,0.910513,-0.250918,0.376219,0.210525,0.000000,1,0.012832,3.740646,14.161227,68.568185,-1.293425,66.937312,0.001608
12.700000,2.500000,1,-0.813359,1.496993,0.366538,0.210202,0.237216,-0.177110,0.931759,0.294501,-0.021070,0.076181,-0.115146,0.289897,0.756474,0.574846,-0.312587,-0.936473,0.159083,0.802951,-0.171023,0.570982,0.032302,-0.817892,1.380783,0.102174,0.084926,-0.088616,0.261435,-0.324420,0.056032,0.910179,-0.251370,0.143803,0.202984,0.000000,1,0.012432,3.644542,14.352185,68.486758,-1.258840,66.810797,0.001528
12.733333,2.533333,1,-0.813030,1.496467,0.365614,0.210556,0.236793,-0.176786,0.931849,0.294722,-0.020480,0.075264,-0.114611,0.290024,0.756699,0.574593,-0.313415,-0.936068,0.159839,0.803108,-0.171458,0.570631,0.033377,-0.817892,1.380783,0.102174,0.084328,-0.088512,0.260503,-0.324212,0.056544,0.910130,-0.251700,0.165972,0.207710,0.000000,1,0.011718,3.541450,14.546869,68.401104,-1.221836,66.681017,0.001451
12.766667,2.566667,1,-0.812705,1.495969,0.364743,0.211030,0.236458,-0.176319,0.931915,0.294924,-0.019912,0.074398,-0.114101,0.290297,0.756968,0.574202,-0.314546,-0.935552,0.160636,0.803059,-0.172039,0.570525,0.031653,-0.817892,1.380783,0.102174,0.083754,-0.088424,0.259622,-0.324138,0.057128,0.909997,-0.252142,0.143391,0.196583,0.000000,1,0.011868,3.442192,14.730251,68.320940,-1.186223,66.558846,0.001379
12.800000,2.600000,1,-0.812400,1.495472,0.363971,0.211673,0.236614,-0.175483,0.931887,0.295137,-0.019361,0.073633,-0.113959,0.290940,0.757320,0.573441,-0.316358,-0.934866,0.161067,0.802246,-0.173040,0.571366,0.029021,-0.817892,1.380783,0.102174,0.083191,-0.088327,0.258842,-0.324585,0.057651,0.909607,-0.252857,0.190964,0.230708,0.000000,1,0.012318,3.345812,14.893974,68.244871,-1.151687,66.446716,0.001310
12.833333,2.633333,1,-0.812144,1.494938,0.363294,0.211980,0.236585,-0.174754,0.931962,0.295409,-0.018827,0.072961,-0.113799,0.291199,0.757713,0.572820,-0.317853,-0.934344,0.161156,0.801791,-0.174159,0.571664,0.026981,-0.817892,1.380783,0.102174,0.082624,-0.088175,0.258160,-0.324714,0.057954,0.909353,-0.253535,0.177388,0.199467,0.000000,1,0.012492,3.251923,15.041455,68.165292,-1.118129,66.339325,0.001244
12.866667,2.666667,1,-0.811980,1.494407,0.362704,0.211923,0.235935,-0.174627,0.932163,0.295734,-0.018370,0.072376,-0.113243,0.290857,0.757948,0.572794,-0.318167,-0.934171,0.161539,0.802421,-0.174619,0.570639,0.024329,-0.817892,1.380783,0.102174,0.082112,-0.087956,0.257570,-0.324117,0.058194,0.909489,-0.253755,0.108987,0.177926,0.000000,1,0.012677,3.170649,15.174488,68.081760,-1.089111,66.235774,0.001182
12.900000,2.700000,1,-0.811933,1.493880,0.362222,0.211857,0.235516,-0.174971,0.932220,0.296127,-0.018010,0.071898,-0.112895,0.290612,0.757844,0.573125,-0.317566,-0.934295,0.162000,0.803061,-0.174146,0.569882,0.021479,-0.817892,1.380783,0.102174,0.081671,-0.087651,0.257096,-0.323706,0.058315,0.909703,-0.253484,0.532444,0.168651,0.000000,1,0.012952,3.105596,15.289578,67.993484,-1.065881,66.136961,0.001123
12.933333,2.733333,1,-0.811978,1.493322,0.361739,0.212123,0.235506,-0.175302,0.932100,0.296598,-0.017705,0.071419,-0.112766,0.290847,0.757590,0.573367,-0.317068,-0.934349,0.162663,0.803159,-0.173317,0.569998,0.022146,-0.817892,1.380783,0.102174,0.081260,-0.087256,0.256627,-0.323807,0.058552,0.909751,-0.253128,0.146884,0.158765,0.000000,1,0.012233,3.049320,15.408935,67.892004,-1.045803,66.030021,0.001067
12.966667,2.766667,1,-0.812063,1.492734,0.361182,0.212270,0.235278,-0.175515,0.932084,0.297119,-0.017413,0.070864,-0.112496,0.290877,0.757481,0.573549,-0.316774,-0.934349,0.163238,0.803459,-0.172865,0.569711,0.024449,-0.817892,1.380783,0.102174,0.080850,-0.086805,0.256087,-0.323665,0.058781,0.909841,-0.252933,0.143067,0.161574,0.000000,1,0.011014,2.995080,15.546461,67.777232,-1.026465,65.909644,0.001014
13.000000,2.800000,1,-0.812143,1.492130,0.360561,0.212339,0.235013,-0.175842,0.932073,0.297649,-0.017106,0.070246,-0.112227,0.290821,0.757325,0.573836,-0.316236,-0.934436,0.163783,0.803884,-0.172271,0.569292,0.026100,-0.817892,1.380783,0.102174,0.080425,-0.086344,0.255483,-0.323452,0.058953,0.909987,-0.252640,0.165039,0.152087,0.000000,1,0.010054,2.938493,15.697385,67.656343,-1.006293,65.781371,0.000963
13.033333,2.833333,1,-0.812198,1.491481,0.359868,0.212730,0.234983,-0.176208,0.931922,0.298201,-0.016752,0.069557,-0.112023,0.291160,0.757028,0.574094,-0.315733,-0.934445,0.164697,0.803978,-0.171283,0.569457,0.028526,-0.817892,1.380783,0.102174,0.079951,-0.085873,0.254807,-0.323590,0.059311,0.910026,-0.252237,0.141579,0.156654,0.000000,1,0.008898,2.873686,15.863768,67.527380,-0.983260,65.643413,0.000915
13.066667,2.866667,1,-0.812233,1.490804,0.359162,0.212971,0.234701,-0.176395,0.931903,0.298762,-0.016364,0.068855,-0.111662,0.291250,0.756928,0.574251,-0.315535,-0.934377,0.165461,0.804290,-0.170818,0.569156,0.029360,-0.817892,1.380783,0.102174,0.079442,-0.085401,0.254117,-0.323442,0.059649,0.910105,-0.252062,0.120620,0.161062,0.000000,1,0.008245,2.803397,16.033381,67.395784,-0.958325,65.503214,0.000869
13.100000,2.900000,1,-0.812244,1.490116,0.358472,0.212587,0.233873,-0.176731,0.932135,0.299318,-0.015952,0.068170,-0.111091,0.290537,0.756982,0.574653,-0.314866,-0.934555,0.165727,0.805451,-0.170726,0.567540,0.029227,-0.817892,1.380783,0.102174,0.078911,-0.084941,0.253442,-0.322529,0.059666,0.910475,-0.251894,0.127099,0.137108,0.000000,1,0.007920,2.729090,16.199312,67.265892,-0.932001,65.365627,0.000826
13.133333,2.933333,1,-0.812232,1.489403,0.357763,0.212101,0.233208,-0.177128,0.932337,0.299880,-0.015506,0.067465,-0.110710,0.289806,0.756981,0.575096,-0.314016,-0.934843,0.165721,0.806505,-0.170554,0.566093,0.030172,-0.817892,1.380783,0.102174,0.078346,-0.084485,0.252746,-0.321713,0.059518,0.910839,-0.251656,0.135958,0.146936,0.000000,1,0.007242,2.649100,16.369269,67.133691,-0.903745,65.225687,0.000784
13.166667,2.966667,1,-0.812219,1.488654,0.357032,0.212388,0.233150,-0.177419,0.932231,0.300470,-0.015036,0.066738,-0.110529,0.290037,0.756758,0.575308,-0.313608,-0.934853,0.166434,0.806622,-0.169798,0.566153,0.031422,-0.817892,1.380783,0.102174,0.077752,-0.084006,0.252029,-0.321781,0.059795,0.910883,-0.251344,0.113486,0.143889,0.000000,1,0.006413,2.565170,16.545190,66.995255,-0.874191,65.080647,0.000745
13.200000,3.000000,1,-0.812240,1.487879,0.356323,0.213156,0.233354,-0.177639,0.931963,0.301101,-0.014578,0.066035,-0.110369,0.290818,0.756424,0.575384,-0.313504,-0.934663,0.167692,0.806274,-0.168717,0.566972,0.031507,-0.817892,1.380783,0.102174,0.077156,-0.083487,0.251337,-0.322298,0.060390,0.910755,-0.251004,0.099701,0.162356,0.000000,1,0.005912,2.483225,16.718682,66.851327,-0.845386,64.934020,0.000708
13.233333,3.033333,1,-0.812334,1.487083,0.355655,0.213740,0.233077,-0.177627,0.931901,0.301793,-0.014168,0.065371,-0.109861,0.291217,0.756376,0.575342,-0.313824,-0.934336,0.168908,0.806363,-0.168348,0.566954,0.031298,-0.817892,1.380783,0.102174,0.076587,-0.082899,0.250690,-0.322313,0.061037,0.910713,-0.250980,0.119545,0.147552,0.000000,1,0.005478,2.409041,16.887432,66.699741,-0.819310,64.785541,0.000672
13.266667,3.066667,1,-0.812510,1.486237,0.355042,0.213627,0.232412,-0.177658,0.932087,0.302575,-0.013792,0.064762,-0.109315,0.290819,0.756526,0.575451,-0.313814,-0.934268,0.169305,0.807104,-0.168562,0.565835,0.031781,-0.817892,1.380783,0.102174,0.076024,-0.082218,0.250105,-0.321672,0.061231,0.910906,-0.251052,0.118742,0.158017,0.000000,1,0.004970,2.340513,17.049747,66.537154,-0.795238,64.634064,0.000639
13.300000,3.100000,1,-0.812758,1.485336,0.354492,0.214072,0.232231,-0.178052,0.931955,0.303443,-0.013442,0.064215,-0.108953,0.291138,0.756233,0.575742,-0.313301,-0.934232,0.170453,0.807350,-0.167520,0.565794,0.032529,-0.817892,1.380783,0.102174,0.075459,-0.081451,0.249588,-0.321699,0.061703,0.910980,-0.250635,0.111155,0.150854,0.000000,1,0.004491,2.275916,17.204278,66.364630,-0.772566,64.480619,0.000607
13.333333,3.133333,1,-0.813053,1.484397,0.353976,0.215038,0.232524,-0.178325,0.931607,0.304371,-0.013106,0.063702,-0.108783,0.292135,0.755806,0.575830,-0.313172,-0.933991,0.172002,0.806873,-0.166153,0.566877,0.033357,-0.817892,1.380783,0.102174,0.074889,-0.080626,0.249108,-0.322381,0.062435,0.910807,-0.250206,0.106002,0.168242,0.000000,1,0.003961,2.213581,17.355308,66.184680,-0.750702,64.324941,0.000576
13.366667,3.166667,1,-0.813398,1.483421,0.353501,0.215449,0.232550,-0.178438,0.931484,0.305358,-0.012789,0.063231,-0.108623,0.292515,0.755648,0.575875,-0.313137,-0.933866,0.172743,0.806770,-0.165605,0.567184,0.034161,-0.817892,1.380783,0.102174,0.074319,-0.079741,0.248673,-0.322583,0.062790,0.910757,-0.250039,0.132702,0.185049,0.000000,1,0.003503,2.154498,17.501318,65.997706,-0.729971,64.167781,0.000548
13.400000,3.200000,1,-0.813751,1.482410,0.353057,0.215531,0.232466,-0.178621,0.931451,0.306377,-0.012458,0.062789,-0.108511,0.292552,0.755537,0.576023,-0.312845,-0.933904,0.173066,0.806924,-0.165221,0.567077,0.034786,-0.817892,1.380783,0.102174,0.073725,-0.078830,0.248270,-0.322541,0.062897,0.910813,-0.249861,0.091691,0.189731,0.000000,1,0.003093,2.093016,17.643224,65.807407,-0.708466,64.010716,0.000520
13.433333,3.233333,1,-0.814083,1.481344,0.352597,0.215800,0.232596,-0.179108,0.931262,0.307428,-0.012076,0.062334,-0.108506,0.292853,0.755152,0.576375,-0.312036,-0.934055,0.173710,0.806950,-0.164057,0.567377,0.036220,-0.817892,1.380783,0.102174,0.073074,-0.077903,0.247851,-0.322763,0.063071,0.910867,-0.249332,0.437642,0.168332,0.000000,1,0.002494,2.023323,17.789831,65.611088,-0.684274,63.849154,0.000494
13.466667,3.266667,1,-0.814400,1.480243,0.352136,0.216135,0.232613,-0.179736,0.931060,0.308498,-0.011662,0.061876,-0.108368,0.293163,0.754692,0.576846,-0.311010,-0.934221,0.174651,0.807144,-0.162609,0.567519,0.037047,-0.817892,1.380783,0.102174,0.072387,-0.076968,0.247430,-0.322910,0.063352,0.910976,-0.248673,0.632247,0.181461,0.000000,1,0.002144,1.948419,17.938070,65.411420,-0.658413,63.685613,0.000470
13.500000,3.300000,1,-0.814658,1.479136,0.351678,0.216374,0.232417,-0.179992,0.931003,0.309537,-0.011197,0.061424,-0.108086,0.293290,0.754528,0.577048,-0.310665,-0.934200,0.175378,0.807398,-0.161992,0.567333,0.036762,-0.817892,1.380783,0.102174,0.071660,-0.076076,0.247010,-0.322836,0.063648,0.911051,-0.248417,0.505537,0.184561,0.000000,1,0.001911,1.865626,18.084003,65.216766,-0.630005,63.525867,0.000446
13.533333,3.333333,1,-0.814851,1.478101,0.351265,0.216550,0.232429,-0.179836,0.930990,0.310479,-0.010723,0.061015,-0.108018,0.293454,0.754587,0.576902,-0.311032,-0.934042,0.175569,0.807248,-0.162138,0.567504,0.033926,-0.817892,1.380783,0.102174,0.070950,-0.075282,0.246628,-0.322930,0.063805,0.910972,-0.248546,0.305762,0.204085,0.000000,1,0.001852,1.782283,18.216026,65.040464,-0.601453,63.381017,0.000424
13.566667,3.366667,1,-0.815026,1.477160,0.350937,0.216859,0.232751,-0.179929,0.930819,0.311336,-0.010294,0.060691,-0.108168,0.293875,0.754395,0.576910,-0.310949,-0.934012,0.175875,0.806861,-0.161625,0.568202,0.030345,-0.817892,1.380783,0.102174,0.070304,-0.074564,0.246328,-0.323350,0.063937,0.910861,-0.248372,0.258116,0.182507,0.000000,1,0.002254,1.707078,18.326798,64.883393,-0.575597,63.254093,0.000403
13.600000,3.400000,1,-0.815240,1.476257,0.350700,0.217327,0.232883,-0.180449,0.930577,0.312186,-0.009918,0.060458,-0.108076,0.294354,0.753949,0.577266,-0.310166,-0.934084,0.176874,0.806833,-0.160238,0.568633,0.028743,-0.817892,1.380783,0.102174,0.069710,-0.073841,0.246121,-0.323661,0.064288,0.910886,-0.247785,0.343975,0.145457,0.000000,1,0.002527,1.641232,18.419134,64.733446,-0.552853,63.137710,0.000382
13.633333,3.433333,1,-0.815519,1.475360,0.350544,0.217860,0.232874,-0.180641,0.930417,0.313070,-0.009600,0.060305,-0.107829,0.294829,0.753722,0.577366,-0.310043,-0.933930,0.177901,0.806765,-0.159449,0.568952,0.028564,-0.817892,1.380783,0.102174,0.069158,-0.073075,0.245999,-0.323885,0.064767,0.910842,-0.247529,0.154642,0.144401,0.000000,1,0.002544,1.584955,18.497713,64.583330,-0.533283,63.026366,0.000363
13.666667,3.466667,1,-0.815814,1.474496,0.350360,0.218415,0.233264,-0.180221,0.930271,0.313938,-0.009313,0.060124,-0.107933,0.295499,0.753783,0.576925,-0.311016,-0.933540,0.178246,0.805964,-0.159675,0.570023,0.027946,-0.817892,1.380783,0.102174,0.068641,-0.072315,0.245849,-0.324488,0.065100,0.910525,-0.247816,0.071638,0.173151,0.000000,1,0.002240,1.534095,18.581175,64.433545,-0.515516,62.913763,0.000345
13.700000,3.500000,1,-0.816072,1.473728,0.350035,0.218486,0.233553,-0.180274,0.930171,0.314706,-0.009054,0.059802,-0.108161,0.295693,0.753671,0.576929,-0.310907,-0.933594,0.178153,0.805665,-0.159437,0.570512,0.026178,-0.817892,1.380783,0.102174,0.068183,-0.071633,0.245555,-0.324775,0.065033,0.910455,-0.247716,0.093437,0.187995,0.000000,1,0.001808,1.488520,18.687792,64.289049,-0.499474,62.796135,0.000328
13.733333,3.533333,1,-0.816325,1.473026,0.349636,0.218627,0.233755,-0.180824,0.929980,0.315419,-0.008829,0.059405,-0.108276,0.295911,0.753256,0.577337,-0.309916,-0.933846,0.178561,0.805685,-0.158237,0.570817,0.025396,-0.817892,1.380783,0.102174,0.067778,-0.070988,0.245185,-0.325002,0.065059,0.910531,-0.247131,0.056137,0.158310,0.000000,1,0.001609,1.449124,18.806348,64.147545,-0.485446,62.676219,0.000312
13.766667,3.566667,1,-0.816601,1.472317,0.349234,0.219261,0.234107,-0.181196,0.929670,0.316151,-0.008618,0.059005,-0.108307,0.296638,0.752817,0.577532,-0.309454,-0.933806,0.179566,0.805295,-0.156926,0.571729,0.025802,-0.817892,1.380783,0.102174,0.067380,-0.070322,0.244814,-0.325586,0.065465,0.910427,-0.246637,0.051169,0.164551,0.000000,1,0.001584,1.412007,18.926701,64.002557,-0.472204,62.554149,0.000296
13.800000,3.600000,1,-0.816875,1.471567,0.348786,0.219273,0.234004,-0.181530,0.929628,0.316916,-0.008381,0.058559,-0.108208,0.296604,0.752630,0.577811,-0.308852,-0.933945,0.179880,0.805565,-0.156322,0.571514,0.027492,-0.817892,1.380783,0.102174,0.066949,-0.069629,0.244397,-0.325492,0.065515,0.910543,-0.246323,0.067707,0.168827,0.000000,1,0.001922,1.370484,19.058226,63.848833,-0.457635,62.423923,0.000281
13.833333,3.633333,1,-0.817141,1.470793,0.348288,0.219183,0.233302,-0.182035,0.929727,0.317693,-0.008122,0.058063,-0.107617,0.296211,0.752490,0.578304,-0.307966,-0.934091,0.180639,0.806582,-0.155646,0.570263,0.028737,-0.817892,1.380783,0.102174,0.066495,-0.068926,0.243930,-0.324816,0.065737,0.910873,-0.245933,0.056337,0.154261,0.000000,1,0.002557,1.325663,19.200592,63.689076,-0.442093,62.287101,0.000267
13.866667,3.666667,1,-0.817401,1.470052,0.347804,0.219935,0.233119,-0.182284,0.929547,0.318441,-0.007879,0.057582,-0.107117,0.296804,0.752221,0.578443,-0.307859,-0.933820,0.182217,0.806649,-0.154622,0.570447,0.027655,-0.817892,1.380783,0.102174,0.066064,-0.068249,0.243477,-0.324981,0.066489,0.910845,-0.245617,0.068583,0.180428,0.000000,1,0.002653,1.283570,19.338535,63.534793,-0.427459,62.154989,0.000254
13.900000,3.700000,1,-0.817640,1.469350,0.347381,0.221591,0.233727,-0.182067,0.929043,0.319146,-0.007642,0.057161,-0.106925,0.298559,0.751877,0.578023,-0.308912,-0.933051,0.184360,0.805358,-0.153503,0.572568,0.025625,-0.817892,1.380783,0.102174,0.065650,-0.067615,0.243083,-0.326262,0.067708,0.910321,-0.245531,0.048906,0.177000,0.000000,1,0.002364,1.242841,19.462147,63.391606,-0.413296,62.033907,0.000241
13.933333,3.733333,1,-0.817839,1.468730,0.346965,0.222204,0.233756,-0.182292,0.928845,0.319760,-0.007423,0.056747,-0.106677,0.299122,0.751603,0.578134,-0.308762,-0.932874,0.185508,0.805236,-0.152574,0.572989,0.023191,-0.817892,1.380783,0.102174,0.065278,-0.067062,0.242690,-0.326555,0.068241,0.910258,-0.245226,0.047531,0.177258,0.000000,1,0.002123,1.205482,19.579438,63.263168,-0.400218,61.923001,0.000229
13.966667,3.766667,1,-0.818048,1.468195,0.346528,0.221855,0.233236,-0.182878,0.928944,0.320313,-0.007263,0.056312,-0.106364,0.298579,0.751427,0.578701,-0.307583,-0.933219,0.185727,0.806187,-0.151911,0.571826,0.021635,-0.817892,1.380783,0.102174,0.064982,-0.066551,0.242277,-0.325923,0.068148,0.910615,-0.244768,0.074678,0.188565,0.000000,1,0.002228,1.178136,19.697290,63.142886,-0.390293,61.816462,0.000218
14.000000,3.800000,1,-0.818284,1.467745,0.346107,0.221783,0.233192,-0.183237,0.928901,0.320814,-0.007176,0.055892,-0.106355,0.298496,0.751228,0.579004,-0.306887,-0.933420,0.185867,0.806434,-0.151310,0.571637,0.019796,-0.817892,1.380783,0.102174,0.064769,-0.066069,0.241880,-0.325842,0.068096,0.910738,-0.244431,0.341234,0.164544,0.000000,1,0.002216,1.162789,19.809367,63.031558,-0.384120,61.716853,0.000207
14.033333,3.833333,1,-0.818555,1.467413,0.345734,0.222019,0.233697,-0.183414,0.928683,0.321242,-0.007188,0.055518,-0.106702,0.298934,0.750956,0.579067,-0.306593,-0.933501,0.185950,0.805914,-0.150640,0.572548,0.017049,-0.817892,1.380783,0.102174,0.064670,-0.065632,0.241530,-0.326391,0.068080,0.910616,-0.244157,0.428794,0.154585,0.000000,1,0.002041,1.163797,19.908161,62.935027,-0.383014,61.629768,0.000196
14.066667,3.866667,1,-0.818907,1.467170,0.345429,0.223028,0.234501,-0.183486,0.928224,0.321648,-0.007321,0.055211,-0.106972,0.300198,0.750521,0.578927,-0.306800,-0.933219,0.187017,0.804768,-0.149448,0.574468,0.015763,-0.817892,1.380783,0.102174,0.064691,-0.065186,0.241252,-0.327550,0.068626,0.910242,-0.243845,0.370847,0.173982,0.000000,1,0.002093,1.184418,19.992535,62.846623,-0.387967,61.552062,0.000187
14.100000,3.900000,1,-0.819364,1.467007,0.345154,0.223826,0.235037,-0.183920,0.927811,0.322053,-0.007584,0.054933,-0.107095,0.301155,0.749962,0.579132,-0.306275,-0.933158,0.188183,0.804149,-0.147825,0.575753,0.016740,-0.817892,1.380783,0.102174,0.064837,-0.064706,0.241009,-0.328368,0.069096,0.910073,-0.243241,0.248520,0.176778,0.000000,1,0.002358,1.226344,20.071384,62.759836,-0.399479,61.477300,0.000177
14.133333,3.933333,1,-0.819889,1.466885,0.344891,0.223812,0.234950,-0.184919,0.927638,0.322466,-0.007927,0.054666,-0.107018,0.301106,0.749361,0.579948,-0.304415,-0.933629,0.188861,0.804733,-0.145990,0.575405,0.017975,-0.817892,1.380783,0.102174,0.065057,-0.064197,0.240781,-0.328258,0.069103,0.910371,-0.242274,0.217257,0.166314,0.000000,1,0.002611,1.281033,20.148500,62.672309,-0.414903,61.402945,0.000168
14.166667,3.966667,1,-0.820429,1.466713,0.344632,0.223802,0.234798,-0.185973,0.927468,0.322929,-0.008252,0.054404,-0.106882,0.301033,0.748738,0.580815,-0.302460,-0.934107,0.189637,0.805407,-0.144065,0.574947,0.018697,-0.817892,1.380783,0.102174,0.065244,-0.063645,0.240560,-0.328090,0.069141,0.910697,-0.241261,0.249172,0.161990,0.000000,1,0.002841,1.332511,20.227748,62.576915,-0.429347,61.323932,0.000160
14.200000,4.000000,1,-0.820987,1.466456,0.344337,0.223942,0.234939,-0.186913,0.927209,0.323469,-0.008539,0.054105,-0.106942,0.301225,0.748089,0.581541,-0.300747,-0.934516,0.190345,0.805661,-0.142146,0.575069,0.020440,-0.817892,1.380783,0.102174,0.065375,-0.063027,0.240304,-0.328253,0.069186,0.910890,-0.240299,0.283924,0.152100,0.000000,1,0.003488,1.377539,20.318755,62.466163,-0.441830,61.233099,0.000152
14.233333,4.033333,1,-0.821582,1.466157,0.344043,0.223830,0.235366,-0.187608,0.926988,0.324066,-0.008831,0.053807,-0.107371,0.301319,0.747581,0.582067,-0.299339,-0.934990,0.190239,0.805578,-0.140810,0.575514,0.021845,-0.817892,1.380783,0.102174,0.065494,-0.062354,0.240053,-0.328562,0.068882,0.910992,-0.239572,0.388360,0.151440,0.000000,1,0.004047,1.422928,20.413057,62.346063,-0.454411,61.136461,0.000144
14.266667,4.066667,1,-0.822207,1.465818,0.343800,0.223722,0.235731,-0.188319,0.926777,0.324713,-0.009124,0.053562,-0.107743,0.301388,0.747075,0.582610,-0.297913,-0.935453,0.190199,0.805563,-0.139460,0.575864,0.022553,-0.817892,1.380783,0.102174,0.065598,-0.061636,0.239856,-0.328819,0.068609,0.911113,-0.238838,0.435563,0.153393,0.000000,1,0.004294,1.468170,20.500252,62.221459,-0.466922,61.040035,0.000137
14.300000,4.100000,1,-0.822863,1.465417,0.343548,0.224135,0.235949,-0.189351,0.926411,0.325428,-0.009404,0.053306,-0.107750,0.301859,0.746290,0.583371,-0.296136,-0.935779,0.191366,0.805677,-0.137118,0.576266,0.024266,-0.817892,1.380783,0.102174,0.065670,-0.060857,0.239652,-0.329168,0.068863,0.911256,-0.237738,0.445243,0.152431,0.000000,1,0.005054,1.510805,20.593517,62.085060,-0.478621,60.935591,0.000130
14.333333,4.133333,1,-0.823532,1.464935,0.343205,0.225009,0.236631,-0.190514,0.925787,0.326216,-0.009644,0.052960,-0.107966,0.302952,0.745218,0.584134,-0.294261,-0.936032,0.193013,0.805198,-0.134014,0.577665,0.026799,-0.817892,1.380783,0.102174,0.065686,-0.060013,0.239360,-0.330130,0.069323,0.911225,-0.236383,0.417937,0.158802,0.000000,1,0.006457,1.546694,20.708931,61.929965,-0.488267,60.814173,0.000124
14.366667,4.166667,1,-0.824170,1.464427,0.342791,0.225749,0.237619,-0.191366,0.925178,0.327005,-0.009843,0.052543,-0.108517,0.304060,0.744299,0.584628,-0.292868,-0.936268,0.193986,0.804285,-0.131515,0.579508,0.027425,-0.817892,1.380783,0.102174,0.065665,-0.059175,0.238995,-0.331311,0.069532,0.911059,-0.235309,0.420822,0.181274,0.000000,1,0.007341,1.575784,20.838737,61.769143,-0.495817,60.685211,0.000118
14.400000,4.200000,1,-0.824742,1.463932,0.342323,0.226410,0.238659,-0.191848,0.924649,0.327744,-0.009997,0.052073,-0.109152,0.305120,0.743617,0.584826,-0.292128,-0.936382,0.194550,0.803165,-0.129760,0.581454,0.026692,-0.817892,1.380783,0.102174,0.065617,-0.058393,0.238573,-0.332514,0.069654,0.910793,-0.234602,0.409185,0.158849,0.000000,1,0.007778,1.597778,20.976128,61.612211,-0.501177,60.556034,0.000112
14.433333,4.233333,1,-0.825264,1.463416,0.341828,0.227519,0.240888,-0.192126,0.923740,0.328470,-0.010098,0.051576,-0.110653,0.307112,0.742691,0.584678,-0.291815,-0.936436,0.194762,0.800504,-0.127668,0.585571,0.026555,-0.817892,1.380783,0.102174,0.065523,-0.057638,0.238120,-0.334975,0.069653,0.910080,-0.233870,0.383925,0.178692,0.000000,1,0.008271,1.611308,21.117910,61.455543,-0.503973,60.425800,0.000106
14.466667,4.266667,1,-0.825777,1.462859,0.341391,0.228687,0.244373,-0.192318,0.922495,0.329224,-0.010168,0.051138,-0.113253,0.309719,0.741507,0.584308,-0.291516,-0.936690,0.193986,0.796383,-0.125317,0.591667,0.026243,-0.817892,1.380783,0.102174,0.065388,-0.056869,0.237726,-0.338577,0.069148,0.908999,-0.233034,0.328414,0.170891,0.000000,1,0.008453,1.619597,21.249958,61.298597,-0.505190,60.298869,0.000101
14.500000,4.300000,1,-0.826302,1.462310,0.341104,0.229529,0.247234,-0.192685,0.921447,0.329978,-0.010254,0.050850,-0.115439,0.311755,0.740416,0.584181,-0.290814,-0.937050,0.193297,0.793096,-0.123083,0.596532,0.024345,-0.817892,1.380783,0.102174,0.065265,-0.056105,0.237482,-0.341476,0.068626,0.908180,-0.232151,0.322134,0.128358,0.000000,1,0.007792,1.630451,21.352912,61.152754,-0.507125,60.187537,0.000096
14.533333,4.333333,1,-0.826856,1.461801,0.340959,0.230001,0.249216,-0.193263,0.920674,0.330718,-0.010388,0.050703,-0.117001,0.313067,0.739474,0.584361,-0.289666,-0.937498,0.192850,0.790981,-0.121022,0.599752,0.022987,-0.817892,1.380783,0.102174,0.065187,-0.055350,0.237381,-0.343426,0.068158,0.907714,-0.231233,0.304773,0.132249,0.000000,1,0.007073,1.649029,21.427337,61.019634,-0.511291,60.092403,0.000091
14.566667,4.366667,1,-0.827416,1.461362,0.340885,0.230132,0.250519,-0.193915,0.920150,0.331406,-0.010570,0.050627,-0.118107,0.313770,0.738719,0.584717,-0.288314,-0.937999,0.192437,0.789766,-0.119309,0.601694,0.021474,-0.817892,1.380783,0.102174,0.065167,-0.054635,0.237350,-0.344621,0.067684,0.907513,-0.230383,0.307001,0.140200,0.000000,1,0.006542,1.675331,21.484988,60.900073,-0.517671,60.010020,0.000086
14.600000,4.400000,1,-0.827976,1.460997,0.340775,0.229981,0.251319,-0.194696,0.919805,0.332034,-0.010796,0.050514,-0.118888,0.313995,0.738062,0.585266,-0.286658,-0.938587,0.192048,0.789265,-0.117740,0.602659,0.020324,-0.817892,1.380783,0.102174,0.065208,-0.053962,0.237281,-0.345242,0.067177,0.907534,-0.229516,0.328517,0.099247,0.000000,1,0.006674,1.708873,21.546464,60.787168,-0.526123,59.930037,0.000082
14.633333,4.433333,1,-0.828571,1.460679,0.340565,0.230226,0.251828,-0.195741,0.919383,0.332646,-0.011078,0.050301,-0.119230,0.314447,0.737221,0.586014,-0.284743,-0.939027,0.192744,0.789061,-0.115421,0.603374,0.021186,-0.817892,1.380783,0.102174,0.065310,-0.053283,0.237115,-0.345773,0.067152,0.907621,-0.228377,0.343121,0.098802,0.000000,1,0.007579,1.751079,21.626605,60.668992,-0.537077,59.841387,0.000078
14.666667,4.466667,1,-0.829187,1.460369,0.340255,0.231035,0.252687,-0.196769,0.918724,0.333263,-0.011380,0.049988,-0.119634,0.315560,0.736179,0.586643,-0.283076,-0.939252,0.194097,0.788245,-0.112545,0.604983,0.022668,-0.817892,1.380783,0.102174,0.065433,-0.052587,0.236849,-0.346865,0.067477,0.907494,-0.227126,0.350472,0.119434,0.000000,1,0.008671,1.796518,21.726929,60.541884,-0.548946,59.741674,0.000074
14.700000,4.500000,1,-0.829779,1.460037,0.339915,0.232066,0.254314,-0.197563,0.917845,0.333885,-0.011649,0.049644,-0.120629,0.317215,0.735047,0.586966,-0.281840,-0.939426,0.195054,0.786364,-0.109691,0.607946,0.022775,-0.817892,1.380783,0.102174,0.065525,-0.051894,0.236553,-0.348743,0.067665,0.907051,-0.225961,0.345625,0.126702,0.000000,1,0.009228,1.836610,21.833503,60.411752,-0.559227,59.638522,0.000070
14.733333,4.533333,1,-0.830342,1.459682,0.339583,0.233030,0.256212,-0.198334,0.916906,0.334507,-0.011882,0.049309,-0.121896,0.318931,0.733873,0.587244,-0.280572,-0.939677,0.195668,0.784172,-0.106856,0.611275,0.022329,-0.817892,1.380783,0.102174,0.065581,-0.051211,0.236263,-0.350831,0.067673,0.906537,-0.224785,0.343536,0.122983,0.000000,1,0.009493,1.870752,21.938619,60.281999,-0.567751,59.536208,0.000067
14.766667,4.566667,1,-0.830869,1.459285,0.339285,0.233271,0.257947,-0.199079,0.916196,0.335141,-0.012060,0.049008,-0.123340,0.319927,0.732911,0.587602,-0.279023,-0.940239,0.195186,0.782400,-0.104741,0.613905,0.021721,-0.817892,1.380783,0.102174,0.065581,-0.050534,0.236004,-0.352456,0.067105,0.906204,-0.223757,0.345717,0.130253,0.000000,1,0.009618,1.896209,22.037795,60.153151,-0.573741,59.436431,0.000064
14.800000,4.600000,1,-0.831356,1.458824,0.338978,0.233051,0.259217,-0.199561,0.915789,0.335802,-0.012168,0.048700,-0.124573,0.320300,0.732333,0.587858,-0.277808,-0.940818,0.194124,0.781215,-0.103661,0.615595,0.022117,-0.817892,1.380783,0.102174,0.065505,-0.049852,0.235736,-0.353469,0.066334,0.906022,-0.223120,0.340108,0.143510,0.000000,1,0.010147,1.910343,22.140008,60.019594,-0.576468,59.333348,0.000060
14.833333,4.633333,1,-0.831808,1.458278,0.338641,0.233350,0.260514,-0.199670,0.915321,0.336510,-0.012197,0.048363,-0.125601,0.321149,0.731871,0.587753,-0.277543,-0.940991,0.193664,0.779644,-0.102821,0.617724,0.023543,-0.817892,1.380783,0.102174,0.065342,-0.049144,0.235438,-0.354748,0.066025,0.905630,-0.222777,0.340034,0.167017,0.000000,1,0.011010,1.911772,22.250696,59.876368,-0.575564,59.222614,0.000057
14.866667,4.666667,1,-0.832267,1.457654,0.338327,0.234477,0.262179,-0.199681,0.914555,0.337285,-0.012185,0.048048,-0.126590,0.322904,0.731191,0.587425,-0.277813,-0.940792,0.194241,0.777287,-0.101329,0.620933,0.025091,-0.817892,1.380783,0.102174,0.065119,-0.048386,0.235164,-0.356723,0.066297,0.904937,-0.222359,0.319603,0.152496,0.000000,1,0.011712,1.906360,22.361273,59.723883,-0.572720,59.107215,0.000054
14.900000,4.700000,1,-0.832747,1.457047,0.338072,0.235985,0.263250,-0.199842,0.913824,0.338058,-0.012199,0.047793,-0.126877,0.324735,0.730474,0.587245,-0.278092,-0.940337,0.196038,0.775532,-0.099381,0.623437,0.024435,-0.817892,1.380783,0.102174,0.064921,-0.047626,0.234951,-0.358336,0.067173,0.904365,-0.221827,0.327900,0.140646,0.000000,1,0.011675,1.905214,22.460594,59.575774,-0.571059,58.997890,0.000052
14.933333,4.733333,1,-0.833187,1.456490,0.337848,0.237676,0.263841,-0.199942,0.913193,0.338768,-0.012213,0.047568,-0.126652,0.326515,0.729875,0.587051,-0.278661,-0.939656,0.198482,0.774241,-0.097517,0.625333,0.022327,-0.817892,1.380783,0.102174,0.064739,-0.046928,0.234765,-0.359608,0.068427,0.903870,-0.221401,0.317037,0.138365,0.000000,1,0.011322,1.904249,22.550028,59.440429,-0.569403,58.898579,0.000049
14.966667,4.766667,1,-0.833595,1.455938,0.337563,0.239277,0.264531,-0.199850,0.912595,0.339454,-0.012204,0.047284,-0.126558,0.328259,0.729391,0.586701,-0.279529,-0.938957,0.200559,0.772781,-0.096056,0.627362,0.022304,-0.817892,1.380783,0.102174,0.064543,-0.046256,0.234516,-0.360933,0.069559,0.903314,-0.221160,0.328693,0.092963,0.000000,1,0.011909,1.899754,22.649646,59.304283,-0.566741,58.795765,0.000047
15.000000,4.800000,1,-0.834008,1.455369,0.337204,0.240320,0.265339,-0.199932,0.912068,0.340157,-0.012188,0.046924,-0.126816,0.329556,0.728890,0.586541,-0.279776,-0.938633,0.201726,0.771462,-0.094726,0.629185,0.023695,-0.817892,1.380783,0.102174,0.064338,-0.045564,0.234193,-0.362109,0.070137,0.902885,-0.220807,0.357070,0.089498,0.000000,1,0.012946,1.894242,22.764990,59.159506,-0.563802,58.683608,0.000044
15.033333,4.833333,1,-0.834431,1.454820,0.336832,0.241466,0.265770,-0.200317,0.911555,0.340850,-0.012191,0.046551,-0.126690,0.330777,0.728266,0.586655,-0.279570,-0.938295,0.203576,0.770670,-0.092844,0.630434,0.023589,-0.817892,1.380783,0.102174,0.064156,-0.044877,0.233858,-0.362989,0.070967,0.902616,-0.220196,0.335332,0.085874,0.000000,1,0.013367,1.891751,22.882401,59.015051,-0.561697,58.571161,0.000042
15.066667,4.866667,1,-0.834814,1.454292,0.336430,0.243288,0.265937,-0.200635,0.910953,0.341502,-0.012174,0.046150,-0.126026,0.332485,0.727594,0.586667,-0.279879,-0.937514,0.206724,0.769907,-0.090552,0.631700,0.022971,-0.817892,1.380783,0.102174,0.063967,-0.044232,0.233491,-0.363937,0.072523,0.902257,-0.219595,0.316537,0.023592,0.000000,1,0.013665,1.886441,23.002896,58.874988,-0.558785,58.460238,0.000040
15.100000,4.900000,1,-0.835125,1.453749,0.335858,0.245473,0.266490,-0.200570,0.910218,0.342122,-0.012090,0.045578,-0.125549,0.334692,0.726979,0.586277,-0.281033,-0.936463,0.209901,0.768382,-0.088521,0.633840,0.025454,-0.817892,1.380783,0.102174,0.063727,-0.043625,0.232948,-0.365399,0.074242,0.901608,-0.219259,0.334709,0.095982,0.000000,1,0.015133,1.870720,23.154217,58.727040,-0.552987,58.335692,0.000038
15.133333,4.933333,1,-0.835418,1.453230,0.335054,0.247195,0.267515,-0.200288,0.909514,0.342713,-0.012003,0.044775,-0.125701,0.336692,0.726484,0.585712,-0.282282,-0.935666,0.211769,0.766376,-0.087161,0.636452,0.030017,-0.817892,1.380783,0.102174,0.063502,-0.043033,0.232174,-0.367078,0.075339,0.900866,-0.219129,0.366329,0.212327,0.000000,1,0.017257,1.854896,23.348344,58.565695,-0.547175,58.190994,0.000036
15.166667,4.966667,1,-0.835739,1.452803,0.334214,0.248303,0.268603,-0.199863,0.908985,0.343246,-0.011992,0.043935,-0.126183,0.338171,0.726209,0.585098,-0.283477,-0.935149,0.212455,0.764463,-0.086603,0.638824,0.029852,-0.817892,1.380783,0.102174,0.063367,-0.042472,0.231363,-0.368545,0.075860,0.900201,-0.219220,0.386055,0.279877,0.000000,1,0.017741,1.851262,23.546402,58.409799,-0.544705,58.048303,0.000034
15.200000,5.000000,1,-0.836069,1.452453,0.333551,0.249306,0.269516,-0.199536,0.908512,0.343725,-0.012039,0.043271,-0.126556,0.339477,0.725939,0.584595,-0.284465,-0.934686,0.213170,0.762835,-0.086008,0.640847,0.024580,-0.817892,1.380783,0.102174,0.063297,-0.041959,0.230729,-0.369807,0.076362,0.899632,-0.219256,0.367389,0.287707,0.000000,1,0.016440,1.856656,23.707061,58.276098,-0.544674,57.929228,0.000033
15.233333,5.033333,1,-0.836389,1.452119,0.333135,0.250196,0.270104,-0.199553,0.908088,0.344184,-0.012088,0.042854,-0.126687,0.340538,0.725558,0.584422,-0.284803,-0.934348,0.214199,0.761781,-0.084969,0.642238,0.018676,-0.817892,1.380783,0.102174,0.063226,-0.041478,0.230339,-0.370723,0.076899,0.899268,-0.219016,0.351283,0.323604,0.000000,1,0.014737,1.862529,23.818776,58.164983,-0.544748,57.837391,0.000031
15.266667,5.066667,1,-0.836688,1.451773,0.332934,0.250721,0.270105,-0.200030,0.907838,0.344639,-0.012116,0.042653,-0.126452,0.341011,0.725124,0.584736,-0.284188,-0.934255,0.215416,0.761770,-0.083591,0.642432,0.014956,-0.817892,1.380783,0.102174,0.063130,-0.041022,0.230163,-0.370944,0.077361,0.899271,-0.218465,0.352647,0.341392,0.000000,1,0.013326,1.865187,23.888251,58.071963,-0.543938,57.768224,0.000029
15.300000,5.100000,1,-0.836953,1.451446,0.332900,0.250650,0.269665,-0.200700,0.907841,0.345061,-0.012131,0.042618,-0.126086,0.340753,0.724826,0.585335,-0.282971,-0.934461,0.216128,0.762603,-0.082541,0.641578,0.012704,-0.817892,1.380783,0.102174,0.063025,-0.040612,0.230152,-0.370504,0.077480,0.899584,-0.217879,0.370691,0.425735,0.000000,1,0.012036,1.865809,23.923196,57.997967,-0.542572,57.719754,0.000028
15.333333,5.133333,1,-0.837179,1.451148,0.332972,0.250114,0.269144,-0.201306,0.908009,0.345435,-0.012132,0.042690,-0.125856,0.340042,0.724702,0.585951,-0.281644,-0.934872,0.216080,0.763688,-0.082066,0.640348,0.011408,-0.817892,1.380783,0.102174,0.062917,-0.040259,0.230243,-0.369789,0.077219,0.900008,-0.217439,0.383255,0.443683,0.000000,1,0.011030,1.864621,23.934420,57.940635,-0.540721,57.687355,0.000027
15.366667,5.166667,1,-0.837422,1.450878,0.333130,0.249616,0.268394,-0.201991,0.908216,0.345797,-0.012166,0.042848,-0.125402,0.339262,0.724577,0.586654,-0.280222,-0.935241,0.216332,0.765064,-0.081476,0.638779,0.011886,-0.817892,1.380783,0.102174,0.062840,-0.039913,0.230420,-0.368885,0.077092,0.900508,-0.216949,0.381701,0.489968,0.000000,1,0.010430,1.868341,23.928289,57.891976,-0.540232,57.664842,0.000025
15.400000,5.200000,1,-0.837752,1.450643,0.333311,0.249512,0.267407,-0.202757,0.908365,0.346184,-0.012290,0.043027,-0.124562,0.338730,0.724366,0.587402,-0.278887,-0.935373,0.217484,0.766602,-0.080443,0.637064,0.013334,-0.817892,1.380783,0.102174,0.062843,-0.039519,0.230626,-0.367944,0.077422,0.901007,-0.216357,0.371237,0.474755,0.000000,1,0.010595,1.885989,23.919717,57.840445,-0.543567,57.641559,0.000024
15.433333,5.233333,1,-0.838133,1.450426,0.333410,0.249597,0.266667,-0.203346,0.908427,0.346586,-0.012464,0.043124,-0.123858,0.338477,0.724157,0.587953,-0.277941,-0.935387,0.218632,0.767694,-0.079489,0.635867,0.013461,-0.817892,1.380783,0.102174,0.062892,-0.039091,0.230752,-0.367311,0.077816,0.901347,-0.215873,0.357444,0.478148,0.000000,1,0.011419,1.911138,23.928227,57.779529,-0.548979,57.608080,0.000023
15.466667,5.266667,1,-0.838526,1.450217,0.333447,0.249284,0.265915,-0.204014,0.908584,0.346989,-0.012654,0.043159,-0.123322,0.337863,0.723996,0.588617,-0.276643,-0.935645,0.219175,0.768981,-0.078757,0.634401,0.013407,-0.817892,1.380783,0.102174,0.062957,-0.038654,0.230817,-0.366488,0.077856,0.901798,-0.215372,0.343862,0.469549,0.000000,1,0.012015,1.938600,23.949059,57.713218,-0.555047,57.567979,0.000022
15.500000,5.300000,1,-0.838894,1.450017,0.333423,0.248893,0.264931,-0.204917,0.908776,0.347370,-0.012827,0.043133,-0.122610,0.337074,0.723760,0.589507,-0.274896,-0.935981,0.219935,0.770666,-0.077724,0.632482,0.012582,-0.817892,1.380783,0.102174,0.063015,-0.038238,0.230819,-0.365418,0.077924,0.902390,-0.214684,0.332008,0.448304,0.000000,1,0.012423,1.963651,23.980204,57.645795,-0.560481,57.524133,0.000021
15.533333,5.333333,1,-0.839116,1.449831,0.333263,0.248820,0.264151,-0.205606,0.908867,0.347652,-0.012890,0.042972,-0.121941,0.336663,0.723532,0.590161,-0.273680,-0.936107,0.220914,0.771894,-0.076735,0.631103,0.009914,-0.817892,1.380783,0.102174,0.063000,-0.037940,0.230677,-0.364677,0.078193,0.902799,-0.214129,0.317337,0.454237,0.000000,1,0.012779,1.972292,24.030423,57.584874,-0.561493,57.477862,0.000020
15.566667,5.366667,1,-0.839121,1.449681,0.332886,0.249359,0.263787,-0.205772,0.908787,0.347775,-0.012800,0.042596,-0.121374,0.336984,0.723388,0.590271,-0.273697,-0.935792,0.222222,0.772188,-0.076044,0.630828,0.012177,-0.817892,1.380783,0.102174,0.062891,-0.037824,0.230304,-0.364589,0.078835,0.902823,-0.213940,0.311293,0.424752,0.000000,1,0.013469,1.958312,24.111231,57.534277,-0.556418,57.427668,0.000019
15.600000,5.400000,1,-0.838984,1.449532,0.332314,0.250334,0.264162,-0.205517,0.908468,0.347811,-0.012595,0.042026,-0.121277,0.338024,0.723222,0.589899,-0.274622,-0.935246,0.223380,0.771267,-0.075517,0.632016,0.018203,-0.817892,1.380783,0.102174,0.062703,-0.037811,0.229728,-0.365361,0.079549,0.902436,-0.213993,0.328113,0.391783,0.000000,1,0.014685,1.927067,24.223253,57.483416,-0.546739,57.367821,0.000018
15.633333,5.433333,1,-0.838863,1.449375,0.331625,0.251140,0.264497,-0.205389,0.908177,0.347863,-0.012396,0.041339,-0.121219,0.338896,0.723023,0.589654,-0.275227,-0.934829,0.224375,0.770507,-0.074914,0.633015,0.021510,-0.817892,1.380783,0.102174,0.062520,-0.037773,0.229035,-0.366018,0.080127,0.902129,-0.213949,0.356949,0.464580,0.000000,1,0.016052,1.896807,24.359051,57.420230,-0.537387,57.294315,0.000017
15.666667,5.466667,1,-0.838808,1.449219,0.330866,0.251871,0.264574,-0.205308,0.907970,0.347955,-0.012249,0.040582,-0.120962,0.339585,0.722878,0.589489,-0.275742,-0.934411,0.225481,0.770103,-0.074370,0.633570,0.023305,-0.817892,1.380783,0.102174,0.062379,-0.037679,0.228277,-0.366413,0.080751,0.901922,-0.213909,0.366658,0.488001,0.000000,1,0.017232,1.874276,24.511268,57.344169,-0.530165,57.209168,0.000016
15.700000,5.500000,1,-0.838764,1.449088,0.330116,0.252840,0.264966,-0.204894,0.907680,0.348033,-0.012127,0.039833,-0.120884,0.340628,0.722809,0.588988,-0.276961,-0.933804,0.226500,0.769098,-0.074131,0.634817,0.022890,-0.817892,1.380783,0.102174,0.062264,-0.037591,0.227528,-0.367202,0.081455,0.901489,-0.214116,0.354316,0.499705,0.000000,1,0.017431,1.855542,24.661277,57.270340,-0.523986,57.126034,0.000015
15.733333,5.533333,1,-0.838712,1.448995,0.329542,0.253642,0.265443,-0.204333,0.907443,0.348075,-0.012023,0.039260,-0.120956,0.341559,0.722853,0.588380,-0.278357,-0.933252,0.227066,0.767997,-0.074293,0.636130,0.017501,-0.817892,1.380783,0.102174,0.062171,-0.037543,0.226954,-0.367995,0.081975,0.901031,-0.214482,0.353131,0.044149,0.000000,1,0.016007,1.839799,24.775128,57.216294,-0.518609,57.064436,0.000014
15.766667,5.566667,1,-0.838681,1.448933,0.329183,0.254083,0.265165,-0.203982,0.907480,0.348106,-0.011958,0.038902,-0.120512,0.341828,0.723044,0.588080,-0.279278,-0.932804,0.227773,0.768026,-0.074632,0.636055,0.010971,-0.817892,1.380783,0.102174,0.062111,-0.037509,0.226595,-0.367954,0.082501,0.900922,-0.214807,0.339756,0.052970,0.000000,1,0.014373,1.829946,24.847005,57.181231,-0.514818,57.025626,0.000014
15.800000,5.600000,1,-0.838680,1.448904,0.328953,0.254241,0.264532,-0.203843,0.907652,0.348129,-0.011936,0.038672,-0.119875,0.341686,0.723259,0.588028,-0.279705,-0.932513,0.228440,0.768674,-0.074947,0.635235,0.006963,-0.817892,1.380783,0.102174,0.062091,-0.037479,0.226366,-0.367468,0.082926,0.901031,-0.215019,0.353528,0.045875,0.000000,1,0.013418,1.826832,24.893439,57.157990,-0.512852,57.000759,0.000013
15.833333,5.633333,1,-0.838683,1.448929,0.328746,0.254298,0.264085,-0.203865,0.907761,0.348110,-0.011952,0.038465,-0.119449,0.341536,0.723346,0.588095,-0.279753,-0.932384,0.228905,0.769199,-0.074995,0.634593,0.006251,-0.817892,1.380783,0.102174,0.062119,-0.037479,0.226159,-0.367096,0.083175,0.901151,-0.215057,0.356828,0.032108,0.000000,1,0.013075,1.829651,24.932649,57.143423,-0.512498,56.982635,0.000012
15.866667,5.666667,1,-0.838655,1.449047,0.328444,0.254513,0.263722,-0.203919,0.907795,0.347999,-0.011997,0.038162,-0.119028,0.341567,0.723352,0.588155,-0.279811,-0.932199,0.229590,0.769574,-0.074811,0.634160,0.009771,-0.817892,1.380783,0.102174,0.062203,-0.037552,0.225853,-0.366869,0.083528,0.901218,-0.215027,0.336725,0.022863,0.000000,1,0.013384,1.837376,24.984347,57.136244,-0.513477,56.964611,0.000012
15.900000,5.700000,1,-0.838622,1.449264,0.327958,0.255472,0.263399,-0.203756,0.907656,0.347805,-0.012096,0.037675,-0.118312,0.342282,0.723304,0.587943,-0.280649,-0.931515,0.231334,0.769531,-0.074332,0.634268,0.015997,-0.817892,1.380783,0.102174,0.062369,-0.037679,0.225363,-0.367013,0.084537,0.901049,-0.215094,0.329071,0.019774,0.000000,1,0.014585,1.853801,25.066120,57.127654,-0.516817,56.936755,0.000011
15.933333,5.733333,1,-0.838702,1.449533,0.327366,0.256867,0.263327,-0.203755,0.907283,0.347639,-0.012315,0.037080,-0.117626,0.343499,0.722977,0.587773,-0.281375,-0.930701,0.233716,0.769083,-0.073064,0.634959,0.019659,-0.817892,1.380783,0.102174,0.062646,-0.037738,0.224772,-0.367568,0.085822,0.900749,-0.214895,0.327578,0.148544,0.000000,1,0.015953,1.888506,25.170917,57.104825,-0.525100,56.894493,0.000011
15.966667,5.766667,1,-0.838988,1.449835,0.326817,0.257768,0.262730,-0.204432,0.907048,0.347570,-0.012719,0.036527,-0.116687,0.344043,0.722468,0.588268,-0.280649,-0.930300,0.236173,0.769718,-0.071151,0.634406,0.020663,-0.817892,1.380783,0.102174,0.063071,-0.037654,0.224236,-0.367421,0.086884,0.900878,-0.214177,0.286780,0.429805,0.000000,1,0.016621,1.951260,25.274797,57.067575,-0.540930,56.845016,0.000010
16.000000,5.800000,1,-0.839365,1.450156,0.326369,0.258118,0.261678,-0.205320,0.907052,0.347540,-0.013209,0.036074,-0.115585,0.343888,0.722074,0.589059,-0.279299,-0.930185,0.238219,0.771191,-0.069501,0.632799,0.020042,-0.817892,1.380783,0.102174,0.063564,-0.037515,0.223807,-0.366620,0.087649,0.901314,-0.213401,0.271723,0.381261,0.000000,1,0.016369,2.026989,25.362301,57.031192,-0.560247,56.801024,0.000010
16.033333,5.833333,1,-0.839643,1.450459,0.325986,0.258415,0.261016,-0.205809,0.907047,0.347465,-0.013609,0.035686,-0.114858,0.343861,0.721851,0.589490,-0.278619,-0.930038,0.239583,0.772057,-0.068524,0.631848,0.016857,-0.817892,1.380783,0.102174,0.063981,-0.037449,0.223436,-0.366153,0.088201,0.901552,-0.212971,0.249788,0.475878,0.000000,1,0.015600,2.089213,25.434018,57.008073,-0.575971,56.768790,0.000009
16.066667,5.866667,1,-0.839798,1.450709,0.325658,0.258716,0.260929,-0.205882,0.906970,0.347359,-0.013879,0.035355,-0.114646,0.344092,0.721751,0.589519,-0.278647,-0.929870,0.240206,0.772075,-0.068136,0.631869,0.013221,-0.817892,1.380783,0.102174,0.064281,-0.037453,0.223114,-0.366207,0.088509,0.901525,-0.212866,0.215450,0.603843,0.000000,1,0.014897,2.131710,25.492501,56.995646,-0.586466,56.746137,0.000009
16.100000,5.900000,1,-0.839947,1.450853,0.325405,0.258991,0.260873,-0.206133,0.906851,0.347332,-0.014082,0.035101,-0.114472,0.344313,0.721533,0.589690,-0.278324,-0.929791,0.240885,0.772133,-0.067428,0.631873,0.009793,-0.817892,1.380783,0.102174,0.064491,-0.037404,0.222869,-0.366272,0.088776,0.901539,-0.212583,0.205401,0.647833,0.000000,1,0.014766,2.163310,25.541032,56.976789,-0.594126,56.723053,0.000008
16.133333,5.933333,1,-0.840154,1.450885,0.325164,0.259518,0.260671,-0.206564,0.906660,0.347432,-0.014263,0.034857,-0.114055,0.344698,0.721172,0.589988,-0.277811,-0.929595,0.242229,0.772337,-0.066195,0.631754,0.009575,-0.817892,1.380783,0.102174,0.064644,-0.037242,0.222640,-0.366316,0.089331,0.901579,-0.212104,0.211677,0.644269,0.000000,1,0.015554,2.190892,25.595279,56.938180,-0.600797,56.687831,0.000008
16.166667,5.966667,1,-0.840356,1.450832,0.324889,0.260235,0.260473,-0.206853,0.906445,0.347596,-0.014390,0.034581,-0.113557,0.345253,0.720854,0.590148,-0.277660,-0.929233,0.243785,0.772410,-0.065051,0.631784,0.010374,-0.817892,1.380783,0.102174,0.064728,-0.037031,0.222379,-0.366450,0.090058,0.901538,-0.211737,0.220552,0.793663,0.000000,1,0.016352,2.209669,25.660121,56.886254,-0.605166,56.642417,0.000007
16.200000,6.000000,1,-0.840485,1.450696,0.324606,0.260779,0.260105,-0.207068,0.906346,0.347781,-0.014408,0.034298,-0.112984,0.345576,0.720671,0.590293,-0.277578,-0.928903,0.245133,0.772725,-0.064263,0.631480,0.010164,-0.817892,1.380783,0.102174,0.064702,-0.036831,0.222107,-0.366359,0.090706,0.901567,-0.211496,0.210532,0.896774,0.000000,1,0.016643,2.211674,25.727320,56.830839,-0.605093,56.594461,0.000007
16.233333,6.033333,1,-0.840514,1.450490,0.324326,0.261165,0.259467,-0.207218,0.906383,0.347963,-0.014305,0.034018,-0.112240,0.345637,0.720637,0.590440,-0.277566,-0.928574,0.246387,0.773398,-0.063832,0.630699,0.010483,-0.817892,1.380783,0.102174,0.064560,-0.036668,0.221833,-0.365962,0.091334,0.901691,-0.211384,0.227299,1.057698,0.000000,1,0.016711,2.194978,25.793354,56.776992,-0.600061,56.547684,0.000007
16.266667,6.066667,1,-0.840439,1.450260,0.323997,0.261473,0.259124,-0.206934,0.906457,0.348102,-0.014102,0.033692,-0.111797,0.345758,0.720831,0.590216,-0.278293,-0.928202,0.246971,0.773583,-0.064192,0.630435,0.012247,-0.817892,1.380783,0.102174,0.064337,-0.036571,0.221505,-0.365802,0.091768,0.901645,-0.211671,0.205388,1.253793,0.000000,1,0.016943,2.163369,25.865317,56.727128,-0.591071,56.501238,0.000006
16.300000,6.100000,1,-0.840335,1.450015,0.323599,0.262046,0.258212,-0.206565,0.906636,0.348235,-0.013867,0.033296,-0.110726,0.345863,0.721156,0.589960,-0.279374,-0.927498,0.248389,0.774314,-0.064653,0.629490,0.014360,-0.817892,1.380783,0.102174,0.064087,-0.036485,0.221106,-0.365259,0.092695,0.901672,-0.212087,0.205061,1.526077,0.000000,1,0.017654,2.126844,25.950160,56.672642,-0.580796,56.448543,0.000006
16.333333,6.133333,1,-0.840315,1.449777,0.323191,0.263293,0.255989,-0.206684,0.906878,0.348413,-0.013704,0.032890,-0.108179,0.345986,0.721320,0.590160,-0.280017,-0.926245,0.252311,0.776531,-0.064010,0.626819,0.014184,-0.817892,1.380783,0.102174,0.063893,-0.036335,0.220701,-0.363840,0.094801,0.902021,-0.212109,0.199919,1.831886,0.000000,1,0.018273,2.100985,26.040280,56.609061,-0.573363,56.389573,0.000006
16.366667,6.166667,1,-0.840403,1.449542,0.322888,0.264613,0.253660,-0.207042,0.907067,0.348653,-0.013629,0.032588,-0.105504,0.346127,0.721329,0.590550,-0.280240,-0.924997,0.256605,0.778926,-0.062894,0.623954,0.011788,-0.817892,1.380783,0.102174,0.063763,-0.036107,0.220409,-0.362353,0.097014,0.902435,-0.211895,0.179768,1.997063,0.000000,1,0.018099,2.088422,26.114589,56.543119,-0.569452,56.334185,0.000005
16.400000,6.200000,1,-0.840536,1.449302,0.322770,0.265661,0.252118,-0.207368,0.907116,0.348924,-0.013590,0.032470,-0.103654,0.346379,0.721228,0.590853,-0.280297,-0.924087,0.259801,0.780472,-0.061829,0.622125,0.008964,-0.817892,1.380783,0.102174,0.063652,-0.035851,0.220304,-0.361443,0.098635,0.902685,-0.211636,0.174146,2.066597,0.000000,1,0.017064,2.081109,26.155510,56.487091,-0.566912,56.294031,0.000005
16.433333,6.233333,1,-0.840646,1.449060,0.322796,0.266482,0.251876,-0.207461,0.906921,0.349184,-0.013532,0.032496,-0.103071,0.347006,0.721016,0.590846,-0.280555,-0.923551,0.261422,0.780486,-0.060976,0.622193,0.008024,-0.817892,1.380783,0.102174,0.063521,-0.035620,0.220341,-0.361590,0.099479,0.902577,-0.211451,0.160524,2.060192,0.000000,1,0.015974,2.071042,26.167731,56.445407,-0.563629,56.269971,0.000005
16.466667,6.266667,1,-0.840696,1.448819,0.322884,0.266916,0.252528,-0.207349,0.906638,0.349407,-0.013428,0.032585,-0.103462,0.347687,0.720816,0.590621,-0.280924,-0.923404,0.261548,0.779514,-0.060561,0.623450,0.007847,-0.817892,1.380783,0.102174,0.063355,-0.035442,0.220435,-0.362363,0.099582,0.902268,-0.211398,0.152340,2.051764,0.000000,1,0.015267,2.053993,26.165248,56.415625,-0.558498,56.256503,0.000005
16.500000,6.300000,1,-0.840684,1.448566,0.322953,0.267198,0.253383,-0.207076,0.906378,0.349601,-0.013267,0.032656,-0.104104,0.348321,0.720709,0.590265,-0.281499,-0.923343,0.261145,0.778296,-0.060519,0.624974,0.007853,-0.817892,1.380783,0.102174,0.063143,-0.035307,0.220508,-0.363253,0.099459,0.901900,-0.211500,0.141739,2.059486,0.000000,1,0.015212,2.028546,26.164171,56.389528,-0.551169,56.244485,0.000004
16.533333,6.333333,1,-0.840622,1.448300,0.322936,0.267824,0.254246,-0.206605,0.906059,0.349776,-0.013057,0.032641,-0.104600,0.349267,0.720640,0.589704,-0.282617,-0.922994,0.261170,0.776861,-0.060525,0.626757,0.008217,-0.817892,1.380783,0.102174,0.062892,-0.035198,0.220492,-0.364308,0.099648,0.901396,-0.211743,0.134437,2.158046,0.000000,1,0.015765,1.995640,26.178147,56.359818,-0.541903,56.226027,0.000004
16.566667,6.366667,1,-0.840566,1.448013,0.322822,0.268706,0.255159,-0.206125,0.905651,0.349972,-0.012838,0.032529,-0.105027,0.350464,0.720495,0.589094,-0.283876,-0.922494,0.261569,0.775261,-0.060287,0.628757,0.009410,-0.817892,1.380783,0.102174,0.062631,-0.035065,0.220380,-0.365521,0.100044,0.900813,-0.211946,0.127968,2.290603,0.000000,1,0.016746,1.961376,26.212081,56.318576,-0.532314,56.195535,0.000004
16.600000,6.400000,1,-0.840588,1.447690,0.322624,0.269633,0.255914,-0.205910,0.905211,0.350243,-0.012660,0.032334,-0.105291,0.351632,0.720204,0.588707,-0.284677,-0.922025,0.262354,0.773930,-0.059559,0.630464,0.011383,-0.817892,1.380783,0.102174,0.062388,-0.034844,0.220190,-0.366606,0.100546,0.900327,-0.211901,0.132055,2.501640,0.000000,1,0.018094,1.932824,26.267393,56.257215,-0.524266,56.148116,0.000004
16.633333,6.433333,1,-0.840634,1.447344,0.322368,0.270573,0.256628,-0.205684,0.904780,0.350547,-0.012485,0.032079,-0.105513,0.352793,0.719925,0.588313,-0.285510,-0.921531,0.263182,0.772634,-0.058850,0.632119,0.012993,-0.817892,1.380783,0.102174,0.062143,-0.034586,0.219943,-0.367661,0.101078,0.899844,-0.211871,0.136271,2.712015,0.000000,1,0.018989,1.904833,26.336321,56.185239,-0.516384,56.091120,0.000004
16.666667,6.466667,1,-0.840626,1.446974,0.322091,0.271340,0.257337,-0.205375,0.904419,0.350838,-0.012253,0.031805,-0.105807,0.353797,0.719745,0.587877,-0.286411,-0.921112,0.263669,0.771375,-0.058457,0.633691,0.013878,-0.817892,1.380783,0.102174,0.061846,-0.034355,0.219673,-0.368637,0.101459,0.899383,-0.211950,0.138631,3.015938,0.000000,1,0.019275,1.868207,26.408247,56.113792,-0.506245,56.033572,0.000003
16.700000,6.500000,1,-0.840552,1.446592,0.321822,0.271948,0.257730,-0.205213,0.904161,0.351098,-0.011961,0.031539,-0.105890,0.354517,0.719591,0.587617,-0.286988,-0.920767,0.264246,0.770608,-0.058049,0.634660,0.014179,-0.817892,1.380783,0.102174,0.061501,-0.034173,0.219407,-0.369259,0.101833,0.899084,-0.211956,0.149647,3.313627,0.000000,1,0.019194,1.822587,26.476359,56.048607,-0.493754,55.980509,0.000003
16.733333,6.533333,1,-0.840407,1.446215,0.321580,0.272550,0.258104,-0.204931,0.903937,0.351312,-0.011616,0.031300,-0.105958,0.355223,0.719521,0.587265,-0.287786,-0.920375,0.264742,0.769821,-0.057874,0.635631,0.014127,-0.817892,1.380783,0.102174,0.061117,-0.034050,0.219163,-0.369865,0.102214,0.898762,-0.212084,0.174625,3.533780,0.000000,1,0.018852,1.769160,26.536172,55.993561,-0.479224,55.935282,0.000003
16.766667,6.566667,1,-0.840209,1.445822,0.321378,0.273191,0.258805,-0.204409,0.903661,0.351507,-0.011218,0.031103,-0.106302,0.356110,0.719511,0.586676,-0.289021,-0.919951,0.264871,0.768530,-0.057993,0.637180,0.014543,-0.817892,1.380783,0.102174,0.060687,-0.033964,0.218957,-0.370784,0.102489,0.898278,-0.212395,0.184326,3.745632,0.000000,1,0.018563,1.707856,26.586728,55.945473,-0.462652,55.896473,0.000003
16.800000,6.600000,1,-0.840017,1.445425,0.321184,0.273902,0.259380,-0.203882,0.903400,0.351708,-0.010825,0.030913,-0.106503,0.357002,0.719518,0.586089,-0.290314,-0.919447,0.265208,0.767360,-0.058099,0.638579,0.014429,-0.817892,1.380783,0.102174,0.060259,-0.033871,0.218758,-0.371623,0.102882,0.897810,-0.212719,0.183711,3.923448,0.000000,1,0.018684,1.647124,26.636070,55.896974,-0.446247,55.857825,0.000003
16.833333,6.633333,1,-0.839863,1.445063,0.320941,0.274791,0.259614,-0.203377,0.903177,0.351904,-0.010481,0.030674,-0.106319,0.357902,0.719548,0.585536,-0.291687,-0.918747,0.266126,0.766540,-0.058107,0.639562,0.013875,-0.817892,1.380783,0.102174,0.059882,-0.033765,0.218513,-0.372238,0.103587,0.897397,-0.213042,0.189322,4.085168,0.000000,1,0.019189,1.594093,26.694773,55.844642,-0.431859,55.814436,0.000003
16.866667,6.666667,1,-0.839722,1.444717,0.320644,0.275875,0.260049,-0.202745,0.902863,0.352096,-0.010157,0.030381,-0.106228,0.359066,0.719557,0.584830,-0.293380,-0.917922,0.267111,0.765350,-0.058092,0.640987,0.014309,-0.817892,1.380783,0.102174,0.059527,-0.033654,0.218214,-0.373120,0.104380,0.896846,-0.213430,0.180541,4.438463,0.000000,1,0.019765,1.544208,26.763733,55.788347,-0.418305,55.765986,0.000003
16.900000,6.700000,1,-0.839599,1.444372,0.320358,0.276941,0.260722,-0.202191,0.902467,0.352297,-0.009848,0.030097,-0.106359,0.360320,0.719456,0.584158,-0.294896,-0.917198,0.267927,0.763905,-0.057858,0.642730,0.013974,-0.817892,1.380783,0.102174,0.059182,-0.033531,0.217927,-0.374204,0.105050,0.896251,-0.213706,0.157948,4.732571,0.000000,1,0.019942,1.496397,26.831518,55.730979,-0.405306,55.717371,0.000002
16.933333,6.733333,1,-0.839533,1.444019,0.320113,0.277786,0.261339,-0.201965,0.902079,0.352539,-0.009581,0.029856,-0.106535,0.361354,0.719215,0.583783,-0.295694,-0.916726,0.268661,0.762738,-0.057241,0.644170,0.013011,-0.817892,1.380783,0.102174,0.058865,-0.033359,0.217685,-0.375131,0.105540,0.895807,-0.213699,0.156596,4.982947,0.000000,1,0.020067,1.455017,26.893981,55.670080,-0.393991,55.668518,0.000002
16.966667,6.766667,1,-0.839545,1.443663,0.319857,0.278622,0.261706,-0.202268,0.901647,0.352831,-0.009372,0.029601,-0.106491,0.362268,0.718699,0.583861,-0.295532,-0.916397,0.269958,0.762084,-0.055736,0.645075,0.013189,-0.817892,1.380783,0.102174,0.058590,-0.033123,0.217436,-0.375818,0.106123,0.895568,-0.213206,0.158195,5.255624,0.000000,1,0.020712,1.422355,26.962269,55.599473,-0.384953,55.612907,0.000002
17.000000,6.800000,1,-0.839566,1.443353,0.319512,0.279624,0.261894,-0.202755,0.901173,0.353091,-0.009199,0.029258,-0.106211,0.363253,0.718062,0.584084,-0.295131,-0.915980,0.271807,0.761653,-0.053788,0.645748,0.013922,-0.817892,1.380783,0.102174,0.058361,-0.032901,0.217099,-0.376415,0.106931,0.895382,-0.212530,0.118500,5.686488,0.000000,1,0.021426,1.395300,27.045683,55.526229,-0.377367,55.551560,0.000002
17.033333,6.833333,1,-0.839471,1.443122,0.319072,0.280652,0.262713,-0.202753,0.900615,0.353218,-0.008979,0.028821,-0.106487,0.364541,0.717571,0.583834,-0.295597,-0.915522,0.272839,0.760247,-0.052496,0.647509,0.015164,-0.817892,1.380783,0.102174,0.058129,-0.032814,0.216659,-0.377596,0.107492,0.894886,-0.212239,0.101264,6.027453,0.000000,1,0.021522,1.361635,27.138468,55.467385,-0.368067,55.495143,0.000002
17.066667,6.866667,1,-0.839238,1.442941,0.318558,0.281517,0.263986,-0.202361,0.900061,0.353222,-0.008679,0.028310,-0.107243,0.365884,0.717258,0.583240,-0.296660,-0.915144,0.272954,0.758190,-0.051920,0.649964,0.017777,-0.817892,1.380783,0.102174,0.057857,-0.032863,0.216135,-0.379116,0.107712,0.894205,-0.212291,0.117224,6.478804,0.000000,1,0.021585,1.316209,27.237293,55.422932,-0.355743,55.444611,0.000002
17.100000,6.900000,1,-0.838995,1.442770,0.317994,0.282289,0.264530,-0.202124,0.899713,0.353212,-0.008376,0.027750,-0.107388,0.366819,0.717057,0.582873,-0.297454,-0.914690,0.273611,0.757122,-0.051406,0.651248,0.019130,-0.817892,1.380783,0.102174,0.057588,-0.032922,0.215560,-0.379947,0.108169,0.893791,-0.212315,0.131059,6.885800,0.000000,1,0.022152,1.270356,27.344850,55.376379,-0.343332,55.390496,0.000002
17.133333,6.933333,1,-0.838848,1.442611,0.317434,0.283424,0.264514,-0.202232,0.899336,0.353251,-0.008156,0.027192,-0.106868,0.367830,0.716677,0.582799,-0.297850,-0.913975,0.275563,0.756738,-0.050093,0.651796,0.018013,-0.817892,1.380783,0.102174,0.057384,-0.032912,0.214995,-0.380433,0.109195,0.893529,-0.212022,0.135170,7.213785,0.000000,1,0.022653,1.236951,27.455111,55.321438,-0.334141,55.331275,0.000002
17.166667,6.966667,1,-0.838784,1.442500,0.316909,0.284974,0.264619,-0.202412,0.898775,0.353300,-0.008033,0.026668,-0.106271,0.369267,0.716103,0.582705,-0.298322,-0.913038,0.278146,0.756069,-0.048193,0.652715,0.016230,-0.817892,1.380783,0.102174,0.057269,-0.032865,0.214468,-0.381207,0.110538,0.893141,-0.211570,0.141829,7.573209,0.000000,1,0.022686,1.218285,27.560031,55.266833,-0.328743,55.273903,0.000002
17.200000,7.000000,1,-0.838753,1.442411,0.316441,0.286419,0.264841,-0.202342,0.898265,0.353353,-0.007949,0.026201,-0.105826,0.370662,0.715685,0.582413,-0.299192,-0.912100,0.280280,0.755198,-0.046810,0.653824,0.014304,-0.817892,1.380783,0.102174,0.057190,-0.032809,0.214001,-0.382045,0.111741,0.892682,-0.211364,0.139990,7.964874,0.000000,1,0.022438,1.205619,27.654025,55.216587,-0.324894,55.222098,0.000002
17.233333,7.033333,1,-0.838765,1.442323,0.316064,0.287239,0.264605,-0.202289,0.898085,0.353429,-0.007901,0.025825,-0.105250,0.371291,0.715551,0.582282,-0.299741,-0.911461,0.281768,0.755148,-0.046182,0.653926,0.011620,-0.817892,1.380783,0.102174,0.057135,-0.032725,0.213627,-0.382201,0.112584,0.892520,-0.211316,0.130513,8.219422,0.000000,1,0.022048,1.198287,27.732342,55.169840,-0.322424,55.176759,0.000001
17.266667,7.066667,1,-0.838820,1.442231,0.315737,0.287718,0.263948,-0.202488,0.898080,0.353536,-0.007886,0.025498,-0.104447,0.371427,0.715459,0.582453,-0.299679,-0.911031,0.283222,0.755853,-0.045581,0.653153,0.010332,-0.817892,1.380783,0.102174,0.057100,-0.032606,0.213306,-0.381826,0.113303,0.892632,-0.211140,0.128381,8.491055,0.000000,1,0.022021,1.195756,27.803025,55.122238,-0.321199,55.133227,0.000001
17.300000,7.100000,1,-0.838887,1.442122,0.315408,0.288383,0.263725,-0.202745,0.897875,0.353664,-0.007871,0.025169,-0.103950,0.371924,0.715163,0.582588,-0.299571,-0.910614,0.284675,0.755968,-0.044527,0.653092,0.010587,-0.817892,1.380783,0.102174,0.057060,-0.032467,0.212984,-0.381915,0.113995,0.892584,-0.210807,0.135979,8.783882,0.000000,1,0.022351,1.193246,27.875318,55.071069,-0.320000,55.087384,0.000001
17.333333,7.133333,1,-0.838996,1.442020,0.315061,0.289281,0.263751,-0.203083,0.897502,0.353810,-0.007892,0.024821,-0.103572,0.372742,0.714683,0.582722,-0.299416,-0.910134,0.286368,0.755711,-0.042997,0.653492,0.011329,-0.817892,1.380783,0.102174,0.057050,-0.032299,0.212646,-0.382327,0.114785,0.892422,-0.210316,0.128903,8.974792,0.000000,1,0.022837,1.196213,27.952501,55.014915,-0.320214,55.037547,0.000001
17.366667,7.166667,1,-0.839166,1.441963,0.314692,0.290360,0.263787,-0.203385,0.897074,0.353958,-0.007989,0.024451,-0.103123,0.373727,0.714170,0.582799,-0.299422,-0.909515,0.288322,0.755356,-0.041346,0.654009,0.012315,-0.817892,1.380783,0.102174,0.057113,-0.032106,0.212289,-0.382829,0.115734,0.892200,-0.209827,0.139900,9.128544,0.000000,1,0.023279,1.210655,28.034353,54.956064,-0.323358,54.985012,0.000001
17.400000,7.200000,1,-0.839344,1.441959,0.314290,0.291403,0.264002,-0.203643,0.896614,0.354068,-0.008125,0.024048,-0.102850,0.374759,0.713649,0.582823,-0.299479,-0.908950,0.290038,0.754774,-0.039747,0.654779,0.013183,-0.817892,1.380783,0.102174,0.057225,-0.031936,0.211900,-0.383473,0.116571,0.891923,-0.209361,0.146668,9.259508,0.000000,1,0.023536,1.231146,28.120153,54.900337,-0.328041,54.933056,0.000001
17.433333,7.233333,1,-0.839517,1.442042,0.313829,0.292251,0.264180,-0.204026,0.896198,0.354106,-0.008308,0.023584,-0.102630,0.375601,0.713111,0.582979,-0.299205,-0.908553,0.291562,0.754362,-0.038119,0.655352,0.014993,-0.817892,1.380783,0.102174,0.057404,-0.031818,0.211449,-0.383996,0.117249,0.891740,-0.208807,0.137978,9.397180,0.000000,1,0.023817,1.258951,28.213000,54.851215,-0.334577,54.882625,0.000001
17.466667,7.266667,1,-0.839679,1.442221,0.313319,0.293160,0.264214,-0.204404,0.895805,0.354060,-0.008540,0.023072,-0.102254,0.376432,0.712595,0.583139,-0.298986,-0.908068,0.293293,0.754101,-0.036496,0.655744,0.016923,-0.817892,1.380783,0.102174,0.057656,-0.031764,0.210947,-0.384418,0.118044,0.891578,-0.208272,0.133251,9.536134,0.000000,1,0.023957,1.294443,28.309942,54.811477,-0.343059,54.836033,0.000001
17.500000,7.300000,1,-0.839801,1.442449,0.312793,0.294008,0.264271,-0.204614,0.895462,0.353951,-0.008768,0.022543,-0.101927,0.377219,0.712199,0.583172,-0.299042,-0.907567,0.294783,0.753772,-0.035232,0.656191,0.017592,-0.817892,1.380783,0.102174,0.057923,-0.031770,0.210425,-0.384838,0.118777,0.891384,-0.207908,0.139095,9.864881,0.000000,1,0.023917,1.329745,28.406069,54.780648,-0.351497,54.794424,0.000001
17.533333,7.333333,1,-0.839941,1.442673,0.312244,0.294667,0.264277,-0.204643,0.895237,0.353856,-0.009009,0.021992,-0.101638,0.377812,0.711988,0.583096,-0.299337,-0.907115,0.295872,0.753514,-0.034513,0.656525,0.018260,-0.817892,1.380783,0.102174,0.058199,-0.031757,0.209882,-0.385134,0.119367,0.891211,-0.207765,0.159578,10.116945,0.000000,1,0.024407,1.366826,28.507416,54.745289,-0.360413,54.748971,0.000001
17.566667,7.366667,1,-0.840188,1.442888,0.311662,0.295522,0.263845,-0.204772,0.895054,0.353833,-0.009329,0.021406,-0.100869,0.378386,0.711768,0.583125,-0.299580,-0.906435,0.297702,0.753766,-0.033578,0.656285,0.020042,-0.817892,1.380783,0.102174,0.058531,-0.031651,0.209312,-0.385126,0.120326,0.891134,-0.207556,0.149368,10.344409,0.000000,1,0.025452,1.415714,28.620282,54.694320,-0.372355,54.692068,0.000001
17.600000,7.400000,1,-0.840540,1.443092,0.311087,0.296477,0.263364,-0.205208,0.894779,0.353882,-0.009727,0.020826,-0.100012,0.379029,0.711332,0.583388,-0.299312,-0.905780,0.299958,0.754151,-0.031991,0.655922,0.021145,-0.817892,1.380783,0.102174,0.058917,-0.031454,0.208757,-0.385111,0.121390,0.891118,-0.207032,0.197550,10.484871,0.000000,1,0.026202,1.476185,28.736865,54.631109,-0.387249,54.627775,0.000001
17.633333,7.433333,1,-0.840934,1.443269,0.310552,0.296828,0.262938,-0.205887,0.894633,0.353977,-0.010142,0.020288,-0.099471,0.379155,0.710899,0.583927,-0.298270,-0.905655,0.301370,0.754796,-0.030542,0.655248,0.020603,-0.817892,1.380783,0.102174,0.059306,-0.031211,0.208245,-0.384870,0.121883,0.891310,-0.206362,0.206759,10.615552,0.000000,1,0.026442,1.539132,28.848628,54.563504,-0.402772,54.562683,0.000001
17.666667,7.466667,1,-0.841278,1.443409,0.310106,0.296614,0.262129,-0.206568,0.894784,0.354072,-0.010496,0.019837,-0.098839,0.378604,0.710727,0.584600,-0.296946,-0.905824,0.302169,0.756141,-0.029803,0.653730,0.017436,-0.817892,1.380783,0.102174,0.059632,-0.030991,0.207818,-0.384041,0.122036,0.891766,-0.205845,0.215931,10.705589,0.000000,1,0.025893,1.592780,28.943470,54.503645,-0.415930,54.506619,0.000001
17.700000,7.500000,1,-0.841470,1.443467,0.309737,0.296375,0.261226,-0.207089,0.895007,0.354141,-0.010680,0.019466,-0.098134,0.377987,0.710690,0.585163,-0.295909,-0.905925,0.302882,0.757552,-0.029421,0.652112,0.012590,-0.817892,1.380783,0.102174,0.059801,-0.030849,0.207461,-0.383121,0.122213,0.892216,-0.205506,0.220573,10.810219,0.000000,1,0.025099,1.620660,29.020827,54.456258,-0.422574,54.462153,0.000001
17.733333,7.533333,1,-0.841468,1.443449,0.309393,0.296187,0.260977,-0.207141,0.895129,0.354154,-0.010664,0.019123,-0.097995,0.377707,0.710775,0.585263,-0.295728,-0.906008,0.302812,0.757954,-0.029608,0.651635,0.010316,-0.817892,1.380783,0.102174,0.059793,-0.030819,0.207118,-0.382817,0.122153,0.892351,-0.205524,0.210925,10.945209,0.000000,1,0.024555,1.618375,29.088773,54.421797,-0.421609,54.427154,0.000001
17.766667,7.566667,1,-0.841364,1.443389,0.309035,0.296190,0.261399,-0.206768,0.895092,0.354140,-0.010541,0.018766,-0.098373,0.377897,0.710909,0.584915,-0.296395,-0.905992,0.302206,0.757292,-0.030138,0.652381,0.011330,-0.817892,1.380783,0.102174,0.059691,-0.030845,0.206755,-0.383201,0.121975,0.892139,-0.205831,0.224334,11.145353,0.000000,1,0.024611,1.599911,29.157276,54.391269,-0.416575,54.394037,0.000001
17.800000,7.600000,1,-0.841294,1.443322,0.308685,0.296445,0.261513,-0.206511,0.895033,0.354150,-0.010440,0.018417,-0.098363,0.378176,0.710972,0.584659,-0.296998,-0.905749,0.302341,0.756956,-0.030314,0.652762,0.010903,-0.817892,1.380783,0.102174,0.059603,-0.030841,0.206403,-0.383422,0.122159,0.891974,-0.206025,0.236731,11.513008,0.000000,1,0.024861,1.584756,29.225939,54.357098,-0.412389,54.358951,0.000001
17.833333,7.633333,1,-0.841273,1.443262,0.308377,0.296380,0.261327,-0.206401,0.895134,0.354186,-0.010384,0.018110,-0.098226,0.378034,0.711112,0.584604,-0.297180,-0.905703,0.302302,0.757172,-0.030656,0.652495,0.009429,-0.817892,1.380783,0.102174,0.059549,-0.030803,0.206095,-0.383232,0.122185,0.892018,-0.206175,0.230996,11.947857,0.000000,1,0.024830,1.576152,29.288211,54.322240,-0.409858,54.325334,0.000001
17.866667,7.666667,1,-0.841266,1.443227,0.308054,0.295946,0.261378,-0.206136,0.895324,0.354209,-0.010354,0.017787,-0.098466,0.377667,0.711398,0.584454,-0.297437,-0.905932,0.301361,0.757183,-0.031564,0.652440,0.009751,-0.817892,1.380783,0.102174,0.059524,-0.030768,0.205773,-0.383092,0.121777,0.892057,-0.206506,0.251340,11.069591,0.000000,1,0.025031,1.571599,29.352715,54.287931,-0.408350,54.291371,0.000001
17.900000,7.700000,1,-0.841292,1.443201,0.307670,0.295844,0.261199,-0.205902,0.895464,0.354246,-0.010354,0.017402,-0.098351,0.377494,0.711626,0.584306,-0.297828,-0.905869,0.301165,0.757361,-0.032170,0.652204,0.011596,-0.817892,1.380783,0.102174,0.059527,-0.030709,0.205391,-0.382895,0.121769,0.892079,-0.206784,0.266425,11.560095,0.000000,1,0.025816,1.571687,29.430043,54.245620,-0.408022,54.249560,0.000001
17.933333,7.733333,1,-0.841399,1.443149,0.307280,0.295888,0.260754,-0.205800,0.895603,0.354352,-0.010405,0.017012,-0.097934,0.377334,0.711795,0.584274,-0.298066,-0.905674,0.301515,0.757858,-0.032486,0.651610,0.012227,-0.817892,1.380783,0.102174,0.059558,-0.030568,0.205010,-0.382524,0.122007,0.892168,-0.206946,0.273302,11.734427,0.000000,1,0.026541,1.579012,29.513033,54.190736,-0.409531,54.199569,0.000000
17.966667,7.766667,1,-0.841563,1.443083,0.306911,0.295866,0.260197,-0.205833,0.895764,0.354502,-0.010491,0.016642,-0.097445,0.377066,0.711923,0.584373,-0.298026,-0.905543,0.301948,0.758571,-0.032660,0.650771,0.012260,-0.817892,1.380783,0.102174,0.059610,-0.030376,0.204653,-0.382020,0.122235,0.892339,-0.207002,0.296893,11.638066,0.000000,1,0.026903,1.591726,29.595050,54.129918,-0.412396,54.146802,0.000000
18.000000,7.800000,1,-0.841684,1.443005,0.306477,0.296104,0.259708,-0.205761,0.895844,0.354637,-0.010537,0.016207,-0.096900,0.377059,0.712027,0.584341,-0.298312,-0.905207,0.302671,0.759059,-0.032744,0.650198,0.013734,-0.817892,1.380783,0.102174,0.059629,-0.030206,0.204229,-0.381693,0.122667,0.892395,-0.207108,0.314745,11.613485,0.000000,1,0.027561,1.598201,29.688594,54.065842,-0.413693,54.089118,0.000000
18.033333,7.833333,1,-0.841704,1.442891,0.305981,0.296572,0.259510,-0.205591,0.895786,0.354740,-0.010479,0.015711,-0.096515,0.377390,0.712052,0.584161,-0.298882,-0.904754,0.303465,0.759058,-0.032666,0.650203,0.015275,-0.817892,1.380783,0.102174,0.059560,-0.030092,0.203737,-0.381730,0.123179,0.892282,-0.207226,0.322067,13.116286,0.000000,1,0.028079,1.589197,29.791590,54.001994,-0.411111,54.028949,0.000000
18.066667,7.866667,1,-0.841681,1.442745,0.305468,0.297004,0.259460,-0.205522,0.895673,0.354842,-0.010366,0.015199,-0.096278,0.377755,0.711984,0.584047,-0.299238,-0.904403,0.304156,0.758925,-0.032380,0.650372,0.016021,-0.817892,1.380783,0.102174,0.059440,-0.029993,0.203226,-0.381879,0.123592,0.892160,-0.207228,0.354916,13.860848,0.000000,1,0.028470,1.571896,29.897720,53.936795,-0.406456,53.967275,0.000000
18.100000,7.900000,1,-0.841663,1.442603,0.304935,0.297554,0.259292,-0.205257,0.895600,0.354945,-0.010261,0.014668,-0.095885,0.378171,0.712039,0.583775,-0.300025,-0.903863,0.304986,0.758819,-0.032386,0.650496,0.016537,-0.817892,1.380783,0.102174,0.059327,-0.029891,0.202696,-0.381981,0.124165,0.891992,-0.207422,0.353857,14.349759,0.000000,1,0.028906,1.555593,30.007627,53.869576,-0.402046,53.903587,0.000000
18.133333,7.933333,1,-0.841681,1.442485,0.304439,0.297969,0.259221,-0.204855,0.895574,0.355050,-0.010199,0.014172,-0.095638,0.378510,0.712197,0.583403,-0.300989,-0.903396,0.305421,0.758596,-0.032743,0.650738,0.015324,-0.817892,1.380783,0.102174,0.059254,-0.029776,0.202204,-0.382112,0.124577,0.891799,-0.207761,0.306287,14.563656,0.000000,1,0.028892,1.545917,30.111067,53.804735,-0.399280,53.843101,0.000000
18.166667,7.966667,1,-0.841749,1.442422,0.303992,0.297950,0.259430,-0.204344,0.895637,0.355141,-0.010209,0.013725,-0.095836,0.378584,0.712482,0.582974,-0.301913,-0.903281,0.304847,0.758153,-0.033630,0.651208,0.013692,-0.817892,1.380783,0.102174,0.059253,-0.029657,0.201764,-0.382303,0.124477,0.891620,-0.208241,0.183997,14.487110,0.000000,1,0.028641,1.547312,30.204322,53.746248,-0.399254,53.788943,0.000000
18.200000,8.000000,1,-0.841834,1.442419,0.303558,0.297941,0.259857,-0.203568,0.895693,0.355194,-0.010271,0.013290,-0.096226,0.378764,0.712879,0.582307,-0.303319,-0.903123,0.303919,0.757335,-0.034913,0.652093,0.013267,-0.817892,1.380783,0.102174,0.059311,-0.029561,0.201336,-0.382699,0.124294,0.891310,-0.208950,0.130201,14.614822,0.000000,1,0.028520,1.556605,30.292814,53.695080,-0.401177,53.740060,0.000000
18.233333,8.033333,1,-0.841936,1.442481,0.303102,0.298623,0.259683,-0.203024,0.895639,0.355207,-0.010385,0.012834,-0.095769,0.379296,0.713077,0.581794,-0.304688,-0.902377,0.304764,0.757078,-0.035300,0.652370,0.014126,-0.817892,1.380783,0.102174,0.059432,-0.029488,0.200886,-0.382862,0.124995,0.891036,-0.209398,0.118392,14.791253,0.000000,1,0.028683,1.573948,30.383074,53.648343,-0.405091,53.693075,0.000000
18.266667,8.066667,1,-0.842028,1.442597,0.302612,0.299839,0.258622,-0.202815,0.895588,0.355169,-0.010522,0.012342,-0.094277,0.379910,0.713127,0.581575,-0.305764,-0.901108,0.307430,0.757841,-0.034877,0.651507,0.015360,-0.817892,1.380783,0.102174,0.059590,-0.029453,0.200401,-0.382465,0.126564,0.890948,-0.209556,0.137732,15.042772,0.000000,1,0.028894,1.595150,30.476993,53.606494,-0.409956,53.647691,0.000000
18.300000,8.100000,1,-0.842068,1.442720,0.302123,0.301059,0.257603,-0.202292,0.895590,0.355094,-0.010624,0.011852,-0.092824,0.380547,0.713365,0.581100,-0.307412,-0.899722,0.309837,0.758426,-0.035013,0.650818,0.015180,-0.817892,1.380783,0.102174,0.059725,-0.029464,0.199913,-0.382118,0.128124,0.890765,-0.210017,0.155518,15.297579,0.000000,1,0.028832,1.611024,30.568304,53.570937,-0.413502,53.606380,0.000000
18.333333,8.133333,1,-0.842149,1.442840,0.301677,0.302073,0.256790,-0.201675,0.895622,0.355047,-0.010755,0.011405,-0.091647,0.381089,0.713672,0.580555,-0.309113,-0.898503,0.311676,0.758801,-0.035453,0.650357,0.014059,-0.817892,1.380783,0.102174,0.059879,-0.029444,0.199471,-0.381863,0.129409,0.890557,-0.210577,0.158136,15.507787,0.000000,1,0.028827,1.631340,30.653080,53.534684,-0.418161,53.566564,0.000000
18.366667,8.166667,1,-0.842293,1.443013,0.301263,0.303079,0.256032,-0.201262,0.895592,0.354996,-0.010970,0.010988,-0.090521,0.381650,0.713833,0.580165,-0.310428,-0.897377,0.313607,0.759187,-0.035502,0.649903,0.014129,-0.817892,1.380783,0.102174,0.060112,-0.029406,0.199064,-0.381648,0.130658,0.890384,-0.210925,0.136816,15.717143,0.000000,1,0.028767,1.664240,30.731769,53.501496,-0.425940,53.530104,0.000000
18.400000,8.200000,1,-0.842397,1.443210,0.300853,0.304037,0.255384,-0.200886,0.895536,0.354900,-0.011167,0.010576,-0.089516,0.382218,0.713953,0.579799,-0.311640,-0.896328,0.315399,0.759469,-0.035485,0.649575,0.014010,-0.817892,1.380783,0.102174,0.060342,-0.029414,0.198658,-0.381508,0.131815,0.890202,-0.211227,0.146949,15.977481,0.000000,1,0.028608,1.694829,30.806923,53.476033,-0.433148,53.498697,0.000000
18.433333,8.233333,1,-0.842407,1.443374,0.300460,0.304741,0.254786,-0.200500,0.895554,0.354776,-0.011269,0.010181,-0.088668,0.382580,0.714143,0.579457,-0.312736,-0.895475,0.316733,0.759785,-0.035725,0.649192,0.012784,-0.817892,1.380783,0.102174,0.060488,-0.029480,0.198263,-0.381300,0.132721,0.890074,-0.211576,0.118634,16.066314,0.000000,1,0.028349,1.711032,30.876658,53.457565,-0.436806,53.472443,0.000000
18.466667,8.266667,1,-0.842397,1.443455,0.300095,0.305439,0.254033,-0.200234,0.895589,0.354705,-0.011306,0.009816,-0.087685,0.382868,0.714295,0.579229,-0.313611,-0.894624,0.318270,0.760337,-0.035813,0.648541,0.011222,-0.817892,1.380783,0.102174,0.060556,-0.029513,0.197896,-0.380950,0.133688,0.890019,-0.211829,0.113995,16.180459,0.000000,1,0.028525,1.717142,30.943923,53.433217,-0.438000,53.443735,0.000000
18.500000,8.300000,1,-0.842427,1.443447,0.299747,0.306264,0.253299,-0.200091,0.895548,0.354728,-0.011321,0.009468,-0.086660,0.383278,0.714324,0.579076,-0.314321,-0.893726,0.320088,0.760866,-0.035537,0.647935,0.010474,-0.817892,1.380783,0.102174,0.060575,-0.029464,0.197551,-0.380668,0.134759,0.889953,-0.211935,0.107582,16.240119,0.000000,1,0.029116,1.719515,31.013589,53.394893,-0.438304,53.406976,0.000000
18.533333,8.333333,1,-0.842444,1.443372,0.299394,0.307418,0.252862,-0.199878,0.895323,0.354799,-0.011285,0.009116,-0.085756,0.384116,0.714223,0.578780,-0.315319,-0.892637,0.322140,0.760875,-0.034936,0.647957,0.010838,-0.817892,1.380783,0.102174,0.060532,-0.029384,0.197202,-0.380798,0.135995,0.889692,-0.212006,0.103635,16.341230,0.000000,1,0.029621,1.713868,31.086988,53.348435,-0.436642,53.364896,0.000000
18.566667,8.366667,1,-0.842408,1.443217,0.299053,0.308414,0.253210,-0.199554,0.894955,0.354901,-0.011160,0.008776,-0.085625,0.385164,0.714043,0.578325,-0.316417,-0.891857,0.323220,0.759938,-0.034378,0.649086,0.011286,-0.817892,1.380783,0.102174,0.060394,-0.029301,0.196862,-0.381555,0.136744,0.889231,-0.212098,0.109724,16.496890,0.000000,1,0.029888,1.694455,31.159710,53.298316,-0.431587,53.321084,0.000000
18.600000,8.400000,1,-0.842399,1.443037,0.298697,0.309001,0.254067,-0.199194,0.894590,0.355039,-0.011041,0.008421,-0.086133,0.386072,0.713882,0.577842,-0.317359,-0.891530,0.323200,0.758515,-0.034093,0.650763,0.011960,-0.817892,1.380783,0.102174,0.060253,-0.029179,0.196509,-0.382583,0.136898,0.888736,-0.212222,0.110074,16.703241,0.000000,1,0.030458,1.675960,31.237614,53.240651,-0.426764,53.271902,0.000000
18.633333,8.433333,1,-0.842451,1.442885,0.298288,0.309476,0.254709,-0.198712,0.894350,0.355191,-0.010986,0.008013,-0.086499,0.386784,0.713887,0.577306,-0.318471,-0.891175,0.323084,0.757349,-0.034232,0.652113,0.013186,-0.817892,1.380783,0.102174,0.060170,-0.029023,0.196107,-0.383375,0.137049,0.888300,-0.212519,0.131952,16.935146,0.000000,1,0.031255,1.667042,31.326987,53.175007,-0.424299,53.215416,0.000000
18.666667,8.466667,1,-0.842542,1.442737,0.297855,0.309965,0.254800,-0.198033,0.894305,0.355365,-0.010965,0.007580,-0.086365,0.387261,0.714152,0.576678,-0.319967,-0.890563,0.323293,0.756779,-0.034944,0.652736,0.014005,-0.817892,1.380783,0.102174,0.060114,-0.028835,0.195683,-0.383690,0.137462,0.887963,-0.213091,0.143077,17.169058,0.000000,1,0.031872,1.663246,31.422522,53.103093,-0.423090,53.154029,0.000000
18.700000,8.500000,1,-0.842691,1.442553,0.297461,0.310274,0.254529,-0.197339,0.894428,0.355601,-0.010969,0.007185,-0.085988,0.387414,0.714573,0.576109,-0.321408,-0.889970,0.323496,0.756718,-0.036017,0.652748,0.013794,-0.817892,1.380783,0.102174,0.060064,-0.028583,0.195302,-0.383606,0.137873,0.887774,-0.213765,0.135053,17.411915,0.000000,1,0.032245,1.662958,31.514636,53.024104,-0.422742,53.089991,0.000000
18.733333,8.533333,1,-0.842833,1.442360,0.297116,0.310334,0.254330,-0.196868,0.894568,0.355841,-0.010962,0.006840,-0.085786,0.387376,0.714908,0.575749,-0.322308,-0.889678,0.323406,0.756753,-0.036905,0.652659,0.012606,-0.817892,1.380783,0.102174,0.060000,-0.028333,0.194970,-0.383469,0.138024,0.887692,-0.214251,0.141298,17.622752,0.000000,1,0.032103,1.661043,31.597431,52.949129,-0.421974,53.030757,0.000000
18.766667,8.566667,1,-0.842888,1.442190,0.296788,0.310337,0.254523,-0.196267,0.894644,0.356009,-0.010900,0.006513,-0.085960,0.387463,0.715245,0.575246,-0.323405,-0.889496,0.322809,0.756271,-0.037928,0.653158,0.011201,-0.817892,1.380783,0.102174,0.059903,-0.028169,0.194650,-0.383657,0.137952,0.887485,-0.214817,0.143148,17.784204,0.000000,1,0.031664,1.651031,31.672282,52.888029,-0.419190,52.981091,0.000000
18.800000,8.600000,1,-0.842933,1.442038,0.296490,0.310634,0.254562,-0.195757,0.894642,0.356157,-0.010841,0.006215,-0.085864,0.387746,0.715472,0.574788,-0.324493,-0.889075,0.322877,0.755902,-0.038544,0.653549,0.010123,-0.817892,1.380783,0.102174,0.059814,-0.028025,0.194358,-0.383837,0.138212,0.887259,-0.215263,0.164982,17.983809,0.000000,1,0.031462,1.641603,31.740013,52.833223,-0.416535,52.936747,0.000000
18.833333,8.633333,1,-0.843028,1.441878,0.296300,0.311237,0.253788,-0.195625,0.894681,0.356342,-0.010819,0.006026,-0.084903,0.387940,0.715566,0.574682,-0.325065,-0.888321,0.324376,0.756571,-0.038488,0.652778,0.007971,-0.817892,1.380783,0.102174,0.059746,-0.027842,0.194177,-0.383423,0.139101,0.887266,-0.215401,0.096125,18.022503,0.000000,1,0.030984,1.637610,31.789183,52.782442,-0.415202,52.899667,0.000000
18.866667,8.666667,1,-0.843118,1.441695,0.296203,0.311733,0.253023,-0.195502,0.894752,0.356542,-0.010780,0.005929,-0.083997,0.388041,0.715685,0.574599,-0.325561,-0.887652,0.325705,0.757275,-0.038520,0.651959,0.006780,-0.817892,1.380783,0.102174,0.059655,-0.027655,0.194089,-0.382967,0.139890,0.887303,-0.215547,0.237157,18.051441,0.000000,1,0.030450,1.630918,31.821329,52.738169,-0.413205,52.870676,0.000000
18.900000,8.700000,1,-0.843205,1.441521,0.296086,0.312135,0.252903,-0.195254,0.894700,0.356734,-0.010743,0.005812,-0.083712,0.388347,0.715750,0.574352,-0.326224,-0.887204,0.326262,0.757167,-0.038612,0.652080,0.006820,-0.817892,1.380783,0.102174,0.059568,-0.027474,0.193981,-0.383046,0.140309,0.887156,-0.215738,0.171599,18.111691,0.000000,1,0.030663,1.624635,31.856574,52.693565,-0.411306,52.840609,0.000000
18.933333,8.733333,1,-0.843327,1.441384,0.295943,0.312615,0.252756,-0.194995,0.894630,0.356916,-0.010756,0.005669,-0.083368,0.388710,0.715806,0.574087,-0.326948,-0.886682,0.326957,0.757058,-0.038657,0.652203,0.006966,-0.817892,1.380783,0.102174,0.059534,-0.027287,0.193848,-0.383134,0.140811,0.886992,-0.215931,0.197513,18.197237,0.000000,1,0.030963,1.626030,31.896531,52.647706,-0.411275,52.808558,0.000000
18.966667,8.766667,1,-0.843479,1.441297,0.295828,0.313050,0.252268,-0.194732,0.894673,0.357077,-0.010824,0.005554,-0.082738,0.388881,0.715963,0.573867,-0.327662,-0.886085,0.327858,0.757385,-0.038896,0.651810,0.006275,-0.817892,1.380783,0.102174,0.059557,-0.027107,0.193745,-0.382901,0.141425,0.886933,-0.216185,0.277015,18.302302,0.000000,1,0.030728,1.635701,31.929901,52.607795,-0.413247,52.781430,0.000000
19.000000,8.800000,1,-0.843633,1.441267,0.295756,0.313327,0.251594,-0.194470,0.894823,0.357194,-0.010929,0.005480,-0.082012,0.388827,0.716213,0.573695,-0.328295,-0.885553,0.328660,0.757999,-0.039375,0.651066,0.005196,-0.817892,1.380783,0.102174,0.059626,-0.026960,0.193683,-0.382434,0.141978,0.886970,-0.216495,0.335406,18.345338,0.000000,1,0.030184,1.651126,31.952461,52.579134,-0.416603,52.763148,0.000000
19.033333,8.833333,1,-0.843781,1.441281,0.295693,0.313667,0.250916,-0.193916,0.895014,0.357272,-0.011055,0.005416,-0.081256,0.388826,0.716631,0.573281,-0.329492,-0.884851,0.329353,0.758474,-0.040325,0.650455,0.004847,-0.817892,1.380783,0.102174,0.059727,-0.026846,0.193629,-0.381999,0.142596,0.886915,-0.217082,0.405875,18.346665,0.000000,1,0.029914,1.669969,31.970765,52.557902,-0.420787,52.749868,0.000000
19.066667,8.866667,1,-0.843912,1.441319,0.295648,0.313826,0.250356,-0.193127,0.895286,0.357320,-0.011181,0.005369,-0.080687,0.388716,0.717226,0.572693,-0.331025,-0.884229,0.329488,0.758771,-0.041846,0.650011,0.004300,-0.817892,1.380783,0.102174,0.059835,-0.026761,0.193591,-0.381595,0.143002,0.886819,-0.217917,0.429346,18.319611,0.000000,1,0.029621,1.688953,31.983883,52.543265,-0.425009,52.741385,0.000000
19.100000,8.900000,1,-0.844040,1.441381,0.295574,0.313837,0.249629,-0.192441,0.895633,0.357348,-0.011320,0.005294,-0.080033,0.388397,0.717841,0.572230,-0.332295,-0.883709,0.329602,0.759370,-0.043401,0.649209,0.004809,-0.817892,1.380783,0.102174,0.059963,-0.026690,0.193524,-0.380974,0.143348,0.886837,-0.218701,0.409111,18.323812,0.000000,1,0.029757,1.709942,32.001025,52.529565,-0.429731,52.732188,0.000000
19.133333,8.933333,1,-0.844167,1.441489,0.295393,0.314385,0.248288,-0.191860,0.895938,0.357338,-0.011484,0.005111,-0.078592,0.388286,0.718372,0.571838,-0.333649,-0.882617,0.331157,0.760553,-0.044470,0.647751,0.007380,-0.817892,1.380783,0.102174,0.060129,-0.026642,0.193349,-0.380045,0.144447,0.886891,-0.219374,0.404901,18.271303,0.000000,1,0.030497,1.734945,32.036666,52.511563,-0.435443,52.715566,0.000000
19.166667,8.966667,1,-0.844291,1.441591,0.295148,0.315306,0.247030,-0.191256,0.896091,0.357331,-0.011642,0.004864,-0.077057,0.388546,0.718780,0.571358,-0.335225,-0.881241,0.333224,0.761480,-0.045164,0.646613,0.008784,-0.817892,1.380783,0.102174,0.060291,-0.026588,0.193111,-0.379354,0.145847,0.886806,-0.219987,0.512272,18.317799,0.000000,1,0.031158,1.759003,32.084855,52.486863,-0.440950,52.691923,0.000000
19.200000,9.000000,1,-0.844510,1.441637,0.294956,0.315752,0.246129,-0.190511,0.896341,0.357426,-0.011842,0.004670,-0.076055,0.388541,0.719335,0.570797,-0.336813,-0.880289,0.334137,0.762087,-0.046454,0.645806,0.008846,-0.817892,1.380783,0.102174,0.060461,-0.026428,0.192932,-0.378773,0.146662,0.886724,-0.220773,0.521579,18.293736,0.000000,1,0.031555,1.788923,32.129587,52.449783,-0.447909,52.662703,0.000000
19.233333,9.033333,1,-0.844888,1.441640,0.294807,0.315921,0.245003,-0.189775,0.896746,0.357651,-0.012144,0.004517,-0.074975,0.388185,0.720024,0.570313,-0.338244,-0.879486,0.334807,0.763070,-0.048110,0.644523,0.012187,-0.817892,1.380783,0.102174,0.060692,-0.026117,0.192806,-0.377870,0.147329,0.886785,-0.221634,0.613224,18.337280,0.000000,1,0.032337,1.833622,32.174474,52.394396,-0.458477,52.623838,0.000000
19.266667,9.066667,1,-0.845360,1.441618,0.294590,0.316744,0.243086,-0.189211,0.897096,0.357953,-0.012506,0.004296,-0.072893,0.388064,0.720588,0.569953,-0.339681,-0.877976,0.337304,0.764828,-0.049121,0.642359,0.015609,-0.817892,1.380783,0.102174,0.060958,-0.025712,0.192620,-0.376551,0.148932,0.886907,-0.222318,0.915062,18.322264,0.000000,1,0.033717,1.886882,32.237575,52.318909,-0.471126,52.569471,0.000000
19.300000,9.100000,1,-0.845887,1.441560,0.294299,0.318834,0.240115,-0.188834,0.897235,0.358316,-0.012889,0.004001,-0.069304,0.388607,0.720883,0.569658,-0.341374,-0.875177,0.342826,0.767449,-0.048950,0.639238,0.018137,-0.817892,1.380783,0.102174,0.061232,-0.025237,0.192363,-0.374853,0.152141,0.886977,-0.222732,0.862732,18.357510,0.000000,1,0.035066,1.943101,32.319046,52.225646,-0.484481,52.500849,0.000000
19.333333,9.133333,1,-0.846451,1.441395,0.294106,0.321244,0.237231,-0.188329,0.897249,0.358787,-0.013237,0.003803,-0.065649,0.389474,0.721125,0.569191,-0.343423,-0.872054,0.348688,0.769778,-0.048662,0.636453,0.018550,-0.817892,1.380783,0.102174,0.061437,-0.024675,0.192208,-0.373376,0.155601,0.886883,-0.223197,0.948705,18.373872,0.000000,1,0.035334,1.993403,32.388743,52.123476,-0.496384,52.430911,0.000000
19.366667,9.166667,1,-0.847000,1.441097,0.294033,0.323317,0.234967,-0.187600,0.897253,0.359355,-0.013495,0.003727,-0.062702,0.390318,0.721457,0.568524,-0.345697,-0.869280,0.353336,0.771384,-0.048864,0.634491,0.018866,-0.817892,1.380783,0.102174,0.061525,-0.024053,0.192174,-0.372306,0.158487,0.886658,-0.223849,1.022176,18.387410,0.000000,1,0.035305,2.029530,32.440970,52.017188,-0.504841,52.363691,0.000000
19.400000,9.200000,1,-0.847517,1.440743,0.293919,0.325254,0.232305,-0.187033,0.897365,0.359949,-0.013694,0.003611,-0.059458,0.390861,0.721813,0.568048,-0.347571,-0.866529,0.358221,0.773570,-0.049097,0.631806,0.019110,-0.817892,1.380783,0.102174,0.061549,-0.023421,0.192100,-0.370817,0.161426,0.886607,-0.224418,1.197264,18.436728,0.000000,1,0.036060,2.056400,32.502390,51.902984,-0.511034,52.289910,0.000000
19.433333,9.233333,1,-0.848094,1.440459,0.293728,0.327367,0.228144,-0.187014,0.897667,0.360523,-0.013982,0.003416,-0.054791,0.390894,0.722091,0.568141,-0.348429,-0.863333,0.365038,0.777664,-0.048836,0.626780,0.020120,-0.817892,1.380783,0.102174,0.061667,-0.022778,0.191950,-0.368064,0.165179,0.887014,-0.224613,1.377675,18.489299,0.000000,1,0.036920,2.096741,32.578278,51.783706,-0.520383,52.209709,0.000000
19.466667,9.266667,1,-0.848800,1.440316,0.293561,0.330209,0.222448,-0.187238,0.898010,0.361062,-0.014457,0.003244,-0.048423,0.390895,0.722296,0.568458,-0.349021,-0.859047,0.374464,0.783334,-0.048113,0.619736,0.022187,-0.817892,1.380783,0.102174,0.061974,-0.022116,0.191829,-0.364264,0.170267,0.887617,-0.224626,1.522564,18.494736,0.000000,1,0.036983,2.165293,32.648457,51.670773,-0.536365,52.134635,0.000000
19.500000,9.300000,1,-0.849606,1.440293,0.293435,0.333980,0.215740,-0.187600,0.898176,0.361566,-0.015087,0.003111,-0.040736,0.391277,0.722284,0.568814,-0.349582,-0.853568,0.386282,0.789813,-0.046706,0.611567,0.024506,-0.817892,1.380783,0.102174,0.062437,-0.021448,0.191755,-0.359974,0.176640,0.888170,-0.224436,1.621385,18.378922,0.000000,1,0.036877,2.256892,32.709158,51.566497,-0.557728,52.066887,0.000000
19.533333,9.333333,1,-0.850409,1.440286,0.293293,0.337493,0.209335,-0.188266,0.898239,0.362055,-0.015722,0.002962,-0.033432,0.391564,0.722043,0.569398,-0.349337,-0.848441,0.397633,0.796078,-0.044927,0.603525,0.024462,-0.817892,1.380783,0.102174,0.062911,-0.020790,0.191662,-0.355827,0.182642,0.888755,-0.223929,1.676573,18.361434,0.000000,1,0.037194,2.349278,32.772350,51.462756,-0.579203,51.998871,0.000000
19.566667,9.366667,1,-0.851106,1.440216,0.293168,0.339990,0.204191,-0.188701,0.898390,0.362530,-0.016235,0.002830,-0.027712,0.391504,0.721983,0.569823,-0.349068,-0.844503,0.406159,0.801105,-0.044054,0.596900,0.021352,-0.817892,1.380783,0.102174,0.063271,-0.020182,0.191582,-0.352356,0.187172,0.889262,-0.223663,1.783451,18.351747,0.000000,1,0.037050,2.423321,32.831051,51.363659,-0.596271,51.934585,0.000000
19.600000,9.400000,1,-0.851643,1.440157,0.293096,0.341854,0.200418,-0.188528,0.898569,0.362899,-0.016628,0.002755,-0.023504,0.391487,0.722219,0.569724,-0.349724,-0.841334,0.412129,0.804528,-0.044305,0.592260,0.016339,-0.817892,1.380783,0.102174,0.063544,-0.019712,0.191545,-0.349836,0.190535,0.889473,-0.223937,1.865383,18.372208,0.000000,1,0.035864,2.479845,32.872003,51.288582,-0.609108,51.887769,0.000000
19.633333,9.433333,1,-0.852053,1.440174,0.293029,0.343261,0.197728,-0.187918,0.898756,0.363133,-0.016964,0.002684,-0.020472,0.391543,0.722658,0.569245,-0.351083,-0.838770,0.416180,0.806708,-0.045309,0.589211,0.012481,-0.817892,1.380783,0.102174,0.063802,-0.019388,0.191503,-0.348088,0.193012,0.889460,-0.224592,1.858767,18.395460,0.000000,1,0.034899,2.528763,32.903015,51.237476,-0.620074,51.856234,0.000000
19.666667,9.466667,1,-0.852401,1.440225,0.292988,0.344192,0.196510,-0.186941,0.898871,0.363301,-0.017272,0.002639,-0.018970,0.391830,0.723198,0.568413,-0.353093,-0.837017,0.418004,0.807284,-0.046752,0.588308,0.010603,-0.817892,1.380783,0.102174,0.064051,-0.019138,0.191482,-0.347444,0.194412,0.889172,-0.225520,1.875412,18.365931,0.000000,1,0.034275,2.573772,32.924481,51.200522,-0.630088,51.834652,0.000000
19.700000,9.500000,1,-0.852698,1.440302,0.292978,0.345020,0.195880,-0.186049,0.898876,0.363419,-0.017556,0.002625,-0.018042,0.392287,0.723603,0.567612,-0.354982,-0.835607,0.419224,0.807297,-0.047855,0.588202,0.009225,-0.817892,1.380783,0.102174,0.064289,-0.018944,0.191489,-0.347275,0.195456,0.888808,-0.226313,1.786241,18.319977,0.000000,1,0.033708,2.615422,32.936515,51.175293,-0.639299,51.821676,0.000000
19.733333,9.533333,1,-0.852933,1.440404,0.292954,0.346214,0.195241,-0.185408,0.898688,0.363479,-0.017805,0.002599,-0.016940,0.393070,0.723725,0.566948,-0.356565,-0.833947,0.421181,0.807313,-0.048131,0.588158,0.007728,-0.817892,1.380783,0.102174,0.064512,-0.018814,0.191478,-0.347252,0.196828,0.888393,-0.226786,1.622806,18.273089,0.000000,1,0.033420,2.652296,32.947187,51.158995,-0.647388,51.813633,0.000000
19.766667,9.566667,1,-0.853154,1.440508,0.292847,0.347484,0.194973,-0.184814,0.898379,0.363529,-0.018043,0.002489,-0.016138,0.394087,0.723719,0.566274,-0.358147,-0.832365,0.422964,0.806926,-0.048059,0.588694,0.007991,-0.817892,1.380783,0.102174,0.064729,-0.018692,0.191384,-0.347591,0.198103,0.887884,-0.227153,1.274501,18.197560,0.000000,1,0.034081,2.687553,32.972895,51.136563,-0.655130,51.798186,0.000000
19.800000,9.600000,1,-0.853405,1.440591,0.292649,0.348711,0.194627,-0.184363,0.898071,0.363613,-0.018290,0.002288,-0.015284,0.395031,0.723649,0.565729,-0.359435,-0.830853,0.424840,0.806703,-0.047804,0.589021,0.009896,-0.817892,1.380783,0.102174,0.064948,-0.018529,0.191200,-0.347837,0.199371,0.887442,-0.227394,0.894006,18.127049,0.000000,1,0.035217,2.724030,33.018591,51.099132,-0.663205,51.769390,0.000000
19.833333,9.633333,1,-0.853667,1.440586,0.292440,0.349998,0.193639,-0.184021,0.897854,0.363775,-0.018494,0.002077,-0.013828,0.395742,0.723612,0.565317,-0.360452,-0.829084,0.427428,0.807195,-0.047610,0.588361,0.010058,-0.817892,1.380783,0.102174,0.065104,-0.018303,0.191007,-0.347538,0.200977,0.887145,-0.227594,0.597974,18.114079,0.000000,1,0.035970,2.753483,33.071301,51.047793,-0.669672,51.731345,0.000000
19.866667,9.666667,1,-0.853878,1.440420,0.292330,0.351177,0.192678,-0.183532,0.897700,0.364034,-0.018562,0.001967,-0.012444,0.396367,0.723696,0.564803,-0.361685,-0.827356,0.429727,0.807626,-0.047781,0.587756,0.008696,-0.817892,1.380783,0.102174,0.065098,-0.018028,0.190914,-0.347218,0.202476,0.886837,-0.227954,0.558429,18.113626,0.000000,1,0.035902,2.761876,33.110589,50.990812,-0.671231,51.693877,0.000000
19.900000,9.700000,1,-0.853996,1.440115,0.292299,0.352118,0.192377,-0.182940,0.897517,0.364349,-0.018472,0.001936,-0.011758,0.397074,0.723800,0.564188,-0.363108,-0.826056,0.431027,0.807380,-0.048048,0.588073,0.009861,-0.817892,1.380783,0.102174,0.064924,-0.017750,0.190895,-0.347382,0.203470,0.886435,-0.228384,0.574041,18.119312,0.000000,1,0.035732,2.746493,33.137631,50.933639,-0.667229,51.659516,0.000000
19.933333,9.733333,1,-0.854068,1.439823,0.292209,0.353142,0.192029,-0.182518,0.897275,0.364625,-0.018353,0.001847,-0.010993,0.397836,0.723775,0.563698,-0.364248,-0.824727,0.432606,0.807234,-0.047942,0.588281,0.009397,-0.817892,1.380783,0.102174,0.064734,-0.017514,0.190815,-0.347536,0.204556,0.886060,-0.228635,0.747198,18.156376,0.000000,1,0.036042,2.727108,33.173169,50.877619,-0.662267,51.623452,0.000000
19.966667,9.766667,1,-0.854179,1.439681,0.292031,0.354244,0.190887,-0.182381,0.897112,0.364806,-0.018354,0.001669,-0.009480,0.398313,0.723693,0.563494,-0.364770,-0.823145,0.435172,0.808041,-0.047643,0.587197,0.007620,-0.817892,1.380783,0.102174,0.064689,-0.017329,0.190647,-0.347013,0.206060,0.885904,-0.228683,0.940137,18.199656,0.000000,1,0.036283,2.726135,33.220160,50.827859,-0.661550,51.587663,0.000000
20.000000,9.800000,1,-0.854325,1.439702,0.291862,0.354944,0.189551,-0.182496,0.897096,0.364876,-0.018482,0.001499,-0.007971,0.398343,0.723627,0.563581,-0.364626,-0.821995,0.437461,0.809294,-0.047398,0.585489,0.006714,-0.817892,1.380783,0.102174,0.064797,-0.017215,0.190488,-0.346132,0.207284,0.885988,-0.228586,1.082225,18.244642,0.000000,1,0.035637,2.744706,33.258848,50.796512,-0.665324,51.563841,0.000000
20.033333,9.833333,1,-0.854445,1.439849,0.291759,0.355331,0.188591,-0.182872,0.897068,0.364831,-0.018665,0.001394,-0.006939,0.398263,0.723434,0.563899,-0.363939,-0.821414,0.439121,0.810361,-0.046809,0.584059,0.006483,-0.817892,1.380783,0.102174,0.064989,-0.017200,0.190390,-0.345442,0.208053,0.886163,-0.228250,1.165405,18.295707,0.000000,1,0.034399,2.772376,33.277623,50.790824,-0.671169,51.558825,0.000000
20.066667,9.866667,1,-0.854583,1.440089,0.291660,0.355973,0.187578,-0.183123,0.896975,0.364723,-0.018918,0.001292,-0.005744,0.398386,0.723238,0.564076,-0.363570,-0.820500,0.441131,0.811346,-0.046214,0.582736,0.008804,-0.817892,1.380783,0.102174,0.065265,-0.017225,0.190295,-0.344818,0.209078,0.886232,-0.227991,0.949397,18.275018,0.000000,1,0.034030,2.810876,33.291644,50.795764,-0.679541,51.560586,0.000000
20.100000,9.900000,1,-0.854797,1.440348,0.291556,0.357442,0.185907,-0.183087,0.896746,0.364644,-0.019244,0.001184,-0.003594,0.398956,0.723053,0.563929,-0.363942,-0.818369,0.444768,0.812633,-0.045636,0.580986,0.010562,-0.817892,1.380783,0.102174,0.065603,-0.017201,0.190200,-0.343985,0.211147,0.886083,-0.227923,0.478721,18.180270,0.000000,1,0.034383,2.859992,33.308954,50.794472,-0.690443,51.558079,0.000000
20.133333,9.933333,1,-0.855030,1.440535,0.291509,0.359508,0.184148,-0.182981,0.896304,0.364635,-0.019542,0.001134,-0.001100,0.400023,0.722710,0.563624,-0.364655,-0.815552,0.449335,0.813792,-0.044621,0.579440,0.009068,-0.817892,1.380783,0.102174,0.065893,-0.017122,0.190164,-0.343338,0.213795,0.885728,-0.227808,0.168840,18.069325,0.000000,1,0.034369,2.904478,33.319683,50.787314,-0.700331,51.554114,0.000000
20.166667,9.966667,1,-0.855200,1.440614,0.291540,0.361814,0.183027,-0.182737,0.895656,0.364675,-0.019726,0.001163,0.000929,0.401588,0.722246,0.563104,-0.365826,-0.812654,0.453614,0.814146,-0.043281,0.579045,0.005699,-0.817892,1.380783,0.102174,0.066057,-0.017034,0.190204,-0.343366,0.216377,0.885117,-0.227704,0.259990,18.026675,0.000000,1,0.033949,2.931600,33.317881,50.780750,-0.706222,51.553650,0.000000
20.200000,10.000000,1,-0.855367,1.440636,0.291576,0.364236,0.181703,-0.182587,0.894974,0.364758,-0.019873,0.001197,0.003192,0.403168,0.721711,0.562653,-0.366823,-0.809572,0.458295,0.814720,-0.041755,0.578349,0.005182,-0.817892,1.380783,0.102174,0.066173,-0.016915,0.190249,-0.343262,0.219153,0.884526,-0.227503,0.571514,18.050997,0.000000,1,0.034203,2.952978,33.317829,50.767621,-0.710819,51.549123,0.000000
20.233333,10.033333,1,-0.855582,1.440655,0.291549,0.366935,0.180025,-0.182596,0.894208,0.364871,-0.020055,0.001169,0.005897,0.404838,0.721031,0.562303,-0.367560,-0.806102,0.463788,0.815651,-0.039841,0.577170,0.006501,-0.817892,1.380783,0.102174,0.066316,-0.016753,0.190236,-0.342962,0.222335,0.883945,-0.227124,0.712116,18.120443,0.000000,1,0.035006,2.979327,33.331742,50.743011,-0.716605,51.534737,0.000000
20.266667,10.066667,1,-0.855738,1.440669,0.291469,0.369935,0.178925,-0.182342,0.893244,0.364954,-0.020188,0.001086,0.008215,0.407036,0.720294,0.561633,-0.369003,-0.802393,0.469044,0.815769,-0.037781,0.577143,0.005304,-0.817892,1.380783,0.102174,0.066422,-0.016630,0.190165,-0.343315,0.225533,0.883063,-0.226870,0.519867,18.124851,0.000000,1,0.035271,2.998529,33.354007,50.718581,-0.720731,51.518142,0.000000
20.300000,10.100000,1,-0.855745,1.440633,0.291395,0.372549,0.178756,-0.181492,0.892364,0.364987,-0.020171,0.001013,0.009526,0.409302,0.719898,0.560472,-0.371562,-0.799166,0.472521,0.814763,-0.036686,0.578633,0.002457,-0.817892,1.380783,0.102174,0.066399,-0.016599,0.190093,-0.344339,0.227981,0.881956,-0.227174,0.315276,18.086279,0.000000,1,0.034796,2.995952,33.370767,50.704909,-0.719782,51.508576,0.000000
20.333333,10.133333,1,-0.855663,1.440562,0.291318,0.374126,0.179100,-0.180342,0.891869,0.364994,-0.020062,0.000938,0.009915,0.410866,0.719975,0.559219,-0.374351,-0.797100,0.473806,0.813396,-0.036926,0.580538,0.004005,-0.817892,1.380783,0.102174,0.066295,-0.016619,0.190012,-0.345370,0.229272,0.881023,-0.227931,0.376620,18.105346,0.000000,1,0.034624,2.979746,33.385912,50.696373,-0.715668,51.502036,0.000000
20.366667,10.166667,1,-0.855616,1.440525,0.291166,0.374913,0.179752,-0.179366,0.891604,0.364996,-0.020000,0.000786,0.009678,0.411861,0.720180,0.558228,-0.376576,-0.796077,0.473764,0.812021,-0.037505,0.582422,0.004904,-0.817892,1.380783,0.102174,0.066240,-0.016624,0.189858,-0.346321,0.229709,0.880349,-0.228651,0.571985,18.133558,0.000000,1,0.035300,2.970678,33.415354,50.680877,-0.713229,51.487964,0.000000
20.400000,10.200000,1,-0.855623,1.440530,0.290945,0.375631,0.180584,-0.178685,0.891270,0.364996,-0.020006,0.000565,0.009249,0.412874,0.720191,0.557472,-0.378279,-0.795335,0.473653,0.810610,-0.037520,0.584383,0.006641,-0.817892,1.380783,0.102174,0.066253,-0.016608,0.189638,-0.347394,0.229998,0.879741,-0.229073,0.677326,18.144812,0.000000,1,0.036016,2.971694,33.458448,50.658051,-0.713146,51.466386,0.000000
20.433333,10.233333,1,-0.855584,1.440487,0.290765,0.376619,0.181678,-0.177978,0.890772,0.365006,-0.019948,0.000386,0.008706,0.414247,0.720068,0.556620,-0.380198,-0.794395,0.473694,0.808821,-0.037148,0.586880,0.005661,-0.817892,1.380783,0.102174,0.066200,-0.016604,0.189457,-0.348819,0.230415,0.878974,-0.229432,0.612806,18.185622,0.000000,1,0.035784,2.963049,33.493966,50.638189,-0.710825,51.448360,0.000000
20.466667,10.266667,1,-0.855412,1.440373,0.290706,0.377543,0.183186,-0.177173,0.890233,0.364994,-0.019741,0.000329,0.007764,0.415747,0.719953,0.555663,-0.382356,-0.793647,0.473211,0.806559,-0.036786,0.590008,0.006448,-0.817892,1.380783,0.102174,0.066007,-0.016670,0.189389,-0.350585,0.230592,0.878115,-0.229852,0.580772,18.954067,0.000000,1,0.034587,2.932550,33.504055,50.635496,-0.703413,51.446063,0.000000
20.500000,10.300000,1,-0.855105,1.440215,0.290729,0.378127,0.185722,-0.176130,0.889666,0.364935,-0.019401,0.000355,0.005749,0.417401,0.719921,0.554488,-0.385019,-0.793577,0.471165,0.803175,-0.036639,0.594616,0.010387,-0.817892,1.380783,0.102174,0.065697,-0.016825,0.189396,-0.353120,0.230008,0.877093,-0.230458,0.685146,19.472223,0.000000,1,0.033516,2.882569,33.494373,50.650480,-0.691462,51.458192,0.000000
20.533333,10.333333,1,-0.854782,1.440063,0.290733,0.378709,0.188414,-0.175314,0.889013,0.364863,-0.019051,0.000364,0.003594,0.419124,0.719711,0.553478,-0.387297,-0.793676,0.469126,0.799701,-0.035993,0.599318,0.010706,-0.817892,1.380783,0.102174,0.065383,-0.016994,0.189383,-0.355787,0.229349,0.876092,-0.230819,0.778696,19.956609,0.000000,1,0.033521,2.831249,33.487008,50.666244,-0.679209,51.469967,0.000000
20.566667,10.366667,1,-0.854577,1.439877,0.290710,0.380084,0.189899,-0.175317,0.888110,0.364888,-0.018776,0.000343,0.002876,0.421021,0.718911,0.553082,-0.388185,-0.792812,0.469853,0.797655,-0.033684,0.602173,0.008318,-0.817892,1.380783,0.102174,0.065113,-0.017046,0.189350,-0.357710,0.229926,0.875282,-0.230344,0.813906,20.131195,0.000000,1,0.034434,2.790170,33.491764,50.661953,-0.669387,51.467847,0.000000
20.600000,10.400000,1,-0.854425,1.439547,0.290765,0.381922,0.190875,-0.175572,0.887061,0.365060,-0.018456,0.000401,0.002820,0.423107,0.717871,0.552841,-0.388717,-0.791351,0.471872,0.796124,-0.030694,0.604355,0.011032,-0.817892,1.380783,0.102174,0.064756,-0.016976,0.189401,-0.359378,0.231144,0.874479,-0.229580,0.759717,20.269631,0.000000,1,0.034884,2.741480,33.490927,50.640803,-0.657848,51.458243,0.000000
20.633333,10.433333,1,-0.854263,1.439073,0.290845,0.383801,0.191910,-0.175732,0.885994,0.365341,-0.018043,0.000486,0.002731,0.425257,0.716857,0.552508,-0.389454,-0.789816,0.473831,0.794461,-0.027782,0.606679,0.015219,-0.817892,1.380783,0.102174,0.064276,-0.016829,0.189480,-0.361120,0.232374,0.873616,-0.228889,0.710839,20.340277,0.000000,1,0.035572,2.678212,33.491903,50.604325,-0.642957,51.439995,0.000000
20.666667,10.466667,1,-0.854123,1.438526,0.290893,0.386151,0.192823,-0.175839,0.884753,0.365694,-0.017602,0.000539,0.002960,0.427773,0.715712,0.552049,-0.390467,-0.787683,0.476540,0.792748,-0.024505,0.609057,0.016992,-0.817892,1.380783,0.102174,0.063752,-0.016620,0.189530,-0.362960,0.234085,0.872587,-0.228159,0.795937,20.463064,0.000000,1,0.036484,2.610583,33.503594,50.552727,-0.627067,51.410904,0.000000
20.700000,10.500000,1,-0.853961,1.437933,0.290948,0.388752,0.194379,-0.175838,0.883272,0.366070,-0.017116,0.000600,0.002723,0.430803,0.714404,0.551388,-0.391928,-0.785481,0.478970,0.790174,-0.020761,0.612531,0.018535,-0.817892,1.380783,0.102174,0.063177,-0.016401,0.189585,-0.365486,0.235737,0.871286,-0.227397,0.852446,19.731502,0.000000,1,0.036760,2.536106,33.515657,50.497793,-0.609575,51.379968,0.000000
20.733333,10.533333,1,-0.853702,1.437351,0.290996,0.391618,0.196312,-0.176142,0.881516,0.366379,-0.016559,0.000653,0.002269,0.434239,0.712716,0.550878,-0.393057,-0.783268,0.481660,0.787210,-0.015939,0.616479,0.019166,-0.817892,1.380783,0.102174,0.062554,-0.016267,0.189627,-0.368453,0.237456,0.869873,-0.226225,1.033915,19.572900,0.000000,1,0.036415,2.451750,33.524422,50.454118,-0.589755,51.355849,0.000000
20.766667,10.566667,1,-0.853346,1.436749,0.291112,0.394485,0.198315,-0.176521,0.879712,0.366645,-0.015915,0.000777,0.001753,0.437708,0.710952,0.550414,-0.394082,-0.781101,0.484335,0.784171,-0.010911,0.620449,0.021247,-0.817892,1.380783,0.102174,0.061857,-0.016203,0.189732,-0.371479,0.239143,0.868450,-0.224963,1.249768,19.049990,0.000000,1,0.035643,2.354744,33.516858,50.425067,-0.566979,51.343750,0.000000
20.800000,10.600000,1,-0.853017,1.436096,0.291345,0.396960,0.200349,-0.176502,0.878140,0.366969,-0.015262,0.001017,0.001033,0.440838,0.709571,0.549699,-0.395659,-0.779191,0.486123,0.781012,-0.006984,0.624477,0.023022,-0.817892,1.380783,0.102174,0.061131,-0.016093,0.189956,-0.374372,0.240470,0.867045,-0.224169,1.310178,18.828566,0.000000,1,0.035201,2.256211,33.490623,50.397709,-0.543844,51.337455,0.000000
20.833333,10.633333,1,-0.852792,1.435481,0.291617,0.399259,0.202356,-0.175984,0.876741,0.367325,-0.014715,0.001294,0.000257,0.443797,0.708566,0.548615,-0.398044,-0.777232,0.487311,0.777688,-0.004132,0.628637,0.021274,-0.817892,1.380783,0.102174,0.060496,-0.015925,0.190224,-0.377177,0.241661,0.865566,-0.223902,1.367898,18.652587,0.000000,1,0.035111,2.173361,33.459599,50.367645,-0.524315,51.330973,0.000000
20.866667,10.666667,1,-0.852637,1.434973,0.291966,0.401234,0.204826,-0.175118,0.875438,0.367637,-0.014289,0.001648,-0.001081,0.446671,0.707803,0.547266,-0.400998,-0.775677,0.487365,0.773746,-0.001971,0.633492,0.019072,-0.817892,1.380783,0.102174,0.059987,-0.015769,0.190572,-0.380259,0.242360,0.863999,-0.223987,1.367568,18.722448,0.000000,1,0.034115,2.108725,33.411747,50.351312,-0.508946,51.336165,0.000000
20.900000,10.700000,1,-0.852484,1.434567,0.292352,0.402921,0.207361,-0.174259,0.874237,0.367870,-0.013927,0.002038,-0.002603,0.449315,0.707127,0.545968,-0.403823,-0.774477,0.486942,0.769798,-0.000069,0.638287,0.017433,-0.817892,1.380783,0.102174,0.059561,-0.015675,0.190956,-0.383271,0.242771,0.862518,-0.224117,1.303331,18.766118,0.000000,1,0.033095,2.054045,33.351486,50.352021,-0.495836,51.353544,0.000000
20.933333,10.733333,1,-0.852272,1.434234,0.292667,0.404283,0.209027,-0.174071,0.873248,0.368008,-0.013561,0.002357,-0.003491,0.451281,0.706337,0.545364,-0.405133,-0.773571,0.487294,0.767270,0.002153,0.641320,0.015153,-0.817892,1.380783,0.102174,0.059161,-0.015666,0.191263,-0.385352,0.243262,0.861542,-0.223771,1.251318,18.790588,0.000000,1,0.032825,1.999313,33.298621,50.361767,-0.482702,51.373576,0.000000
20.966667,10.766667,1,-0.852044,1.433912,0.292961,0.405438,0.210277,-0.174376,0.872351,0.368129,-0.013188,0.002655,-0.004094,0.452878,0.705407,0.545239,-0.405395,-0.772939,0.488078,0.765523,0.004769,0.643391,0.014759,-0.817892,1.380783,0.102174,0.058759,-0.015676,0.191547,-0.386959,0.243742,0.860875,-0.223040,1.169129,18.794405,0.000000,1,0.032764,1.943755,33.248622,50.372532,-0.469389,51.393240,0.000000
21.000000,10.800000,1,-0.851830,1.433589,0.293242,0.406819,0.211291,-0.174691,0.871400,0.368258,-0.012826,0.002940,-0.004387,0.454572,0.704424,0.545098,-0.405698,-0.771948,0.489392,0.763972,0.007534,0.645206,0.014361,-0.817892,1.380783,0.102174,0.058367,-0.015672,0.191821,-0.388456,0.244531,0.860174,-0.222276,1.171001,18.755607,0.000000,1,0.032842,1.889789,33.201623,50.380426,-0.456456,51.410466,0.000000
21.033333,10.833333,1,-0.851594,1.433283,0.293546,0.407939,0.212423,-0.174857,0.870567,0.368360,-0.012456,0.003248,-0.004902,0.456084,0.703613,0.544878,-0.406169,-0.771238,0.490122,0.762295,0.009808,0.647155,0.014742,-0.817892,1.380783,0.102174,0.057973,-0.015699,0.192114,-0.389948,0.245035,0.859504,-0.221701,1.128403,18.716573,0.000000,1,0.032372,1.834830,33.148608,50.395172,-0.443297,51.432788,0.000000
21.066667,10.866667,1,-0.851347,1.433064,0.293872,0.408946,0.213238,-0.175817,0.869702,0.368387,-0.012131,0.003578,-0.005179,0.457355,0.702418,0.545352,-0.405130,-0.770867,0.491563,0.761392,0.013164,0.648158,0.013926,-0.817892,1.380783,0.102174,0.057644,-0.015787,0.192429,-0.391086,0.245563,0.859167,-0.220413,1.058700,18.664075,0.000000,1,0.031492,1.786787,33.086258,50.424709,-0.431715,51.465280,0.000000
21.100000,10.900000,1,-0.851060,1.432915,0.294141,0.411181,0.213352,-0.177672,0.868242,0.368333,-0.011815,0.003850,-0.004279,0.459418,0.700295,0.546355,-0.402956,-0.769150,0.496018,0.761288,0.019138,0.648132,0.012624,-0.817892,1.380783,0.102174,0.057347,-0.015945,0.192682,-0.392119,0.247495,0.858746,-0.218045,1.069628,18.449232,0.000000,1,0.031209,1.740418,33.029510,50.462362,-0.420521,51.500412,0.000000
21.133333,10.933333,1,-0.850563,1.432667,0.294436,0.413223,0.214527,-0.179329,0.866641,0.368232,-0.011273,0.004152,-0.004415,0.461782,0.698136,0.547124,-0.401272,-0.768011,0.499139,0.759856,0.025174,0.649604,0.018863,-0.817892,1.380783,0.102174,0.056846,-0.016215,0.192950,-0.394013,0.248783,0.858081,-0.215772,1.035493,18.492093,0.000000,1,0.030574,1.660940,32.963502,50.512208,-0.401715,51.544237,0.000000
21.166667,10.966667,1,-0.849896,1.432336,0.294745,0.413488,0.217405,-0.180466,0.865560,0.368095,-0.010544,0.004469,-0.006870,0.463312,0.696670,0.547672,-0.400016,-0.769460,0.497914,0.756728,0.029206,0.653077,0.024182,-0.817892,1.380783,0.102174,0.056177,-0.016573,0.193223,-0.396650,0.247721,0.857567,-0.214201,0.938661,18.636970,0.000000,1,0.030174,1.554082,32.891689,50.570612,-0.376598,51.593913,0.000000
21.200000,11.000000,1,-0.849337,1.432097,0.294907,0.413498,0.220489,-0.180975,0.864668,0.367949,-0.009956,0.004637,-0.009625,0.464703,0.695653,0.547745,-0.399765,-0.771027,0.495686,0.753136,0.031948,0.657089,0.018861,-0.817892,1.380783,0.102174,0.055650,-0.016889,0.193354,-0.399374,0.246349,0.856928,-0.213276,0.955405,18.587168,0.000000,1,0.031011,1.467800,32.847938,50.615240,-0.356222,51.628698,0.000000
21.233333,11.033333,1,-0.849007,1.431987,0.294965,0.413899,0.222207,-0.181782,0.863867,0.367839,-0.009627,0.004699,-0.010982,0.465835,0.694583,0.548117,-0.398894,-0.771657,0.495407,0.751193,0.034869,0.659161,0.010597,-0.817892,1.380783,0.102174,0.055364,-0.017092,0.193394,-0.401051,0.245931,0.856545,-0.212148,0.983541,19.414866,0.000000,1,0.031883,1.419464,32.827511,50.642190,-0.344616,51.647876,0.000000
21.266667,11.066667,1,-0.848776,1.431898,0.295052,0.414608,0.223070,-0.183071,0.863032,0.367771,-0.009390,0.004789,-0.011435,0.466861,0.693266,0.548900,-0.397155,-0.771745,0.496666,0.750392,0.038502,0.659871,0.007861,-0.817892,1.380783,0.102174,0.055154,-0.017230,0.193468,-0.402092,0.246163,0.856375,-0.210587,1.028834,19.692358,0.000000,1,0.031875,1.384756,32.805136,50.663889,-0.336176,51.664777,0.000000
21.300000,11.100000,1,-0.848482,1.431719,0.295272,0.415141,0.224732,-0.183923,0.862163,0.367738,-0.009050,0.005012,-0.012682,0.468086,0.692115,0.549282,-0.396257,-0.772205,0.496668,0.748461,0.041631,0.661871,0.012251,-0.817892,1.380783,0.102174,0.054830,-0.017373,0.193672,-0.403776,0.245890,0.855956,-0.209386,0.985950,19.714384,0.000000,1,0.030970,1.334709,32.759276,50.693007,-0.324202,51.691809,0.000000
21.333333,11.133333,1,-0.848113,1.431465,0.295585,0.414949,0.226853,-0.184328,0.861614,0.367718,-0.008606,0.005331,-0.014665,0.468865,0.691447,0.549410,-0.395868,-0.773528,0.494917,0.746024,0.043371,0.664506,0.016390,-0.817892,1.380783,0.102174,0.054401,-0.017538,0.193967,-0.405560,0.244766,0.855594,-0.208735,0.898112,19.611131,0.000000,1,0.030226,1.269279,32.695925,50.729474,-0.308675,51.727299,0.000000
21.366667,11.166667,1,-0.847762,1.431304,0.295819,0.414236,0.228277,-0.185037,0.861429,0.367635,-0.008231,0.005568,-0.016255,0.468865,0.690966,0.549970,-0.394537,-0.775265,0.493260,0.744779,0.044603,0.665819,0.013553,-0.817892,1.380783,0.102174,0.054057,-0.017738,0.194181,-0.406489,0.243475,0.855699,-0.208005,0.860794,19.409259,0.000000,1,0.030226,1.214107,32.643762,50.768635,-0.295516,51.761128,0.000000
21.400000,11.200000,1,-0.847473,1.431247,0.295997,0.413065,0.229377,-0.186104,0.861469,0.367507,-0.007969,0.005750,-0.017757,0.468310,0.690523,0.550952,-0.392274,-0.777521,0.491510,0.744259,0.045725,0.666324,0.010313,-0.817892,1.380783,0.102174,0.053836,-0.017947,0.194342,-0.406921,0.241909,0.856163,-0.207074,0.824686,19.294427,0.000000,1,0.030182,1.175727,32.599482,50.809668,-0.286245,51.793767,0.000000
21.433333,11.233333,1,-0.847248,1.431198,0.296253,0.412485,0.230818,-0.186727,0.861227,0.367411,-0.007762,0.006008,-0.019302,0.468437,0.690030,0.551409,-0.391150,-0.779062,0.489963,0.742894,0.046972,0.667759,0.010326,-0.817892,1.380783,0.102174,0.053657,-0.018113,0.194584,-0.407927,0.240733,0.856181,-0.206392,0.795512,19.303136,0.000000,1,0.029642,1.145469,32.542870,50.852298,-0.278870,51.830489,0.000000
21.466667,11.266667,1,-0.847127,1.431097,0.296634,0.412766,0.232261,-0.187118,0.860619,0.367419,-0.007608,0.006391,-0.020468,0.469337,0.689316,0.551495,-0.390868,-0.779522,0.489457,0.741097,0.048848,0.669619,0.012381,-0.817892,1.380783,0.102174,0.053495,-0.018174,0.194959,-0.409318,0.240339,0.855787,-0.205730,0.665854,19.262344,0.000000,1,0.029245,1.122715,32.469326,50.889070,-0.273259,51.868590,0.000000
21.500000,11.300000,1,-0.847075,1.430961,0.297036,0.412405,0.232980,-0.188201,0.860362,0.367496,-0.007489,0.006794,-0.021268,0.469339,0.688603,0.552353,-0.388907,-0.780669,0.489191,0.740741,0.050747,0.669872,0.012830,-0.817892,1.380783,0.102174,0.053346,-0.018160,0.195360,-0.409767,0.239673,0.856020,-0.204641,0.384668,18.903527,0.000000,1,0.029445,1.104909,32.396458,50.915894,-0.268822,51.901181,0.000000
21.533333,11.333333,1,-0.846970,1.430827,0.297297,0.411494,0.233691,-0.189352,0.860353,0.367541,-0.007328,0.007056,-0.022305,0.468844,0.688079,0.553386,-0.386534,-0.782461,0.488208,0.740631,0.052100,0.669889,0.009318,-0.817892,1.380783,0.102174,0.053171,-0.018180,0.195615,-0.409965,0.238513,0.856493,-0.203615,0.126254,18.499985,0.000000,1,0.030179,1.081039,32.348456,50.934779,-0.262993,51.922828,0.000000
21.566667,11.366667,1,-0.846823,1.430753,0.297361,0.411256,0.234364,-0.190108,0.860117,0.367512,-0.007167,0.007123,-0.023010,0.468934,0.687531,0.553960,-0.385197,-0.783311,0.487901,0.740149,0.053543,0.670308,0.005308,-0.817892,1.380783,0.102174,0.053022,-0.018257,0.195672,-0.410436,0.237985,0.856602,-0.202826,0.080775,18.305927,0.000000,1,0.031146,1.057320,32.332986,50.947394,-0.257207,51.932393,0.000000
21.600000,11.400000,1,-0.846705,1.430741,0.297416,0.411136,0.234884,-0.190734,0.859894,0.367450,-0.007066,0.007178,-0.023527,0.469061,0.687053,0.554424,-0.384120,-0.783909,0.487789,0.739766,0.054810,0.670628,0.003919,-0.817892,1.380783,0.102174,0.052941,-0.018349,0.195719,-0.410827,0.237633,0.856670,-0.202157,0.068814,18.072758,0.000000,1,0.030969,1.042590,32.317757,50.964136,-0.253513,51.944107,0.000000
21.633333,11.433333,1,-0.846656,1.430750,0.297575,0.410646,0.235209,-0.191385,0.859894,0.367414,-0.007034,0.007338,-0.024034,0.468769,0.686761,0.555010,-0.382772,-0.784852,0.487333,0.739787,0.055563,0.670543,0.005012,-0.817892,1.380783,0.102174,0.052916,-0.018403,0.195875,-0.410882,0.237034,0.856946,-0.201581,0.066009,17.973277,0.000000,1,0.030239,1.038008,32.284356,50.986311,-0.252189,51.963606,0.000000
21.666667,11.466667,1,-0.846668,1.430786,0.297759,0.410147,0.235290,-0.191830,0.860011,0.367392,-0.007067,0.007521,-0.024326,0.468360,0.686665,0.555462,-0.381740,-0.785619,0.486905,0.740046,0.055799,0.670238,0.005629,-0.817892,1.380783,0.102174,0.052948,-0.018426,0.196058,-0.410723,0.236540,0.857237,-0.201247,0.121789,18.002891,0.000000,1,0.030078,1.042999,32.247422,51.008088,-0.253108,51.983844,0.000000
21.700000,11.500000,1,-0.846723,1.430921,0.297969,0.409330,0.235124,-0.192206,0.860362,0.367317,-0.007195,0.007730,-0.024539,0.467554,0.686807,0.555956,-0.380621,-0.786616,0.486172,0.740722,0.055389,0.669524,0.007666,-0.817892,1.380783,0.102174,0.053085,-0.018475,0.196269,-0.410207,0.235869,0.857705,-0.201092,0.321038,17.968418,0.000000,1,0.029430,1.062058,32.202269,51.041015,-0.257309,52.012178,0.000000
21.733333,11.533333,1,-0.846774,1.431145,0.298153,0.408477,0.234921,-0.192510,0.860755,0.367170,-0.007372,0.007912,-0.024735,0.466699,0.687018,0.556405,-0.379604,-0.787608,0.485360,0.741433,0.054788,0.668787,0.008816,-0.817892,1.380783,0.102174,0.053291,-0.018577,0.196451,-0.409644,0.235184,0.858179,-0.201023,0.571592,17.926291,0.000000,1,0.029028,1.088690,32.157214,51.083719,-0.263290,52.045613,0.000000
21.766667,11.566667,1,-0.846748,1.431378,0.298265,0.407800,0.234995,-0.192570,0.861042,0.366967,-0.007493,0.008023,-0.025103,0.466125,0.687245,0.556589,-0.379157,-0.788429,0.484376,0.741624,0.054128,0.668628,0.007808,-0.817892,1.380783,0.102174,0.053460,-0.018744,0.196557,-0.409411,0.234538,0.858445,-0.201113,0.720518,17.791009,0.000000,1,0.029067,1.107089,32.121949,51.129277,-0.267383,52.077857,0.000000
21.800000,11.600000,1,-0.846679,1.431603,0.298400,0.406335,0.235456,-0.192418,0.861643,0.366746,-0.007575,0.008157,-0.026168,0.465016,0.687845,0.556727,-0.378741,-0.790221,0.481774,0.741546,0.052369,0.668855,0.008157,-0.817892,1.380783,0.102174,0.053598,-0.018941,0.196684,-0.409180,0.233013,0.858870,-0.201544,0.974598,18.186410,0.000000,1,0.028592,1.119874,32.080852,51.180451,-0.270193,52.114590,0.000000
21.833333,11.633333,1,-0.846654,1.431890,0.298568,0.404210,0.235992,-0.192177,0.862549,0.366502,-0.007729,0.008324,-0.027594,0.463349,0.688754,0.556924,-0.378148,-0.792739,0.478089,0.741596,0.049713,0.669002,0.009981,-0.817892,1.380783,0.102174,0.053810,-0.019141,0.196845,-0.408727,0.230862,0.859510,-0.202205,1.278051,17.928617,0.000000,1,0.028071,1.143437,32.032353,51.238110,-0.275545,52.156703,0.000000
21.866667,11.666667,1,-0.846674,1.432289,0.298732,0.402083,0.236358,-0.192097,0.863460,0.366196,-0.007987,0.008485,-0.028869,0.461604,0.689596,0.557266,-0.377242,-0.795230,0.474656,0.741925,0.047247,0.668816,0.012954,-0.817892,1.380783,0.102174,0.054139,-0.019371,0.197003,-0.408120,0.228781,0.860232,-0.202729,1.597404,17.498596,0.000000,1,0.027591,1.182518,31.980624,51.305727,-0.284554,52.204895,0.000000
21.900000,11.700000,1,-0.846733,1.432782,0.298920,0.399939,0.236253,-0.192663,0.864358,0.365838,-0.008333,0.008670,-0.029726,0.459636,0.690136,0.558179,-0.375106,-0.797765,0.472087,0.743112,0.045657,0.667608,0.015930,-0.817892,1.380783,0.102174,0.054567,-0.019628,0.197185,-0.407069,0.226883,0.861243,-0.202681,1.917992,17.123164,0.000000,1,0.026954,1.234823,31.921100,51.384066,-0.296703,52.260791,0.000000
21.933333,11.733333,1,-0.846856,1.433312,0.299136,0.397994,0.235478,-0.193727,0.865229,0.365488,-0.008752,0.008881,-0.029894,0.457548,0.690430,0.559521,-0.372086,-0.799975,0.470735,0.745263,0.044827,0.665262,0.017563,-0.817892,1.380783,0.102174,0.055061,-0.019858,0.197399,-0.405499,0.225451,0.862475,-0.202187,2.229167,16.793748,0.000000,1,0.026660,1.298107,31.857113,51.463196,-0.311495,52.318237,0.000000
21.966667,11.766667,1,-0.847008,1.433800,0.299369,0.396859,0.234470,-0.194785,0.865786,0.365190,-0.009170,0.009109,-0.029492,0.456082,0.690448,0.560715,-0.369458,-0.801190,0.470739,0.747388,0.044824,0.662874,0.016849,-0.817892,1.380783,0.102174,0.055539,-0.020040,0.197632,-0.404078,0.224855,0.863448,-0.201542,2.408209,16.596093,0.000000,1,0.026641,1.361067,31.793298,51.535154,-0.326290,52.371766,0.000000
22.000000,11.800000,1,-0.847060,1.434208,0.299608,0.396217,0.234021,-0.195427,0.866057,0.364895,-0.009460,0.009345,-0.029372,0.455307,0.690399,0.561410,-0.367912,-0.801941,0.470671,0.748447,0.044972,0.661668,0.014291,-0.817892,1.380783,0.102174,0.055893,-0.020254,0.197867,-0.403381,0.224463,0.863975,-0.201116,2.642564,16.493745,0.000000,1,0.026262,1.405277,31.728086,51.607589,-0.336732,52.425832,0.000000
22.033333,11.833333,1,-0.846963,1.434488,0.299884,0.395578,0.234332,-0.195710,0.866201,0.364614,-0.009554,0.009620,-0.029934,0.454874,0.690400,0.561731,-0.367125,-0.802870,0.469701,0.748405,0.044904,0.661720,0.012129,-0.817892,1.380783,0.102174,0.056054,-0.020515,0.198131,-0.403368,0.223743,0.864209,-0.200937,2.816795,16.386467,0.000000,1,0.025667,1.420197,31.656003,51.682290,-0.340311,52.482852,0.000000
22.066667,11.866667,1,-0.846848,1.434616,0.300234,0.394623,0.234734,-0.196227,0.866411,0.364443,-0.009543,0.009971,-0.030717,0.454199,0.690353,0.562292,-0.365769,-0.804262,0.468375,0.748457,0.044938,0.661659,0.011706,-0.817892,1.380783,0.102174,0.056081,-0.020704,0.198471,-0.403290,0.222694,0.864599,-0.200584,2.976913,16.317430,0.000000,1,0.025540,1.419241,31.576515,51.745932,-0.340186,52.535961,0.000000
22.100000,11.900000,1,-0.846843,1.434625,0.300623,0.393454,0.234501,-0.196936,0.866844,0.364433,-0.009549,0.010360,-0.031025,0.453050,0.690418,0.563122,-0.363863,-0.805691,0.467403,0.749467,0.044720,0.660530,0.011666,-0.817892,1.380783,0.102174,0.056077,-0.020737,0.198858,-0.402550,0.221729,0.865285,-0.200179,3.342547,17.094508,0.000000,1,0.026199,1.420069,31.500388,51.785694,-0.340528,52.575503,0.000000
22.133333,11.933333,1,-0.846900,1.434570,0.300973,0.392530,0.233662,-0.197593,0.867340,0.364510,-0.009565,0.010709,-0.030682,0.451847,0.690563,0.563929,-0.362086,-0.806583,0.467244,0.751129,0.044364,0.658663,0.010753,-0.817892,1.380783,0.102174,0.056059,-0.020680,0.199212,-0.401383,0.221256,0.866022,-0.199857,3.781545,17.651241,0.000000,1,0.027014,1.422056,31.437736,51.806586,-0.341171,52.601399,0.000000
22.166667,11.966667,1,-0.846943,1.434528,0.301202,0.391907,0.232656,-0.198076,0.867782,0.364571,-0.009576,0.010938,-0.030056,0.450840,0.690737,0.564555,-0.360749,-0.807019,0.467527,0.752817,0.043958,0.656760,0.007124,-0.817892,1.380783,0.102174,0.056045,-0.020634,0.199444,-0.400204,0.221132,0.866644,-0.199662,4.032091,18.437854,0.000000,1,0.027720,1.423484,31.397041,51.819027,-0.341682,52.616862,0.000000
22.200000,12.000000,1,-0.846941,1.434513,0.301322,0.391432,0.232054,-0.198319,0.868102,0.364581,-0.009567,0.011058,-0.029727,0.450145,0.690911,0.564914,-0.359977,-0.807373,0.467509,0.753847,0.043517,0.655607,0.003613,-0.817892,1.380783,0.102174,0.056029,-0.020634,0.199564,-0.399455,0.220967,0.867043,-0.199614,4.237771,18.979344,0.000000,1,0.028168,1.422008,31.374177,51.829523,-0.341496,52.626478,0.000000
22.233333,12.033333,1,-0.846935,1.434523,0.301377,0.391114,0.231813,-0.198495,0.868270,0.364569,-0.009569,0.011113,-0.029653,0.449753,0.690980,0.565146,-0.359462,-0.807682,0.467373,0.754336,0.043335,0.655057,0.001692,-0.817892,1.380783,0.102174,0.056033,-0.020649,0.199618,-0.399098,0.220783,0.867270,-0.199545,4.326023,18.978956,0.000000,1,0.033757,1.422008,31.374177,51.829523,-0.341496,52.626478,0.000000
22.266667,12.066667,1,-0.847013,1.434577,0.301403,0.390851,0.231608,-0.198767,0.868381,0.364573,-0.009664,0.011138,-0.029585,0.449427,0.690956,0.565438,-0.358808,-0.807979,0.467362,0.754793,0.043410,0.654525,0.002946,-0.817892,1.380783,0.102174,0.056122,-0.020620,0.199647,-0.398793,0.220632,0.867491,-0.199362,4.352217,18.763922,0.000000,1,0.028358,1.436396,31.357972,51.838944,-0.345064,52.633804,0.000000
22.300000,12.100000,1,-0.847151,1.434676,0.301389,0.390544,0.231145,-0.199173,0.868549,0.364577,-0.009835,0.011122,-0.029305,0.448945,0.690923,0.565875,-0.357853,-0.808265,0.467599,0.755640,0.043534,0.653539,0.005133,-0.817892,1.380783,0.102174,0.056284,-0.020567,0.199641,-0.398236,0.220553,0.867828,-0.199094,4.366767,18.529005,0.000000,1,0.029255,1.461642,31.361026,51.836843,-0.351215,52.629888,0.000000
22.333333,12.133333,1,-0.847226,1.434774,0.301345,0.390443,0.230607,-0.199587,0.868642,0.364544,-0.009952,0.011077,-0.028866,0.448616,0.690820,0.566285,-0.356976,-0.808301,0.468206,0.756501,0.043870,0.652519,0.003902,-0.817892,1.380783,0.102174,0.056408,-0.020562,0.199600,-0.397705,0.220694,0.868108,-0.198780,4.360540,18.415030,0.000000,1,0.029224,1.479205,31.367329,51.838403,-0.355536,52.627122,0.000000
22.366667,12.166667,1,-0.847231,1.434834,0.301332,0.391055,0.229879,-0.200207,0.868417,0.364499,-0.009992,0.011063,-0.027939,0.448841,0.690343,0.566734,-0.356063,-0.807562,0.470173,0.757402,0.045293,0.651376,0.001855,-0.817892,1.380783,0.102174,0.056460,-0.020593,0.199585,-0.397311,0.221559,0.868217,-0.198128,4.348366,18.434698,0.000000,1,0.062182,1.479205,31.367329,51.838403,-0.355536,52.627122,0.000000
22.400000,12.200000,1,-0.847255,1.434845,0.301398,0.392556,0.228739,-0.201210,0.867809,0.364505,-0.010019,0.011129,-0.026246,0.449681,0.689355,0.567351,-0.354848,-0.805817,0.474069,0.758608,0.048201,0.649761,0.002145,-0.817892,1.380783,0.102174,0.056481,-0.020584,0.199653,-0.396933,0.223401,0.868186,-0.196949,4.296160,18.566351,0.000000,1,0.077866,1.479205,31.367329,51.838403,-0.355536,52.627122,0.000000
22.433333,12.233333,1,-0.847324,1.434776,0.301601,0.393673,0.228041,-0.201936,0.867318,0.364602,-0.010035,0.011332,-0.025121,0.450374,0.688596,0.567775,-0.354001,-0.804563,0.476825,0.759307,0.050410,0.648777,0.006755,-0.817892,1.380783,0.102174,0.056462,-0.020500,0.199861,-0.396786,0.224705,0.868116,-0.196069,4.331497,18.645068,0.000000,1,0.027413,1.491258,31.322278,51.852697,-0.358544,52.645206,0.000000
22.466667,12.266667,1,-0.847354,1.434603,0.301992,0.393654,0.228445,-0.202147,0.867171,0.364758,-0.009958,0.011724,-0.025490,0.450539,0.688370,0.567901,-0.353678,-0.804821,0.476630,0.758883,0.050993,0.649227,0.012870,-0.817892,1.380783,0.102174,0.056331,-0.020397,0.200257,-0.397130,0.224505,0.868070,-0.195805,4.673541,18.599056,0.000000,1,0.026936,1.479303,31.256977,51.864072,-0.355869,52.667278,0.000000
22.500000,12.300000,1,-0.847198,1.434349,0.302507,0.393288,0.229510,-0.202244,0.867034,0.364867,-0.009687,0.012242,-0.026606,0.450687,0.688206,0.567932,-0.353491,-0.805690,0.475298,0.757726,0.051330,0.650552,0.017827,-0.817892,1.380783,0.102174,0.056024,-0.020403,0.200765,-0.397909,0.223699,0.867958,-0.195643,5.002334,18.392217,0.000000,1,0.025492,1.438589,31.164188,51.896086,-0.346343,52.707718,0.000000
22.533333,12.333333,1,-0.846846,1.434076,0.303097,0.392673,0.231191,-0.202388,0.866832,0.364874,-0.009249,0.012837,-0.028385,0.450888,0.687962,0.567981,-0.353184,-0.807096,0.473136,0.755901,0.051805,0.652633,0.022186,-0.817892,1.380783,0.102174,0.055582,-0.020559,0.201337,-0.399125,0.222394,0.867790,-0.195400,5.413841,18.100719,0.000000,1,0.023982,1.373395,31.049235,51.953425,-0.330968,52.767507,0.000000
22.566667,12.366667,1,-0.846542,1.433886,0.303685,0.392504,0.232289,-0.202948,0.866484,0.364842,-0.008898,0.013429,-0.029441,0.451230,0.687403,0.568333,-0.352262,-0.807917,0.472422,0.754777,0.053222,0.653819,0.020670,-0.817892,1.380783,0.102174,0.055236,-0.020726,0.201909,-0.400008,0.221744,0.867702,-0.194723,5.851961,17.812858,0.000000,1,0.023408,1.321231,30.932312,52.016592,-0.318660,52.830846,0.000000
22.600000,12.400000,1,-0.846411,1.433803,0.304175,0.393632,0.232498,-0.203683,0.865743,0.364831,-0.008749,0.013921,-0.029124,0.452338,0.686418,0.568658,-0.351560,-0.807022,0.474470,0.754327,0.055964,0.654109,0.015415,-0.817892,1.380783,0.102174,0.055080,-0.020811,0.202391,-0.400669,0.222655,0.867392,-0.193703,6.081023,17.509894,0.000000,1,0.024011,1.299024,30.836138,52.066210,-0.313471,52.881301,0.000000
22.633333,12.433333,1,-0.846336,1.433739,0.304607,0.394520,0.233247,-0.203720,0.865129,0.364837,-0.008655,0.014353,-0.029399,0.453471,0.685858,0.568418,-0.352073,-0.806371,0.475195,0.753045,0.057470,0.655454,0.013284,-0.817892,1.380783,0.102174,0.054974,-0.020860,0.202818,-0.401722,0.223123,0.866862,-0.193356,6.242959,17.275972,0.000000,1,0.024397,1.284879,30.752707,52.106905,-0.310207,52.923512,0.000000
22.666667,12.466667,1,-0.846255,1.433703,0.305031,0.394492,0.234094,-0.203349,0.865000,0.364817,-0.008573,0.014778,-0.030171,0.453823,0.685911,0.568032,-0.352858,-0.806624,0.474183,0.751854,0.057232,0.656841,0.012983,-0.817892,1.380783,0.102174,0.054888,-0.020929,0.203237,-0.402470,0.222728,0.866559,-0.193612,6.492662,17.013206,0.000000,1,0.024090,1.272775,30.669236,52.150971,-0.307424,52.967496,0.000000
22.700000,12.500000,1,-0.846178,1.433711,0.305450,0.394205,0.234755,-0.203089,0.865013,0.364764,-0.008521,0.015198,-0.030893,0.453861,0.686038,0.567809,-0.353276,-0.807120,0.473026,0.751036,0.056794,0.657814,0.012795,-0.817892,1.380783,0.102174,0.054839,-0.021021,0.203650,-0.402937,0.222180,0.866432,-0.193841,6.648139,16.764410,0.000000,1,0.023688,1.265116,30.584420,52.200180,-0.305695,53.014551,0.000000
22.733333,12.533333,1,-0.846113,1.433758,0.305830,0.393685,0.235166,-0.203088,0.865138,0.364688,-0.008502,0.015579,-0.031492,0.453577,0.686150,0.567868,-0.353069,-0.807854,0.471927,0.750717,0.056413,0.658211,0.011659,-0.817892,1.380783,0.102174,0.054830,-0.021124,0.204025,-0.403072,0.221528,0.866522,-0.193902,6.936635,16.538769,0.000000,1,0.023629,1.262392,30.505570,52.249539,-0.305146,53.060023,0.000000
22.766667,12.566667,1,-0.846029,1.433760,0.306156,0.393125,0.235505,-0.203164,0.865283,0.364635,-0.008439,0.015905,-0.032044,0.453227,0.686243,0.568004,-0.352689,-0.808624,0.470889,0.750532,0.056086,0.658450,0.010099,-0.817892,1.380783,0.102174,0.054774,-0.021213,0.204345,-0.403124,0.220871,0.866665,-0.193905,7.186686,16.316223,0.000000,1,0.024029,1.253266,30.438562,52.289991,-0.303084,53.097505,0.000000
22.800000,12.600000,1,-0.845894,1.433660,0.306456,0.392672,0.236136,-0.203113,0.865329,0.364635,-0.008275,0.016207,-0.032811,0.453103,0.686307,0.567983,-0.352638,-0.809354,0.469672,0.749887,0.055813,0.659207,0.010316,-0.817892,1.380783,0.102174,0.054607,-0.021280,0.204638,-0.403485,0.220183,0.866658,-0.193968,7.309942,16.148093,0.000000,1,0.024444,1.228752,30.379711,52.319704,-0.297355,53.127056,0.000000
22.833333,12.633333,1,-0.845753,1.433514,0.306783,0.391987,0.236707,-0.202947,0.865522,0.364666,-0.008078,0.016536,-0.033628,0.452744,0.686552,0.567925,-0.352661,-0.810270,0.468074,0.749370,0.055031,0.659861,0.011545,-0.817892,1.380783,0.102174,0.054398,-0.021326,0.204958,-0.403695,0.219314,0.866727,-0.194207,7.476727,16.021997,0.000000,1,0.024353,1.199342,30.317927,52.346324,-0.290452,53.155806,0.000000
22.866667,12.666667,1,-0.845684,1.433384,0.307152,0.391112,0.236696,-0.203022,0.865903,0.364729,-0.007949,0.016906,-0.034007,0.451954,0.686855,0.568164,-0.352066,-0.811233,0.466852,0.749754,0.054146,0.659498,0.011906,-0.817892,1.380783,0.102174,0.054245,-0.021327,0.205324,-0.403298,0.218528,0.867082,-0.194333,7.706939,15.772746,0.000000,1,0.024134,1.179993,30.250463,52.371181,-0.285948,53.185237,0.000000
22.900000,12.700000,1,-0.845654,1.433262,0.307513,0.390660,0.236688,-0.203269,0.866051,0.364808,-0.007855,0.017269,-0.034201,0.451546,0.686876,0.568453,-0.351384,-0.811799,0.466382,0.750026,0.054064,0.659195,0.011479,-0.817892,1.380783,0.102174,0.054121,-0.021300,0.205685,-0.403086,0.218119,0.867315,-0.194190,7.982764,15.597395,0.000000,1,0.024198,1.165770,30.185763,52.392149,-0.282666,53.211882,0.000000
22.933333,12.733333,1,-0.845575,1.433119,0.307836,0.390887,0.237158,-0.203296,0.865814,0.364875,-0.007710,0.017593,-0.034520,0.451960,0.686653,0.568373,-0.351520,-0.811754,0.466358,0.749347,0.054632,0.659920,0.010843,-0.817892,1.380783,0.102174,0.053952,-0.021298,0.206004,-0.403601,0.218115,0.867110,-0.194042,8.090054,15.367599,0.000000,1,0.024274,1.143959,30.127507,52.411838,-0.277561,53.236092,0.000000
22.966667,12.766667,1,-0.845495,1.432965,0.308106,0.391380,0.237686,-0.203200,0.865469,0.364950,-0.007557,0.017865,-0.034774,0.452638,0.686391,0.568134,-0.352028,-0.811405,0.466581,0.748444,0.055316,0.660887,0.009632,-0.817892,1.380783,0.102174,0.053775,-0.021287,0.206272,-0.404288,0.218327,0.866757,-0.193950,8.249851,15.238069,0.000000,1,0.024625,1.120927,30.079713,52.425493,-0.272158,53.254258,0.000000
23.000000,12.800000,1,-0.845427,1.432814,0.308326,0.391965,0.238504,-0.203078,0.865008,0.365030,-0.007414,0.018086,-0.035247,0.453529,0.686038,0.567822,-0.352672,-0.811065,0.466686,0.747123,0.056220,0.662304,0.008267,-0.817892,1.380783,0.102174,0.053608,-0.021266,0.206490,-0.405273,0.218494,0.866284,-0.193819,8.324337,15.088048,0.000000,1,0.024978,1.099456,30.041990,52.433513,-0.267123,53.266714,0.000000
23.033333,12.833333,1,-0.845326,1.432628,0.308546,0.392579,0.239528,-0.202895,0.864489,0.365118,-0.007223,0.018309,-0.035892,0.454537,0.685661,0.567430,-0.353470,-0.810758,0.466616,0.745501,0.057161,0.664049,0.009163,-0.817892,1.380783,0.102174,0.053393,-0.021250,0.206707,-0.406455,0.218596,0.865729,-0.193712,8.314483,14.948834,0.000000,1,0.024976,1.070934,30.004751,52.440302,-0.260390,53.278447,0.000000
23.066667,12.866667,1,-0.845254,1.432418,0.308810,0.392752,0.239528,-0.202913,0.864406,0.365242,-0.007043,0.018574,-0.035815,0.454692,0.685580,0.567409,-0.353529,-0.810577,0.466885,0.745439,0.057396,0.664098,0.010337,-0.817892,1.380783,0.102174,0.053176,-0.021199,0.206969,-0.406530,0.218752,0.865667,-0.193654,8.548715,14.892205,0.000000,1,0.024860,1.043813,29.961800,52.444570,-0.253983,53.290501,0.000000
23.100000,12.900000,1,-0.845308,1.432249,0.309103,0.392455,0.237923,-0.203668,0.864807,0.365410,-0.006988,0.018868,-0.034505,0.453710,0.685596,0.568256,-0.351790,-0.810499,0.468333,0.747877,0.057535,0.661340,0.010278,-0.817892,1.380783,0.102174,0.053066,-0.021073,0.207268,-0.404957,0.219183,0.866395,-0.193204,8.875383,14.731651,0.000000,1,0.024913,1.035106,29.916629,52.443616,-0.251979,53.300495,0.000000
23.133333,12.933333,1,-0.845388,1.432081,0.309448,0.391749,0.236783,-0.204637,0.865211,0.365593,-0.006954,0.019213,-0.033795,0.452571,0.685518,0.569300,-0.349511,-0.811120,0.468963,0.749942,0.057845,0.658970,0.011766,-0.817892,1.380783,0.102174,0.052970,-0.020929,0.207621,-0.403611,0.219034,0.867204,-0.192562,9.170336,14.547369,0.000000,1,0.024585,1.029618,29.862780,52.444524,-0.250737,53.313944,0.000000
23.166667,12.966667,1,-0.845359,1.431914,0.309799,0.390676,0.236998,-0.205146,0.865517,0.365708,-0.006834,0.019565,-0.034463,0.451706,0.685560,0.569896,-0.348063,-0.812530,0.467598,0.750262,0.057639,0.658624,0.011675,-0.817892,1.380783,0.102174,0.052811,-0.020876,0.207971,-0.403315,0.217962,0.867677,-0.192267,9.466602,14.318480,0.000000,1,0.023920,1.011488,29.803002,52.457742,-0.246452,53.335574,0.000000
23.200000,13.000000,1,-0.845256,1.431825,0.310076,0.390009,0.237180,-0.205363,0.865716,0.365718,-0.006701,0.019845,-0.034922,0.451190,0.685639,0.570181,-0.347347,-0.813390,0.466633,0.750365,0.057359,0.658531,0.009288,-0.817892,1.380783,0.102174,0.052671,-0.020922,0.208244,-0.403177,0.217275,0.867934,-0.192175,9.840593,14.114145,0.000000,1,0.023560,0.991763,29.749664,52.482473,-0.241766,53.361522,0.000000
23.233333,13.033333,1,-0.845145,1.431788,0.310373,0.389576,0.237163,-0.205376,0.865913,0.365681,-0.006594,0.020142,-0.035099,0.450794,0.685807,0.570282,-0.347093,-0.813852,0.466018,0.750562,0.056874,0.658348,0.009560,-0.817892,1.380783,0.102174,0.052569,-0.021007,0.208534,-0.402971,0.216892,0.868106,-0.192262,10.091439,13.976678,0.000000,1,0.022948,0.975907,29.689650,52.516756,-0.237994,53.394391,0.000000
23.266667,13.066667,1,-0.845107,1.431747,0.310780,0.388824,0.236667,-0.205353,0.866392,0.365691,-0.006544,0.020550,-0.034989,0.449897,0.686241,0.570475,-0.346669,-0.814450,0.465287,0.751483,0.055697,0.657397,0.012322,-0.817892,1.380783,0.102174,0.052505,-0.021038,0.208938,-0.402202,0.216434,0.868518,-0.192527,10.454025,13.857044,0.000000,1,0.022313,0.968414,29.611971,52.552749,-0.236227,53.433083,0.000000
23.300000,13.100000,1,-0.845171,1.431683,0.311267,0.388077,0.235301,-0.205803,0.866992,0.365780,-0.006561,0.021037,-0.034097,0.448617,0.686570,0.571141,-0.345272,-0.814849,0.465627,0.753663,0.054918,0.654962,0.014869,-0.817892,1.380783,0.102174,0.052481,-0.020978,0.209430,-0.400651,0.216358,0.869272,-0.192443,10.919221,13.718210,0.000000,1,0.022175,0.970728,29.524622,52.582077,-0.236821,53.470944,0.000000
23.333333,13.133333,1,-0.845220,1.431567,0.311772,0.387609,0.234159,-0.206671,0.867304,0.365903,-0.006536,0.021542,-0.033278,0.447690,0.686456,0.572053,-0.343297,-0.815175,0.466516,0.755582,0.055340,0.652713,0.015596,-0.817892,1.380783,0.102174,0.052405,-0.020900,0.209938,-0.399409,0.216428,0.869958,-0.191845,11.346275,13.536182,0.000000,1,0.022137,0.966701,29.436283,52.607212,-0.235901,53.506854,0.000000
23.366667,13.166667,1,-0.845200,1.431409,0.312247,0.387316,0.233724,-0.207529,0.867347,0.366018,-0.006430,0.022018,-0.033016,0.447235,0.686110,0.572838,-0.341534,-0.815591,0.467082,0.756528,0.056325,0.651531,0.015032,-0.817892,1.380783,0.102174,0.052255,-0.020851,0.210414,-0.398872,0.216341,0.870386,-0.191117,11.575462,13.302953,0.000000,1,0.022113,0.950726,29.352741,52.631328,-0.232116,53.540877,0.000000
23.400000,13.200000,1,-0.845179,1.431300,0.312669,0.387012,0.232858,-0.208499,0.867483,0.366092,-0.006352,0.022441,-0.032371,0.446579,0.685795,0.573763,-0.339496,-0.815880,0.468062,0.758055,0.057275,0.649670,0.013103,-0.817892,1.380783,0.102174,0.052145,-0.020829,0.210836,-0.397944,0.216434,0.870958,-0.190338,11.897516,13.108605,0.000000,1,0.022039,0.938917,29.276558,52.657424,-0.229322,53.573902,0.000000
23.433333,13.233333,1,-0.845162,1.431212,0.313098,0.386281,0.231197,-0.209450,0.868024,0.366152,-0.006291,0.022871,-0.031204,0.445184,0.685847,0.574850,-0.337148,-0.816301,0.469024,0.760734,0.057281,0.646531,0.013141,-0.817892,1.380783,0.102174,0.052055,-0.020817,0.211264,-0.396124,0.216496,0.871892,-0.189787,12.307550,13.014623,0.000000,1,0.021734,0.929644,29.198256,52.686388,-0.227133,53.609046,0.000000
23.466667,13.266667,1,-0.845179,1.431097,0.313634,0.385061,0.228738,-0.210372,0.868994,0.366254,-0.006242,0.023407,-0.029542,0.442992,0.686291,0.576099,-0.334474,-0.816917,0.469866,0.764569,0.056264,0.642081,0.016443,-0.817892,1.380783,0.102174,0.051961,-0.020767,0.211802,-0.393383,0.216470,0.873204,-0.189484,12.910090,12.768788,0.000000,1,0.021127,0.922066,29.102671,52.717428,-0.225352,53.650120,0.000000
23.500000,13.300000,1,-0.845339,1.431000,0.314233,0.384011,0.224642,-0.211276,0.870307,0.366429,-0.006318,0.024005,-0.026337,0.440221,0.687046,0.577477,-0.331654,-0.816694,0.472246,0.770319,0.054547,0.635322,0.018829,-0.817892,1.380783,0.102174,0.051964,-0.020617,0.212412,-0.389267,0.217328,0.874857,-0.189383,13.691950,12.622372,0.000000,1,0.021113,0.932799,29.000478,52.741145,-0.227976,53.689183,0.000000
23.533333,13.333333,1,-0.845604,1.430900,0.314876,0.383008,0.220014,-0.212241,0.871695,0.366668,-0.006476,0.024647,-0.022634,0.437255,0.687841,0.578939,-0.328634,-0.816230,0.475150,0.776643,0.052725,0.627731,0.021103,-0.817892,1.380783,0.102174,0.052027,-0.020384,0.213072,-0.384698,0.218464,0.876617,-0.189273,14.584889,10.862902,0.000000,1,0.021209,0.955618,28.894716,52.757111,-0.233515,53.725162,0.000000
23.566667,13.366667,1,-0.845767,1.430722,0.315651,0.380995,0.217609,-0.213587,0.872851,0.366909,-0.006508,0.025421,-0.021371,0.434378,0.688259,0.580654,-0.324769,-0.817846,0.475029,0.780714,0.051686,0.622747,0.024333,-0.817892,1.380783,0.102174,0.051963,-0.020195,0.213858,-0.381643,0.217694,0.878267,-0.188693,15.464625,9.896497,0.000000,1,0.020110,0.959667,28.764103,52.784423,-0.234541,53.774084,0.000000
23.600000,13.400000,1,-0.845725,1.430459,0.316484,0.378912,0.217416,-0.214676,0.873539,0.367094,-0.006325,0.026256,-0.022120,0.432427,0.688377,0.581940,-0.321713,-0.820319,0.472840,0.782058,0.051294,0.621091,0.026247,-0.817892,1.380783,0.102174,0.051708,-0.020123,0.214692,-0.380524,0.215881,0.879330,-0.188085,16.262104,9.145364,0.000000,1,0.018999,0.932234,28.617659,52.827061,-0.227993,53.835500,0.000000
23.633333,13.433333,1,-0.845581,1.430161,0.317243,0.377737,0.217972,-0.215240,0.873770,0.367245,-0.006040,0.027018,-0.023139,0.431624,0.688329,0.582554,-0.320192,-0.821951,0.471035,0.782002,0.051336,0.621158,0.024826,-0.817892,1.380783,0.102174,0.051366,-0.020108,0.215446,-0.380485,0.214564,0.879751,-0.187701,16.856776,8.777813,0.000000,1,0.018964,0.889753,28.482556,52.869261,-0.217820,53.893466,0.000000
23.666667,13.466667,1,-0.845482,1.429855,0.318022,0.375820,0.218529,-0.215921,0.874290,0.367430,-0.005785,0.027801,-0.024488,0.430156,0.688482,0.583403,-0.318083,-0.824391,0.468190,0.782257,0.050786,0.620882,0.025304,-0.817892,1.380783,0.102174,0.051044,-0.020053,0.216223,-0.380115,0.212575,0.880466,-0.187361,17.534673,8.681722,0.000000,1,0.018855,0.851772,28.346139,52.907018,-0.208721,53.949442,0.000000
23.700000,13.500000,1,-0.845424,1.429531,0.318927,0.372404,0.218523,-0.216909,0.875508,0.367655,-0.005553,0.028707,-0.025998,0.427093,0.689115,0.584839,-0.314575,-0.828250,0.463729,0.783835,0.048890,0.619042,0.028876,-0.817892,1.380783,0.102174,0.050728,-0.019961,0.217128,-0.378579,0.209479,0.881922,-0.187109,18.411968,8.525192,0.000000,1,0.018147,0.817086,28.189284,52.948181,-0.200404,54.012967,0.000000
23.733333,13.533333,1,-0.845320,1.429175,0.319905,0.368689,0.218047,-0.217915,0.876947,0.367877,-0.005267,0.029689,-0.027221,0.423552,0.689935,0.586390,-0.310812,-0.832200,0.459171,0.786082,0.046499,0.616371,0.031399,-0.817892,1.380783,0.102174,0.050358,-0.019893,0.218104,-0.376493,0.206324,0.883590,-0.186957,19.419251,7.509672,0.000000,1,0.017408,0.774376,28.018045,52.996065,-0.190143,54.084084,0.000000
23.766667,13.566667,1,-0.845172,1.428865,0.320794,0.365546,0.217301,-0.218625,0.878271,0.368035,-0.004972,0.030581,-0.027949,0.420402,0.690785,0.587620,-0.307843,-0.835338,0.455460,0.788338,0.044071,0.613662,0.028562,-0.817892,1.380783,0.102174,0.050001,-0.019882,0.218987,-0.374428,0.203809,0.885038,-0.187010,20.337031,6.955218,0.000000,1,0.017137,0.730697,27.859396,53.046793,-0.179633,54.153147,0.000000
23.800000,13.600000,1,-0.845057,1.428597,0.321550,0.362898,0.216991,-0.219147,0.879315,0.368181,-0.004728,0.031339,-0.028848,0.417890,0.691473,0.588559,-0.305533,-0.838055,0.452010,0.789834,0.042066,0.611876,0.024317,-0.817892,1.380783,0.102174,0.049700,-0.019861,0.219739,-0.372972,0.201550,0.886154,-0.187084,21.293129,6.337951,0.000000,1,0.017580,0.694434,27.725064,53.087950,-0.170901,54.210286,0.000000
23.833333,13.633333,1,-0.844969,1.428269,0.322203,0.360923,0.217498,-0.219662,0.879874,0.368390,-0.004467,0.031996,-0.030179,0.416347,0.691735,0.589277,-0.303684,-0.840377,0.448935,0.790117,0.041184,0.611571,0.022095,-0.817892,1.380783,0.102174,0.049370,-0.019777,0.220392,-0.372536,0.199535,0.886829,-0.186912,22.097558,5.398001,0.000000,1,0.018552,0.655717,27.614808,53.109412,-0.161577,54.250215,0.000000
23.866667,13.666667,1,-0.844817,1.427803,0.322807,0.359213,0.218179,-0.220060,0.880306,0.368671,-0.004071,0.032604,-0.031548,0.415120,0.691937,0.589834,-0.302202,-0.842448,0.446044,0.790063,0.040456,0.611690,0.023336,-0.817892,1.380783,0.102174,0.048890,-0.019659,0.220993,-0.372375,0.197684,0.887340,-0.186776,22.880498,5.000265,0.000000,1,0.019403,0.597185,27.519246,53.114100,-0.147472,54.277140,0.000000
23.900000,13.700000,1,-0.844533,1.427174,0.323394,0.357176,0.218335,-0.220588,0.880963,0.369003,-0.003473,0.033198,-0.032592,0.413365,0.692280,0.590606,-0.300245,-0.844674,0.443146,0.790784,0.039372,0.610828,0.027186,-0.817892,1.380783,0.102174,0.048203,-0.019549,0.221573,-0.371602,0.195770,0.888116,-0.186645,23.674538,4.525525,0.000000,1,0.019994,0.508895,27.430091,53.108967,-0.126182,54.297100,0.000000
23.933333,13.733333,1,-0.844177,1.426423,0.323981,0.355548,0.218450,-0.221165,0.881448,0.369388,-0.002743,0.033793,-0.033418,0.411959,0.692449,0.591343,-0.298392,-0.846485,0.440937,0.791417,0.038794,0.610044,0.030513,-0.817892,1.380783,0.102174,0.047375,-0.019425,0.222151,-0.370970,0.194240,0.888770,-0.186385,24.492246,3.951517,0.000000,1,0.020538,0.401484,27.344999,53.094320,-0.100273,54.310938,0.000000
23.966667,13.766667,1,-0.843911,1.425578,0.324541,0.354328,0.218788,-0.221437,0.881787,0.369903,-0.002028,0.034360,-0.034262,0.411017,0.692626,0.591743,-0.297332,-0.847879,0.438971,0.791549,0.038190,0.609911,0.031438,-0.817892,1.380783,0.102174,0.046524,-0.019171,0.222707,-0.370724,0.192986,0.889160,-0.186317,25.503751,3.436923,0.000000,1,0.021779,0.296260,27.275062,53.054390,-0.074886,54.307184,0.000000
24.000000,13.800000,1,-0.843755,1.424616,0.325078,0.353251,0.219391,-0.221530,0.882046,0.370579,-0.001331,0.034905,-0.035281,0.410321,0.692813,0.591948,-0.296706,-0.849171,0.436890,0.791265,0.037531,0.610321,0.033403,-0.817892,1.380783,0.102174,0.045645,-0.018757,0.223252,-0.370781,0.191746,0.889395,-0.186362,26.603968,3.082080,0.000000,1,0.023358,0.193793,27.221613,52.984337,-0.050172,54.282916,0.000000
24.033333,13.833333,1,-0.843646,1.423575,0.325655,0.352087,0.220734,-0.221719,0.882129,0.371344,-0.000624,0.035489,-0.037001,0.409878,0.692801,0.592163,-0.295947,-0.850835,0.434161,0.790170,0.037315,0.611750,0.035831,-0.817892,1.380783,0.102174,0.044730,-0.018262,0.223839,-0.371453,0.190096,0.889497,-0.186229,27.555233,3.071929,0.000000,1,0.024062,0.090272,27.168422,52.901061,-0.025226,54.251705,0.000000
24.066667,13.866667,1,-0.843567,1.422507,0.326251,0.350711,0.221813,-0.222226,0.882279,0.372150,0.000075,0.036092,-0.038578,0.409129,0.692705,0.592693,-0.294454,-0.852690,0.431529,0.789556,0.037342,0.612541,0.036766,-0.817892,1.380783,0.102174,0.043811,-0.017728,0.224448,-0.371788,0.188367,0.889803,-0.185853,28.175535,3.233014,0.000000,1,0.024428,-0.011654,27.115338,52.811599,-0.000692,54.217321,0.000000
24.100000,13.900000,1,-0.843452,1.421395,0.326791,0.349149,0.221990,-0.222887,0.882687,0.372969,0.000830,0.036641,-0.039430,0.407810,0.692768,0.593471,-0.292474,-0.854436,0.429416,0.790117,0.037035,0.611837,0.037255,-0.817892,1.380783,0.102174,0.042836,-0.017193,0.225001,-0.371238,0.186869,0.890426,-0.185480,29.181510,3.345518,0.000000,1,0.025101,-0.121359,27.074166,52.714705,0.025663,54.175760,0.000000
24.133333,13.933333,1,-0.843330,1.420252,0.327209,0.348440,0.222009,-0.223355,0.882844,0.373808,0.001611,0.037067,-0.039759,0.407185,0.692696,0.593963,-0.291255,-0.855251,0.428623,0.790493,0.037182,0.611342,0.036694,-0.817892,1.380783,0.102174,0.041835,-0.016638,0.225431,-0.370929,0.186214,0.890762,-0.185149,30.043850,3.268614,0.000000,1,0.026281,-0.234302,27.058221,52.603462,0.052743,54.119607,0.000000
24.166667,13.966667,1,-0.843233,1.419056,0.327558,0.348069,0.222206,-0.223928,0.882796,0.374706,0.002404,0.037424,-0.040099,0.406942,0.692396,0.594456,-0.290029,-0.855833,0.428290,0.790562,0.037959,0.611204,0.037499,-0.817892,1.380783,0.102174,0.040807,-0.016026,0.225794,-0.370924,0.185781,0.890964,-0.184621,30.853440,3.038701,0.000000,1,0.027531,-0.348551,27.060455,52.475667,0.080078,54.049724,0.000000
24.200000,14.000000,1,-0.843211,1.417858,0.327785,0.347103,0.222766,-0.224699,0.882839,0.375649,0.003140,0.037659,-0.041027,0.406330,0.692088,0.595170,-0.288179,-0.857161,0.426881,0.790479,0.038662,0.611268,0.036572,-0.817892,1.380783,0.102174,0.039825,-0.015347,0.226041,-0.370973,0.184648,0.891315,-0.183963,31.845531,3.094969,0.000000,1,0.028972,-0.454015,27.089860,52.329265,0.105266,53.962516,0.000000
24.233333,14.033333,1,-0.843201,1.416690,0.327826,0.346672,0.223540,-0.225165,0.882694,0.376576,0.003850,0.037708,-0.041911,0.406291,0.691750,0.595528,-0.287180,-0.857968,0.425932,0.789857,0.039451,0.612021,0.035058,-0.817892,1.380783,0.102174,0.038878,-0.014665,0.226103,-0.371455,0.183907,0.891368,-0.183474,32.603566,3.066272,0.000000,1,0.030396,-0.555376,27.153330,52.170019,0.129405,53.859159,0.000000
24.266667,14.066667,1,-0.843150,1.415553,0.327785,0.347126,0.223960,-0.225281,0.882380,0.377454,0.004576,0.037674,-0.042084,0.406886,0.691420,0.595492,-0.287237,-0.857717,0.426400,0.789223,0.040334,0.612780,0.034190,-0.817892,1.380783,0.102174,0.037933,-0.014028,0.226079,-0.372025,0.184127,0.891139,-0.183210,33.875957,3.173447,0.000000,1,0.030966,-0.658517,27.229218,52.011690,0.153867,53.753099,0.000000
24.300000,14.100000,1,-0.843122,1.414483,0.327752,0.347808,0.223432,-0.225709,0.882135,0.378291,0.005242,0.037648,-0.041306,0.407264,0.691012,0.595762,-0.286724,-0.857002,0.428178,0.789712,0.041592,0.612066,0.032105,-0.817892,1.380783,0.102174,0.037057,-0.013414,0.226063,-0.371846,0.184968,0.891142,-0.182713,34.271783,3.167307,0.000000,1,0.030863,-0.752781,27.301050,51.860623,0.176156,53.652322,0.000000
24.333333,14.133333,1,-0.843204,1.413538,0.327688,0.347921,0.223753,-0.226182,0.881888,0.379095,0.005746,0.037589,-0.041541,0.407511,0.690582,0.596076,-0.285936,-0.857135,0.428440,0.789421,0.042742,0.612362,0.028519,-0.817892,1.380783,0.102174,0.036347,-0.012784,0.226021,-0.372167,0.184919,0.891129,-0.182170,34.792753,3.121167,0.000000,1,0.030974,-0.823590,27.376529,51.712761,0.192898,53.552483,0.000000
24.366667,14.166667,1,-0.843349,1.412700,0.327605,0.347426,0.224394,-0.226665,0.881797,0.379852,0.006136,0.037510,-0.042334,0.407355,0.690283,0.596472,-0.284859,-0.857959,0.427507,0.788979,0.043433,0.612883,0.025651,-0.817892,1.380783,0.102174,0.035760,-0.012165,0.225963,-0.372503,0.184179,0.891239,-0.181696,34.700751,2.940798,0.000000,1,0.030959,-0.877814,27.452211,51.571426,0.205715,53.456299,0.000000
24.400000,14.200000,1,-0.843460,1.411930,0.327511,0.347257,0.224810,-0.227000,0.881671,0.380533,0.006511,0.037421,-0.042780,0.407391,0.690022,0.596718,-0.284196,-0.858353,0.427157,0.788641,0.044079,0.613272,0.023492,-0.817892,1.380783,0.102174,0.035209,-0.011613,0.225890,-0.372787,0.183836,0.891264,-0.181335,35.155416,3.135945,0.000000,1,0.030705,-0.929973,27.524196,51.442260,0.217979,53.367840,0.000000
24.433333,14.233333,1,-0.843475,1.411172,0.327478,0.347763,0.225491,-0.226949,0.881311,0.381148,0.006955,0.037392,-0.043165,0.408150,0.689726,0.596514,-0.284617,-0.858097,0.427390,0.787627,0.044829,0.614519,0.022765,-0.817892,1.380783,0.102174,0.034609,-0.011149,0.225871,-0.373616,0.183990,0.890914,-0.181191,35.612609,3.101307,0.000000,1,0.030058,-0.991933,27.579977,51.329310,0.232427,53.292702,0.000000
24.466667,14.266667,1,-0.843408,1.410329,0.327588,0.348401,0.225493,-0.226978,0.881051,0.381781,0.007515,0.037508,-0.042883,0.408723,0.689484,0.596422,-0.284885,-0.857500,0.428409,0.787392,0.045546,0.614768,0.025587,-0.817892,1.380783,0.102174,0.033888,-0.010709,0.225993,-0.373899,0.184563,0.890709,-0.181033,36.227369,3.142689,0.000000,1,0.029583,-1.070141,27.610405,51.224476,0.250546,53.229069,0.000000
24.500000,14.300000,1,-0.843328,1.409455,0.327772,0.348288,0.225245,-0.227232,0.881093,0.382431,0.008104,0.037698,-0.042710,0.408512,0.689407,0.596667,-0.284329,-0.857588,0.428602,0.787798,0.045786,0.614229,0.026926,-0.817892,1.380783,0.102174,0.033132,-0.010265,0.226187,-0.373622,0.184567,0.890865,-0.180834,36.463229,3.060205,0.000000,1,0.029507,-1.152193,27.628899,51.122168,0.269489,53.170192,0.000000
24.533333,14.333333,1,-0.843431,1.408746,0.327768,0.346673,0.227140,-0.226561,0.881417,0.383059,0.008448,0.037698,-0.045129,0.407908,0.689993,0.596224,-0.284960,-0.859599,0.424132,0.785965,0.043745,0.616722,0.021484,-0.817892,1.380783,0.102174,0.032623,-0.009762,0.226202,-0.374608,0.182281,0.890771,-0.181574,37.072894,3.001586,0.000000,1,0.030618,-1.199384,27.680695,51.009054,0.280425,53.096436,0.000000
24.566667,14.366667,1,-0.843505,1.407984,0.327821,0.345496,0.228044,-0.226471,0.881668,0.383712,0.008847,0.037755,-0.046463,0.407257,0.690255,0.596264,-0.284621,-0.860993,0.421522,0.785304,0.042777,0.617631,0.023024,-0.817892,1.380783,0.102174,0.032053,-0.009254,0.226273,-0.374892,0.180820,0.890908,-0.181776,37.435970,2.872714,0.000000,1,0.030776,-1.254121,27.724283,50.895621,0.293026,53.024919,0.000000
24.600000,14.400000,1,-0.843516,1.407124,0.327952,0.345524,0.228071,-0.226416,0.881665,0.384406,0.009353,0.037891,-0.046475,0.407294,0.690277,0.596213,-0.284740,-0.860962,0.421507,0.785246,0.042716,0.617709,0.026091,-0.817892,1.380783,0.102174,0.031365,-0.008742,0.226420,-0.374930,0.180835,0.890880,-0.181822,37.728688,2.788730,0.000000,1,0.030993,-1.323765,27.757101,50.780634,0.308955,52.955675,0.000000
24.633333,14.433333,1,-0.843538,1.406266,0.328071,0.346097,0.228394,-0.226066,0.881446,0.385105,0.009851,0.038016,-0.046510,0.407951,0.690241,0.595802,-0.285714,-0.860442,0.421909,0.784546,0.042807,0.618591,0.026004,-0.817892,1.380783,0.102174,0.030685,-0.008222,0.226556,-0.375479,0.181214,0.890532,-0.182016,38.036183,2.707047,0.000000,1,0.031378,-1.391929,27.792635,50.663631,0.324487,52.884713,0.000000
24.666667,14.466667,1,-0.843569,1.405476,0.328148,0.346057,0.228621,-0.226106,0.881393,0.385754,0.010302,0.038097,-0.046731,0.408016,0.690176,0.595816,-0.285640,-0.860569,0.421700,0.784301,0.042947,0.618892,0.023839,-0.817892,1.380783,0.102174,0.030065,-0.007734,0.226649,-0.375661,0.181076,0.890497,-0.181951,38.389019,2.654121,0.000000,1,0.031457,-1.453402,27.832484,50.551693,0.338439,52.815350,0.000000
24.700000,14.500000,1,-0.843558,1.404668,0.328237,0.345430,0.227586,-0.226915,0.881699,0.386393,0.010795,0.038192,-0.046079,0.406994,0.690083,0.596672,-0.283717,-0.861015,0.422087,0.785999,0.043325,0.616708,0.024374,-0.817892,1.380783,0.102174,0.029407,-0.007269,0.226752,-0.374444,0.180957,0.891144,-0.181405,38.977395,2.598492,0.000000,1,0.031580,-1.520814,27.869288,50.442382,0.353662,52.748323,0.000000
24.733333,14.533333,1,-0.843430,1.403687,0.328424,0.345898,0.224096,-0.228660,0.881958,0.387100,0.011486,0.038386,-0.042739,0.405859,0.689529,0.598332,-0.280345,-0.859827,0.426737,0.790443,0.045445,0.610848,0.030219,-0.817892,1.380783,0.102174,0.028537,-0.006800,0.226948,-0.371509,0.182899,0.892255,-0.180030,39.220242,2.491409,0.000000,1,0.032074,-1.615514,27.894172,50.327610,0.374954,52.681777,0.000000
24.766667,14.566667,1,-0.843335,1.402716,0.328440,0.346672,0.221654,-0.229933,0.881940,0.387817,0.012146,0.038409,-0.040202,0.405466,0.688943,0.599449,-0.278090,-0.858573,0.430718,0.793371,0.047483,0.606884,0.029256,-0.817892,1.380783,0.102174,0.027699,-0.006301,0.226975,-0.369650,0.184659,0.892887,-0.178922,39.594723,2.402354,0.000000,1,0.033609,-1.705534,27.951698,50.196877,0.395141,52.597900,0.000000
24.800000,14.600000,1,-0.843417,1.401944,0.328133,0.346117,0.222064,-0.229888,0.882067,0.388483,0.012548,0.038106,-0.040816,0.405151,0.689074,0.599469,-0.277942,-0.859231,0.429501,0.793084,0.047021,0.607294,0.025036,-0.817892,1.380783,0.102174,0.027134,-0.005759,0.226688,-0.369769,0.183979,0.892957,-0.179023,39.658492,2.337255,0.000000,1,0.035584,-1.759371,28.064696,50.050063,0.407191,52.490436,0.000000
24.833333,14.633333,1,-0.843532,1.401246,0.327734,0.346091,0.223756,-0.228974,0.881887,0.389110,0.012880,0.037710,-0.042347,0.405882,0.689326,0.598579,-0.279820,-0.859607,0.427523,0.790856,0.046073,0.610265,0.024374,-0.817892,1.380783,0.102174,0.026649,-0.005228,0.226309,-0.371284,0.183219,0.892345,-0.179721,39.950814,2.301621,0.000000,1,0.036355,-1.803434,28.191876,49.902451,0.416985,52.378918,0.000000
24.866667,14.666667,1,-0.843619,1.400510,0.327394,0.346140,0.225892,-0.227998,0.881576,0.389750,0.013258,0.037374,-0.044242,0.406877,0.689489,0.597577,-0.281889,-0.860048,0.425273,0.788044,0.045295,0.613951,0.024469,-0.817892,1.380783,0.102174,0.026116,-0.004701,0.225989,-0.373226,0.182331,0.891579,-0.180404,40.242806,2.175941,0.000000,1,0.036517,-1.853630,28.309514,49.756628,0.428056,52.271215,0.000000
24.900000,14.700000,1,-0.843748,1.399694,0.327236,0.345801,0.227726,-0.227377,0.881398,0.390479,0.013647,0.037220,-0.046038,0.407392,0.689610,0.596951,-0.283060,-0.860838,0.422889,0.785816,0.044637,0.616848,0.025221,-0.817892,1.380783,0.102174,0.025540,-0.004103,0.225854,-0.374719,0.181221,0.891089,-0.180846,40.697021,2.079492,0.000000,1,0.036401,-1.904955,28.401299,49.609334,0.439307,52.169963,0.000000
24.933333,14.733333,1,-0.843975,1.398788,0.327317,0.345172,0.228862,-0.227041,0.881437,0.391339,0.014011,0.037305,-0.047337,0.407334,0.689795,0.596675,-0.283476,-0.861730,0.420787,0.784603,0.043885,0.618444,0.028131,-0.817892,1.380783,0.102174,0.024943,-0.003389,0.225965,-0.375458,0.180155,0.890932,-0.181153,41.106796,2.018213,0.000000,1,0.036317,-1.951895,28.460380,49.457853,0.449529,52.075486,0.000000
24.966667,14.766667,1,-0.844282,1.397778,0.327605,0.344189,0.229470,-0.227075,0.881655,0.392332,0.014370,0.037596,-0.048319,0.406725,0.689971,0.596808,-0.282971,-0.862866,0.418796,0.784256,0.043210,0.618931,0.032848,-0.817892,1.380783,0.102174,0.024306,-0.002559,0.226290,-0.375562,0.178999,0.891105,-0.181231,41.837214,2.018367,0.000000,1,0.036615,-1.997363,28.493016,49.299159,0.459364,51.984407,0.000000
25.000000,14.800000,1,-0.844592,1.396664,0.328010,0.343513,0.229722,-0.227379,0.881774,0.393408,0.014788,0.038005,-0.048844,0.406232,0.689940,0.597137,-0.282084,-0.863661,0.417753,0.784293,0.043194,0.618885,0.036735,-0.817892,1.380783,0.102174,0.023585,-0.001674,0.226733,-0.375478,0.178272,0.891328,-0.181024,42.508801,2.214596,0.000000,1,0.037159,-2.050392,28.512070,49.134094,0.470767,51.893664,0.000000
25.033333,14.833333,1,-0.844875,1.395502,0.328434,0.342832,0.229787,-0.227498,0.881991,0.394506,0.015257,0.038434,-0.049205,0.405652,0.690078,0.597343,-0.281521,-0.864346,0.416716,0.784506,0.042743,0.618647,0.038075,-0.817892,1.380783,0.102174,0.022808,-0.000783,0.227195,-0.375232,0.177628,0.891559,-0.181029,43.263756,2.218450,0.000000,1,0.037710,-2.110067,28.530334,48.965608,0.483515,51.801360,0.000000
25.066667,14.866667,1,-0.845164,1.394327,0.328864,0.342438,0.230154,-0.227066,0.882160,0.395618,0.015728,0.038869,-0.049711,0.405461,0.690421,0.597034,-0.282159,-0.864721,0.415504,0.784097,0.041696,0.619236,0.038513,-0.817892,1.380783,0.102174,0.022025,0.000120,0.227663,-0.375396,0.177117,0.891497,-0.181492,44.042571,2.107748,0.000000,1,0.038208,-2.169770,28.549539,48.794500,0.496166,51.707441,0.000000
25.100000,14.900000,1,-0.845425,1.393057,0.329345,0.341936,0.230796,-0.226872,0.882237,0.396790,0.016279,0.039356,-0.050511,0.405297,0.690575,0.596899,-0.282320,-0.865352,0.414080,0.783464,0.041108,0.620076,0.041506,-0.817892,1.380783,0.102174,0.021147,0.001054,0.228182,-0.375749,0.176383,0.891453,-0.181698,44.900558,2.035149,0.000000,1,0.039035,-2.239844,28.565596,48.615495,0.510953,51.610208,0.000000
25.133333,14.933333,1,-0.845596,1.391669,0.329851,0.341338,0.231328,-0.227489,0.882171,0.398002,0.016972,0.039869,-0.051250,0.405001,0.690239,0.597426,-0.280912,-0.866246,0.413166,0.783221,0.041886,0.620331,0.044618,-0.817892,1.380783,0.102174,0.020120,0.001984,0.228723,-0.375939,0.175597,0.891645,-0.181120,45.721697,2.039027,0.000000,1,0.039947,-2.328872,28.581844,48.429529,0.529684,51.509281,0.000000
25.166667,14.966667,1,-0.845674,1.390259,0.330338,0.341314,0.231684,-0.227603,0.882057,0.399175,0.017753,0.040364,-0.051580,0.405140,0.690087,0.597479,-0.280718,-0.866419,0.412936,0.782831,0.042238,0.620799,0.044809,-0.817892,1.380783,0.102174,0.019021,0.002854,0.229239,-0.376241,0.175415,0.891586,-0.180960,46.552144,2.046394,0.000000,1,0.040240,-2.429561,28.599624,48.247337,0.550750,51.410010,0.000000
25.200000,15.000000,1,-0.845700,1.388836,0.330907,0.341287,0.232274,-0.226713,0.882141,0.400327,0.018582,0.040942,-0.052123,0.405376,0.690562,0.596723,-0.282410,-0.866407,0.411806,0.781889,0.040816,0.622080,0.045966,-0.817892,1.380783,0.102174,0.017879,0.003684,0.229834,-0.376777,0.175145,0.891246,-0.181779,47.354427,2.021672,0.000000,1,0.040011,-2.536561,28.601531,48.074568,0.572999,51.320018,0.000000
25.233333,15.033333,1,-0.845707,1.387363,0.331680,0.340177,0.232299,-0.226252,0.882682,0.401508,0.019454,0.041724,-0.052642,0.404390,0.691246,0.596554,-0.282703,-0.867307,0.409704,0.782156,0.038816,0.621872,0.049910,-0.817892,1.380783,0.102174,0.016680,0.004517,0.230633,-0.376322,0.174142,0.891496,-0.182460,48.397723,1.789196,0.000000,1,0.039630,-2.648634,28.570374,47.911281,0.596174,51.243848,0.000000
25.266667,15.066667,1,-0.845752,1.385872,0.332488,0.339406,0.232050,-0.226122,0.883077,0.402726,0.020307,0.042541,-0.052763,0.403586,0.691653,0.596616,-0.282532,-0.867891,0.408585,0.782714,0.037664,0.621241,0.050897,-0.817892,1.380783,0.102174,0.015489,0.005390,0.231468,-0.375765,0.173560,0.891779,-0.182778,49.429075,1.686410,0.000000,1,0.040151,-2.757108,28.537283,47.743130,0.618475,51.165515,0.000000
25.300000,15.100000,1,-0.845814,1.384372,0.333201,0.338876,0.231999,-0.225720,0.883397,0.403962,0.021152,0.043263,-0.052955,0.403087,0.692116,0.596400,-0.283006,-0.868246,0.407501,0.782865,0.036344,0.621130,0.049875,-0.817892,1.380783,0.102174,0.014303,0.006286,0.232211,-0.375497,0.173113,0.891873,-0.183293,50.460787,1.518169,0.000000,1,0.041228,-2.863993,28.524158,47.563259,0.640326,51.075570,0.000000
25.333333,15.133333,1,-0.845875,1.382902,0.333794,0.337945,0.232243,-0.225078,0.883853,0.405173,0.021981,0.043865,-0.053590,0.402358,0.692807,0.596032,-0.283748,-0.868995,0.405382,0.782746,0.034293,0.621396,0.047584,-0.817892,1.380783,0.102174,0.013143,0.007172,0.232834,-0.375320,0.172178,0.891965,-0.184089,51.411215,1.348339,0.000000,1,0.042025,-2.968229,28.531757,47.377503,0.661481,50.976974,0.000000
25.366667,15.166667,1,-0.845898,1.381485,0.334280,0.337606,0.232948,-0.224734,0.883885,0.406319,0.022810,0.044359,-0.054374,0.402368,0.692989,0.595743,-0.284268,-0.869443,0.404055,0.781930,0.033619,0.622459,0.044931,-0.817892,1.380783,0.102174,0.012006,0.008002,0.233345,-0.375805,0.171564,0.891814,-0.184403,52.206050,1.154715,0.000000,1,0.042391,-3.072274,28.554073,47.194214,0.682428,50.875820,0.000000
25.400000,15.200000,1,-0.845909,1.380077,0.334679,0.337492,0.233629,-0.224857,0.883717,0.407450,0.023644,0.044768,-0.055034,0.402572,0.692785,0.595782,-0.284030,-0.869808,0.403437,0.781188,0.034040,0.623367,0.043925,-0.817892,1.380783,0.102174,0.010870,0.008822,0.233770,-0.376355,0.171157,0.891701,-0.184205,53.077962,1.017259,0.000000,1,0.043229,-3.176738,28.591456,47.005940,0.703315,50.768072,0.000000
25.433333,15.233333,1,-0.845928,1.378694,0.335026,0.336750,0.234071,-0.224941,0.883862,0.408567,0.024457,0.045123,-0.055760,0.402104,0.692874,0.595926,-0.283526,-0.870647,0.401979,0.780961,0.033632,0.623674,0.042780,-0.817892,1.380783,0.102174,0.009761,0.009637,0.234142,-0.376417,0.170291,0.891841,-0.184202,54.045860,0.924725,0.000000,1,0.043841,-3.277863,28.637889,46.815608,0.723362,50.656896,0.000000
25.466667,15.266667,1,-0.845940,1.377365,0.335345,0.336026,0.234540,-0.224429,0.884143,0.409635,0.025244,0.045450,-0.056505,0.401663,0.693353,0.595597,-0.284142,-0.871310,0.400103,0.780526,0.032139,0.624297,0.040983,-0.817892,1.380783,0.102174,0.008692,0.010416,0.234485,-0.376527,0.169439,0.891835,-0.184793,54.976556,0.888379,0.000000,1,0.043933,-3.375360,28.685731,46.631468,0.742494,50.548718,0.000000
25.500000,15.300000,1,-0.845922,1.376024,0.335665,0.334998,0.234412,-0.224132,0.884642,0.410695,0.026062,0.045779,-0.056849,0.400683,0.693926,0.595557,-0.284161,-0.872102,0.398361,0.780988,0.030469,0.623802,0.041372,-0.817892,1.380783,0.102174,0.007595,0.011178,0.234828,-0.375968,0.168576,0.892127,-0.185309,55.984500,1.093618,0.000000,1,0.044380,-3.476681,28.733403,46.447886,0.762253,50.440957,0.000000
25.533333,15.333333,1,-0.845885,1.374740,0.335906,0.333706,0.234003,-0.224009,0.885270,0.411699,0.026861,0.046028,-0.057059,0.399341,0.694536,0.595727,-0.283707,-0.873080,0.396538,0.781936,0.028729,0.622696,0.039204,-0.817892,1.380783,0.102174,0.006535,0.011896,0.235089,-0.375040,0.167596,0.892612,-0.185742,56.998626,1.538250,0.000000,1,0.044729,-3.575416,28.790803,46.268043,0.781326,50.332713,0.000000
25.566667,15.366667,1,-0.845798,1.373561,0.336045,0.332402,0.233974,-0.223424,0.885916,0.412588,0.027638,0.046176,-0.057615,0.398156,0.695368,0.595496,-0.284130,-0.874058,0.394072,0.782298,0.026287,0.622349,0.035721,-0.817892,1.380783,0.102174,0.005531,0.012518,0.235244,-0.374454,0.166445,0.892897,-0.186586,58.019811,1.713140,0.000000,1,0.044611,-3.671847,28.855986,46.101261,0.799752,50.229501,0.000000
25.600000,15.400000,1,-0.845645,1.372432,0.336116,0.331780,0.234240,-0.222512,0.886308,0.413398,0.028439,0.046255,-0.058135,0.397713,0.696124,0.594858,-0.285529,-0.874432,0.392228,0.781948,0.024063,0.622880,0.034231,-0.817892,1.380783,0.102174,0.004531,0.013060,0.235325,-0.374441,0.165783,0.892817,-0.187585,59.059920,1.146307,0.000000,1,0.044737,-3.771615,28.926275,45.943417,0.818697,50.129836,0.000000
25.633333,15.433333,1,-0.845477,1.371337,0.336155,0.331580,0.234479,-0.221922,0.886468,0.414171,0.029232,0.046303,-0.058440,0.397639,0.696530,0.594403,-0.286540,-0.874514,0.391305,0.781563,0.022862,0.623408,0.033272,-0.817892,1.380783,0.102174,0.003548,0.013573,0.235374,-0.374580,0.165508,0.892684,-0.188183,59.749025,0.957049,0.000000,1,0.045018,-3.870394,28.999161,45.789393,0.837323,50.031625,0.000000
25.666667,15.466667,1,-0.845347,1.370282,0.336236,0.331192,0.234305,-0.221688,0.886717,0.414936,0.029970,0.046391,-0.058458,0.397212,0.696855,0.594305,-0.286769,-0.874729,0.390657,0.781848,0.021951,0.623083,0.031981,-0.817892,1.380783,0.102174,0.002621,0.014090,0.235465,-0.374262,0.165240,0.892796,-0.188517,60.656032,0.904802,0.000000,1,0.044959,-3.961595,29.063955,45.640505,0.854328,49.938308,0.000000
25.700000,15.500000,1,-0.845241,1.369222,0.336404,0.330751,0.234475,-0.221253,0.886945,0.415718,0.030690,0.046567,-0.058808,0.396891,0.697252,0.594019,-0.287366,-0.875043,0.389514,0.781681,0.020763,0.623333,0.032342,-0.817892,1.380783,0.102174,0.001701,0.014623,0.235645,-0.374230,0.164775,0.892790,-0.189015,61.726575,0.949698,0.000000,1,0.044936,-4.050035,29.115419,45.494707,0.870688,49.850129,0.000000
25.733333,15.533333,1,-0.845216,1.368154,0.336547,0.330450,0.234760,-0.220678,0.887126,0.416556,0.031351,0.046716,-0.059200,0.396746,0.697669,0.593587,-0.288299,-0.875229,0.388403,0.781280,0.019506,0.623875,0.032324,-0.817892,1.380783,0.102174,0.000824,0.015228,0.235805,-0.374365,0.164388,0.892679,-0.189610,62.572540,1.038141,0.000000,1,0.045977,-4.129836,29.176648,45.337058,0.885283,49.753096,0.000000
25.766667,15.566667,1,-0.845301,1.367128,0.336624,0.330038,0.235047,-0.220039,0.887362,0.417427,0.031900,0.046799,-0.059643,0.396503,0.698164,0.593123,-0.289296,-0.875492,0.387068,0.780897,0.018018,0.624400,0.030997,-0.817892,1.380783,0.102174,0.000047,0.015901,0.235906,-0.374455,0.163901,0.892586,-0.190290,63.505009,1.079615,0.000000,1,0.047055,-4.194218,29.252859,45.168810,0.896767,49.646545,0.000000
25.800000,15.600000,1,-0.845476,1.366119,0.336784,0.330130,0.235508,-0.219281,0.887393,0.418338,0.032365,0.046965,-0.060019,0.396789,0.698532,0.592461,-0.290775,-0.875335,0.386314,0.780076,0.016903,0.625457,0.031082,-0.817892,1.380783,0.102174,-0.000665,0.016630,0.236095,-0.374926,0.163792,0.892263,-0.190967,64.474691,1.063740,0.000000,1,0.047267,-4.247095,29.318305,45.000161,0.905890,49.542580,0.000000
25.833333,15.633333,1,-0.845704,1.365061,0.337108,0.330304,0.235854,-0.218856,0.887341,0.419321,0.032817,0.047293,-0.060252,0.397098,0.698677,0.592059,-0.291673,-0.875167,0.386017,0.779463,0.016440,0.626232,0.033895,-0.817892,1.380783,0.102174,-0.001388,0.017422,0.236451,-0.375321,0.163803,0.892022,-0.191312,65.397749,1.059260,0.000000,1,0.047429,-4.297177,29.362412,44.830268,0.914370,49.443444,0.000000
25.866667,15.666667,1,-0.845871,1.363932,0.337530,0.329626,0.236585,-0.218799,0.887413,0.420323,0.033358,0.047720,-0.061209,0.396817,0.698765,0.592044,-0.291474,-0.875978,0.384325,0.778822,0.015961,0.627042,0.036505,-0.817892,1.380783,0.102174,-0.002207,0.018200,0.236903,-0.375671,0.162869,0.892027,-0.191395,66.447123,1.075561,0.000000,1,0.047615,-4.358671,29.392241,44.662453,0.924948,49.349104,0.000000
25.900000,15.700000,1,-0.845913,1.362801,0.337938,0.328407,0.237731,-0.218079,0.887735,0.421251,0.034001,0.048135,-0.062782,0.396234,0.699372,0.591554,-0.292245,-0.877185,0.380972,0.777680,0.013874,0.628508,0.036086,-0.817892,1.380783,0.102174,-0.003101,0.018880,0.237333,-0.376168,0.161275,0.891937,-0.192186,67.690601,1.182490,0.000000,1,0.047474,-4.433705,29.418438,44.505590,0.937992,49.261579,0.000000
25.933333,15.733333,1,-0.845832,1.361692,0.338223,0.328139,0.238672,-0.216808,0.887894,0.422089,0.034729,0.048428,-0.063749,0.396410,0.700082,0.590492,-0.294511,-0.877327,0.378895,0.776244,0.011642,0.630325,0.034445,-0.817892,1.380783,0.102174,-0.004048,0.019456,0.237633,-0.376918,0.160638,0.891478,-0.193377,68.930496,1.292534,0.000000,1,0.047827,-4.520620,29.458273,44.354914,0.953192,49.173915,0.000000
25.966667,15.766667,1,-0.845677,1.360608,0.338346,0.328073,0.239571,-0.215473,0.888001,0.422861,0.035504,0.048559,-0.064589,0.396747,0.700776,0.589350,-0.296990,-0.877255,0.377121,0.774753,0.009483,0.632192,0.033045,-0.817892,1.380783,0.102174,-0.005015,0.019968,0.237765,-0.377722,0.160204,0.890950,-0.194598,70.271488,1.373795,0.000000,1,0.048729,-4.613816,29.521098,44.202936,0.969494,49.079743,0.000000
26.000000,15.800000,1,-0.845440,1.359515,0.338323,0.327413,0.240468,-0.214100,0.888334,0.423592,0.036351,0.048546,-0.065692,0.396552,0.701686,0.588276,-0.299232,-0.877670,0.374373,0.773469,0.006644,0.633800,0.033560,-0.817892,1.380783,0.102174,-0.006034,0.020428,0.237748,-0.378264,0.159236,0.890593,-0.195969,71.715193,1.421654,0.000000,1,0.049917,-4.716637,29.606185,44.046209,0.987542,48.977475,0.000000
26.033333,15.833333,1,-0.845138,1.358444,0.338204,0.327343,0.241377,-0.212295,0.888546,0.424265,0.037238,0.048436,-0.066545,0.396889,0.702683,0.586759,-0.302570,-0.877435,0.372236,0.771790,0.003615,0.635867,0.033566,-0.817892,1.380783,0.102174,-0.007072,0.020828,0.237630,-0.379089,0.158802,0.889947,-0.197657,72.915949,1.428085,0.000000,1,0.050605,-4.824859,29.703290,43.891652,1.006499,48.873459,0.000000
26.066667,15.866667,1,-0.844809,1.357392,0.338085,0.327638,0.242783,-0.210642,0.888448,0.424907,0.038135,0.048327,-0.067680,0.397777,0.703338,0.585243,-0.305821,-0.877089,0.370389,0.769404,0.001471,0.638761,0.033260,-0.817892,1.380783,0.102174,-0.008111,0.021195,0.237509,-0.380510,0.158474,0.889088,-0.199050,74.149404,1.435253,0.000000,1,0.050806,-4.934425,29.797863,43.742241,1.025594,48.772974,0.000000
26.100000,15.900000,1,-0.844557,1.356328,0.337971,0.327499,0.244174,-0.209632,0.888357,0.425605,0.038978,0.048221,-0.068992,0.398271,0.703710,0.584305,-0.307656,-0.877318,0.368323,0.767408,0.000064,0.641159,0.032994,-0.817892,1.380783,0.102174,-0.009115,0.021632,0.237399,-0.381709,0.157749,0.888516,-0.199883,75.302803,1.457693,0.000000,1,0.051725,-5.036103,29.897222,43.582806,1.043142,48.665995,0.000000
26.133333,15.933333,1,-0.844462,1.355207,0.337872,0.326685,0.244979,-0.209087,0.888563,0.426443,0.039730,0.048131,-0.070077,0.397899,0.704136,0.583916,-0.308263,-0.878080,0.365991,0.766545,-0.001438,0.642188,0.033869,-0.817892,1.380783,0.102174,-0.010071,0.022226,0.237315,-0.382077,0.156669,0.888418,-0.200464,76.386307,1.460964,0.000000,1,0.053455,-5.124140,30.007786,43.398770,1.058098,48.543084,0.000000
26.166667,15.966667,1,-0.844507,1.354033,0.337830,0.326355,0.244838,-0.208992,0.888746,0.427408,0.040401,0.048095,-0.070099,0.397540,0.704340,0.583912,-0.308266,-0.878280,0.365509,0.766811,-0.002018,0.641870,0.035289,-0.817892,1.380783,0.102174,-0.010988,0.022962,0.237297,-0.381810,0.156436,0.888534,-0.200642,77.030097,1.470906,0.000000,1,0.054944,-5.200048,30.121821,43.194955,1.070706,48.408810,0.000000
26.200000,16.000000,1,-0.844608,1.352776,0.337841,0.326746,0.244506,-0.208838,0.888730,0.428472,0.041076,0.048113,-0.069628,0.397741,0.704395,0.583765,-0.308741,-0.877790,0.366283,0.767015,-0.002041,0.641626,0.037818,-0.817892,1.380783,0.102174,-0.011940,0.023788,0.237337,-0.381692,0.156938,0.888467,-0.200769,78.034511,1.430282,0.000000,1,0.056394,-5.275043,30.237478,42.975286,1.083026,48.265798,0.000000
26.233333,16.033333,1,-0.844702,1.351374,0.337857,0.326279,0.244208,-0.208624,0.889033,0.429648,0.041845,0.048138,-0.069569,0.397188,0.704759,0.583709,-0.308889,-0.878012,0.365625,0.767484,-0.003051,0.641061,0.042148,-0.817892,1.380783,0.102174,-0.013013,0.024694,0.237384,-0.381228,0.156655,0.888638,-0.201115,79.243778,1.435638,0.000000,1,0.058621,-5.360356,30.365309,42.731953,1.097135,48.107283,0.000000
26.266667,16.066667,1,-0.844755,1.349802,0.337821,0.325516,0.243862,-0.208923,0.889338,0.430936,0.042749,0.048111,-0.069598,0.396350,0.704894,0.584112,-0.307938,-0.878645,0.364908,0.768304,-0.003438,0.640075,0.047220,-0.817892,1.380783,0.102174,-0.014246,0.025672,0.237379,-0.380576,0.156116,0.889036,-0.201011,80.566086,1.630241,0.000000,1,0.061542,-5.461231,30.516433,42.459062,1.113963,47.927416,0.000000
26.300000,16.100000,1,-0.844742,1.348095,0.337688,0.325332,0.244165,-0.209264,0.889242,0.432292,0.043788,0.047989,-0.069950,0.396322,0.704656,0.584376,-0.307223,-0.879014,0.364621,0.768123,-0.002866,0.640296,0.051374,-0.817892,1.380783,0.102174,-0.015624,0.026683,0.237277,-0.380754,0.155809,0.889092,-0.200661,82.025435,1.683859,0.000000,1,0.064423,-5.577921,30.694102,42.161468,1.133461,47.728101,0.000000
26.333333,16.133333,1,-0.844698,1.346284,0.337510,0.324778,0.244827,-0.209438,0.889222,0.433711,0.044914,0.047823,-0.070789,0.396122,0.704559,0.584528,-0.306632,-0.879751,0.363339,0.767587,-0.002829,0.640939,0.054580,-0.817892,1.380783,0.102174,-0.017103,0.027733,0.237130,-0.381091,0.155013,0.889125,-0.200495,83.453977,1.648871,0.000000,1,0.066897,-5.704243,30.888501,41.844592,1.154424,47.514760,0.000000
26.366667,16.166667,1,-0.844652,1.344372,0.337336,0.324788,0.245058,-0.209478,0.889145,0.435210,0.046104,0.047661,-0.070992,0.396235,0.704473,0.584530,-0.306569,-0.879831,0.363199,0.767313,-0.002644,0.641267,0.057622,-0.817892,1.380783,0.102174,-0.018665,0.028841,0.236987,-0.381299,0.154918,0.889069,-0.200419,85.115470,1.557567,0.000000,1,0.069283,-5.836868,31.093149,41.509100,1.176203,47.289400,0.000000
26.400000,16.200000,1,-0.844580,1.342453,0.337162,0.325556,0.245258,-0.209126,0.888892,0.436700,0.047318,0.047500,-0.070830,0.397011,0.704408,0.584101,-0.307617,-0.879132,0.364004,0.766651,-0.002415,0.642059,0.057840,-0.817892,1.380783,0.102174,-0.020248,0.029933,0.236844,-0.381824,0.155527,0.888697,-0.200597,86.731418,1.500624,0.000000,1,0.070459,-5.971754,31.298628,41.172966,1.197967,47.064005,0.000000
26.433333,16.233333,1,-0.844469,1.340545,0.336908,0.325538,0.245038,-0.209059,0.888975,0.438156,0.048558,0.047259,-0.070641,0.396897,0.704512,0.584077,-0.307727,-0.879053,0.364102,0.766904,-0.002654,0.641756,0.057841,-0.817892,1.380783,0.102174,-0.021843,0.030991,0.236618,-0.381624,0.155610,0.888745,-0.200700,88.399287,1.450475,0.000000,1,0.071955,-6.109501,31.516375,40.834553,1.219820,46.834913,0.000000
26.466667,16.266667,1,-0.844343,1.338695,0.336529,0.324886,0.244461,-0.209559,0.889254,0.439559,0.049776,0.046893,-0.070413,0.396056,0.704534,0.584649,-0.306456,-0.879584,0.363890,0.768035,-0.002652,0.640403,0.056804,-0.817892,1.380783,0.102174,-0.023399,0.032012,0.236265,-0.380811,0.155270,0.889219,-0.200407,89.932334,1.398491,0.000000,1,0.073416,-6.244427,31.751339,40.495527,1.240750,46.601841,0.000000
26.500000,16.300000,1,-0.844185,1.337016,0.336049,0.324795,0.244226,-0.209574,0.889348,0.440804,0.050918,0.046425,-0.070242,0.395869,0.704610,0.584703,-0.306376,-0.879589,0.363946,0.768363,-0.002819,0.640008,0.052579,-0.817892,1.380783,0.102174,-0.024833,0.032910,0.235807,-0.380562,0.155293,0.889314,-0.200443,91.491463,1.386690,0.000000,1,0.073196,-6.371190,31.987201,40.179619,1.259755,46.381519,0.000000
26.533333,16.333333,1,-0.844035,1.335458,0.335473,0.324161,0.243916,-0.209313,0.889726,0.441957,0.051982,0.045861,-0.070248,0.395161,0.705061,0.584638,-0.306527,-0.879930,0.362994,0.768893,-0.004092,0.639365,0.050034,-0.817892,1.380783,0.102174,-0.026162,0.033749,0.235251,-0.380015,0.154864,0.889527,-0.200869,92.986156,1.406976,0.000000,1,0.073776,-6.488880,32.229705,39.874562,1.276793,46.165944,0.000000
26.566667,16.366667,1,-0.843924,1.333912,0.334798,0.322738,0.243793,-0.209174,0.890310,0.443125,0.053008,0.045196,-0.070773,0.393829,0.705638,0.584778,-0.306053,-0.881027,0.360725,0.769538,-0.005868,0.638574,0.050730,-0.817892,1.380783,0.102174,-0.027457,0.034618,0.234598,-0.379281,0.153640,0.889956,-0.201292,94.497642,1.370939,0.000000,1,0.075912,-6.601231,32.491607,39.558174,1.292631,45.940171,0.000000
26.600000,16.400000,1,-0.843821,1.332394,0.334117,0.321606,0.244164,-0.209028,0.890652,0.444276,0.054012,0.044526,-0.071609,0.392980,0.706005,0.584804,-0.305752,-0.882031,0.358519,0.769468,-0.007142,0.638646,0.050017,-0.817892,1.380783,0.102174,-0.028725,0.035478,0.233940,-0.379114,0.152459,0.890162,-0.201595,95.971349,1.385005,0.000000,1,0.076949,-6.710471,32.753316,39.243528,1.307601,45.715987,0.000000
26.633333,16.433333,1,-0.843791,1.330938,0.333490,0.321180,0.244261,-0.208569,0.890886,0.445420,0.054918,0.043908,-0.071888,0.392640,0.706417,0.584500,-0.306383,-0.882254,0.357431,0.769350,-0.008387,0.638772,0.047563,-0.817892,1.380783,0.102174,-0.029900,0.036356,0.233338,-0.379024,0.152041,0.890153,-0.202117,97.314059,1.371037,0.000000,1,0.077386,-6.807316,33.004957,38.935015,1.320140,45.498030,0.000000
26.666667,16.466667,1,-0.843867,1.329501,0.332908,0.320860,0.244103,-0.208070,0.891162,0.446613,0.055729,0.043335,-0.071891,0.392280,0.706885,0.584176,-0.307139,-0.882293,0.356685,0.769488,-0.009708,0.638588,0.046544,-0.817892,1.380783,0.102174,-0.030998,0.037304,0.232788,-0.378757,0.151832,0.890171,-0.202698,98.741630,1.344332,0.000000,1,0.078590,-6.891142,33.253667,38.621441,1.330227,45.278527,0.000000
26.700000,16.500000,1,-0.843910,1.328000,0.332365,0.320482,0.244799,-0.207823,0.891165,0.447838,0.056604,0.042801,-0.072683,0.392251,0.706998,0.583961,-0.307413,-0.882739,0.355345,0.768698,-0.010257,0.639529,0.047930,-0.817892,1.380783,0.102174,-0.032169,0.038263,0.232276,-0.379212,0.151187,0.890038,-0.202913,100.086758,1.348624,0.000000,1,0.080153,-6.982088,33.501207,38.301273,1.341231,45.056321,0.000000
26.733333,16.533333,1,-0.843834,1.326498,0.331774,0.320195,0.245750,-0.207563,0.891067,0.448991,0.057575,0.042221,-0.073664,0.392419,0.707027,0.583690,-0.307759,-0.883183,0.353937,0.767555,-0.010627,0.640895,0.048476,-0.817892,1.380783,0.102174,-0.033410,0.039129,0.231709,-0.379935,0.150512,0.889804,-0.203087,101.404016,1.355145,0.000000,1,0.081189,-7.085390,33.751164,37.987757,1.353936,44.837714,0.000000
26.766667,16.566667,1,-0.843677,1.325055,0.331133,0.320236,0.246179,-0.207101,0.891041,0.450049,0.058575,0.041590,-0.074032,0.392645,0.707212,0.583267,-0.308638,-0.883123,0.353321,0.766850,-0.011259,0.641728,0.047596,-0.817892,1.380783,0.102174,-0.034649,0.039899,0.231085,-0.380346,0.150366,0.889564,-0.203478,102.685487,1.328586,0.000000,1,0.081730,-7.193112,34.000386,37.687256,1.367016,44.626824,0.000000
26.800000,16.600000,1,-0.843443,1.323630,0.330537,0.320696,0.246253,-0.206204,0.891063,0.451046,0.059627,0.041005,-0.073897,0.393088,0.707634,0.582474,-0.310528,-0.882452,0.353343,0.766260,-0.012413,0.642411,0.046877,-0.817892,1.380783,0.102174,-0.035922,0.040593,0.230501,-0.380640,0.150765,0.889188,-0.204275,103.905896,1.300004,0.000000,1,0.081915,-7.307561,34.236251,37.400171,1.380874,44.426778,0.000000
26.833333,16.633333,1,-0.843108,1.322208,0.330011,0.321360,0.246858,-0.205242,0.890879,0.451980,0.060756,0.040492,-0.074148,0.393950,0.707903,0.581531,-0.312647,-0.881756,0.353210,0.764914,-0.013249,0.643996,0.046576,-0.817892,1.380783,0.102174,-0.037253,0.041200,0.229982,-0.381495,0.151111,0.888591,-0.205021,105.159751,1.303403,0.000000,1,0.081894,-7.431820,34.454470,37.128391,1.396019,44.239519,0.000000
26.866667,16.666667,1,-0.842675,1.320789,0.329562,0.320396,0.248443,-0.204791,0.890889,0.452852,0.061960,0.040056,-0.075998,0.393794,0.708113,0.581142,-0.312996,-0.882884,0.350070,0.763174,-0.014400,0.646033,0.046494,-0.817892,1.380783,0.102174,-0.038641,0.041721,0.229533,-0.382486,0.149547,0.888338,-0.205416,106.367386,1.311823,0.000000,1,0.081777,-7.565718,34.653982,36.872471,1.412440,44.065493,0.000000
26.900000,16.700000,1,-0.842175,1.319417,0.329083,0.318905,0.250307,-0.204340,0.891006,0.453647,0.063190,0.039590,-0.078333,0.393289,0.708417,0.580804,-0.313061,-0.884518,0.345862,0.761287,-0.015981,0.648218,0.046101,-0.817892,1.380783,0.102174,-0.040031,0.042163,0.229048,-0.383490,0.147386,0.888162,-0.205866,107.488830,1.327511,0.000000,1,0.082170,-7.703323,34.850829,36.628058,1.429220,43.898553,0.000000
26.933333,16.733333,1,-0.841650,1.318195,0.328488,0.319009,0.250747,-0.203719,0.890987,0.454307,0.064352,0.039007,-0.078685,0.393577,0.708678,0.580242,-0.314256,-0.884347,0.345216,0.760473,-0.016833,0.649151,0.043720,-0.817892,1.380783,0.102174,-0.041313,0.042503,0.228444,-0.383943,0.147295,0.887858,-0.206399,109.280022,1.342174,0.000000,1,0.082230,-7.834344,35.051842,36.402581,1.444715,43.741057,0.000000
26.966667,16.766667,1,-0.841087,1.317124,0.327864,0.319873,0.250001,-0.202782,0.891100,0.454823,0.065452,0.038395,-0.077635,0.394015,0.709200,0.579448,-0.316425,-0.883068,0.346504,0.760711,-0.017985,0.648842,0.040826,-0.817892,1.380783,0.102174,-0.042494,0.042725,0.227806,-0.383690,0.148422,0.887574,-0.207282,110.176073,1.361533,0.000000,1,0.081404,-7.959997,35.240577,36.205201,1.459133,43.601682,0.000000
27.000000,16.800000,1,-0.840549,1.316039,0.327243,0.320535,0.249768,-0.202067,0.891090,0.455365,0.066543,0.037785,-0.077135,0.394501,0.709513,0.578801,-0.318079,-0.882194,0.347218,0.760473,-0.018717,0.649099,0.040856,-0.817892,1.380783,0.102174,-0.043673,0.042974,0.227172,-0.383796,0.149134,0.887263,-0.207905,110.879833,1.163466,0.000000,1,0.082530,-8.083661,35.432125,36.002121,1.473206,43.458761,0.000000
27.033333,16.833333,1,-0.840110,1.314910,0.326688,0.321058,0.250321,-0.201507,0.890874,0.456003,0.067579,0.037242,-0.077400,0.395215,0.709573,0.578204,-0.319378,-0.881736,0.347189,0.759377,-0.018969,0.650374,0.039972,-0.817892,1.380783,0.102174,-0.044830,0.043326,0.226611,-0.384531,0.149370,0.886816,-0.208282,111.747718,1.006036,0.000000,1,0.083844,-8.198875,35.623013,35.785408,1.485948,43.308800,0.000000
27.066667,16.866667,1,-0.839764,1.313744,0.326228,0.321650,0.250937,-0.200704,0.890668,0.456726,0.068561,0.036793,-0.077691,0.396019,0.709752,0.577395,-0.321158,-0.881149,0.347036,0.758080,-0.019568,0.651868,0.038992,-0.817892,1.380783,0.102174,-0.045963,0.043768,0.226152,-0.385361,0.149645,0.886269,-0.208879,112.877279,1.056544,0.000000,1,0.084857,-8.305842,35.807257,35.559511,1.497349,43.155551,0.000000
27.100000,16.900000,1,-0.839541,1.312571,0.325833,0.321843,0.251492,-0.200480,0.890493,0.457528,0.069450,0.036407,-0.078103,0.396439,0.709697,0.577118,-0.321669,-0.881085,0.346725,0.757232,-0.019541,0.652853,0.037734,-0.817892,1.380783,0.102174,-0.047030,0.044308,0.225765,-0.385943,0.149576,0.886003,-0.208983,113.753100,1.131648,0.000000,1,0.085988,-8.399859,35.988799,35.324388,1.506669,42.998058,0.000000
27.133333,16.933333,1,-0.839447,1.311458,0.325465,0.321777,0.251743,-0.201147,0.890295,0.458360,0.070199,0.036047,-0.078355,0.396495,0.709223,0.577629,-0.320411,-0.881470,0.346912,0.757201,-0.018274,0.652927,0.035276,-0.817892,1.380783,0.102174,-0.047973,0.044916,0.225412,-0.386118,0.149392,0.886120,-0.208295,114.721960,1.122860,0.000000,1,0.086701,-8.476251,36.167742,35.088597,1.513148,42.840865,0.000000
27.166667,16.966667,1,-0.839450,1.310364,0.325054,0.321936,0.251888,-0.201920,0.890021,0.459236,0.070859,0.035643,-0.078410,0.396706,0.708635,0.578198,-0.319077,-0.881674,0.347621,0.757251,-0.016622,0.652912,0.035070,-0.817892,1.380783,0.102174,-0.048842,0.045593,0.225022,-0.386296,0.149457,0.886223,-0.207475,115.769342,1.087516,0.000000,1,0.088419,-8.541070,36.358420,34.841844,1.517763,42.675247,0.000000
27.200000,17.000000,1,-0.839527,1.309271,0.324593,0.322319,0.252265,-0.202163,0.889721,0.460155,0.071460,0.035188,-0.078576,0.397218,0.708260,0.578283,-0.318829,-0.881573,0.348105,0.756725,-0.015613,0.653546,0.035661,-0.817892,1.380783,0.102174,-0.049666,0.046331,0.224587,-0.386792,0.149630,0.886064,-0.207105,116.503522,1.076144,0.000000,1,0.090375,-8.597965,36.562618,34.582543,1.521065,42.500034,0.000000
27.233333,17.033333,1,-0.839646,1.308219,0.324037,0.323035,0.252223,-0.201918,0.889528,0.461066,0.072005,0.034638,-0.078221,0.397841,0.708201,0.577976,-0.319651,-0.880885,0.349092,0.756406,-0.015333,0.653923,0.035858,-0.817892,1.380783,0.102174,-0.050430,0.047084,0.224058,-0.387078,0.150298,0.885799,-0.207222,117.140616,1.087237,0.000000,1,0.092127,-8.648049,36.782260,34.317378,1.523180,42.318468,0.000000
27.266667,17.066667,1,-0.839729,1.307180,0.323384,0.324233,0.251885,-0.201934,0.889185,0.461945,0.072571,0.033991,-0.077385,0.398764,0.707891,0.577832,-0.320244,-0.879800,0.351277,0.756367,-0.014196,0.653993,0.036907,-0.817892,1.380783,0.102174,-0.051202,0.047807,0.223430,-0.387307,0.151526,0.885534,-0.207032,117.991254,1.075583,0.000000,1,0.093872,-8.701105,37.016213,34.048373,1.525563,42.132021,0.000000
27.300000,17.100000,1,-0.839749,1.306068,0.322693,0.325419,0.252038,-0.202489,0.888582,0.462846,0.073231,0.033307,-0.076991,0.399898,0.707110,0.578057,-0.319846,-0.879077,0.353444,0.755922,-0.011865,0.654554,0.039292,-0.817892,1.380783,0.102174,-0.052069,0.048526,0.222762,-0.387951,0.152516,0.885268,-0.206234,118.763368,1.076624,0.000000,1,0.096064,-8.764859,37.261622,33.767281,1.529391,41.937001,0.000000
27.333333,17.133333,1,-0.839716,1.304860,0.321972,0.326009,0.252435,-0.202947,0.888148,0.463790,0.073993,0.032594,-0.077083,0.400606,0.706521,0.578274,-0.319315,-0.878885,0.354399,0.755366,-0.010228,0.655224,0.042203,-0.817892,1.380783,0.102174,-0.053045,0.049259,0.222063,-0.388551,0.152861,0.885092,-0.205607,119.812064,1.079259,0.000000,1,0.098644,-8.839539,37.520205,33.469456,1.534682,41.730600,0.000000
27.366667,17.166667,1,-0.839658,1.303612,0.321236,0.326614,0.252749,-0.202698,0.887893,0.464752,0.074798,0.031866,-0.077096,0.401289,0.706408,0.577937,-0.320089,-0.878394,0.354918,0.754644,-0.009911,0.656060,0.043515,-0.817892,1.380783,0.102174,-0.054067,0.049998,0.221347,-0.389104,0.153272,0.884758,-0.205693,121.011427,1.050143,0.000000,1,0.079943,-8.919753,37.791467,33.153814,1.533451,41.523265,0.000000
27.400000,17.200000,1,-0.839593,1.302303,0.320449,0.327875,0.253256,-0.202413,0.887349,0.465758,0.075647,0.031088,-0.076989,0.402646,0.706055,0.577438,-0.321276,-0.877406,0.356288,0.753408,-0.008883,0.657494,0.045862,-0.817892,1.380783,0.102174,-0.055142,0.050770,0.220581,-0.390117,0.154188,0.884159,-0.205661,122.968539,1.038113,0.000000,1,0.081320,-9.003888,38.074860,32.825985,1.533049,41.306335,0.000000
27.433333,17.233333,1,-0.839561,1.300909,0.319537,0.329247,0.253528,-0.202610,0.886718,0.466851,0.076521,0.030185,-0.076622,0.403998,0.705410,0.577331,-0.321636,-0.876421,0.358381,0.752600,-0.006949,0.658441,0.049975,-0.817892,1.380783,0.102174,-0.056262,0.051627,0.219694,-0.390959,0.155298,0.883709,-0.205163,124.264924,1.053879,0.000000,1,0.082885,-9.089167,38.392647,32.465023,1.533025,41.063986,0.000000
27.466667,17.266667,1,-0.839563,1.299446,0.318541,0.330356,0.253187,-0.202556,0.886415,0.468020,0.077411,0.029198,-0.075822,0.404840,0.705168,0.577143,-0.322315,-0.875357,0.360366,0.752573,-0.006022,0.658481,0.053098,-0.817892,1.380783,0.102174,-0.057416,0.052557,0.218726,-0.391148,0.156450,0.883447,-0.205056,125.703495,1.069525,0.000000,1,0.084581,-9.174467,38.736470,32.076975,1.533053,40.801664,0.000000
27.500000,17.300000,1,-0.839612,1.297940,0.317477,0.331671,0.252993,-0.202107,0.886082,0.469253,0.078290,0.028143,-0.075065,0.405931,0.705076,0.576588,-0.323824,-0.874019,0.362256,0.752134,-0.005534,0.658987,0.055351,-0.817892,1.380783,0.102174,-0.058575,0.053555,0.217695,-0.391569,0.157729,0.882981,-0.205280,127.231331,1.041608,0.000000,1,0.086392,-9.256987,39.101566,31.666539,1.532609,40.523207,0.000000
27.533333,17.333333,1,-0.839724,1.296351,0.316250,0.332619,0.253743,-0.202086,0.885517,0.470588,0.079170,0.026926,-0.075315,0.407116,0.704586,0.576318,-0.324371,-0.873455,0.363125,0.750807,-0.004228,0.660508,0.060308,-0.817892,1.380783,0.102174,-0.059759,0.054662,0.216506,-0.392652,0.158249,0.882471,-0.205005,128.878219,1.042234,0.000000,1,0.088447,-9.337349,39.510439,31.214862,1.531726,40.213999,0.000000
27.566667,17.366667,1,-0.839808,1.294767,0.314932,0.332874,0.254386,-0.202287,0.885191,0.471903,0.080071,0.025617,-0.075776,0.407633,0.704208,0.576355,-0.324146,-0.873525,0.363158,0.749969,-0.003301,0.661465,0.061876,-0.817892,1.380783,0.102174,-0.060955,0.055749,0.215224,-0.393328,0.158190,0.882261,-0.204659,130.346775,1.052526,0.000000,1,0.090544,-9.420194,39.935232,30.754748,1.530842,39.898022,0.000000
27.600000,17.400000,1,-0.839879,1.293191,0.313592,0.333383,0.254144,-0.202552,0.885008,0.473204,0.080978,0.024287,-0.075333,0.407982,0.703928,0.576507,-0.323928,-0.873108,0.364352,0.750171,-0.002380,0.661240,0.062090,-0.817892,1.380783,0.102174,-0.062152,0.056822,0.213921,-0.393332,0.158750,0.882234,-0.204334,132.276595,1.064650,0.000000,1,0.092674,-9.503513,40.364214,30.291661,1.529658,39.580791,0.000000
27.633333,17.433333,1,-0.839995,1.291589,0.312179,0.334370,0.253466,-0.202934,0.884743,0.474553,0.081865,0.022882,-0.074284,0.408565,0.703523,0.576725,-0.323740,-0.872178,0.366739,0.750780,-0.000926,0.660552,0.064191,-0.817892,1.380783,0.102174,-0.063340,0.057952,0.212546,-0.393156,0.159933,0.882207,-0.203865,134.190565,1.070955,0.000000,1,0.094960,-9.583272,40.814463,29.807325,1.527664,39.248952,0.000000
27.666667,17.466667,1,-0.840078,1.290031,0.310667,0.335490,0.253117,-0.202684,0.884476,0.475846,0.082753,0.021380,-0.073473,0.409413,0.703400,0.576378,-0.324781,-0.871010,0.368590,0.750686,-0.000340,0.660659,0.065170,-0.817892,1.380783,0.102174,-0.064511,0.059035,0.211071,-0.393348,0.161102,0.881889,-0.203949,135.835876,1.053679,0.000000,1,0.097284,-9.663808,41.277304,29.321509,1.525351,38.915151,0.000000
27.700000,17.500000,1,-0.840163,1.288529,0.309066,0.336316,0.253925,-0.202176,0.884047,0.477096,0.083606,0.019788,-0.073832,0.410513,0.703249,0.575733,-0.326161,-0.870385,0.368848,0.749150,-0.000021,0.662401,0.065891,-0.817892,1.380783,0.102174,-0.065633,0.060091,0.209506,-0.394442,0.161496,0.881276,-0.204172,137.606581,1.236648,0.000000,1,0.099669,-9.740786,41.751941,28.833555,1.522167,38.579258,0.000000
27.733333,17.533333,1,-0.840284,1.287006,0.307477,0.336648,0.254586,-0.201966,0.883778,0.478385,0.084443,0.018208,-0.074277,0.411106,0.703105,0.575428,-0.326730,-0.870245,0.368675,0.748102,0.000252,0.663583,0.066129,-0.817892,1.380783,0.102174,-0.066751,0.061188,0.207955,-0.395180,0.161506,0.880934,-0.204215,139.425322,1.233452,0.000000,1,0.101502,-9.833562,42.260734,28.257923,1.367088,38.377339,0.000000
27.766667,17.566667,1,-0.840383,1.285519,0.305925,0.337399,0.255219,-0.201792,0.883349,0.479631,0.085276,0.016664,-0.074511,0.412062,0.702804,0.575082,-0.327458,-0.869746,0.369206,0.746934,0.001029,0.664897,0.064550,-0.817892,1.380783,0.102174,-0.067854,0.062245,0.206439,-0.396077,0.161904,0.880474,-0.204146,141.166741,1.257466,0.000000,1,0.103941,-9.907698,42.731370,27.765228,1.359474,38.047217,0.000000
27.800000,17.600000,1,-0.840388,1.284084,0.304410,0.338912,0.255925,-0.201667,0.882594,0.480780,0.086153,0.015158,-0.074469,0.413734,0.702194,0.574632,-0.328505,-0.868627,0.370906,0.745385,0.002756,0.666628,0.062610,-0.817892,1.380783,0.102174,-0.068972,0.063192,0.204953,-0.397373,0.162956,0.879761,-0.203867,143.445534,1.258081,0.000000,1,0.106318,-9.988021,43.185296,27.293465,1.354471,37.731649,0.000000
27.833333,17.633333,1,-0.840353,1.282742,0.302954,0.340950,0.256389,-0.201241,0.881771,0.481830,0.087005,0.013711,-0.073979,0.415768,0.701659,0.573881,-0.330376,-0.866853,0.373386,0.743820,0.004404,0.668365,0.059419,-0.817892,1.380783,0.102174,-0.070041,0.064048,0.203523,-0.398694,0.164594,0.878869,-0.203818,145.742728,1.234581,0.000000,1,0.108599,-10.067010,43.616486,26.848337,1.350056,37.434435,0.000000
27.866667,17.666667,1,-0.840346,1.281571,0.301648,0.342860,0.256712,-0.200834,0.881029,0.482761,0.087730,0.012412,-0.073421,0.417624,0.701186,0.573182,-0.332144,-0.865139,0.375786,0.742490,0.005895,0.669831,0.052642,-0.817892,1.380783,0.102174,-0.070958,0.064817,0.202240,-0.399834,0.166178,0.878058,-0.203794,147.796155,1.202235,0.000000,1,0.110668,-10.133237,44.002774,26.449956,1.345382,37.169128,0.000000
27.900000,17.700000,1,-0.840403,1.280588,0.300505,0.343985,0.256951,-0.200718,0.880547,0.483579,0.088288,0.011275,-0.073135,0.418739,0.700813,0.572861,-0.332963,-0.864186,0.377251,0.741688,0.007024,0.670708,0.045246,-0.817892,1.380783,0.102174,-0.071689,0.065515,0.201120,-0.400545,0.167088,0.877594,-0.203649,149.441353,1.175751,0.000000,1,0.112501,-10.182365,44.340896,26.101166,1.340035,36.937398,0.000000
27.933333,17.733333,1,-0.840472,1.279772,0.299495,0.345044,0.256921,-0.200830,0.880116,0.484272,0.088735,0.010270,-0.072635,0.419676,0.700382,0.572766,-0.333326,-0.863277,0.379008,0.741344,0.008379,0.671073,0.039004,-0.817892,1.380783,0.102174,-0.072282,0.066116,0.200132,-0.400983,0.168053,0.877284,-0.203330,150.940790,1.161080,0.000000,1,0.114104,-10.220916,44.635381,25.800217,1.334878,36.737480,0.000000
27.966667,17.766667,1,-0.840613,1.279054,0.298590,0.346599,0.256600,-0.201150,0.879525,0.484930,0.089065,0.009369,-0.071654,0.420929,0.699717,0.572783,-0.333571,-0.861895,0.381926,0.741249,0.010523,0.671147,0.034907,-0.817892,1.380783,0.102174,-0.072757,0.066710,0.199251,-0.401376,0.169591,0.876943,-0.202749,152.768097,1.158258,0.000000,1,0.115589,-10.246725,44.903627,25.523115,1.328836,36.554128,0.000000
28.000000,17.800000,1,-0.840834,1.278415,0.297840,0.348122,0.256704,-0.201308,0.878857,0.485573,0.089281,0.008621,-0.071069,0.422342,0.699057,0.572622,-0.334105,-0.860622,0.384322,0.740560,0.012538,0.671873,0.030288,-0.817892,1.380783,0.102174,-0.073123,0.067312,0.198527,-0.402136,0.170914,0.876449,-0.202269,154.328645,1.184671,0.000000,1,0.116938,-10.259788,45.139247,25.270904,1.321949,36.388701,0.000000
28.033333,17.833333,1,-0.841031,1.277827,0.297235,0.349340,0.257380,-0.201151,0.878212,0.486161,0.089484,0.008018,-0.071133,0.423735,0.698557,0.572195,-0.335066,-0.859704,0.385538,0.739138,0.013917,0.673410,0.025994,-0.817892,1.380783,0.102174,-0.073466,0.067856,0.197947,-0.403274,0.171714,0.875814,-0.202075,155.592846,1.210488,0.000000,1,0.118128,-10.272263,45.340559,25.048202,1.315968,36.243830,0.000000
28.066667,17.866667,1,-0.841094,1.277228,0.296656,0.350817,0.257674,-0.200973,0.877577,0.486677,0.089801,0.007442,-0.070740,0.425191,0.698076,0.571750,-0.336196,-0.858406,0.387443,0.738094,0.015371,0.674523,0.025064,-0.817892,1.380783,0.102174,-0.073898,0.068297,0.197383,-0.404192,0.172918,0.875193,-0.201906,156.457593,1.262626,0.000000,1,0.119250,-10.298845,45.529963,24.840356,1.312304,36.108701,0.000000
28.100000,17.900000,1,-0.840981,1.276581,0.296082,0.351904,0.257967,-0.200813,0.877092,0.487125,0.090287,0.006873,-0.070518,0.426297,0.697720,0.571388,-0.337085,-0.857462,0.388758,0.737215,0.016428,0.675459,0.026159,-0.817892,1.380783,0.102174,-0.074472,0.068625,0.196815,-0.404934,0.173771,0.874705,-0.201799,157.394577,1.286711,0.000000,1,0.120336,-10.345512,45.713398,24.641329,1.311484,35.979337,0.000000
28.133333,17.933333,1,-0.840748,1.275904,0.295592,0.352350,0.258837,-0.200657,0.876692,0.487526,0.090886,0.006389,-0.071100,0.427086,0.697436,0.571074,-0.337639,-0.857307,0.388619,0.735844,0.017055,0.676937,0.026040,-0.817892,1.380783,0.102174,-0.075144,0.068870,0.196324,-0.405905,0.173789,0.874268,-0.201728,158.052463,1.306311,0.000000,1,0.121336,-10.405723,45.877619,24.458025,1.312851,35.861129,0.000000
28.166667,17.966667,1,-0.840514,1.275274,0.295155,0.353172,0.259640,-0.200748,0.876103,0.487887,0.091457,0.005958,-0.071453,0.428183,0.696875,0.570894,-0.337950,-0.856872,0.389307,0.734493,0.018521,0.678363,0.024055,-0.817892,1.380783,0.102174,-0.075781,0.069081,0.195884,-0.406976,0.174172,0.873782,-0.201345,158.676341,1.352670,0.000000,1,0.122250,-10.463397,46.026039,24.291114,1.314401,35.753786,0.000000
28.200000,18.000000,1,-0.840383,1.274783,0.294744,0.354333,0.260113,-0.201106,0.875412,0.488201,0.091861,0.005552,-0.071359,0.429437,0.696103,0.570905,-0.337951,-0.856105,0.390989,0.733529,0.020696,0.679343,0.019600,-0.817892,1.380783,0.102174,-0.076244,0.069293,0.195475,-0.407897,0.175001,0.873341,-0.200677,159.016213,1.347836,0.000000,1,0.123053,-10.503129,46.158615,24.146330,1.314425,35.660153,0.000000
28.233333,18.033333,1,-0.840347,1.274446,0.294386,0.355478,0.260260,-0.201560,0.874799,0.488448,0.092097,0.005196,-0.070979,0.430531,0.695358,0.571036,-0.337761,-0.855266,0.392986,0.733032,0.022877,0.679810,0.014791,-0.817892,1.380783,0.102174,-0.076529,0.069486,0.195122,-0.408519,0.175959,0.873020,-0.199965,159.428873,1.346161,0.000000,1,0.123698,-10.525188,46.267529,24.031650,1.313257,35.585442,0.000000
28.266667,18.066667,1,-0.840284,1.274217,0.294143,0.356412,0.260623,-0.201929,0.874226,0.488593,0.092288,0.004955,-0.070886,0.431533,0.694686,0.571109,-0.337618,-0.854663,0.394418,0.732304,0.024774,0.680527,0.010192,-0.817892,1.380783,0.102174,-0.076745,0.069585,0.194879,-0.409242,0.176634,0.872687,-0.199347,159.898762,1.336889,0.000000,1,0.124116,-10.543990,46.338988,23.958028,1.313079,35.537331,0.000000
28.300000,18.100000,1,-0.840125,1.274076,0.294079,0.356896,0.261224,-0.202221,0.873781,0.488609,0.092500,0.004893,-0.071208,0.432238,0.694162,0.571174,-0.337380,-0.854532,0.394905,0.731416,0.026138,0.681431,0.006656,-0.817892,1.380783,0.102174,-0.076951,0.069545,0.194808,-0.409980,0.176797,0.872418,-0.198862,160.273466,1.319090,0.000000,1,0.124238,-10.567504,46.358947,23.936395,1.315254,35.523473,0.000000
28.333333,18.133333,1,-0.839934,1.274110,0.294203,0.357225,0.261384,-0.202912,0.873439,0.488468,0.092631,0.005019,-0.071202,0.432607,0.693549,0.571640,-0.336317,-0.854525,0.395826,0.731315,0.027840,0.681471,0.006894,-0.817892,1.380783,0.102174,-0.077040,0.069365,0.194919,-0.410247,0.177010,0.872427,-0.198080,160.145874,1.322600,0.000000,1,0.123994,-10.584738,46.318473,23.980302,1.318899,35.552071,0.000000
28.366667,18.166667,1,-0.839776,1.274351,0.294546,0.357696,0.260852,-0.203998,0.873152,0.488180,0.092608,0.005362,-0.070511,0.432795,0.692809,0.572479,-0.334592,-0.854271,0.397831,0.732204,0.030088,0.680421,0.013454,-0.817892,1.380783,0.102174,-0.076948,0.069074,0.195248,-0.409954,0.177651,0.872683,-0.196983,159.889718,1.333342,0.000000,1,0.123357,-10.587436,46.211736,24.093683,1.323123,35.625960,0.000000
28.400000,18.200000,1,-0.839613,1.274779,0.295205,0.357467,0.260188,-0.204904,0.873232,0.487741,0.092473,0.006019,-0.070015,0.432296,0.692473,0.573323,-0.332798,-0.854555,0.398724,0.733487,0.031158,0.678989,0.024074,-0.817892,1.380783,0.102174,-0.076714,0.068650,0.195887,-0.409240,0.177722,0.873173,-0.196230,159.200082,1.331700,0.000000,1,0.122265,-10.580127,46.021403,24.286762,1.328815,35.753030,0.000000
28.433333,18.233333,1,-0.839411,1.275431,0.296302,0.356634,0.259767,-0.205459,0.873567,0.487099,0.092231,0.007114,-0.070006,0.431362,0.692520,0.573970,-0.331315,-0.855367,0.398217,0.734576,0.031030,0.677817,0.038748,-0.817892,1.380783,0.102174,-0.076334,0.068034,0.196957,-0.408485,0.177148,0.873714,-0.195915,158.129506,1.284268,0.000000,1,0.120576,-10.564199,45.718168,24.585024,1.337008,35.950936,0.000000
28.466667,18.266667,1,-0.839111,1.276326,0.297892,0.355659,0.259972,-0.205879,0.873805,0.486204,0.091913,0.008701,-0.070622,0.430581,0.692542,0.574455,-0.330028,-0.856485,0.396882,0.734851,0.030798,0.677528,0.055479,-0.817892,1.380783,0.102174,-0.075827,0.067166,0.198509,-0.408225,0.176171,0.874089,-0.195666,157.080685,1.248115,0.000000,1,0.094876,-10.546013,45.296497,24.985414,1.333822,36.249204,0.000000
28.500000,18.300000,1,-0.838618,1.277516,0.299939,0.353541,0.261151,-0.206004,0.874283,0.484958,0.091568,0.010745,-0.072620,0.429210,0.692907,0.574792,-0.328682,-0.858892,0.392775,0.734215,0.029214,0.678288,0.072554,-0.817892,1.380783,0.102174,-0.075207,0.065940,0.200500,-0.408332,0.173737,0.874497,-0.195794,151.637102,1.212837,0.000000,1,0.086808,-10.531391,44.738693,25.522694,1.331404,36.646647,0.000000
28.533333,18.333333,1,-0.837918,1.279120,0.302230,0.350709,0.261980,-0.205274,0.875347,0.483257,0.091137,0.013032,-0.074626,0.427039,0.694173,0.574625,-0.328475,-0.861514,0.387167,0.734041,0.025111,0.678641,0.086491,-0.817892,1.380783,0.102174,-0.074384,0.064288,0.202714,-0.407838,0.170830,0.875036,-0.196973,148.268322,1.190819,0.000000,1,0.079807,-10.516058,44.073431,26.192997,1.329458,37.135687,0.000000
28.566667,18.366667,1,-0.836981,1.281060,0.304484,0.347592,0.261661,-0.204047,0.876971,0.481144,0.090693,0.015282,-0.075733,0.424095,0.696158,0.574258,-0.328985,-0.863784,0.381635,0.735312,0.019258,0.677455,0.093558,-0.817892,1.380783,0.102174,-0.073429,0.062247,0.204871,-0.406215,0.168185,0.875871,-0.198880,144.629699,1.172571,0.000000,1,0.074589,-10.507330,43.361632,26.949501,1.329185,37.679301,0.000000
28.600000,18.400000,1,-0.835831,1.283215,0.306704,0.344290,0.261985,-0.201829,0.878688,0.478732,0.090290,0.017499,-0.077503,0.421271,0.698669,0.573050,-0.331214,-0.866043,0.374521,0.735445,0.011711,0.677483,0.099026,-0.817892,1.380783,0.102174,-0.072426,0.059911,0.206976,-0.405106,0.165108,0.876324,-0.201702,142.652263,0.714980,0.000000,1,0.070181,-10.509227,42.621663,27.761198,1.331316,38.257484,0.000000
28.633333,18.433333,1,-0.834574,1.285513,0.308760,0.342203,0.263166,-0.198487,0.879911,0.476142,0.089888,0.019552,-0.079504,0.419916,0.701247,0.570616,-0.336153,-0.867055,0.367717,0.733515,0.003863,0.679662,0.099870,-0.817892,1.380783,0.102174,-0.071369,0.057415,0.208908,-0.405323,0.162766,0.875836,-0.205259,140.019978,0.758172,0.000000,1,0.066581,-10.514927,41.893392,28.587071,1.335202,38.840241,0.000000
28.666667,18.466667,1,-0.833300,1.287915,0.310476,0.341372,0.263785,-0.195359,0.880748,0.473457,0.089441,0.021264,-0.080442,0.419435,0.703390,0.568195,-0.341367,-0.866806,0.363478,0.731845,-0.002457,0.681467,0.096457,-0.817892,1.380783,0.102174,-0.070230,0.054862,0.210498,-0.405590,0.161801,0.875142,-0.208433,137.345760,0.717047,0.000000,1,0.063939,-10.517466,41.218408,29.392805,1.340022,39.400579,0.000000
28.700000,18.500000,1,-0.832054,1.290444,0.311856,0.340156,0.264034,-0.192485,0.881776,0.470689,0.088899,0.022639,-0.081218,0.418445,0.705587,0.566087,-0.345898,-0.866818,0.359140,0.730876,-0.008898,0.682452,0.094170,-0.817892,1.380783,0.102174,-0.068966,0.052278,0.211753,-0.405352,0.160649,0.874733,-0.211483,135.261292,0.631177,0.000000,1,0.061764,-10.510879,40.596080,30.179602,1.344870,39.939314,0.000000
28.733333,18.533333,1,-0.830766,1.293064,0.312971,0.339479,0.264357,-0.189202,0.882651,0.467821,0.088338,0.023749,-0.081824,0.417971,0.707832,0.563542,-0.351451,-0.866186,0.355253,0.729386,-0.015442,0.683928,0.093764,-0.817892,1.380783,0.102174,-0.067646,0.049622,0.212738,-0.405428,0.159957,0.874011,-0.214815,134.371867,0.623896,0.000000,1,0.059791,-10.504007,40.014143,30.954992,1.350796,40.463203,0.000000
28.766667,18.566667,1,-0.829410,1.295596,0.313871,0.340286,0.264789,-0.185595,0.882976,0.464983,0.087887,0.024646,-0.081866,0.418874,0.709738,0.560459,-0.358366,-0.864142,0.353317,0.726975,-0.020859,0.686347,0.090304,-0.817892,1.380783,0.102174,-0.066433,0.046976,0.213507,-0.406264,0.160561,0.872685,-0.218152,134.642916,0.803393,0.000000,1,0.058458,-10.509127,39.482353,31.691182,1.359546,40.955246,0.000000
28.800000,18.600000,1,-0.828091,1.297981,0.314504,0.341345,0.266421,-0.181990,0.882827,0.462285,0.087499,0.025276,-0.082872,0.420542,0.711222,0.557172,-0.365384,-0.862248,0.350748,0.722844,-0.025409,0.690544,0.083932,-0.817892,1.380783,0.102174,-0.065311,0.044464,0.214014,-0.408273,0.160860,0.870914,-0.221240,135.122866,1.019933,0.000000,1,0.058187,-10.518731,39.021934,32.362507,1.370093,41.396953,0.000000
28.833333,18.633333,1,-0.826803,1.300192,0.314977,0.341449,0.269313,-0.179046,0.882511,0.459744,0.087192,0.025746,-0.085429,0.421919,0.712261,0.554410,-0.370663,-0.861857,0.346137,0.717681,-0.029228,0.695759,0.078064,-0.817892,1.380783,0.102174,-0.064307,0.042089,0.214366,-0.410958,0.159727,0.869240,-0.223658,135.815854,0.827994,0.000000,1,0.057833,-10.534680,38.615928,32.975856,1.382556,41.795731,0.000000
28.866667,18.666667,1,-0.825484,1.302258,0.315497,0.340280,0.272257,-0.175907,0.882690,0.457301,0.086997,0.026265,-0.088600,0.422177,0.713824,0.551699,-0.375558,-0.862442,0.339339,0.712822,-0.034791,0.700482,0.075168,-0.817892,1.380783,0.102174,-0.063439,0.039773,0.214766,-0.413131,0.157428,0.867891,-0.226503,136.382028,1.000745,0.000000,1,0.056141,-10.561694,38.220106,33.563244,1.397423,42.178632,0.000000
28.900000,18.700000,1,-0.824177,1.304185,0.316100,0.336816,0.273470,-0.172955,0.884226,0.454975,0.086874,0.026868,-0.091242,0.419603,0.716502,0.549757,-0.378884,-0.864375,0.330610,0.711234,-0.043401,0.701614,0.072166,-0.817892,1.380783,0.102174,-0.062676,0.037544,0.215252,-0.412755,0.153827,0.867827,-0.229883,136.188163,0.923952,0.000000,1,0.054347,-10.594964,37.828985,34.125950,1.413955,42.547583,0.000000
28.933333,18.733333,1,-0.822922,1.306032,0.316728,0.331472,0.273270,-0.171478,0.886592,0.452745,0.086758,0.027496,-0.093448,0.414715,0.719253,0.549504,-0.378626,-0.867973,0.321350,0.712955,-0.052113,0.699270,0.069586,-0.817892,1.380783,0.102174,-0.061949,0.035403,0.215767,-0.410258,0.149131,0.869160,-0.232398,135.659823,1.010586,0.000000,1,0.052808,-10.627254,37.447963,34.666576,1.431003,42.902792,0.000000
28.966667,18.766667,1,-0.821713,1.307924,0.317272,0.327123,0.273483,-0.170412,0.888345,0.450507,0.086579,0.028039,-0.095580,0.410908,0.721276,0.549345,-0.378169,-0.871008,0.313582,0.713910,-0.058750,0.697768,0.069317,-0.817892,1.380783,0.102174,-0.061156,0.033276,0.216201,-0.408555,0.145142,0.870144,-0.234236,135.263755,0.798942,0.000000,1,0.051456,-10.652440,37.082342,35.200152,1.447499,43.251172,0.000000
29.000000,18.800000,1,-0.820590,1.309902,0.317610,0.326753,0.273599,-0.168627,0.888786,0.448251,0.086281,0.028374,-0.095856,0.410621,0.722466,0.547946,-0.381133,-0.870466,0.311491,0.713024,-0.062291,0.698367,0.068981,-0.817892,1.380783,0.102174,-0.060238,0.031181,0.216433,-0.408542,0.144791,0.869723,-0.236033,135.180015,0.866694,0.000000,1,0.050951,-10.663956,36.751837,35.719636,1.462382,43.584433,0.000000
29.033333,18.833333,1,-0.819576,1.311981,0.317760,0.327769,0.272431,-0.166874,0.889101,0.445981,0.085838,0.028520,-0.094365,0.411003,0.723532,0.546510,-0.384845,-0.868403,0.312682,0.713266,-0.064807,0.697891,0.069521,-0.817892,1.380783,0.102174,-0.059170,0.029125,0.216482,-0.408003,0.146259,0.869264,-0.237741,135.262825,0.906357,0.000000,1,0.050497,-10.658394,36.452992,36.227473,1.475010,43.904635,0.000000
29.066667,18.866667,1,-0.818644,1.314160,0.317789,0.328505,0.271480,-0.165308,0.889413,0.443680,0.085272,0.028544,-0.093192,0.411232,0.724511,0.545241,-0.388055,-0.866713,0.313403,0.713419,-0.067202,0.697508,0.071108,-0.817892,1.380783,0.102174,-0.057971,0.027081,0.216414,-0.407528,0.147374,0.868876,-0.239283,135.433551,0.965243,0.000000,1,0.049667,-10.638379,36.172824,36.732224,1.485666,44.219349,0.000000
29.100000,18.900000,1,-0.817752,1.316326,0.317873,0.329817,0.272262,-0.163992,0.888932,0.441413,0.084680,0.028622,-0.093315,0.412753,0.724676,0.543848,-0.391043,-0.865260,0.313705,0.711196,-0.067727,0.699723,0.070329,-0.817892,1.380783,0.102174,-0.056759,0.025075,0.216404,-0.408834,0.148234,0.867865,-0.240193,135.462187,0.984884,0.000000,1,0.047914,-10.614131,35.889899,37.232250,1.495944,44.532653,0.000000
29.133333,18.933333,1,-0.816914,1.318366,0.318081,0.332688,0.274083,-0.162857,0.887511,0.439280,0.084119,0.028825,-0.093672,0.416139,0.723929,0.542200,-0.394489,-0.862990,0.315636,0.707067,-0.065696,0.704088,0.066446,-0.817892,1.380783,0.102174,-0.055619,0.023179,0.216523,-0.411743,0.150033,0.866105,-0.240457,135.474230,1.012060,0.000000,1,0.046158,-10.590339,35.603277,37.711960,1.506646,44.836395,0.000000
29.166667,18.966667,1,-0.816127,1.320307,0.318386,0.336522,0.274894,-0.162505,0.885877,0.437256,0.083575,0.029125,-0.092693,0.419939,0.722645,0.541149,-0.397131,-0.859969,0.320531,0.704267,-0.061617,0.707256,0.063497,-0.817892,1.380783,0.102174,-0.054531,0.021377,0.216743,-0.414163,0.153134,0.864554,-0.239927,135.285661,1.019731,0.000000,1,0.044590,-10.565946,35.314405,38.174735,1.517528,45.132071,0.000000
29.200000,19.000000,1,-0.815468,1.322073,0.318770,0.342000,0.275796,-0.163055,0.883395,0.435449,0.083035,0.029504,-0.091061,0.425257,0.720207,0.540524,-0.399084,-0.856027,0.328558,0.701129,-0.053981,0.710988,0.057730,-0.817892,1.380783,0.102174,-0.053509,0.019776,0.217053,-0.417364,0.157656,0.862686,-0.238169,135.235107,0.999428,0.000000,1,0.043793,-10.536826,35.036844,38.598874,1.527947,45.404812,0.000000
29.233333,19.033333,1,-0.814917,1.323726,0.319180,0.349820,0.276473,-0.163988,0.879941,0.433798,0.082476,0.029909,-0.088181,0.432577,0.716740,0.539800,-0.401680,-0.850083,0.340605,0.697503,-0.042985,0.715292,0.053688,-0.817892,1.380783,0.102174,-0.052515,0.018329,0.217399,-0.421387,0.164384,0.860181,-0.235582,135.313591,1.057425,0.000000,1,0.043230,-10.501545,34.772750,38.992744,1.537511,45.658620,0.000000
29.266667,19.066667,1,-0.814465,1.325317,0.319501,0.359182,0.276970,-0.164979,0.875818,0.432255,0.081875,0.030224,-0.084456,0.441200,0.712655,0.538825,-0.405069,-0.842517,0.355083,0.693470,-0.030021,0.719860,0.050550,-0.817892,1.380783,0.102174,-0.051510,0.017003,0.217663,-0.425927,0.172580,0.857144,-0.232609,135.469669,1.095553,0.000000,1,0.043356,-10.458546,34.536793,39.357010,1.545851,45.890376,0.000000
29.300000,19.100000,1,-0.814181,1.326859,0.319594,0.369513,0.278154,-0.165871,0.870963,0.430853,0.081174,0.030309,-0.080914,0.451000,0.707966,0.537435,-0.409234,-0.833955,0.370198,0.687987,-0.015527,0.725557,0.047120,-0.817892,1.380783,0.102174,-0.050440,0.015854,0.217709,-0.431502,0.181352,0.853413,-0.229357,135.554905,0.670045,0.000000,1,0.044891,-10.399574,34.355701,39.675915,1.551516,46.085194,0.000000
29.333333,19.133333,1,-0.813946,1.328345,0.319398,0.380137,0.280601,-0.166057,0.865554,0.429525,0.080469,0.030106,-0.078377,0.461626,0.703100,0.535171,-0.414898,-0.824920,0.383885,0.680197,-0.000986,0.733029,0.045509,-0.817892,1.380783,0.102174,-0.049380,0.014795,0.217473,-0.438338,0.189845,0.848846,-0.226450,135.337558,0.729047,0.000000,1,0.046948,-10.338322,34.235065,39.953653,1.556719,46.244071,0.000000
29.366667,19.166667,1,-0.813645,1.329779,0.318950,0.389433,0.283622,-0.165725,0.860486,0.428198,0.079851,0.029652,-0.076947,0.471317,0.698766,0.532603,-0.420827,-0.816863,0.394513,0.671796,0.011610,0.740645,0.045959,-0.817892,1.380783,0.102174,-0.048394,0.013730,0.216982,-0.445107,0.196898,0.844307,-0.224178,135.010123,0.723120,0.000000,1,0.048624,-10.287637,34.162577,40.204452,1.563566,46.377691,0.000000
29.400000,19.200000,1,-0.813215,1.331136,0.318236,0.396860,0.286314,-0.165383,0.856257,0.426856,0.079386,0.028933,-0.076055,0.479184,0.695177,0.530403,-0.425777,-0.810337,0.402577,0.664559,0.021888,0.746915,0.047767,-0.817892,1.380783,0.102174,-0.047542,0.012623,0.216218,-0.450761,0.202414,0.840480,-0.222344,135.326159,0.740590,0.000000,1,0.050676,-10.256374,34.140249,40.428216,1.573600,46.485587,0.000000
29.433333,19.233333,1,-0.812678,1.332382,0.317218,0.403646,0.289363,-0.165071,0.852110,0.425536,0.079077,0.027913,-0.075769,0.486636,0.691646,0.528270,-0.430379,-0.804496,0.409341,0.657009,0.031769,0.753213,0.050901,-0.817892,1.380783,0.102174,-0.046835,0.011514,0.215146,-0.456446,0.207195,0.836717,-0.220527,135.230721,0.740756,0.000000,1,0.053655,-10.244236,34.178902,40.613911,1.586825,46.559264,0.000000
29.466667,19.266667,1,-0.812179,1.333647,0.315916,0.411851,0.291203,-0.164795,0.847598,0.424225,0.078728,0.026607,-0.073767,0.494822,0.687777,0.525997,-0.435772,-0.796540,0.419078,0.650534,0.043042,0.758257,0.056487,-0.817892,1.380783,0.102174,-0.046084,0.010442,0.213793,-0.461682,0.213793,0.832704,-0.218508,135.328768,0.698496,0.000000,1,0.056386,-10.227230,34.270744,40.772343,1.598913,46.606335,0.000000
29.500000,19.300000,1,-0.811564,1.335097,0.314413,0.420742,0.291805,-0.164274,0.843113,0.422696,0.078364,0.025100,-0.070354,0.503067,0.684041,0.523509,-0.441978,-0.786989,0.430471,0.645418,0.054276,0.761899,0.065320,-0.817892,1.380783,0.102174,-0.045248,0.009178,0.212229,-0.466129,0.221566,0.828650,-0.216730,135.416863,0.680457,0.000000,1,0.057216,-10.213096,34.378775,40.953304,1.610975,46.662540,0.000000
29.533333,19.333333,1,-0.810650,1.336756,0.312732,0.429645,0.292353,-0.162697,0.838728,0.420821,0.078114,0.023417,-0.066891,0.511297,0.680865,0.520120,-0.450002,-0.776665,0.440783,0.639860,0.063897,0.765831,0.075953,-0.817892,1.380783,0.102174,-0.044418,0.007563,0.210465,-0.470559,0.229397,0.824209,-0.215940,135.393931,0.690974,0.000000,1,0.057665,-10.221262,34.489228,41.178184,1.626475,46.742703,0.000000
29.566667,19.366667,1,-0.809532,1.338592,0.310948,0.437105,0.292176,-0.161067,0.835242,0.418681,0.077922,0.021632,-0.063421,0.517907,0.678509,0.517085,-0.457203,-0.767385,0.449539,0.636000,0.071207,0.768396,0.083807,-0.817892,1.380783,0.102174,-0.043565,0.005683,0.208582,-0.473714,0.236249,0.820534,-0.215653,135.338440,0.732144,0.000000,1,0.057849,-10.243001,34.596787,41.439384,1.644067,46.843838,0.000000
29.600000,19.400000,1,-0.808325,1.340488,0.309278,0.441903,0.291792,-0.160101,0.833035,0.416439,0.077764,0.019961,-0.060947,0.522036,0.676987,0.515221,-0.461666,-0.761228,0.455407,0.633962,0.075949,0.769626,0.084009,-0.817892,1.380783,0.102174,-0.042718,0.003690,0.206807,-0.475500,0.240774,0.818244,-0.215416,135.247199,0.761194,0.000000,1,0.056169,-10.271600,34.678898,41.725146,1.662762,46.964921,0.000000
29.633333,19.433333,1,-0.807137,1.342355,0.307898,0.446651,0.292267,-0.158590,0.830621,0.414233,0.077604,0.018580,-0.059268,0.526506,0.675525,0.512781,-0.467086,-0.755203,0.459890,0.630384,0.080306,0.772119,0.078237,-0.817892,1.380783,0.102174,-0.041890,0.001713,0.205322,-0.478039,0.244886,0.815503,-0.215555,135.161691,0.795058,0.000000,1,0.052808,-10.299363,34.715913,42.027139,1.681310,47.106076,0.000000
29.666667,19.466667,1,-0.806138,1.344149,0.306834,0.451979,0.293005,-0.156728,0.827828,0.412198,0.077335,0.017514,-0.057567,0.531611,0.673884,0.509858,-0.473461,-0.748378,0.464505,0.625964,0.085132,0.775191,0.069387,-0.817892,1.380783,0.102174,-0.041016,-0.000089,0.204166,-0.481072,0.249413,0.812273,-0.215816,135.184845,0.816069,0.000000,1,0.049374,-10.309168,34.712935,42.326980,1.696687,47.256015,0.000000
29.700000,19.500000,1,-0.805408,1.345807,0.306179,0.455429,0.293846,-0.155434,0.825881,0.410435,0.076926,0.016856,-0.056792,0.535080,0.672738,0.507826,-0.477774,-0.744044,0.467044,0.622492,0.088397,0.777618,0.057784,-0.817892,1.380783,0.102174,-0.040099,-0.001619,0.203438,-0.483358,0.252186,0.810008,-0.215994,135.227234,0.812814,0.000000,1,0.045555,-10.294430,34.660780,42.616365,1.707656,47.412441,0.000000
29.733333,19.533333,1,-0.804937,1.347255,0.305852,0.458272,0.295147,-0.155064,0.823912,0.408995,0.076435,0.016524,-0.056694,0.538214,0.671158,0.506615,-0.480255,-0.741064,0.469232,0.619010,0.092665,0.779897,0.046719,-0.817892,1.380783,0.102174,-0.039207,-0.002837,0.203056,-0.485761,0.254190,0.808116,-0.215342,135.246326,0.802282,0.000000,1,0.043296,-10.260945,34.578726,42.877124,1.715275,47.560954,0.000000
29.766667,19.566667,1,-0.804649,1.348583,0.305644,0.462631,0.296600,-0.155008,0.820959,0.407761,0.075868,0.016310,-0.056058,0.542777,0.668566,0.505242,-0.483176,-0.736430,0.473511,0.614721,0.099754,0.782411,0.041240,-0.817892,1.380783,0.102174,-0.038304,-0.003844,0.202807,-0.488953,0.257491,0.805518,-0.213927,135.239495,0.850791,0.000000,1,0.042677,-10.212530,34.493429,43.112221,1.720089,47.696648,0.000000
29.800000,19.600000,1,-0.804367,1.349925,0.305379,0.467498,0.298260,-0.154636,0.817664,0.406519,0.075289,0.016038,-0.055382,0.547888,0.665812,0.503434,-0.486973,-0.731072,0.477903,0.609698,0.107255,0.785343,0.041912,-0.817892,1.380783,0.102174,-0.037386,-0.004850,0.202500,-0.492555,0.261167,0.802479,-0.212624,135.192850,0.849493,0.000000,1,0.042603,-10.162276,34.418805,43.342926,1.724348,47.827568,0.000000
29.833333,19.633333,1,-0.803986,1.351245,0.304965,0.469827,0.299454,-0.154829,0.815854,0.405235,0.074803,0.015620,-0.055416,0.550515,0.664120,0.502799,-0.488244,-0.728853,0.479991,0.606823,0.111747,0.786942,0.043053,-0.817892,1.380783,0.102174,-0.036540,-0.005915,0.202040,-0.494623,0.262743,0.800974,-0.211555,135.230392,0.876092,0.000000,1,0.043344,-10.125219,34.369808,43.563853,1.730932,47.947252,0.000000
29.866667,19.666667,1,-0.803553,1.352489,0.304445,0.471485,0.300972,-0.155086,0.814289,0.403981,0.074406,0.015096,-0.056037,0.552684,0.662617,0.502334,-0.489041,-0.727651,0.481001,0.603768,0.115597,0.788734,0.042474,-0.817892,1.380783,0.102174,-0.035785,-0.006969,0.201471,-0.496681,0.263567,0.799694,-0.210549,135.318755,0.867044,0.000000,1,0.044236,-10.099051,34.345912,43.765144,1.739483,48.050570,0.000000
29.900000,19.700000,1,-0.803117,1.353667,0.303910,0.473964,0.303434,-0.154650,0.812015,0.402777,0.074052,0.014558,-0.057143,0.556012,0.660795,0.500935,-0.491598,-0.725575,0.481532,0.598487,0.120169,0.792069,0.040959,-0.817892,1.380783,0.102174,-0.035084,-0.007986,0.200890,-0.499951,0.264731,0.797465,-0.209801,135.409585,0.791123,0.000000,1,0.044356,-10.077283,34.330800,43.953495,1.748721,48.145117,0.000000
29.933333,19.733333,1,-0.802765,1.354831,0.303377,0.476598,0.305254,-0.154638,0.809791,0.401636,0.073638,0.014020,-0.057602,0.559191,0.658828,0.499933,-0.493498,-0.723160,0.483217,0.594319,0.125255,0.794416,0.039830,-0.817892,1.380783,0.102174,-0.034344,-0.008926,0.200314,-0.502708,0.266311,0.795490,-0.208708,135.410727,0.712813,0.000000,1,0.044290,-10.046207,34.321365,44.131372,1.755966,48.232892,0.000000
29.966667,19.766667,1,-0.802564,1.356008,0.302799,0.480810,0.305494,-0.154820,0.807172,0.400574,0.073097,0.013437,-0.055943,0.563081,0.656424,0.498917,-0.495905,-0.718003,0.488417,0.592001,0.131957,0.795061,0.039805,-0.817892,1.380783,0.102174,-0.033503,-0.009751,0.199704,-0.504753,0.270015,0.793322,-0.207261,135.154061,0.620089,0.000000,1,0.044697,-9.996095,34.326043,44.293981,1.759310,48.309174,0.000000
30.000000,19.800000,1,-0.802447,1.357112,0.302261,0.483627,0.304270,-0.155391,0.805840,0.399622,0.072532,0.012893,-0.053592,0.565064,0.654987,0.498821,-0.496611,-0.714008,0.493527,0.592877,0.136239,0.793685,0.037006,-0.817892,1.380783,0.102174,-0.032672,-0.010468,0.199140,-0.504885,0.273095,0.792482,-0.206112,135.139825,0.599072,0.000000,1,0.044702,-9.940153,34.333629,44.440065,1.761296,48.376183,0.000000
30.033333,19.833333,1,-0.802313,1.358096,0.301829,0.482561,0.301931,-0.157610,0.806927,0.398756,0.072051,0.012456,-0.051960,0.563067,0.654959,0.501283,-0.492031,-0.715154,0.496447,0.598125,0.136657,0.789665,0.032477,-0.817892,1.380783,0.102174,-0.031950,-0.011133,0.198683,-0.502295,0.273121,0.794483,-0.204699,135.080110,0.644265,0.000000,1,0.044118,-9.893168,34.331157,44.576679,1.764764,48.441015,0.000000
30.066667,19.866667,1,-0.802124,1.359035,0.301441,0.479664,0.298704,-0.160839,0.809215,0.397891,0.071641,0.012064,-0.050344,0.559032,0.655542,0.505186,-0.484506,-0.718629,0.498825,0.606054,0.135459,0.783805,0.031020,-0.817892,1.380783,0.102174,-0.031298,-0.011818,0.198267,-0.498095,0.271863,0.797991,-0.202986,135.077957,0.650736,0.000000,1,0.043570,-9.855480,34.322166,44.714344,1.769719,48.508381,0.000000
30.100000,19.900000,1,-0.802062,1.359864,0.301154,0.476358,0.296655,-0.163603,0.811365,0.397192,0.071195,0.011772,-0.049966,0.555155,0.656212,0.508617,-0.477624,-0.722999,0.499147,0.612044,0.133778,0.779426,0.026383,-0.817892,1.380783,0.102174,-0.030661,-0.012343,0.197962,-0.494766,0.269723,0.801129,-0.201612,135.057573,0.631132,0.000000,1,0.043419,-9.809075,34.308383,44.832301,1.772752,48.566647,0.000000
30.133333,19.933333,1,-0.802116,1.360572,0.301042,0.474351,0.296607,-0.165357,0.812202,0.396659,0.070727,0.011655,-0.050807,0.553339,0.656169,0.510565,-0.473483,-0.726262,0.498355,0.613807,0.133722,0.778049,0.021563,-0.817892,1.380783,0.102174,-0.030057,-0.012713,0.197841,-0.493801,0.267894,0.802623,-0.200473,135.073378,0.643025,0.000000,1,0.042782,-9.755712,34.276493,44.936581,1.774141,48.622370,0.000000
30.166667,19.966667,1,-0.802182,1.361340,0.300915,0.472593,0.295844,-0.167758,0.813012,0.396085,0.070214,0.011523,-0.050895,0.551428,0.655812,0.513077,-0.468324,-0.729094,0.499094,0.616833,0.134641,0.775493,0.023436,-0.817892,1.380783,0.102174,-0.029397,-0.013108,0.197704,-0.492296,0.266595,0.804406,-0.198753,135.095125,0.897528,0.000000,1,0.042326,-9.697213,34.243523,45.048093,1.774068,48.682412,0.000000
30.200000,20.000000,1,-0.802333,1.362155,0.300841,0.469947,0.295079,-0.171117,0.814123,0.395525,0.069604,0.011442,-0.051373,0.548722,0.655292,0.516582,-0.461009,-0.733403,0.499592,0.620646,0.135905,0.772223,0.024956,-0.817892,1.380783,0.102174,-0.028650,-0.013466,0.197625,-0.490374,0.264474,0.806870,-0.196336,135.094239,1.358478,0.000000,1,0.041614,-9.625079,34.200876,45.164726,1.770886,48.747714,0.000000
30.233333,20.033333,1,-0.802367,1.362949,0.300821,0.468759,0.295127,-0.173194,0.814352,0.394912,0.069099,0.011417,-0.051935,0.547685,0.654564,0.518546,-0.456825,-0.735731,0.500010,0.621956,0.137697,0.770851,0.023854,-0.817892,1.380783,0.102174,-0.027991,-0.013909,0.197593,-0.489841,0.263338,0.807982,-0.194612,135.068024,1.204479,0.000000,1,0.040599,-9.568169,34.145406,45.292582,1.770341,48.822483,0.000000
30.266667,20.066667,1,-0.802122,1.363977,0.300409,0.476337,0.293859,-0.171089,0.810850,0.393943,0.068681,0.011001,-0.047438,0.553912,0.652403,0.515073,-0.464898,-0.724624,0.508713,0.619518,0.144239,0.771617,0.034012,-0.817892,1.380783,0.102174,-0.027300,-0.014690,0.197148,-0.492086,0.270798,0.804106,-0.194763,135.021203,1.008398,0.000000,1,0.041620,-9.530933,34.134473,45.444740,1.773242,48.899257,0.000000
30.300000,20.100000,1,-0.801817,1.365524,0.299267,0.497681,0.290221,-0.163574,0.800830,0.392524,0.068007,0.009852,-0.034722,0.571418,0.646883,0.503803,-0.489955,-0.691485,0.530842,0.612121,0.160672,0.774269,0.058407,-0.817892,1.380783,0.102174,-0.026211,-0.015784,0.195962,-0.498380,0.291879,0.792338,-0.196532,135.020200,0.994374,0.000000,1,0.046080,-9.469335,34.219645,45.616688,1.770798,48.962336,0.000000
30.333333,20.133333,1,-0.801511,1.366845,0.298401,0.512226,0.286852,-0.158898,0.793783,0.391284,0.067465,0.008981,-0.025259,0.582953,0.642726,0.496418,-0.505863,-0.667571,0.546308,0.608672,0.172530,0.774436,0.048274,-0.817892,1.380783,0.102174,-0.025309,-0.016761,0.195055,-0.501861,0.306640,0.784344,-0.197262,135.042306,1.086115,0.000000,1,0.044119,-9.421057,34.272729,45.775815,1.771031,49.026996,0.000000
30.366667,20.166667,1,-0.801136,1.367665,0.298176,0.514766,0.285011,-0.158974,0.792788,0.390404,0.067273,0.008753,-0.022480,0.584410,0.641809,0.496026,-0.506906,-0.662982,0.550909,0.610432,0.175153,0.772459,0.027880,-0.817892,1.380783,0.102174,-0.024867,-0.017535,0.194791,-0.501336,0.309756,0.783589,-0.196727,135.050026,1.115187,0.000000,1,0.040244,-9.412105,34.240793,45.920017,1.779307,49.105643,0.000000
30.400000,20.200000,1,-0.800802,1.368339,0.298209,0.514219,0.283658,-0.160254,0.793370,0.389664,0.067135,0.008785,-0.021505,0.583317,0.641752,0.497426,-0.504209,-0.663537,0.552713,0.613360,0.175384,0.770084,0.022596,-0.817892,1.380783,0.102174,-0.024524,-0.018205,0.194792,-0.499868,0.309834,0.784705,-0.195889,135.044743,1.083724,0.000000,1,0.038601,-9.407323,34.172162,46.062369,1.788318,49.192712,0.000000
30.433333,20.233333,1,-0.800541,1.369026,0.298325,0.514526,0.282440,-0.160852,0.793484,0.388958,0.066928,0.008899,-0.020275,0.583050,0.641586,0.498005,-0.503159,-0.662669,0.554707,0.615383,0.175913,0.768348,0.022323,-0.817892,1.380783,0.102174,-0.024129,-0.018830,0.194879,-0.498910,0.310640,0.785112,-0.195427,135.009327,1.066038,0.000000,1,0.037635,-9.392495,34.089985,46.208532,1.795082,49.285221,0.000000
30.466667,20.266667,1,-0.800347,1.369713,0.298605,0.515991,0.281813,-0.160481,0.792830,0.388293,0.066667,0.009176,-0.019064,0.584084,0.641172,0.497375,-0.504509,-0.660075,0.556571,0.615536,0.177071,0.767959,0.023005,-0.817892,1.380783,0.102174,-0.023697,-0.019410,0.195134,-0.499002,0.312252,0.784409,-0.195442,134.993622,1.068712,0.000000,1,0.036068,-9.369022,33.979887,46.364530,1.799863,49.390007,0.000000
30.500000,20.300000,1,-0.800210,1.370332,0.299104,0.517472,0.281652,-0.160166,0.791986,0.387716,0.066398,0.009673,-0.018262,0.585340,0.640563,0.496712,-0.505888,-0.657730,0.558094,0.614971,0.178691,0.768036,0.024200,-0.817892,1.380783,0.102174,-0.023291,-0.019917,0.195612,-0.499512,0.313673,0.783550,-0.195312,134.987944,0.712111,0.000000,1,0.034483,-9.342402,33.835905,46.525601,1.803842,49.506076,0.000000
30.533333,20.333333,1,-0.800106,1.370818,0.299785,0.518195,0.281374,-0.160667,0.791511,0.387266,0.066182,0.010352,-0.017691,0.585866,0.639917,0.496944,-0.505467,-0.656735,0.559645,0.615277,0.180386,0.767395,0.025298,-0.817892,1.380783,0.102174,-0.022978,-0.020331,0.196277,-0.499568,0.314441,0.783374,-0.194640,134.993202,0.074483,0.000000,1,0.033595,-9.320054,33.668261,46.679937,1.808623,49.624600,0.000000
30.566667,20.366667,1,-0.800006,1.371244,0.300663,0.518177,0.281209,-0.162022,0.791305,0.386866,0.065995,0.011228,-0.017545,0.585781,0.639128,0.498064,-0.503248,-0.657209,0.561087,0.616098,0.182416,0.766255,0.029440,-0.817892,1.380783,0.102174,-0.022713,-0.020717,0.197139,-0.499378,0.314472,0.783804,-0.193343,134.987571,0.798715,0.000000,1,0.032116,-9.300548,33.468160,46.842705,1.813810,49.755889,0.000000
30.600000,20.400000,1,-0.799925,1.371731,0.301662,0.518013,0.281145,-0.163327,0.791167,0.386429,0.065755,0.012224,-0.017554,0.585610,0.638421,0.499171,-0.501041,-0.657921,0.562225,0.616802,0.184221,0.765257,0.033412,-0.817892,1.380783,0.102174,-0.022392,-0.021131,0.198122,-0.499215,0.314327,0.784266,-0.192121,134.990679,1.451455,0.000000,1,0.030376,-9.274508,33.241975,47.024527,1.817389,49.903893,0.000000
30.633333,20.433333,1,-0.799865,1.372324,0.302794,0.518087,0.281313,-0.163718,0.790978,0.385919,0.065434,0.013354,-0.017670,0.585753,0.638078,0.499437,-0.500501,-0.658060,0.562544,0.616659,0.185088,0.765163,0.038405,-0.817892,1.380783,0.102174,-0.021975,-0.021600,0.199238,-0.499385,0.314312,0.784271,-0.191682,134.976790,2.207937,0.000000,1,0.028212,-9.238609,32.983954,47.233732,1.818647,50.074501,0.000000
30.666667,20.466667,1,-0.799841,1.373017,0.304178,0.517309,0.282043,-0.163862,0.791197,0.385352,0.065020,0.014733,-0.018669,0.585382,0.638208,0.499669,-0.499964,-0.659643,0.561165,0.615929,0.184684,0.765848,0.046423,-0.817892,1.380783,0.102174,-0.021463,-0.022114,0.200604,-0.499688,0.313281,0.784497,-0.191654,134.966448,3.109511,0.000000,1,0.025454,-9.191051,32.673465,47.478503,1.817218,50.277396,0.000000
30.700000,20.500000,1,-0.799871,1.373781,0.305719,0.515394,0.282472,-0.164950,0.792067,0.384761,0.064520,0.016268,-0.019900,0.583859,0.638493,0.501038,-0.497129,-0.663057,0.559659,0.616581,0.183862,0.765522,0.051598,-0.817892,1.380783,0.102174,-0.020864,-0.022637,0.202130,-0.499206,0.311334,0.785711,-0.191110,134.959360,4.154335,0.000000,1,0.023499,-9.131620,32.330467,47.743819,1.813170,50.499495,0.000000
30.733333,20.533333,1,-0.800013,1.374676,0.307370,0.513568,0.281884,-0.166446,0.793149,0.384133,0.063850,0.017913,-0.020179,0.581961,0.638783,0.502862,-0.493445,-0.665926,0.559513,0.618953,0.183098,0.763788,0.056515,-0.817892,1.380783,0.102174,-0.020097,-0.023153,0.203771,-0.497851,0.309911,0.787324,-0.190319,134.942792,5.234967,0.000000,1,0.021628,-9.049266,31.961868,48.029533,1.804143,50.738925,0.000000
30.766667,20.566667,1,-0.800230,1.375719,0.309153,0.511824,0.280550,-0.168012,0.794418,0.383431,0.063029,0.019687,-0.019752,0.579803,0.639209,0.504828,-0.489518,-0.668285,0.560150,0.622476,0.182045,0.761172,0.062309,-0.817892,1.380783,0.102174,-0.019169,-0.023706,0.205545,-0.495870,0.308890,0.789155,-0.189564,134.935530,6.306508,0.000000,1,0.019545,-8.947136,31.561440,48.342930,1.790736,51.001292,0.000000
30.800000,20.600000,1,-0.800458,1.376931,0.311102,0.510521,0.279332,-0.169531,0.795362,0.382601,0.062096,0.021626,-0.019233,0.578093,0.639366,0.506606,-0.485960,-0.670050,0.561137,0.625576,0.181683,0.758713,0.069185,-0.817892,1.380783,0.102174,-0.018102,-0.024361,0.207482,-0.494186,0.308220,0.790681,-0.188691,134.927749,7.452904,0.000000,1,0.017211,-8.831670,31.118844,48.695150,1.774257,51.295400,0.000000
30.833333,20.633333,1,-0.800702,1.378359,0.313271,0.509179,0.278185,-0.170964,0.796317,0.381608,0.061017,0.023784,-0.018797,0.576379,0.639572,0.508312,-0.482530,-0.671873,0.561918,0.628536,0.181190,0.756381,0.078270,-0.817892,1.380783,0.102174,-0.016856,-0.025144,0.209636,-0.492549,0.307483,0.792176,-0.187900,134.930624,8.759383,0.000000,1,0.015103,-8.698516,30.620907,49.097504,1.753709,51.630892,0.000000
30.866667,20.666667,1,-0.801056,1.380051,0.315499,0.507583,0.276340,-0.172575,0.797630,0.380471,0.059692,0.025997,-0.017846,0.574125,0.640015,0.510335,-0.478479,-0.673736,0.563150,0.632753,0.180124,0.753113,0.084572,-0.817892,1.380783,0.102174,-0.015335,-0.025999,0.211850,-0.490179,0.306823,0.794082,-0.187132,134.932700,10.296228,0.000000,1,0.013829,-8.533149,30.098224,49.534259,1.725959,51.991408,0.000000
30.900000,20.700000,1,-0.801516,1.382011,0.317672,0.506117,0.273761,-0.174208,0.799094,0.379183,0.058121,0.028154,-0.016180,0.571660,0.640583,0.512442,-0.474283,-0.675022,0.565156,0.638024,0.178784,0.748974,0.088887,-0.817892,1.380783,0.102174,-0.013532,-0.026924,0.214012,-0.487217,0.306606,0.796152,-0.186426,134.947694,11.727086,0.000000,1,0.012907,-8.335191,29.571540,49.996071,1.690844,52.366588,0.000000
30.933333,20.733333,1,-0.801990,1.384167,0.319779,0.504988,0.271404,-0.175832,0.800256,0.377747,0.056422,0.030243,-0.014564,0.569597,0.640886,0.514405,-0.470351,-0.675941,0.567339,0.642759,0.178105,0.745077,0.091543,-0.817892,1.380783,0.102174,-0.011564,-0.027951,0.216105,-0.484597,0.306596,0.797951,-0.185579,134.951466,13.423132,0.000000,1,0.012082,-8.120755,29.045037,50.477830,1.651858,52.752808,0.000000
30.966667,20.766667,1,-0.802375,1.386484,0.321832,0.503700,0.270066,-0.177326,0.801191,0.376130,0.054697,0.032277,-0.013931,0.567846,0.641046,0.516156,-0.466778,-0.677581,0.568333,0.645938,0.177733,0.742412,0.093575,-0.817892,1.380783,0.102174,-0.009517,-0.029141,0.218135,-0.482812,0.305993,0.799461,-0.184726,134.931987,15.135765,0.000000,1,0.011195,-7.904445,28.515175,50.983550,1.612200,53.153359,0.000000
31.000000,20.800000,1,-0.802612,1.388937,0.323849,0.502325,0.269627,-0.178262,0.801994,0.374313,0.053009,0.034276,-0.014146,0.566419,0.641339,0.517353,-0.464292,-0.679622,0.567932,0.647572,0.176968,0.741170,0.095553,-0.817892,1.380783,0.102174,-0.007447,-0.030530,0.220119,-0.481800,0.304924,0.800578,-0.184295,134.889846,16.799206,0.000000,1,0.010544,-7.695268,27.977833,51.516212,1.573902,53.571131,0.000000
31.033333,20.833333,1,-0.802724,1.391561,0.325874,0.500480,0.268586,-0.179181,0.803290,0.372286,0.051319,0.036284,-0.014029,0.564300,0.642077,0.518754,-0.461395,-0.681993,0.567450,0.650328,0.175080,0.739203,0.099486,-0.817892,1.380783,0.102174,-0.005315,-0.032120,0.222099,-0.480050,0.303697,0.802133,-0.184125,134.910496,18.670159,0.000000,1,0.011028,-7.487630,27.423750,52.082346,1.535667,54.012273,0.000000
31.066667,20.866667,1,-0.802795,1.394308,0.327995,0.497807,0.266358,-0.180865,0.805313,0.370136,0.049585,0.038387,-0.013214,0.560908,0.643117,0.521160,-0.456434,-0.685158,0.567649,0.655511,0.172451,0.735232,0.104146,-0.817892,1.380783,0.102174,-0.003109,-0.033821,0.224171,-0.476869,0.302231,0.804691,-0.183645,134.961444,20.355373,0.000000,1,0.013015,-7.273784,26.843123,52.674589,1.495732,54.475786,0.000000
31.100000,20.900000,1,-0.802909,1.397134,0.330289,0.494214,0.263944,-0.182868,0.807865,0.367948,0.047768,0.040662,-0.012640,0.556608,0.644483,0.524089,-0.450343,-0.689604,0.567132,0.661462,0.168963,0.730698,0.109261,-0.817892,1.380783,0.102174,-0.000818,-0.035546,0.226416,-0.473113,0.300009,0.807847,-0.183145,134.968316,22.180771,0.000000,1,0.016192,-7.046118,26.227736,53.284780,1.452276,54.959906,0.000000
31.133333,20.933333,1,-0.803044,1.400124,0.332602,0.492430,0.261840,-0.184168,0.809342,0.365643,0.045835,0.042954,-0.011543,0.554069,0.645211,0.525906,-0.446579,-0.691432,0.567881,0.665849,0.167140,0.727124,0.113467,-0.817892,1.380783,0.102174,0.001616,-0.037352,0.228679,-0.470439,0.299301,0.809761,-0.182738,134.964686,23.977559,0.000000,1,0.018464,-6.801118,25.600056,53.914226,1.404282,55.459218,0.000000
31.166667,20.966667,1,-0.803196,1.403257,0.334854,0.490946,0.259921,-0.185353,0.810591,0.363233,0.043804,0.045185,-0.010479,0.551882,0.645787,0.527518,-0.443230,-0.692895,0.568721,0.669763,0.165698,0.723852,0.115842,-0.817892,1.380783,0.102174,0.004177,-0.039226,0.230879,-0.468062,0.298785,0.811421,-0.182321,134.965462,25.943690,0.000000,1,0.020022,-6.540429,24.976358,54.553539,1.352031,55.964253,0.000000
31.200000,21.000000,1,-0.803403,1.406515,0.337037,0.489178,0.258207,-0.186603,0.811919,0.360757,0.041654,0.047345,-0.009725,0.549532,0.646406,0.529226,-0.439651,-0.694877,0.569080,0.673501,0.164131,0.720734,0.117799,-0.817892,1.380783,0.102174,0.006872,-0.041125,0.233011,-0.465740,0.297920,0.813171,-0.181884,134.945742,27.886889,0.000000,1,0.021593,-6.260255,24.361522,55.195861,1.294441,56.470030,0.000000
31.233333,21.033333,1,-0.803753,1.409997,0.339112,0.488145,0.256657,-0.188264,0.812649,0.358187,0.039256,0.049395,-0.008789,0.547916,0.646308,0.531033,-0.435853,-0.696053,0.570563,0.676791,0.164417,0.717580,0.122064,-0.817892,1.380783,0.102174,0.009836,-0.043037,0.235041,-0.463872,0.297641,0.814584,-0.180789,134.923580,29.237445,0.000000,1,0.023844,-5.941271,23.760122,55.844888,1.226388,56.977126,0.000000
31.266667,21.066667,1,-0.804180,1.413610,0.341097,0.486446,0.255936,-0.190187,0.813447,0.355560,0.036719,0.051353,-0.008890,0.546075,0.646154,0.533112,-0.431425,-0.698654,0.570750,0.679235,0.164813,0.715176,0.124332,-0.817892,1.380783,0.102174,0.012952,-0.044958,0.236983,-0.462440,0.296387,0.816142,-0.179488,134.883374,30.748691,0.000000,1,0.025651,-5.597991,23.172846,56.493374,1.151284,57.481603,0.000000
31.300000,21.100000,1,-0.804650,1.417323,0.343016,0.484392,0.255090,-0.192016,0.814508,0.352878,0.034088,0.053244,-0.009038,0.543860,0.646275,0.535223,-0.426909,-0.701633,0.570491,0.681972,0.164495,0.712640,0.126188,-0.817892,1.380783,0.102174,0.016176,-0.046901,0.238860,-0.460746,0.294869,0.817887,-0.178401,134.867534,33.667999,0.000000,1,0.027433,-5.236559,22.596112,57.141433,1.070475,57.984664,0.000000
31.333333,21.133333,1,-0.805138,1.421076,0.344879,0.482004,0.253441,-0.193825,0.816010,0.350175,0.031419,0.055079,-0.008614,0.540984,0.646796,0.537510,-0.422017,-0.704639,0.570425,0.685998,0.163161,0.709073,0.126537,-0.817892,1.380783,0.102174,0.019444,-0.048848,0.240682,-0.458194,0.293405,0.820028,-0.177556,134.867845,36.845604,0.000000,1,0.028791,-4.864582,22.030893,57.783006,0.985788,58.482880,0.000000
31.366667,21.166667,1,-0.805616,1.424801,0.346770,0.479013,0.251445,-0.195996,0.817868,0.347489,0.028775,0.056942,-0.008147,0.537414,0.647470,0.540280,-0.416062,-0.708387,0.570159,0.690874,0.161433,0.704722,0.126141,-0.817892,1.380783,0.102174,0.022683,-0.050790,0.242531,-0.455062,0.291543,0.822645,-0.176570,134.814663,37.513453,0.000000,1,0.030247,-4.490893,21.464196,58.417324,0.899457,58.979946,0.000000
31.400000,21.200000,1,-0.806125,1.428566,0.348658,0.475998,0.249214,-0.198583,0.819685,0.344789,0.026082,0.058801,-0.007479,0.533718,0.647921,0.543404,-0.409313,-0.712148,0.570358,0.696182,0.160286,0.699742,0.127272,-0.817892,1.380783,0.102174,0.025972,-0.052730,0.244379,-0.451700,0.289756,0.825417,-0.175200,134.784149,40.076879,0.000000,1,0.032100,-4.104846,20.899319,59.048092,0.808459,59.476873,0.000000
31.433333,21.233333,1,-0.806584,1.432348,0.350486,0.472631,0.247030,-0.201206,0.821652,0.342045,0.023419,0.060601,-0.007008,0.529728,0.648489,0.546627,-0.402299,-0.716388,0.570038,0.701538,0.158826,0.694707,0.126773,-0.817892,1.380783,0.102174,0.029247,-0.054718,0.246163,-0.448224,0.287630,0.828331,-0.173873,134.809042,42.882284,0.000000,1,0.033194,-3.718569,20.345175,59.675184,0.715982,59.970902,0.000000
31.466667,21.266667,1,-0.807002,1.436141,0.352249,0.468649,0.244867,-0.203786,0.823942,0.339268,0.020784,0.062336,-0.006831,0.525195,0.649361,0.549958,-0.394999,-0.721418,0.568799,0.707068,0.156567,0.689596,0.126099,-0.817892,1.380783,0.102174,0.032507,-0.056740,0.247880,-0.444498,0.284939,0.831499,-0.172743,134.864355,45.150066,0.000000,1,0.034217,-3.331302,19.803958,60.296627,0.621738,60.460301,0.000000
31.500000,21.300000,1,-0.807532,1.439969,0.353864,0.465036,0.242562,-0.206410,0.826015,0.336530,0.018039,0.063922,-0.006362,0.520930,0.650022,0.553230,-0.387793,-0.725851,0.568117,0.712595,0.154862,0.684271,0.125663,-0.817892,1.380783,0.102174,0.035866,-0.058684,0.249456,-0.440805,0.282646,0.834506,-0.171472,134.885988,47.220036,0.000000,1,0.034948,-2.921431,19.295949,60.896291,0.519486,60.929884,0.000000
31.533333,21.333333,1,-0.808203,1.443843,0.355255,0.462586,0.240784,-0.209048,0.827246,0.333841,0.015156,0.065282,-0.005848,0.517945,0.649930,0.556138,-0.381353,-0.728959,0.568497,0.716844,0.155113,0.679761,0.125115,-0.817892,1.380783,0.102174,0.039351,-0.060529,0.250815,-0.438087,0.281171,0.836780,-0.169769,134.879449,49.123120,0.000000,1,0.035214,-2.483780,18.837353,61.467058,0.407495,61.370351,0.000000
31.566667,21.366667,1,-0.808955,1.447782,0.356437,0.460401,0.239268,-0.212028,0.828146,0.331148,0.012172,0.066432,-0.005449,0.515317,0.649391,0.559204,-0.374522,-0.731901,0.569258,0.720669,0.156522,0.675379,0.125429,-0.817892,1.380783,0.102174,0.042940,-0.062335,0.251970,-0.435705,0.279814,0.838913,-0.167601,134.841310,51.209592,0.000000,1,0.035774,-2.024172,18.422238,62.018233,0.287208,61.788254,0.000000
31.600000,21.400000,1,-0.809626,1.451797,0.357400,0.457953,0.237784,-0.214894,0.829191,0.328346,0.009210,0.067363,-0.005197,0.512467,0.649032,0.562235,-0.367730,-0.735143,0.569508,0.724491,0.157461,0.671059,0.125478,-0.817892,1.380783,0.102174,0.046547,-0.064237,0.252900,-0.433241,0.278208,0.841117,-0.165605,134.785386,53.444351,0.000000,1,0.036219,-1.562096,18.046643,62.565496,0.164213,62.192927,0.000000
31.633333,21.433333,1,-0.809997,1.455851,0.358071,0.455279,0.237652,-0.216919,0.830174,0.325332,0.006466,0.068006,-0.006260,0.510015,0.648994,0.564492,-0.362618,-0.739090,0.567675,0.726320,0.157535,0.669061,0.123789,-0.817892,1.380783,0.102174,0.050015,-0.066386,0.253520,-0.431897,0.275811,0.842850,-0.164306,134.782964,55.568160,0.000000,1,0.035565,-1.129131,17.718335,63.120577,0.047976,62.587658,0.000000
31.666667,21.466667,1,-0.810101,1.459882,0.358460,0.453064,0.238788,-0.218012,0.830773,0.322175,0.003953,0.068368,-0.008257,0.508540,0.649036,0.565749,-0.359719,-0.742781,0.564694,0.725985,0.157369,0.669463,0.121533,-0.817892,1.380783,0.102174,0.053312,-0.068718,0.253842,-0.431903,0.273284,0.843802,-0.163628,134.796013,57.703749,0.000000,1,0.034392,-0.727104,17.441166,63.673499,-0.060812,62.965509,0.000000
31.700000,21.500000,1,-0.810207,1.463855,0.358599,0.451250,0.238952,-0.219264,0.831384,0.319066,0.001476,0.068481,-0.009206,0.506990,0.649015,0.567147,-0.356518,-0.745509,0.563126,0.726840,0.157389,0.668530,0.119300,-0.817892,1.380783,0.102174,0.056568,-0.070999,0.253916,-0.431219,0.271549,0.844866,-0.162826,134.842115,60.020023,0.000000,1,0.033598,-0.324657,17.221601,64.196382,-0.171770,63.309178,0.000000
31.733333,21.533333,1,-0.810585,1.467773,0.358577,0.449337,0.236932,-0.221476,0.832411,0.316164,-0.001183,0.068431,-0.008238,0.504378,0.648932,0.569580,-0.351020,-0.747549,0.563875,0.730928,0.157638,0.663999,0.118092,-0.817892,1.380783,0.102174,0.059946,-0.073020,0.253846,-0.428531,0.270677,0.846784,-0.161404,134.842471,62.379519,0.000000,1,0.033835,0.113960,17.052826,64.669072,-0.296239,63.610069,0.000000
31.766667,21.566667,1,-0.811234,1.471639,0.358411,0.447188,0.233836,-0.224297,0.833687,0.313467,-0.004026,0.068234,-0.006409,0.501075,0.648797,0.572666,-0.344026,-0.749510,0.565580,0.736664,0.158043,0.657532,0.117690,-0.817892,1.380783,0.102174,0.063445,-0.074783,0.253651,-0.424769,0.270059,0.849219,-0.159580,134.822391,64.547939,0.000000,1,0.034146,0.589115,16.930948,65.092416,-0.434555,63.869701,0.000000
31.800000,21.600000,1,-0.811928,1.475443,0.358075,0.444702,0.230746,-0.227492,0.835011,0.310846,-0.006866,0.067868,-0.004734,0.497473,0.648536,0.576107,-0.336156,-0.751962,0.567055,0.742542,0.158758,0.650713,0.116455,-0.817892,1.380783,0.102174,0.066926,-0.076463,0.253290,-0.420853,0.269128,0.851858,-0.157452,134.795781,66.611330,0.000000,1,0.033827,1.070321,16.852950,65.485429,-0.576974,64.098833,0.000000
31.833333,21.633333,1,-0.812555,1.479244,0.357617,0.442036,0.228643,-0.230457,0.836192,0.308188,-0.009648,0.067380,-0.004024,0.494151,0.648251,0.579284,-0.328828,-0.755020,0.567289,0.747065,0.159509,0.645330,0.116374,-0.817892,1.380783,0.102174,0.070366,-0.078188,0.252803,-0.417739,0.267599,0.854237,-0.155448,134.780073,68.673556,0.000000,1,0.034128,1.548410,16.802683,65.870014,-0.720451,64.314462,0.000000
31.866667,21.666667,1,-0.813137,1.483053,0.357119,0.438882,0.228202,-0.233150,0.837226,0.305496,-0.012400,0.066853,-0.005021,0.491134,0.647958,0.582162,-0.322125,-0.759365,0.565333,0.749501,0.160250,0.642315,0.116559,-0.817892,1.380783,0.102174,0.073787,-0.079951,0.252274,-0.415890,0.264898,0.856314,-0.153595,134.783331,70.758022,0.000000,1,0.034891,2.027897,16.764175,66.251188,-0.866495,64.524829,0.000000
31.900000,21.700000,1,-0.813722,1.486892,0.356676,0.436191,0.228534,-0.235702,0.837827,0.302782,-0.015172,0.066380,-0.006505,0.488878,0.647345,0.584722,-0.316115,-0.763394,0.563294,0.750675,0.161804,0.640552,0.117263,-0.817892,1.380783,0.102174,0.077234,-0.081733,0.251798,-0.414933,0.262274,0.857932,-0.151645,134.804121,72.829119,0.000000,1,0.036305,2.517527,16.719366,66.633369,-1.018091,64.738762,0.000000
31.933333,21.733333,1,-0.814414,1.490722,0.356238,0.433918,0.227917,-0.238499,0.838384,0.300139,-0.018025,0.065911,-0.006952,0.486573,0.646583,0.587477,-0.309645,-0.766470,0.562711,0.752940,0.163765,0.637387,0.117499,-0.817892,1.380783,0.102174,0.080736,-0.083424,0.251335,-0.413310,0.260445,0.859653,-0.149467,134.824724,74.833342,0.000000,1,0.037323,3.026844,16.683148,66.997673,-1.178676,64.941051,0.000000
31.966667,21.766667,1,-0.815162,1.494509,0.355755,0.432273,0.225902,-0.241208,0.839004,0.297564,-0.020896,0.065398,-0.005867,0.484206,0.645915,0.590173,-0.303323,-0.768085,0.563951,0.756721,0.165518,0.632437,0.116716,-0.817892,1.380783,0.102174,0.084238,-0.085042,0.250831,-0.410726,0.259807,0.861437,-0.147412,134.805271,76.875114,0.000000,1,0.037662,3.545374,16.665093,67.341374,-1.344774,65.126714,0.000000
32.000000,21.800000,1,-0.815731,1.498242,0.355244,0.430964,0.224086,-0.243224,0.839582,0.294925,-0.023590,0.064858,-0.004815,0.482227,0.645522,0.592230,-0.298482,-0.769238,0.564961,0.759950,0.166557,0.628279,0.114300,-0.817892,1.380783,0.102174,0.087590,-0.086770,0.250289,-0.408486,0.259396,0.862875,-0.145944,134.781290,79.041884,0.000000,1,0.037501,4.040992,16.653781,67.688647,-1.505161,65.312357,0.000000
32.033333,21.833333,1,-0.815972,1.501794,0.354762,0.428597,0.224435,-0.244238,0.840405,0.292233,-0.025916,0.064352,-0.006177,0.480263,0.645796,0.593512,-0.295410,-0.772509,0.562106,0.760643,0.165818,0.627636,0.107794,-0.817892,1.380783,0.102174,0.090603,-0.088655,0.249759,-0.407728,0.257085,0.864006,-0.145459,134.755150,81.203669,0.000000,1,0.035920,4.480098,16.636860,68.045288,-1.648042,65.505315,0.000000
32.066667,21.866667,1,-0.815922,1.505036,0.354360,0.423612,0.226456,-0.245086,0.842142,0.289613,-0.027822,0.063930,-0.010201,0.476697,0.646953,0.595070,-0.291576,-0.779689,0.554137,0.760238,0.162697,0.628942,0.098016,-0.817892,1.380783,0.102174,0.093191,-0.090595,0.249296,-0.407309,0.251669,0.865780,-0.145557,134.784503,83.084211,0.000000,1,0.033605,4.851082,16.608941,68.397859,-1.769215,65.700436,0.000000
32.100000,21.900000,1,-0.815733,1.508096,0.353910,0.419076,0.227531,-0.246254,0.843780,0.287056,-0.029507,0.063462,-0.013177,0.473112,0.647878,0.596863,-0.287162,-0.785857,0.547693,0.760921,0.160161,0.628767,0.092948,-0.817892,1.380783,0.102174,0.095551,-0.092535,0.248781,-0.406238,0.247073,0.867642,-0.145336,134.799465,84.918887,0.000000,1,0.032312,5.186772,16.596233,68.737364,-1.879993,65.883340,0.000000
32.133333,21.933333,1,-0.815666,1.511119,0.353195,0.418280,0.226221,-0.247024,0.844301,0.284601,-0.031265,0.062729,-0.012354,0.471816,0.647994,0.597781,-0.285012,-0.786374,0.548074,0.763058,0.159904,0.626237,0.093207,-0.817892,1.380783,0.102174,0.097959,-0.094339,0.248009,-0.404707,0.246924,0.868468,-0.144931,134.806812,86.698361,0.000000,1,0.031422,5.537351,16.647478,69.037321,-1.998332,66.022038,0.000000
32.166667,21.966667,1,-0.815854,1.514104,0.352322,0.418570,0.223413,-0.247991,0.844622,0.282330,-0.033201,0.061835,-0.009706,0.470823,0.647843,0.598774,-0.282750,-0.784963,0.551257,0.766684,0.160410,0.621662,0.093485,-0.817892,1.380783,0.102174,0.100492,-0.095907,0.247095,-0.402317,0.248417,0.869262,-0.144268,134.797084,88.455965,0.000000,1,0.031320,5.920606,16.745992,69.289841,-2.130765,66.118656,0.000000
32.200000,22.000000,1,-0.816178,1.517136,0.351371,0.420004,0.220305,-0.248734,0.844508,0.280103,-0.035274,0.060862,-0.006282,0.470722,0.647409,0.599369,-0.281434,-0.781988,0.556139,0.770160,0.161645,0.617029,0.095818,-0.817892,1.380783,0.102174,0.103146,-0.097389,0.246112,-0.400171,0.251081,0.869600,-0.143589,134.777308,90.209003,0.000000,1,0.032364,6.331503,16.867879,69.522489,-2.275152,66.196520,0.000000
