time_take_s,time_episode_s,tool_tracked,tool_world_x_m,tool_world_y_m,tool_world_z_m,tool_world_qx,tool_world_qy,tool_world_qz,tool_world_qw,tcp_robot_x_m,tcp_robot_y_m,tcp_robot_z_m,tcp_robot_qx,tcp_robot_qy,tcp_robot_qz,tcp_robot_qw,tcp_robot_rot6d_r00,tcp_robot_rot6d_r01,tcp_robot_rot6d_r02,tcp_robot_rot6d_r10,tcp_robot_rot6d_r11,tcp_robot_rot6d_r12,tcp_speed_m_s,box_world_x_m,box_world_y_m,box_world_z_m,tool_in_box_x_m,tool_in_box_y_m,tool_in_box_z_m,tool_in_box_qx,tool_in_box_qy,tool_in_box_qz,tool_in_box_qw,flap_left_deg,flap_right_deg,gripper,ik_reachable,ik_pos_err_mm,q1_deg,q2_deg,q3_deg,q4_deg,q5_deg,q6_deg
4.875000,0.000000,1,-0.785582,1.517951,0.503015,-0.059197,-0.320000,0.126761,-0.937031,0.262475,-0.012302,0.211121,-0.255188,0.194530,0.783673,0.531878,-0.303971,-0.932920,-0.193035,0.734353,-0.358528,0.576353,0.000000,-0.797022,1.403948,0.102081,0.024890,-0.132499,0.394589,-0.338837,-0.033747,0.938547,-0.056400,0.130927,0.032972,0.000000,1,0.082947,2.558868,-14.616733,76.888266,-0.271630,86.759425,0.079311
4.908333,0.033333,1,-0.785483,1.517889,0.498720,-0.064529,-0.319661,0.125096,-0.937019,0.262436,-0.012152,0.206828,-0.252509,0.199142,0.784414,0.530355,-0.309926,-0.932606,-0.184910,0.731466,-0.358131,0.580259,0.128896,-0.797022,1.403948,0.102081,0.024882,-0.132229,0.390301,-0.339629,-0.028429,0.938343,-0.057940,0.119377,0.017771,0.000000,1,0.034419,2.516172,-13.795944,76.947473,-0.295297,86.376909,0.075345
4.941667,0.066667,1,-0.785355,1.517918,0.494625,-0.069171,-0.320340,0.123333,-0.936689,0.262307,-0.012035,0.202734,-0.251050,0.203592,0.784918,0.528610,-0.315091,-0.932054,-0.178867,0.727607,-0.358244,0.585021,0.122906,-0.797022,1.403948,0.102081,0.024878,-0.132067,0.386207,-0.341275,-0.023983,0.937772,-0.059496,0.116633,0.028298,0.000000,1,0.035380,2.480855,-13.007720,77.000772,-0.320018,86.006279,0.071578
4.975000,0.100000,1,-0.785259,1.518028,0.490717,-0.073598,-0.321356,0.121766,-0.936209,0.262134,-0.011994,0.198827,-0.249990,0.208000,0.785200,0.526974,-0.319608,-0.931556,-0.173362,0.723564,-0.358069,0.590120,0.117328,-0.797022,1.403948,0.102081,0.024930,-0.131977,0.382297,-0.343199,-0.019815,0.937082,-0.060825,0.140270,0.022483,0.000000,1,0.036549,2.460298,-12.254846,77.050192,-0.349261,85.650242,0.067999
5.008333,0.133333,1,-0.785236,1.518213,0.486931,-0.077945,-0.321841,0.120570,-0.935845,0.261947,-0.012057,0.195042,-0.248488,0.212102,0.785419,0.525721,-0.323742,-0.931233,-0.167322,0.720413,-0.357260,0.594449,0.113714,-0.797022,1.403948,0.102081,0.025076,-0.131934,0.378510,-0.344579,-0.015628,0.936588,-0.061831,0.129394,0.029682,0.000000,1,0.037048,2.459443,-11.522531,77.092448,-0.385365,85.299225,0.064599
5.041667,0.166667,1,-0.785293,1.518492,0.483201,-0.082177,-0.321931,0.119315,-0.935613,0.261733,-0.012241,0.191312,-0.246684,0.215924,0.785781,0.524474,-0.328149,-0.930772,-0.161186,0.717713,-0.356609,0.598096,0.112230,-0.797022,1.403948,0.102081,0.025332,-0.131948,0.374778,-0.345553,-0.011475,0.936216,-0.062934,0.123267,0.014150,0.000000,1,0.036636,2.481558,-10.799165,77.130246,-0.429866,84.948423,0.061369
5.075000,0.200000,1,-0.785397,1.518812,0.479503,-0.086802,-0.322426,0.118129,-0.935175,0.261514,-0.012488,0.187613,-0.245068,0.220279,0.785929,0.523196,-0.332415,-0.930357,-0.154715,0.714424,-0.355486,0.602684,0.111407,-0.797022,1.403948,0.102081,0.025647,-0.131984,0.371078,-0.346999,-0.007016,0.935659,-0.063908,0.124185,0.021729,0.000000,1,0.035949,2.515963,-10.078367,77.160562,-0.477963,84.593021,0.058301
5.108333,0.233333,1,-0.785580,1.519149,0.475918,-0.091281,-0.323259,0.117206,-0.934577,0.261331,-0.012809,0.184026,-0.243820,0.224655,0.785819,0.522083,-0.335962,-0.930076,-0.148618,0.710975,-0.353918,0.607665,0.108167,-0.797022,1.403948,0.102081,0.026038,-0.132009,0.367494,-0.348735,-0.002769,0.934989,-0.064587,0.122415,0.029249,0.000000,1,0.036394,2.564300,-9.372644,77.176732,-0.530507,84.236561,0.055386
5.141667,0.266667,1,-0.785910,1.519537,0.472536,-0.095320,-0.323716,0.116162,-0.934146,0.261195,-0.013280,0.180642,-0.242431,0.228470,0.785909,0.520937,-0.339703,-0.929595,-0.143020,0.708043,-0.352852,0.611695,0.102591,-0.797022,1.403948,0.102081,0.026578,-0.132037,0.364117,-0.350020,0.001122,0.934453,-0.065438,0.108503,0.039952,0.000000,1,0.037947,2.640116,-8.699396,77.177327,-0.593721,83.887764,0.052616
5.175000,0.300000,1,-0.786378,1.519909,0.469385,-0.099363,-0.323896,0.115367,-0.933760,0.261158,-0.013853,0.177486,-0.240791,0.232165,0.785928,0.520035,-0.343166,-0.929227,-0.137020,0.705614,-0.351325,0.615370,0.096235,-0.797022,1.403948,0.102081,0.027234,-0.132008,0.360977,-0.351030,0.005067,0.934017,-0.066059,0.123401,0.032105,0.000000,1,0.039784,2.734571,-8.060813,77.155627,-0.663636,83.544412,0.049986
5.208333,0.333333,1,-0.786918,1.520279,0.466398,-0.103580,-0.324154,0.115124,-0.933243,0.261168,-0.014483,0.174495,-0.239143,0.236054,0.785582,0.519567,-0.345722,-0.929226,-0.130441,0.703424,-0.348658,0.619381,0.091713,-0.797022,1.403948,0.102081,0.027951,-0.131958,0.358006,-0.352134,0.009160,0.933567,-0.066109,0.110077,0.035537,0.000000,1,0.040701,2.839802,-7.449977,77.121795,-0.736654,83.207923,0.047486
5.241667,0.366667,1,-0.787498,1.520694,0.463538,-0.107794,-0.324343,0.114980,-0.932717,0.261165,-0.015174,0.171629,-0.237435,0.239910,0.785186,0.519184,-0.348146,-0.929237,-0.123747,0.701385,-0.345784,0.623292,0.088440,-0.797022,1.403948,0.102081,0.028719,-0.131941,0.355159,-0.353167,0.013262,0.933131,-0.066062,0.115009,0.030883,0.000000,1,0.041109,2.956746,-6.864145,77.085878,-0.813194,82.881995,0.045112
5.275000,0.400000,1,-0.788070,1.521160,0.460685,-0.111609,-0.324258,0.114965,-0.932300,0.261118,-0.015889,0.168770,-0.235659,0.243287,0.784826,0.518965,-0.350280,-0.929260,-0.117387,0.699930,-0.342973,0.626473,0.088418,-0.797022,1.403948,0.102081,0.029499,-0.131975,0.352318,-0.353850,0.017024,0.932821,-0.065925,0.117088,0.011871,0.000000,1,0.040166,3.079261,-6.282315,77.052921,-0.890492,82.558218,0.042856
5.308333,0.433333,1,-0.788612,1.521695,0.457695,-0.115482,-0.324588,0.114854,-0.931727,0.260996,-0.016620,0.165775,-0.234229,0.246901,0.784372,0.518592,-0.352398,-0.929200,-0.111365,0.697875,-0.340205,0.630263,0.092561,-0.797022,1.403948,0.102081,0.030284,-0.132076,0.349335,-0.354951,0.020765,0.932333,-0.065840,0.116605,0.036817,0.000000,1,0.037524,3.206354,-5.677421,77.025830,-0.968133,82.224042,0.040714
5.341667,0.466667,1,-0.789185,1.522327,0.454636,-0.118700,-0.325063,0.114358,-0.931218,0.260815,-0.017434,0.162711,-0.233221,0.249991,0.784146,0.517907,-0.354761,-0.928835,-0.106815,0.695623,-0.338555,0.633632,0.095270,-0.797022,1.403948,0.102081,0.031136,-0.132249,0.346281,-0.356071,0.023841,0.931810,-0.066151,0.112554,0.032509,0.000000,1,0.035630,3.349748,-5.060501,77.001102,-1.051511,81.883780,0.038678
5.375000,0.500000,1,-0.789823,1.523046,0.451604,-0.121423,-0.325398,0.113721,-0.930828,0.260604,-0.018352,0.159673,-0.232310,0.252575,0.784088,0.517150,-0.357177,-0.928333,-0.103065,0.693630,-0.337525,0.636360,0.095407,-0.797022,1.403948,0.102081,0.032082,-0.132477,0.343254,-0.356961,0.026459,0.931364,-0.066638,0.126788,0.068406,0.000000,1,0.034898,3.513269,-4.448637,76.974902,-1.142437,81.544620,0.036744
5.408333,0.533333,1,-0.790562,1.523730,0.448699,-0.125099,-0.325870,0.113135,-0.930247,0.260482,-0.019332,0.156761,-0.231095,0.256074,0.783840,0.516349,-0.359957,-0.927825,-0.097837,0.691115,-0.335619,0.640093,0.092238,-0.797022,1.403948,0.102081,0.033105,-0.132642,0.340359,-0.358172,0.029988,0.930764,-0.067014,0.118864,0.100876,0.000000,1,0.035333,3.687811,-3.853605,76.929921,-1.237002,81.203973,0.034907
5.441667,0.566667,1,-0.791327,1.524428,0.445853,-0.129055,-0.326328,0.112817,-0.929584,0.260365,-0.020341,0.153908,-0.229744,0.259818,0.783398,0.515751,-0.362437,-0.927460,-0.091960,0.688693,-0.332991,0.644064,0.090864,-0.797022,1.403948,0.102081,0.034155,-0.132812,0.337523,-0.359419,0.033790,0.930147,-0.067108,0.126128,0.089440,0.000000,1,0.035002,3.868353,-3.268818,76.879886,-1.332817,80.865448,0.033161
5.475000,0.600000,1,-0.792007,1.525148,0.443046,-0.132885,-0.327042,0.112516,-0.928830,0.260181,-0.021295,0.151094,-0.228678,0.263564,0.782868,0.515128,-0.364698,-0.927098,-0.086510,0.686013,-0.330353,0.648270,0.089310,-0.797022,1.403948,0.102081,0.035134,-0.133038,0.334721,-0.360888,0.037419,0.929435,-0.067161,0.134662,0.083825,0.000000,1,0.034517,4.040574,-2.695974,76.837477,-1.423406,80.536466,0.031503
5.508333,0.633333,0,-0.792574,1.525858,0.440304,-0.136545,-0.327525,0.111914,-0.928202,0.259935,-0.022153,0.148347,-0.227481,0.267054,0.782584,0.514292,-0.367512,-0.926453,-0.081359,0.683454,-0.328372,0.651968,0.086638,-0.797022,1.403948,0.102081,0.036004,-0.133304,0.331980,-0.362107,0.040931,0.928785,-0.067544,0.151303,0.082148,0.000000,1,0.034369,4.196890,-2.140327,76.802957,-1.505522,80.219967,0.029928
5.541667,0.666667,1,-0.793039,1.526508,0.437558,-0.139662,-0.327510,0.111374,-0.927808,0.259677,-0.022895,0.145597,-0.226081,0.269834,0.782479,0.513618,-0.370167,-0.925800,-0.076623,0.681782,-0.326771,0.654518,0.085807,-0.797022,1.403948,0.102081,0.036758,-0.133555,0.329232,-0.362731,0.044004,0.928372,-0.067937,0.158391,0.056809,0.000000,1,0.033395,4.332860,-1.584025,76.767515,-1.577390,79.902451,0.028432
5.575000,0.700000,1,-0.793435,1.527099,0.434824,-0.142454,-0.326996,0.110809,-0.927632,0.259425,-0.023545,0.142860,-0.224377,0.272102,0.782577,0.513020,-0.372931,-0.925062,-0.071998,0.680848,-0.325543,0.656101,0.084746,-0.797022,1.403948,0.102081,0.037424,-0.133779,0.326496,-0.362806,0.046856,0.928168,-0.068417,0.129851,0.042103,0.000000,1,0.032574,4.452634,-1.029002,76.728085,-1.641026,79.583449,0.027010
5.608333,0.733333,0,-0.793730,1.527639,0.432081,-0.145410,-0.326793,0.110082,-0.927332,0.259153,-0.024084,0.140114,-0.222879,0.274654,0.782637,0.512220,-0.375911,-0.924194,-0.067500,0.679336,-0.324392,0.658234,0.084343,-0.797022,1.403948,0.102081,0.037978,-0.133996,0.323748,-0.363220,0.049812,0.927807,-0.069020,0.096308,0.047769,0.000000,1,0.031479,4.552985,-0.472810,76.688801,-1.695036,79.263918,0.025660
5.641667,0.766667,1,-0.793962,1.528114,0.429338,-0.148435,-0.326925,0.109357,-0.926892,0.258893,-0.024534,0.137370,-0.221652,0.277416,0.782573,0.511361,-0.378761,-0.923334,-0.063197,0.677375,-0.323100,0.660885,0.083790,-0.797022,1.403948,0.102081,0.038447,-0.134180,0.321001,-0.363973,0.052769,0.927307,-0.069581,0.035468,0.034904,0.000000,1,0.030469,4.637306,0.084846,76.644249,-1.741111,78.941054,0.024377
5.675000,0.800000,1,-0.794166,1.528501,0.426614,-0.151636,-0.327291,0.108408,-0.926356,0.258688,-0.024909,0.134643,-0.220555,0.280441,0.782525,0.510257,-0.381986,-0.922284,-0.058986,0.674873,-0.321981,0.663984,0.082789,-0.797022,1.403948,0.102081,0.038856,-0.134294,0.318274,-0.364995,0.055859,0.926667,-0.070335,0.044437,0.041768,0.000000,1,0.029632,4.707550,0.643036,76.588070,-1.780278,78.612151,0.023158
5.708333,0.833333,1,-0.794347,1.528812,0.423951,-0.154557,-0.327864,0.107284,-0.925801,0.258531,-0.025219,0.131979,-0.219769,0.283307,0.782539,0.508991,-0.385259,-0.921135,-0.055555,0.672086,-0.321331,0.667118,0.080594,-0.797022,1.403948,0.102081,0.039212,-0.134351,0.315612,-0.366167,0.058637,0.925962,-0.071254,0.056963,0.070533,0.000000,1,0.029279,4.765584,1.191728,76.522920,-1.813417,78.283625,0.022000
5.741667,0.866667,1,-0.794490,1.529023,0.421449,-0.158140,-0.329575,0.105889,-0.924748,0.258431,-0.025441,0.129475,-0.219710,0.287272,0.782234,0.507259,-0.388832,-0.919824,-0.052286,0.667358,-0.320326,0.672328,0.075471,-0.797022,1.403948,0.102081,0.039489,-0.134342,0.313112,-0.368586,0.061850,0.924712,-0.072297,0.209666,0.076483,0.000000,1,0.029980,4.806759,1.710450,76.451628,-1.838546,77.967052,0.020900
5.775000,0.900000,1,-0.794628,1.529178,0.419220,-0.161643,-0.331705,0.104712,-0.923514,0.258375,-0.025627,0.127246,-0.220061,0.291354,0.781672,0.505643,-0.391797,-0.918725,-0.049388,0.662263,-0.318876,0.678031,0.067149,-0.797022,1.403948,0.102081,0.039733,-0.134298,0.310887,-0.371389,0.064901,0.923319,-0.073078,0.188552,0.052677,0.000000,1,0.032031,4.840790,2.174232,76.380600,-1.860036,77.677995,0.019855
5.808333,0.933333,1,-0.794868,1.529297,0.417249,-0.164755,-0.333690,0.103871,-0.922343,0.258410,-0.025875,0.125272,-0.220456,0.295023,0.781016,0.504356,-0.394048,-0.917899,-0.046766,0.657741,-0.317173,0.683212,0.059680,-0.797022,1.403948,0.102081,0.040049,-0.134197,0.308926,-0.373963,0.067590,0.922048,-0.073557,0.099607,0.041933,0.000000,1,0.033847,4.884665,2.589532,76.301464,-1.885531,77.408960,0.018862
5.841667,0.966667,1,-0.795142,1.529446,0.415399,-0.168096,-0.335936,0.102984,-0.921024,0.258444,-0.026168,0.123420,-0.220983,0.299013,0.780248,0.502963,-0.396390,-0.917024,-0.044059,0.652717,-0.315240,0.688901,0.056275,-0.797022,1.403948,0.102081,0.040405,-0.134116,0.307086,-0.376837,0.070455,0.920624,-0.074037,0.052326,0.064922,0.000000,1,0.034375,4.937168,2.979248,76.224950,-1.914249,77.154206,0.017919
5.875000,1.000000,1,-0.795311,1.529678,0.413468,-0.172066,-0.339760,0.101483,-0.919053,0.258347,-0.026428,0.121487,-0.222647,0.304269,0.779179,0.500728,-0.399400,-0.915803,-0.042253,0.644824,-0.313385,0.697131,0.058575,-0.797022,1.403948,0.102081,0.040700,-0.134149,0.305156,-0.381389,0.073644,0.918425,-0.074935,0.071951,0.062562,0.000000,1,0.033052,4.985938,3.378645,76.164820,-1.940467,76.903668,0.017023
5.908333,1.033333,1,-0.795330,1.529961,0.411228,-0.177565,-0.345725,0.098983,-0.916050,0.258117,-0.026596,0.119248,-0.225551,0.311846,0.777647,0.497135,-0.403966,-0.913866,-0.040739,0.632518,-0.311217,0.709271,0.067720,-0.797022,1.403948,0.102081,0.040886,-0.134270,0.302909,-0.388353,0.077942,0.915015,-0.076518,0.070362,0.074714,0.000000,1,0.028979,5.020564,3.835874,76.112223,-1.959672,76.629641,0.016172
5.941667,1.066667,1,-0.795342,1.530256,0.408748,-0.183543,-0.350973,0.096380,-0.913149,0.257872,-0.026764,0.116767,-0.227599,0.319530,0.776250,0.493493,-0.409327,-0.911597,-0.037976,0.620698,-0.308731,0.720707,0.074937,-0.797022,1.403948,0.102081,0.041076,-0.134390,0.300422,-0.394716,0.082852,0.911710,-0.078232,0.047744,0.083265,0.000000,1,0.025353,5.055617,4.344824,76.048201,-1.978642,76.325624,0.015363
5.975000,1.100000,1,-0.795495,1.530534,0.406286,-0.188441,-0.353017,0.095078,-0.911499,0.257725,-0.027035,0.114304,-0.227253,0.324822,0.775374,0.491572,-0.413427,-0.909937,-0.033066,0.614670,-0.305696,0.727139,0.074482,-0.797022,1.403948,0.102081,0.041388,-0.134440,0.297959,-0.397713,0.087298,0.909922,-0.079030,0.050238,0.093563,0.000000,1,0.024665,5.108209,4.857375,75.963593,-2.005161,76.010225,0.014595
6.008333,1.133333,1,-0.795658,1.530777,0.404070,-0.191637,-0.353004,0.094924,-0.910853,0.257613,-0.027293,0.112087,-0.225819,0.327678,0.774870,0.491131,-0.415592,-0.909117,-0.028096,0.613133,-0.302836,0.729629,0.067033,-0.797022,1.403948,0.102081,0.041689,-0.134469,0.295745,-0.398341,0.090449,0.909343,-0.078991,0.054894,0.123556,0.000000,1,0.026367,5.158163,5.319881,75.881254,-2.030171,75.720662,0.013865
6.041667,1.166667,1,-0.795808,1.530943,0.402166,-0.194341,-0.352754,0.094722,-0.910398,0.257558,-0.027498,0.110182,-0.224392,0.329985,0.774557,0.490733,-0.417659,-0.908294,-0.023740,0.612109,-0.300582,0.731418,0.057517,-0.797022,1.403948,0.102081,0.041940,-0.134450,0.293845,-0.398641,0.093161,0.908931,-0.079055,0.058828,0.120322,0.000000,1,0.028766,5.197472,5.718740,75.803204,-2.050227,75.464221,0.013172
6.075000,1.200000,1,-0.795935,1.531023,0.400418,-0.197069,-0.352960,0.094345,-0.909770,0.257558,-0.027634,0.108433,-0.223362,0.332518,0.774171,0.490103,-0.419817,-0.907391,-0.019905,0.610302,-0.298461,0.733793,0.052637,-0.797022,1.403948,0.102081,0.042132,-0.134370,0.292102,-0.399394,0.095813,0.908309,-0.079242,0.060770,0.112114,0.000000,1,0.029515,5.223031,6.086502,75.723383,-2.063995,75.222258,0.012514
6.108333,1.233333,1,-0.796018,1.531091,0.398678,-0.199269,-0.352562,0.093996,-0.909481,0.257542,-0.027728,0.106692,-0.222027,0.334309,0.774070,0.489650,-0.421893,-0.906498,-0.016340,0.609596,-0.296961,0.734988,0.052289,-0.797022,1.403948,0.102081,0.042278,-0.134298,0.290367,-0.399455,0.098061,0.908020,-0.079496,0.044390,0.103955,0.000000,1,0.028911,5.241142,6.451321,75.645849,-2.074119,74.983640,0.011888
6.141667,1.266667,1,-0.796137,1.531131,0.396964,-0.201701,-0.352024,0.093544,-0.909200,0.257570,-0.027833,0.104976,-0.220462,0.336243,0.774022,0.489108,-0.424340,-0.905419,-0.012367,0.608903,-0.295428,0.736179,0.051580,-0.797022,1.403948,0.102081,0.042446,-0.134187,0.288659,-0.399427,0.100565,0.907727,-0.079851,0.059271,0.095883,0.000000,1,0.028344,5.260753,6.813340,75.560610,-2.084677,74.743222,0.011294
6.175000,1.300000,1,-0.796379,1.531012,0.395387,-0.204834,-0.352863,0.092912,-0.908239,0.257800,-0.027943,0.103397,-0.219821,0.339420,0.773454,0.488100,-0.426874,-0.904269,-0.008703,0.605822,-0.293106,0.739641,0.047996,-0.797022,1.403948,0.102081,0.042660,-0.133890,0.287102,-0.400883,0.103498,0.906725,-0.080196,0.070741,0.099954,0.000000,1,0.028427,5.277734,7.155708,75.449011,-2.094173,74.499173,0.010729
6.208333,1.333333,1,-0.796819,1.530654,0.393955,-0.207999,-0.353717,0.092451,-0.907234,0.258340,-0.028067,0.101960,-0.219179,0.342633,0.772771,0.487225,-0.429144,-0.903223,-0.004872,0.602831,-0.290429,0.743132,0.046200,-0.797022,1.403948,0.102081,0.042956,-0.133304,0.285709,-0.402353,0.106457,0.905715,-0.080364,0.069647,0.091037,0.000000,1,0.027962,5.292180,7.481470,75.294648,-2.102784,74.241516,0.010192
6.241667,1.366667,1,-0.797517,1.530070,0.392631,-0.210997,-0.352719,0.093098,-0.906864,0.259218,-0.028262,0.100628,-0.216949,0.344875,0.772152,0.487623,-0.430315,-0.902678,0.001302,0.603397,-0.286572,0.744170,0.048204,-0.797022,1.403948,0.102081,0.043397,-0.132415,0.284445,-0.401961,0.109591,0.905581,-0.079628,0.068219,0.087704,0.000000,1,0.026664,5.313891,7.799960,75.091057,-2.114661,73.962556,0.009683
6.275000,1.400000,1,-0.798434,1.529268,0.391407,-0.213873,-0.349963,0.094995,-0.907061,0.260401,-0.028503,0.099395,-0.213195,0.346227,0.771475,0.489389,-0.430093,-0.902730,0.009931,0.607475,-0.281251,0.742881,0.051800,-0.797022,1.403948,0.102081,0.043949,-0.131245,0.283302,-0.399800,0.112925,0.906284,-0.077831,0.058588,0.088417,0.000000,1,0.025063,5.338774,8.111141,74.843306,-2.127784,73.664801,0.009199
6.308333,1.433333,1,-0.799493,1.528247,0.390225,-0.216371,-0.346572,0.097274,-0.907529,0.261846,-0.028725,0.098200,-0.209039,0.346960,0.770865,0.491619,-0.429228,-0.902999,0.018863,0.612887,-0.275860,0.740453,0.056624,-0.797022,1.403948,0.102081,0.044544,-0.129821,0.282215,-0.396937,0.116004,0.907330,-0.075739,0.052549,0.104904,0.000000,1,0.023021,5.355848,8.425173,74.556558,-2.137222,73.346150,0.008739
6.341667,1.466667,1,-0.800478,1.526980,0.388999,-0.218244,-0.344530,0.098876,-0.907685,0.263443,-0.028739,0.096964,-0.206372,0.347732,0.770283,0.493109,-0.428508,-0.903192,0.025010,0.616143,-0.271851,0.739233,0.060573,-0.797022,1.403948,0.102081,0.044974,-0.128198,0.281094,-0.395279,0.118218,0.907893,-0.074222,0.066847,0.106077,0.000000,1,0.021002,5.332570,8.753709,74.246604,-2.128940,73.009297,0.008302
6.375000,1.500000,1,-0.801299,1.525522,0.387582,-0.219944,-0.344321,0.099631,-0.907271,0.265091,-0.028506,0.095537,-0.205426,0.349165,0.769579,0.493591,-0.428336,-0.903170,0.028506,0.616259,-0.268903,0.740214,0.065774,-0.797022,1.403948,0.102081,0.045182,-0.126454,0.279781,-0.395391,0.119922,0.907690,-0.073374,0.061108,0.115351,0.000000,1,0.018425,5.264018,9.123465,73.921280,-2.100990,72.646458,0.007887
6.408333,1.533333,1,-0.802061,1.523887,0.385908,-0.222597,-0.345526,0.100251,-0.906097,0.266844,-0.028118,0.093854,-0.205326,0.352082,0.768262,0.493611,-0.428378,-0.903029,0.032095,0.613862,-0.264772,0.743686,0.073830,-0.797022,1.403948,0.102081,0.045273,-0.124556,0.278217,-0.397071,0.122293,0.906714,-0.072450,0.059143,0.249407,0.000000,1,0.015158,5.166537,9.551168,73.566587,-2.060685,72.243460,0.007492
6.441667,1.566667,1,-0.802958,1.522077,0.384059,-0.225047,-0.346255,0.101596,-0.905063,0.268816,-0.027730,0.091994,-0.204887,0.354609,0.766745,0.494344,-0.427291,-0.903381,0.036404,0.612762,-0.259754,0.746358,0.082158,-0.797022,1.403948,0.102081,0.045421,-0.122434,0.276493,-0.398227,0.124546,0.906026,-0.070860,0.046519,0.617065,0.000000,1,0.012250,5.066749,10.025750,73.165691,-2.019470,71.797144,0.007118
6.475000,1.600000,1,-0.804079,1.520140,0.382096,-0.227072,-0.345082,0.103723,-0.904765,0.271025,-0.027445,0.090018,-0.202931,0.355908,0.765527,0.496102,-0.425405,-0.904008,0.042434,0.615109,-0.254426,0.746263,0.089313,-0.797022,1.403948,0.102081,0.045728,-0.120100,0.274671,-0.397428,0.126735,0.906238,-0.068712,0.228117,0.338763,0.000000,1,0.010067,4.983180,10.535863,72.717567,-1.984905,71.312536,0.006762
6.508333,1.633333,1,-0.805250,1.518142,0.380101,-0.228318,-0.342548,0.106341,-0.905110,0.273311,-0.027162,0.088010,-0.200101,0.355904,0.764658,0.498588,-0.422740,-0.904932,0.048882,0.620065,-0.249485,0.743826,0.091684,-0.797022,1.403948,0.102081,0.046057,-0.117689,0.272821,-0.395138,0.128411,0.907185,-0.066264,0.148297,0.201254,0.000000,1,0.009072,4.900014,11.056012,72.253247,-1.950142,70.817026,0.006424
6.541667,1.666667,1,-0.806254,1.516131,0.378258,-0.229909,-0.341241,0.108564,-0.904937,0.275509,-0.026739,0.086154,-0.198217,0.356756,0.763509,0.500489,-0.420441,-0.905686,0.054424,0.622825,-0.244471,0.743184,0.087221,-0.797022,1.403948,0.102081,0.046224,-0.115340,0.271116,-0.394120,0.130198,0.907532,-0.064059,0.057694,0.210854,0.000000,1,0.008670,4.794560,11.538912,71.811919,-1.905897,70.351047,0.006103
6.575000,1.700000,1,-0.806955,1.514058,0.376759,-0.233497,-0.341683,0.109432,-0.903746,0.277576,-0.026039,0.084646,-0.197016,0.360172,0.762064,0.500719,-0.420930,-0.905079,0.060412,0.621240,-0.239114,0.746247,0.079582,-0.797022,1.403948,0.102081,0.046080,-0.113074,0.269743,-0.395236,0.133636,0.906628,-0.062890,0.049267,0.209024,0.000000,1,0.008918,4.642871,11.941238,71.414742,-1.843006,69.943290,0.005797
6.608333,1.733333,1,-0.807398,1.512055,0.375432,-0.236513,-0.341034,0.110268,-0.903105,0.279433,-0.025177,0.083314,-0.195091,0.362586,0.761121,0.501165,-0.421546,-0.904369,0.066455,0.621420,-0.234730,0.747488,0.073292,-0.797022,1.403948,0.102081,0.045722,-0.110986,0.268528,-0.395178,0.136721,0.906261,-0.061905,0.059524,0.172726,0.000000,1,0.009100,4.467025,12.296260,71.062478,-1.770475,69.579944,0.005508
6.641667,1.766667,1,-0.807582,1.510104,0.374157,-0.238130,-0.339598,0.111548,-0.903064,0.281093,-0.024140,0.082035,-0.193082,0.363399,0.760509,0.502282,-0.420865,-0.904311,0.071376,0.623647,-0.231308,0.746700,0.070118,-0.797022,1.403948,0.102081,0.045147,-0.109051,0.267350,-0.394067,0.138573,0.906549,-0.060652,0.051263,0.180043,0.000000,1,0.008848,4.264641,12.629658,70.745723,-1.687722,69.245312,0.005232
6.675000,1.800000,1,-0.807564,1.508150,0.372859,-0.239469,-0.337959,0.112843,-0.903164,0.282634,-0.022939,0.080735,-0.191015,0.363872,0.760015,0.503475,-0.420052,-0.904308,0.076052,0.626288,-0.228220,0.745439,0.070403,-0.797022,1.403948,0.102081,0.044385,-0.107191,0.266139,-0.392702,0.140189,0.906974,-0.059424,0.053438,0.161379,0.000000,1,0.007999,4.036409,12.961188,70.446812,-1.595407,68.922101,0.004971
6.708333,1.833333,1,-0.807545,1.506360,0.371328,-0.240116,-0.338565,0.112880,-0.902760,0.284041,-0.021835,0.079204,-0.191270,0.364722,0.759642,0.503327,-0.420156,-0.904217,0.076555,0.625175,-0.227280,0.746660,0.070646,-0.797022,1.403948,0.102081,0.043695,-0.105468,0.264689,-0.393418,0.140710,0.906592,-0.059278,0.053373,0.170517,0.000000,1,0.006535,3.828627,13.334915,70.151009,-1.511270,68.585179,0.004722
6.741667,1.866667,1,-0.807630,1.504739,0.369649,-0.240308,-0.339967,0.112010,-0.902291,0.285375,-0.020915,0.077523,-0.192443,0.365517,0.759617,0.502340,-0.421240,-0.903854,0.074861,0.622490,-0.228104,0.748649,0.070049,-0.797022,1.403948,0.102081,0.043170,-0.103851,0.263089,-0.394843,0.140642,0.905936,-0.059994,0.062329,0.157367,0.000000,1,0.005537,3.655107,13.736763,69.852760,-1.440473,68.237643,0.004486
6.775000,1.900000,1,-0.807789,1.503007,0.368025,-0.241206,-0.339176,0.112362,-0.902305,0.286843,-0.019987,0.075895,-0.191334,0.365969,0.759470,0.502656,-0.421456,-0.903549,0.077287,0.623460,-0.226808,0.748235,0.071409,-0.797022,1.403948,0.102081,0.042667,-0.102105,0.261551,-0.394242,0.141673,0.906059,-0.059657,0.067155,0.147910,0.000000,1,0.005118,3.479827,14.134124,69.534915,-1.369635,67.883506,0.004262
6.808333,1.933333,1,-0.808100,1.501295,0.366351,-0.242554,-0.338227,0.113073,-0.902211,0.288386,-0.019191,0.074217,-0.189883,0.366755,0.759067,0.503242,-0.421385,-0.903269,0.080865,0.624708,-0.224478,0.747897,0.072440,-0.797022,1.403948,0.102081,0.042313,-0.100314,0.259970,-0.393566,0.143174,0.906164,-0.058943,0.093662,0.184085,0.000000,1,0.005095,3.328213,14.546004,69.198412,-1.308096,67.515922,0.004049
6.841667,1.966667,1,-0.808626,1.499597,0.364595,-0.244393,-0.337442,0.113914,-0.901903,0.290047,-0.018575,0.072454,-0.188360,0.368055,0.758416,0.503846,-0.421319,-0.902904,0.085177,0.625597,-0.221348,0.748087,0.074962,-0.797022,1.403948,0.102081,0.042163,-0.098447,0.258316,-0.393143,0.145126,0.906095,-0.058044,0.087696,0.185463,0.000000,1,0.006072,3.207776,14.981638,68.834046,-1.258497,67.126660,0.003846
6.875000,2.000000,1,-0.809278,1.497795,0.362865,-0.246335,-0.336253,0.115048,-0.901674,0.291866,-0.017998,0.070716,-0.186427,0.369269,0.757704,0.504748,-0.420949,-0.902582,0.090262,0.627214,-0.217741,0.747791,0.077451,-0.797022,1.403948,0.102081,0.042088,-0.096436,0.256699,-0.392339,0.147254,0.906174,-0.056884,0.103697,0.178605,0.000000,1,0.007398,3.093557,15.420055,68.443724,-1.211599,66.724930,0.003654
6.908333,2.033333,1,-0.810031,1.495948,0.361145,-0.248564,-0.335906,0.115997,-0.901070,0.293782,-0.017474,0.068987,-0.185124,0.371114,0.756743,0.505316,-0.420770,-0.902192,0.094878,0.627384,-0.213860,0.748768,0.079008,-0.797022,1.403948,0.102081,0.042086,-0.094345,0.255098,-0.392415,0.149504,0.905839,-0.055802,0.094981,0.182514,0.000000,1,0.008771,2.988742,15.861732,68.036293,-1.168430,66.315260,0.003471
6.941667,2.066667,1,-0.810842,1.494057,0.359486,-0.250781,-0.335882,0.117220,-0.900306,0.295769,-0.016971,0.067319,-0.184114,0.373095,0.755517,0.506059,-0.420012,-0.902057,0.099414,0.627289,-0.209408,0.750105,0.079270,-0.797022,1.403948,0.102081,0.042119,-0.092194,0.253563,-0.392795,0.151677,0.905398,-0.054410,0.092955,0.172844,0.000000,1,0.009803,2.887893,16.294649,67.619714,-1.126963,65.906415,0.003298
6.975000,2.100000,1,-0.811710,1.492157,0.357890,-0.252482,-0.335496,0.118844,-0.899762,0.297798,-0.016508,0.065712,-0.183009,0.374454,0.754307,0.507261,-0.418388,-0.902317,0.103801,0.628203,-0.204942,0.750573,0.078888,-0.797022,1.403948,0.102081,0.042200,-0.090015,0.252094,-0.392710,0.153404,0.905246,-0.052689,0.087417,0.181589,0.000000,1,0.010712,2.794588,16.717566,67.198315,-1.088411,65.501101,0.003133
7.008333,2.133333,1,-0.812703,1.490272,0.356274,-0.253998,-0.334861,0.120343,-0.899372,0.299890,-0.016155,0.064084,-0.181763,0.375535,0.753289,0.508419,-0.416943,-0.902491,0.108018,0.629457,-0.200966,0.750598,0.080216,-0.797022,1.403948,0.102081,0.042402,-0.087800,0.250610,-0.392349,0.155000,0.905220,-0.051133,0.098131,0.199938,0.000000,1,0.012382,2.720349,17.148464,66.762839,-1.056750,65.087800,0.002976
7.041667,2.166667,1,-0.813695,1.488319,0.354696,-0.255564,-0.333297,0.122161,-0.899265,0.302036,-0.015759,0.062495,-0.179662,0.376248,0.752377,0.509988,-0.415268,-0.902601,0.113417,0.632212,-0.196699,0.749412,0.080994,-0.797022,1.403948,0.102081,0.042573,-0.085525,0.249166,-0.391086,0.156820,0.905552,-0.049344,0.111001,0.211639,0.000000,1,0.013837,2.639180,17.574816,66.319864,-1.022903,64.674548,0.002827
7.075000,2.200000,1,-0.814612,1.486325,0.353189,-0.257676,-0.331985,0.124389,-0.898842,0.304169,-0.015279,0.060977,-0.177543,0.377564,0.751002,0.511781,-0.413118,-0.902765,0.119789,0.634629,-0.191053,0.748829,0.079859,-0.797022,1.403948,0.102081,0.042659,-0.083247,0.247792,-0.390164,0.159123,0.905669,-0.047074,0.038464,0.231420,0.000000,1,0.014606,2.544932,17.986371,65.882652,-0.984796,64.271977,0.002686
7.108333,2.233333,1,-0.815534,1.484379,0.351701,-0.259801,-0.331876,0.126216,-0.898015,0.306268,-0.014833,0.059477,-0.176498,0.379428,0.749451,0.513036,-0.411286,-0.902927,0.124767,0.635054,-0.185658,0.749825,0.078528,-0.797022,1.403948,0.102081,0.042768,-0.081011,0.246435,-0.390426,0.161214,0.905288,-0.045083,0.015203,0.204079,0.000000,1,0.015416,2.457538,18.393007,65.450157,-0.949223,63.875942,0.002552
7.141667,2.266667,1,-0.816527,1.482483,0.350225,-0.261453,-0.331435,0.127833,-0.897470,0.308370,-0.014474,0.057990,-0.175366,0.380719,0.748243,0.514231,-0.409627,-0.903069,0.129122,0.636009,-0.181240,0.750097,0.078006,-0.797022,1.403948,0.102081,0.042961,-0.078794,0.245091,-0.390277,0.162905,0.905132,-0.043371,0.013233,0.191281,0.000000,1,0.016538,2.385558,18.798270,65.015449,-0.919018,63.481545,0.002424
7.175000,2.300000,1,-0.817551,1.480587,0.348757,-0.262692,-0.330116,0.129702,-0.897326,0.310490,-0.014138,0.056510,-0.173629,0.381248,0.747276,0.515830,-0.407544,-0.903327,0.133820,0.638543,-0.177138,0.748922,0.078215,-0.797022,1.403948,0.102081,0.043182,-0.076565,0.243757,-0.389185,0.164355,0.905427,-0.041525,0.029542,0.199598,0.000000,1,0.017908,2.318122,19.203690,64.576418,-0.890525,63.087089,0.002303
7.208333,2.333333,1,-0.818475,1.478672,0.347370,-0.263626,-0.329139,0.131150,-0.897200,0.312566,-0.013713,0.055112,-0.172337,0.381655,0.746515,0.517064,-0.405889,-0.903538,0.137377,0.640446,-0.173968,0.748040,0.076162,-0.797022,1.403948,0.102081,0.043303,-0.074363,0.242499,-0.388378,0.165444,0.905640,-0.040091,0.050823,0.160107,0.000000,1,0.018333,2.236778,19.590905,64.149137,-0.857696,62.707362,0.002188
7.241667,2.366667,1,-0.819257,1.476785,0.346080,-0.264817,-0.329116,0.131791,-0.896764,0.314535,-0.013192,0.053812,-0.171785,0.382715,0.745840,0.517437,-0.405498,-0.903340,0.139814,0.640362,-0.171576,0.748664,0.072477,-0.797022,1.403948,0.102081,0.043302,-0.072248,0.241330,-0.388572,0.166615,0.905374,-0.039354,0.039156,0.151753,0.000000,1,0.018062,2.141048,19.953170,63.745225,-0.820451,62.350630,0.002078
7.275000,2.400000,1,-0.819946,1.474926,0.344838,-0.265504,-0.328902,0.132462,-0.896540,0.316425,-0.012614,0.052561,-0.171287,0.383238,0.745341,0.517934,-0.404809,-0.903363,0.141650,0.640788,-0.169745,0.748717,0.070187,-0.797022,1.403948,0.102081,0.043225,-0.070199,0.240204,-0.388481,0.167324,0.905313,-0.038645,0.041299,0.128976,0.000000,1,0.018284,2.037212,20.301946,63.356316,-0.780924,62.008374,0.001974
7.308333,2.433333,1,-0.820495,1.473127,0.343658,-0.265860,-0.328624,0.132987,-0.896459,0.318184,-0.011960,0.051374,-0.170878,0.383435,0.745034,0.518365,-0.404196,-0.903441,0.142899,0.641358,-0.168550,0.748499,0.066602,-0.797022,1.403948,0.102081,0.043043,-0.068265,0.239131,-0.388265,0.167722,0.905355,-0.038116,0.039756,0.099811,0.000000,1,0.017927,1.922769,20.631250,62.992194,-0.738363,61.687632,0.001876
7.341667,2.466667,1,-0.820841,1.471413,0.342660,-0.266450,-0.328849,0.133063,-0.896190,0.319755,-0.011197,0.050371,-0.170818,0.384065,0.744761,0.518311,-0.404350,-0.903246,0.143693,0.640826,-0.167696,0.749147,0.060409,-0.797022,1.403948,0.102081,0.042703,-0.066498,0.238226,-0.388599,0.168259,0.905118,-0.037970,0.041590,0.086780,0.000000,1,0.016172,1.792176,20.914026,62.671485,-0.691083,61.407133,0.001782
7.375000,2.500000,1,-0.821000,1.469828,0.341854,-0.266593,-0.329142,0.132948,-0.896057,0.321110,-0.010364,0.049562,-0.171017,0.384323,0.744695,0.518149,-0.404549,-0.903178,0.143561,0.640274,-0.167635,0.749631,0.053548,-0.797022,1.403948,0.102081,0.042239,-0.064936,0.237498,-0.388915,0.168345,0.904963,-0.038045,0.059005,0.078491,0.000000,1,0.013937,1.652073,21.146608,62.399478,-0.641210,61.170565,0.001693
7.408333,2.533333,1,-0.821058,1.468387,0.341219,-0.266842,-0.329295,0.132822,-0.895945,0.322292,-0.009538,0.048926,-0.171044,0.384614,0.744653,0.517985,-0.404871,-0.903009,0.143712,0.639866,-0.167528,0.750004,0.047278,-0.797022,1.403948,0.102081,0.041735,-0.063555,0.236931,-0.389117,0.168563,0.904832,-0.038138,0.042806,0.068123,0.000000,1,0.011969,1.514736,21.335706,62.167801,-0.592569,60.971005,0.001608
7.441667,2.566667,1,-0.821104,1.467045,0.340753,-0.266907,-0.329117,0.132583,-0.896027,0.323389,-0.008764,0.048459,-0.170856,0.384591,0.744832,0.517807,-0.405369,-0.902777,0.143770,0.639939,-0.167932,0.749851,0.042645,-0.797022,1.403948,0.102081,0.041255,-0.062279,0.236527,-0.388963,0.168665,0.904868,-0.038392,0.051657,0.058308,0.000000,1,0.010584,1.386663,21.486822,61.961981,-0.547158,60.798796,0.001528
7.475000,2.600000,1,-0.821185,1.465751,0.340362,-0.266728,-0.329282,0.132150,-0.896084,0.324468,-0.008046,0.048065,-0.171083,0.384502,0.745076,0.517446,-0.405960,-0.902637,0.142978,0.639509,-0.168816,0.750019,0.040634,-0.797022,1.403948,0.102081,0.040824,-0.061038,0.236197,-0.389100,0.168463,0.904828,-0.038826,0.054320,0.033699,0.000000,1,0.010369,1.268370,21.622773,61.763859,-0.505128,60.636665,0.001451
7.508333,2.633333,1,-0.821326,1.464466,0.339985,-0.266878,-0.329875,0.131971,-0.895847,0.325577,-0.007383,0.047686,-0.171549,0.384900,0.744948,0.517181,-0.406190,-0.902604,0.142536,0.638486,-0.168752,0.750905,0.040405,-0.797022,1.403948,0.102081,0.040452,-0.059782,0.235883,-0.389712,0.168498,0.904554,-0.038935,0.048374,0.087204,0.000000,1,0.010967,1.159371,21.758357,61.561015,-0.466316,60.473122,0.001379
7.541667,2.666667,1,-0.821511,1.463172,0.339638,-0.267471,-0.330337,0.131948,-0.895503,0.326719,-0.006749,0.047336,-0.171700,0.385638,0.744653,0.517005,-0.406450,-0.902407,0.143040,0.637551,-0.167979,0.751872,0.040556,-0.797022,1.403948,0.102081,0.040115,-0.058503,0.235603,-0.390279,0.168995,0.904220,-0.038865,0.039219,0.171335,0.000000,1,0.011514,1.055473,21.890515,61.354343,-0.429433,60.309602,0.001310
7.575000,2.700000,1,-0.821662,1.461853,0.339246,-0.267405,-0.330073,0.131797,-0.895643,0.327860,-0.006073,0.046941,-0.171493,0.385460,0.744844,0.516932,-0.406744,-0.902274,0.143042,0.637860,-0.168405,0.751515,0.041519,-0.797022,1.403948,0.102081,0.039739,-0.057212,0.235276,-0.390013,0.168982,0.904328,-0.039049,0.031215,0.149570,0.000000,1,0.012408,0.945363,22.032186,61.143583,-0.391087,60.141677,0.001244
7.608333,2.733333,1,-0.821790,1.460525,0.338730,-0.266909,-0.329684,0.131553,-0.895970,0.328994,-0.005372,0.046423,-0.171364,0.384841,0.745243,0.516861,-0.406978,-0.902269,0.142403,0.638478,-0.169504,0.750742,0.042923,-0.797022,1.403948,0.102081,0.039342,-0.055914,0.234826,-0.389544,0.168572,0.904593,-0.039373,0.055506,0.125482,0.000000,1,0.013837,0.831800,22.198247,60.923548,-0.352112,59.961790,0.001182
7.641667,2.766667,1,-0.821914,1.459144,0.338076,-0.267212,-0.329938,0.131500,-0.895793,0.330167,-0.004635,0.045766,-0.171457,0.385226,0.745110,0.516734,-0.407177,-0.902147,0.142609,0.637948,-0.169175,0.751267,0.045995,-0.797022,1.403948,0.102081,0.038922,-0.054560,0.234239,-0.389853,0.168823,0.904413,-0.039377,0.047020,0.148135,0.000000,1,0.015850,0.712951,22.394379,60.685565,-0.311990,59.763607,0.001123
7.675000,2.800000,1,-0.822024,1.457683,0.337322,-0.268236,-0.330678,0.131345,-0.895237,0.331395,-0.003837,0.045011,-0.171666,0.386473,0.744688,0.516343,-0.407842,-0.901717,0.143430,0.636340,-0.168058,0.752879,0.049425,-0.797022,1.403948,0.102081,0.038461,-0.053134,0.233556,-0.390778,0.169692,0.903851,-0.039379,0.066409,0.069415,0.000000,1,0.017835,0.585034,22.613778,60.429887,-0.269637,59.549560,0.001067
7.708333,2.833333,1,-0.822176,1.456182,0.336494,-0.269080,-0.331282,0.130908,-0.894825,0.332679,-0.003049,0.044180,-0.171832,0.387496,0.744518,0.515765,-0.408920,-0.901161,0.143850,0.634825,-0.167666,0.754245,0.051617,-0.797022,1.403948,0.102081,0.038024,-0.051650,0.232803,-0.391544,0.170415,0.903370,-0.039691,0.069036,0.052326,0.000000,1,0.019625,0.459113,22.851861,60.157874,-0.228299,59.321943,0.001014
7.741667,2.866667,1,-0.822395,1.454618,0.335584,-0.269042,-0.330931,0.131020,-0.894950,0.334054,-0.002275,0.043266,-0.171534,0.387306,0.744578,0.515920,-0.408804,-0.901158,0.144197,0.635414,-0.167641,0.753755,0.054703,-0.797022,1.403948,0.102081,0.037625,-0.050076,0.231973,-0.391192,0.170443,0.903520,-0.039617,0.075331,0.047596,0.000000,1,0.021829,0.336235,23.112356,59.863043,-0.188284,59.076242,0.000963
7.775000,2.900000,1,-0.822642,1.452946,0.334668,-0.268908,-0.330213,0.131676,-0.895159,0.335531,-0.001459,0.042346,-0.170950,0.386868,0.744468,0.516601,-0.407800,-0.901456,0.145179,0.636916,-0.166914,0.752647,0.057670,-0.797022,1.403948,0.102081,0.037209,-0.048393,0.231144,-0.390449,0.170440,0.903867,-0.039038,0.119388,0.843434,0.000000,1,0.023702,0.207226,23.380845,59.549646,-0.146959,58.819375,0.000915
7.808333,2.933333,1,-0.822929,1.451192,0.333858,-0.269577,-0.330390,0.132274,-0.894804,0.337100,-0.000626,0.041532,-0.170810,0.387549,0.743886,0.516974,-0.407123,-0.901535,0.146580,0.636746,-0.165086,0.753194,0.058596,-0.797022,1.403948,0.102081,0.036796,-0.046624,0.230426,-0.390736,0.171058,0.903655,-0.038365,0.137339,1.002617,0.000000,1,0.024653,0.076574,23.635020,59.228268,-0.105632,58.563998,0.000869
7.841667,2.966667,1,-0.823321,1.449359,0.333156,-0.270538,-0.330781,0.132810,-0.894290,0.338794,0.000170,0.040825,-0.170732,0.388587,0.743191,0.517221,-0.406665,-0.901477,0.148197,0.636100,-0.162965,0.754201,0.060036,-0.797022,1.403948,0.102081,0.036443,-0.044748,0.229824,-0.391290,0.171922,0.903279,-0.037708,0.181377,1.120469,0.000000,1,0.025882,-0.047433,23.877019,58.893386,-0.066649,58.306461,0.000826
7.875000,3.000000,1,-0.823804,1.447447,0.332482,-0.271489,-0.330718,0.133498,-0.893923,0.340607,0.000939,0.040144,-0.170252,0.389414,0.742557,0.517668,-0.406068,-0.901393,0.150331,0.636199,-0.160752,0.754593,0.062521,-0.797022,1.403948,0.102081,0.036143,-0.042765,0.229258,-0.391396,0.172864,0.903085,-0.036945,0.172006,0.887876,0.000000,1,0.027717,-0.166372,24.122183,58.539767,-0.029552,58.039164,0.000784
7.908333,3.033333,1,-0.824338,1.445485,0.331809,-0.272051,-0.330561,0.134239,-0.893699,0.342492,0.001699,0.039464,-0.169860,0.389851,0.742027,0.518228,-0.405174,-0.901518,0.151982,0.636638,-0.158912,0.754612,0.064275,-0.797022,1.403948,0.102081,0.035869,-0.040716,0.228697,-0.391333,0.173438,0.903034,-0.036168,0.134022,0.235125,0.000000,1,0.029391,-0.282744,24.373012,58.172901,0.006364,57.764236,0.000745
7.941667,3.066667,1,-0.824923,1.443493,0.331143,-0.272448,-0.330786,0.134894,-0.893396,0.344429,0.002436,0.038790,-0.169884,0.390311,0.741465,0.518678,-0.404226,-0.901778,0.152964,0.636548,-0.157262,0.755034,0.065390,-0.797022,1.403948,0.102081,0.035630,-0.038620,0.228146,-0.391611,0.173777,0.902876,-0.035453,0.085306,0.482309,0.000000,1,0.030883,-0.394417,24.627441,57.796096,0.040521,57.484076,0.000708
7.975000,3.100000,1,-0.825558,1.441453,0.330501,-0.272896,-0.330662,0.135789,-0.893170,0.346436,0.003162,0.038140,-0.169573,0.390661,0.740863,0.519375,-0.402989,-0.902063,0.154538,0.637081,-0.155268,0.754996,0.066942,-0.797022,1.403948,0.102081,0.035417,-0.036461,0.227624,-0.391553,0.174230,0.902850,-0.034526,0.072436,0.683660,0.000000,1,0.032475,-0.503355,24.883161,57.408024,0.073468,57.198699,0.000672
8.008333,3.133333,1,-0.826208,1.439423,0.329826,-0.273830,-0.330261,0.136601,-0.892908,0.348444,0.003870,0.037456,-0.168798,0.391322,0.740267,0.519980,-0.402255,-0.901957,0.157049,0.637740,-0.152975,0.754908,0.067073,-0.797022,1.403948,0.102081,0.035222,-0.034304,0.227069,-0.391324,0.175217,0.902790,-0.033671,0.085965,0.279117,0.000000,1,0.033790,-0.608557,25.146820,57.015546,0.104940,56.909698,0.000639
8.041667,3.166667,1,-0.826800,1.437423,0.329009,-0.274756,-0.329723,0.137474,-0.892688,0.350392,0.004607,0.036632,-0.167902,0.391916,0.739680,0.520658,-0.401448,-0.901848,0.159720,0.638633,-0.150634,0.754624,0.067207,-0.797022,1.403948,0.102081,0.034990,-0.032189,0.226369,-0.390959,0.176223,0.902786,-0.032770,0.118566,0.308115,0.000000,1,0.035391,-0.717417,25.435320,56.619713,0.136921,56.612563,0.000607
8.075000,3.200000,1,-0.827328,1.435495,0.327964,-0.275752,-0.328848,0.138344,-0.892570,0.352243,0.005353,0.035580,-0.166673,0.392421,0.739183,0.521377,-0.400772,-0.901598,0.162795,0.639974,-0.148343,0.753941,0.067669,-0.797022,1.403948,0.102081,0.034734,-0.030151,0.225436,-0.390279,0.177363,0.902888,-0.031899,0.172703,0.505117,0.000000,1,0.037376,-0.826869,25.762207,56.219708,0.168585,56.302932,0.000576
8.108333,3.233333,1,-0.827832,1.433683,0.326735,-0.276939,-0.327624,0.138813,-0.892579,0.353984,0.006051,0.034345,-0.165047,0.392939,0.738979,0.521793,-0.400983,-0.900895,0.166133,0.641481,-0.146662,0.752989,0.067381,-0.797022,1.403948,0.102081,0.034507,-0.028220,0.224312,-0.389309,0.178764,0.903046,-0.031453,0.097976,0.663759,0.000000,1,0.039024,-0.928303,26.118195,55.821052,0.197686,55.986683,0.000548
8.141667,3.266667,1,-0.828292,1.431959,0.325406,-0.278282,-0.326097,0.139169,-0.892666,0.355629,0.006732,0.033009,-0.163080,0.393461,0.738893,0.522140,-0.401549,-0.899943,0.169887,0.643280,-0.145115,0.751753,0.066760,-0.797022,1.403948,0.102081,0.034276,-0.026380,0.223082,-0.388079,0.180379,0.903266,-0.031138,0.076579,1.867289,0.000000,1,0.040258,-1.026759,26.487602,55.428348,0.225569,55.671021,0.000520
8.175000,3.300000,1,-0.828691,1.430304,0.323960,-0.279579,-0.324417,0.139641,-0.892799,0.357181,0.007421,0.031558,-0.160997,0.393874,0.738796,0.522613,-0.401912,-0.899033,0.173800,0.645383,-0.143479,0.750263,0.067011,-0.797022,1.403948,0.102081,0.034019,-0.024620,0.221730,-0.386687,0.181976,0.903556,-0.030723,0.200632,2.684431,0.000000,1,0.041761,-1.125995,26.873563,55.039619,0.253217,55.354044,0.000494
8.208333,3.333333,1,-0.829005,1.428746,0.322390,-0.281096,-0.322711,0.139889,-0.892902,0.358603,0.008120,0.029983,-0.158793,0.394472,0.738772,0.522870,-0.402785,-0.897841,0.177891,0.647285,-0.141999,0.748905,0.067038,-0.797022,1.403948,0.102081,0.033727,-0.022976,0.220246,-0.385321,0.183799,0.903778,-0.030519,0.323359,3.890648,0.000000,1,0.043101,-1.226573,27.274949,54.660183,0.280775,55.038963,0.000470
8.241667,3.366667,1,-0.829226,1.427247,0.320783,-0.282529,-0.320931,0.139975,-0.893077,0.359922,0.008857,0.028373,-0.156559,0.394960,0.738885,0.523015,-0.403890,-0.896565,0.181782,0.649226,-0.140924,0.747426,0.066231,-0.797022,1.403948,0.102081,0.033374,-0.021421,0.218719,-0.383871,0.185557,0.904037,-0.030491,0.835922,4.487168,0.000000,1,0.043922,-1.332636,27.676386,54.293053,0.309289,54.731871,0.000446
8.275000,3.400000,1,-0.829397,1.425758,0.319279,-0.283895,-0.319475,0.140353,-0.893107,0.361204,0.009629,0.026866,-0.154645,0.395535,0.738739,0.523356,-0.404366,-0.895583,0.185526,0.650912,-0.139300,0.746264,0.063706,-0.797022,1.403948,0.102081,0.032976,-0.019901,0.217291,-0.382713,0.187182,0.904204,-0.030141,2.299009,5.331685,0.000000,1,0.043980,-1.443317,28.056194,53.938765,0.338543,54.439223,0.000424
8.308333,3.433333,1,-0.829547,1.424299,0.317925,-0.285243,-0.318260,0.140316,-0.893117,0.362450,0.010398,0.025509,-0.152956,0.396199,0.738761,0.523319,-0.405483,-0.894418,0.188680,0.652013,-0.138328,0.745483,0.059899,-0.797022,1.403948,0.102081,0.032567,-0.018424,0.216010,-0.381798,0.188747,0.904264,-0.030186,3.025786,5.525578,0.000000,1,0.043497,-1.553158,28.405236,53.601588,0.367183,54.165703,0.000403
8.341667,3.466667,1,-0.829691,1.422820,0.316710,-0.286485,-0.316899,0.140113,-0.893235,0.363709,0.011182,0.024292,-0.151184,0.396702,0.738953,0.523181,-0.406849,-0.893163,0.191658,0.653263,-0.137817,0.744483,0.057557,-0.797022,1.403948,0.102081,0.032141,-0.016941,0.214870,-0.380725,0.190240,0.904396,-0.030422,4.161069,5.035411,0.000000,1,0.043498,-1.664674,28.728745,53.272993,0.395855,53.905115,0.000382
8.375000,3.500000,1,-0.829854,1.421301,0.315759,-0.286868,-0.315600,0.140696,-0.893481,0.365014,0.011974,0.023338,-0.149849,0.396467,0.738907,0.523808,-0.406340,-0.892912,0.193896,0.655271,-0.136877,0.742889,0.054012,-0.797022,1.403948,0.102081,0.031710,-0.015428,0.213995,-0.379521,0.190860,0.904788,-0.029928,5.326996,3.018841,0.000000,1,0.042718,-1.776436,29.005930,52.958002,0.424213,53.665787,0.000363
8.408333,3.533333,1,-0.830091,1.419818,0.315128,-0.286202,-0.313949,0.142031,-0.894065,0.366336,0.012682,0.022704,-0.148663,0.395140,0.738825,0.525264,-0.403995,-0.893641,0.195433,0.658670,-0.135925,0.740053,0.048848,-0.797022,1.403948,0.102081,0.031353,-0.013939,0.213441,-0.377745,0.190504,0.905642,-0.028795,6.184307,3.157035,0.000000,1,0.041068,-1.875080,29.223692,52.667717,0.449031,53.456951,0.000345
8.441667,3.566667,1,-0.830390,1.418368,0.314599,-0.286291,-0.312029,0.143135,-0.894532,0.367671,0.013321,0.022170,-0.146901,0.394368,0.738741,0.526456,-0.402529,-0.893695,0.198191,0.661963,-0.134637,0.737345,0.047180,-0.797022,1.403948,0.102081,0.031063,-0.012460,0.212991,-0.375864,0.190948,0.906360,-0.027858,5.918024,2.822755,0.000000,1,0.041127,-1.962807,29.423286,52.384009,0.470916,53.257229,0.000328
8.475000,3.600000,1,-0.830563,1.416950,0.314145,-0.287064,-0.311284,0.143618,-0.894467,0.368904,0.014039,0.021714,-0.145888,0.394729,0.738465,0.526854,-0.402283,-0.893299,0.200462,0.662954,-0.133228,0.736711,0.044953,-0.797022,1.403948,0.102081,0.030670,-0.011066,0.212608,-0.375277,0.191848,0.906428,-0.027377,5.171574,1.615370,0.000000,1,0.040499,-2.062215,29.602094,52.123084,0.495246,53.075843,0.000312
8.508333,3.633333,1,-0.830577,1.415632,0.313743,-0.288145,-0.311483,0.143687,-0.894039,0.369962,0.014824,0.021311,-0.145586,0.395786,0.738054,0.526720,-0.402742,-0.892737,0.202036,0.662253,-0.131839,0.737590,0.041337,-0.797022,1.403948,0.102081,0.030168,-0.009829,0.212266,-0.375682,0.192876,0.906048,-0.027198,4.579121,1.674135,0.000000,1,0.039288,-2.171813,29.758978,51.895858,0.521643,52.918742,0.000296
8.541667,3.666667,1,-0.830517,1.414473,0.313228,-0.289448,-0.311855,0.143615,-0.893499,0.370849,0.015574,0.020796,-0.145340,0.397120,0.737608,0.526409,-0.403539,-0.892002,0.203687,0.661132,-0.130378,0.738854,0.038097,-0.797022,1.403948,0.102081,0.029665,-0.008760,0.211800,-0.376302,0.194091,0.905533,-0.027126,4.539591,1.953404,0.000000,1,0.039227,-2.276670,29.924956,51.688053,0.546635,52.769691,0.000281
8.575000,3.700000,1,-0.830347,1.413449,0.312616,-0.290124,-0.312965,0.143356,-0.892933,0.371560,0.016331,0.020184,-0.146035,0.398220,0.737224,0.525924,-0.404156,-0.891755,0.203546,0.659139,-0.129650,0.740761,0.036175,-0.797022,1.403948,0.102081,0.029117,-0.007852,0.211226,-0.377522,0.194548,0.904924,-0.027223,4.851327,2.316392,0.000000,1,0.039176,-2.383246,30.096985,51.501054,0.571766,52.630266,0.000267
8.608333,3.733333,1,-0.830058,1.412495,0.312019,-0.289685,-0.314441,0.142865,-0.892636,0.372144,0.017140,0.019589,-0.147554,0.398483,0.737183,0.525357,-0.404456,-0.892164,0.201144,0.656973,-0.130422,0.742547,0.034841,-0.797022,1.403948,0.102081,0.028487,-0.007058,0.210658,-0.378885,0.193836,0.904495,-0.027613,5.209083,2.668559,0.000000,1,0.038656,-2.497921,30.256875,51.336845,0.598550,52.506483,0.000254
8.641667,3.766667,1,-0.829740,1.411638,0.311409,-0.289267,-0.315569,0.142363,-0.892454,0.372632,0.017915,0.018981,-0.148752,0.398611,0.737249,0.524830,-0.404853,-0.892449,0.199072,0.655272,-0.131326,0.743889,0.032976,-0.797022,1.403948,0.102081,0.027870,-0.006363,0.210072,-0.379914,0.193212,0.904184,-0.028046,5.448945,3.069293,0.000000,1,0.038475,-2.607871,30.412356,51.187620,0.624048,52.392006,0.000241
8.675000,3.800000,1,-0.829446,1.410917,0.310709,-0.289770,-0.316532,0.141989,-0.892009,0.373027,0.018589,0.018284,-0.149392,0.399490,0.737023,0.524297,-0.405590,-0.892199,0.198692,0.653476,-0.131042,0.745518,0.031416,-0.797022,1.403948,0.102081,0.027331,-0.005777,0.209392,-0.380960,0.193528,0.903668,-0.028287,5.623295,3.576053,0.000000,1,0.038841,-2.703676,30.577655,51.047075,0.646120,52.279574,0.000229
8.708333,3.833333,1,-0.829153,1.410267,0.309922,-0.290747,-0.318002,0.141648,-0.891222,0.373364,0.019220,0.017500,-0.150276,0.401020,0.736480,0.523639,-0.406439,-0.891826,0.198629,0.650772,-0.129971,0.748067,0.031852,-0.797022,1.403948,0.102081,0.026823,-0.005251,0.208622,-0.382591,0.194213,0.902828,-0.028405,5.903310,4.033207,0.000000,1,0.039619,-2.793359,30.755299,50.908392,0.666656,52.164933,0.000218
8.741667,3.866667,1,-0.828830,1.409706,0.309067,-0.292548,-0.319775,0.140989,-0.890102,0.373611,0.019822,0.016648,-0.151066,0.403421,0.735784,0.522543,-0.408255,-0.890845,0.199306,0.647072,-0.128399,0.751540,0.032160,-0.797022,1.403948,0.102081,0.026325,-0.004816,0.207779,-0.384689,0.195657,0.901613,-0.028745,6.408287,4.613521,0.000000,1,0.040033,-2.879448,30.939157,50.778921,0.686232,52.053663,0.000207
8.775000,3.900000,1,-0.828470,1.409268,0.308162,-0.295214,-0.321446,0.139869,-0.888796,0.373739,0.020380,0.015746,-0.151381,0.406550,0.735128,0.520949,-0.411391,-0.889016,0.201015,0.642841,-0.126658,0.755456,0.032051,-0.797022,1.403948,0.102081,0.025843,-0.004503,0.206878,-0.386871,0.197982,0.900147,-0.029483,6.902811,5.249700,0.000000,1,0.040071,-2.959908,31.123842,50.665495,0.704386,51.950821,0.000196
8.808333,3.933333,1,-0.828115,1.408866,0.307259,-0.296726,-0.322877,0.138884,-0.887928,0.373840,0.020913,0.014847,-0.151992,0.408538,0.734801,0.519675,-0.413672,-0.887905,0.201247,0.639526,-0.126068,0.758362,0.031511,-0.797022,1.403948,0.102081,0.025380,-0.004222,0.205978,-0.388587,0.199212,0.899112,-0.030207,7.377050,5.812538,0.000000,1,0.040303,-3.036895,31.306107,50.556569,0.721668,51.851160,0.000187
8.841667,3.966667,1,-0.827823,1.408472,0.306404,-0.297266,-0.324244,0.138210,-0.887354,0.373973,0.021390,0.013995,-0.152979,0.409630,0.734595,0.518817,-0.414853,-0.887570,0.200290,0.636911,-0.126065,0.760560,0.029552,-0.797022,1.403948,0.102081,0.024977,-0.003926,0.205129,-0.390042,0.199491,0.898403,-0.030704,7.821840,6.337905,0.000000,1,0.040470,-3.105484,31.481472,50.446491,0.736983,51.752869,0.000177
8.875000,4.000000,1,-0.827642,1.408071,0.305575,-0.297755,-0.325249,0.137805,-0.886885,0.374179,0.021783,0.013168,-0.153664,0.410514,0.734362,0.518245,-0.415620,-0.887321,0.199804,0.634996,-0.125801,0.762203,0.028156,-0.797022,1.403948,0.102081,0.024672,-0.003582,0.204311,-0.391127,0.199785,0.897857,-0.030971,8.347453,6.712842,0.000000,1,0.041112,-3.161213,31.657119,50.326676,0.749338,51.649457,0.000168
8.908333,4.033333,1,-0.827564,1.407701,0.304662,-0.298752,-0.325254,0.137914,-0.886531,0.374420,0.022074,0.012255,-0.153225,0.411410,0.733999,0.518179,-0.416025,-0.886762,0.201435,0.634609,-0.124464,0.762745,0.029637,-0.797022,1.403948,0.102081,0.024476,-0.003221,0.203413,-0.391325,0.200767,0.897558,-0.030774,8.677631,7.253720,0.000000,1,0.042540,-3.202039,31.851089,50.193265,0.758269,51.534079,0.000160
8.941667,4.066667,1,-0.827461,1.407395,0.303557,-0.299779,-0.324904,0.138281,-0.886255,0.374596,0.022349,0.011151,-0.152453,0.412175,0.733588,0.518380,-0.416081,-0.886230,0.203650,0.634879,-0.122788,0.762792,0.034557,-0.797022,1.403948,0.102081,0.024288,-0.002916,0.202318,-0.391175,0.201844,0.897396,-0.030349,9.042889,7.844478,0.000000,1,0.044431,-3.240958,32.076885,50.052926,0.766686,51.406778,0.000152
8.975000,4.100000,1,-0.827214,1.407136,0.302302,-0.300319,-0.325835,0.138083,-0.885761,0.374646,0.022712,0.009898,-0.153048,0.413074,0.733240,0.517981,-0.416543,-0.886050,0.203487,0.633169,-0.122130,0.764318,0.039160,-0.797022,1.403948,0.102081,0.023989,-0.002703,0.201065,-0.392192,0.202201,0.896870,-0.030409,10.035051,7.857709,0.000000,1,0.045732,-3.293651,32.322436,49.918733,0.778095,51.277836,0.000144
9.008333,4.133333,1,-0.826910,1.406938,0.301042,-0.300718,-0.327273,0.137415,-0.885199,0.374611,0.023084,0.008642,-0.154161,0.414071,0.733043,0.517134,-0.417614,-0.885830,0.202246,0.630495,-0.122236,0.766508,0.039313,-0.797022,1.403948,0.102081,0.023662,-0.002569,0.199803,-0.393688,0.202327,0.896169,-0.030904,11.038999,8.457529,0.000000,1,0.045836,-3.348354,32.562983,49.797626,0.789848,51.157498,0.000137
9.041667,4.166667,1,-0.826629,1.406741,0.299776,-0.301761,-0.327704,0.136923,-0.884761,0.374591,0.023437,0.007378,-0.154085,0.415195,0.732875,0.516493,-0.418985,-0.885000,0.203042,0.629100,-0.121695,0.767740,0.039360,-0.797022,1.403948,0.102081,0.023358,-0.002425,0.198535,-0.394326,0.203281,0.895660,-0.031266,12.065328,9.202598,0.000000,1,0.046569,-3.400225,32.805987,49.672840,0.800920,51.034877,0.000130
9.075000,4.200000,1,-0.826358,1.406488,0.298522,-0.303438,-0.327694,0.136455,-0.884264,0.374622,0.023815,0.006127,-0.153331,0.416690,0.732642,0.515844,-0.420788,-0.883641,0.205220,0.628075,-0.120549,0.768758,0.039228,-0.797022,1.403948,0.102081,0.023040,-0.002226,0.197282,-0.394659,0.204945,0.895122,-0.031594,12.806775,9.825993,0.000000,1,0.047438,-3.455338,33.050696,49.539116,0.812686,50.907432,0.000124
9.108333,4.233333,1,-0.826139,1.406189,0.297478,-0.305187,-0.327558,0.136113,-0.883764,0.374721,0.024178,0.005085,-0.152432,0.418194,0.732350,0.515307,-0.422446,-0.882263,0.207730,0.627277,-0.119144,0.769628,0.033222,-0.797022,1.403948,0.102081,0.022746,-0.001978,0.196244,-0.394881,0.206704,0.894612,-0.031799,13.058214,10.443984,0.000000,1,0.046420,-3.507648,33.260576,49.412912,0.823755,50.793460,0.000118
9.141667,4.266667,1,-0.825931,1.405832,0.296726,-0.306927,-0.326999,0.135925,-0.883398,0.374876,0.024566,0.004334,-0.151158,0.419502,0.732107,0.514966,-0.423924,-0.880841,0.210731,0.627197,-0.117657,0.769922,0.025768,-0.797022,1.403948,0.102081,0.022432,-0.001689,0.195499,-0.394685,0.208533,0.894271,-0.031892,12.967003,10.960534,0.000000,1,0.044591,-3.562879,33.419168,49.304474,0.835387,50.702568,0.000112
9.175000,4.300000,1,-0.825653,1.405404,0.296231,-0.307583,-0.326327,0.135928,-0.883418,0.375047,0.025049,0.003843,-0.150263,0.419788,0.732121,0.514973,-0.424448,-0.880203,0.212337,0.627887,-0.117162,0.769435,0.021326,-0.797022,1.403948,0.102081,0.022019,-0.001378,0.195011,-0.394160,0.209310,0.894321,-0.031899,12.735363,11.124257,0.000000,1,0.042876,-3.631820,33.529843,49.217230,0.849982,50.635526,0.000106
9.208333,4.333333,1,-0.825264,1.404885,0.295937,-0.307057,-0.326681,0.135907,-0.883473,0.375226,0.025674,0.003552,-0.150815,0.419476,0.732180,0.514982,-0.424097,-0.880646,0.211198,0.627593,-0.117667,0.769599,0.021353,-0.797022,1.403948,0.102081,0.021463,-0.001039,0.194722,-0.394402,0.208723,0.894350,-0.031930,12.589345,10.960225,0.000000,1,0.041685,-3.720967,33.603213,49.146790,0.869000,50.587106,0.000101
9.241667,4.366667,1,-0.824824,1.404301,0.295708,-0.306447,-0.328112,0.135717,-0.883184,0.375426,0.026379,0.003327,-0.152370,0.419568,0.732013,0.514688,-0.423759,-0.881375,0.208820,0.625657,-0.118118,0.771104,0.023001,-0.797022,1.403948,0.102081,0.020833,-0.000664,0.194499,-0.395679,0.207846,0.893987,-0.032032,12.565348,10.897910,0.000000,1,0.041659,-3.821493,33.665721,49.078193,0.890528,50.542378,0.000096
9.275000,4.400000,1,-0.824406,1.403729,0.295416,-0.305821,-0.329714,0.135856,-0.882783,0.375629,0.027059,0.003039,-0.154084,0.419724,0.731598,0.514640,-0.422807,-0.882365,0.206559,0.623673,-0.117954,0.772734,0.022967,-0.797022,1.403948,0.102081,0.020230,-0.000288,0.194214,-0.397109,0.206918,0.893577,-0.031784,12.621037,10.613635,0.000000,1,0.042412,-3.918198,33.740339,49.003012,0.911209,50.490835,0.000091
9.308333,4.433333,1,-0.824018,1.403198,0.295006,-0.305353,-0.331174,0.136268,-0.882334,0.375817,0.027692,0.002632,-0.155601,0.419960,0.731019,0.514814,-0.421510,-0.883370,0.204907,0.621985,-0.117201,0.774208,0.023260,-0.797022,1.403948,0.102081,0.019673,0.000069,0.193810,-0.398424,0.206168,0.893183,-0.031260,12.724060,10.135040,0.000000,1,0.043513,-4.008282,33.836219,48.919342,0.930415,50.429128,0.000086
9.341667,4.466667,1,-0.823679,1.402704,0.294438,-0.305767,-0.332271,0.136464,-0.881748,0.376003,0.028264,0.002068,-0.156401,0.420821,0.730413,0.514728,-0.421188,-0.883562,0.204743,0.620294,-0.115929,0.775755,0.024754,-0.797022,1.403948,0.102081,0.019179,0.000420,0.193250,-0.399566,0.206362,0.892640,-0.030913,12.830797,10.027689,0.000000,1,0.045138,-4.089578,33.961909,48.820892,0.947676,50.351777,0.000082
9.375000,4.500000,1,-0.823401,1.402263,0.293774,-0.306994,-0.333441,0.136212,-0.880919,0.376184,0.028757,0.001406,-0.156904,0.422442,0.729792,0.514129,-0.422106,-0.882979,0.205364,0.617848,-0.114429,0.777927,0.025349,-0.797022,1.403948,0.102081,0.018765,0.000754,0.192593,-0.400951,0.207352,0.891788,-0.030939,12.906342,10.526892,0.000000,1,0.046253,-4.159448,34.105611,48.714432,0.962382,50.265521,0.000078
9.408333,4.533333,1,-0.823178,1.401864,0.293202,-0.308206,-0.334498,0.135816,-0.880156,0.376364,0.029180,0.000837,-0.157314,0.423998,0.729293,0.513430,-0.423284,-0.882283,0.205930,0.615480,-0.113232,0.779976,0.021945,-0.797022,1.403948,0.102081,0.018416,0.001064,0.192030,-0.402227,0.208351,0.890974,-0.031122,12.976772,10.929556,0.000000,1,0.045707,-4.219033,34.231516,48.617537,0.974745,50.188986,0.000074
9.441667,4.566667,1,-0.823039,1.401466,0.292832,-0.308892,-0.334871,0.135869,-0.879765,0.376596,0.029533,0.000467,-0.157344,0.424779,0.728922,0.513301,-0.423531,-0.881985,0.206696,0.614640,-0.112170,0.780792,0.016830,-0.797022,1.403948,0.102081,0.018140,0.001396,0.191671,-0.402724,0.208957,0.890613,-0.030969,13.071688,10.752738,0.000000,1,0.044553,-4.267884,34.322603,48.532184,0.984688,50.127546,0.000070
9.475000,4.600000,1,-0.822901,1.401057,0.292636,-0.309330,-0.335402,0.135914,-0.879402,0.376838,0.029891,0.000272,-0.157625,0.425409,0.728581,0.513178,-0.423607,-0.881893,0.206936,0.613673,-0.111351,0.781669,0.014235,-0.797022,1.403948,0.102081,0.017856,0.001728,0.191487,-0.403324,0.209287,0.890269,-0.030829,13.078052,10.681339,0.000000,1,0.043385,-4.317297,34.381058,48.462322,0.994681,50.082654,0.000067
9.508333,4.633333,1,-0.822642,1.400644,0.292547,-0.309630,-0.336808,0.135587,-0.878809,0.377011,0.030347,0.000186,-0.158753,0.426305,0.728204,0.512622,-0.424033,-0.881940,0.205858,0.611232,-0.110966,0.783634,0.014854,-0.797022,1.403948,0.102081,0.017456,0.002009,0.191405,-0.404759,0.209317,0.889605,-0.030987,13.144248,10.302855,0.000000,1,0.042248,-4.381401,34.414218,48.414141,1.007798,50.055642,0.000064
9.541667,4.666667,1,-0.822323,1.400268,0.292512,-0.310086,-0.338002,0.135134,-0.878260,0.377119,0.030828,0.000154,-0.159622,0.427245,0.727921,0.511971,-0.424814,-0.881744,0.205090,0.608953,-0.110696,0.785444,0.014836,-0.797022,1.403948,0.102081,0.017014,0.002229,0.191372,-0.406022,0.209544,0.888965,-0.031280,13.158582,10.023257,0.000000,1,0.041453,-4.449849,34.432475,48.382461,1.021820,50.040977,0.000060
9.575000,4.700000,1,-0.822050,1.399957,0.292477,-0.310798,-0.338636,0.134680,-0.877833,0.377203,0.031234,0.000122,-0.159874,0.428163,0.727746,0.511373,-0.425876,-0.881203,0.205207,0.607395,-0.110348,0.786698,0.012461,-0.797022,1.403948,0.102081,0.016641,0.002408,0.191338,-0.406791,0.210131,0.888463,-0.031608,13.235659,9.895052,0.000000,1,0.041223,-4.507581,34.448399,48.356157,1.033519,50.029440,0.000057
9.608333,4.733333,1,-0.821874,1.399759,0.292398,-0.311402,-0.338790,0.134318,-0.877615,0.377255,0.031494,0.000044,-0.159744,0.428771,0.727714,0.510949,-0.426826,-0.880637,0.205665,0.606663,-0.110173,0.787288,0.008302,-0.797022,1.403948,0.102081,0.016403,0.002525,0.191260,-0.407069,0.210704,0.888189,-0.031903,13.291854,9.721786,0.000000,1,0.041225,-4.544758,34.469809,48.333031,1.040759,50.017811,0.000054
9.641667,4.766667,1,-0.821836,1.399716,0.292215,-0.311957,-0.338145,0.134149,-0.877693,0.377266,0.031552,-0.000138,-0.158919,0.428979,0.727857,0.510828,-0.427598,-0.879966,0.206928,0.607275,-0.110063,0.786831,0.005739,-0.797022,1.403948,0.102081,0.016356,0.002560,0.191077,-0.406556,0.211378,0.888258,-0.032091,13.344813,9.622103,0.000000,1,0.041646,-4.553169,34.506835,48.309903,1.041756,50.001780,0.000052
9.675000,4.800000,1,-0.821893,1.399824,0.291879,-0.312381,-0.337150,0.134313,-0.877900,0.377212,0.031444,-0.000475,-0.157838,0.428914,0.727966,0.511063,-0.427803,-0.879471,0.208603,0.608675,-0.109694,0.785800,0.010725,-0.797022,1.403948,0.102081,0.016460,0.002504,0.190740,-0.405668,0.211987,0.888522,-0.031991,13.341777,9.766015,0.000000,1,0.042496,-4.538602,34.567632,48.285168,1.037767,49.978460,0.000049
9.708333,4.833333,1,-0.821973,1.400046,0.291411,-0.312642,-0.335701,0.134820,-0.878284,0.377079,0.031250,-0.000944,-0.156422,0.428503,0.728077,0.511684,-0.427422,-0.879146,0.210742,0.611036,-0.109128,0.784044,0.015736,-0.797022,1.403948,0.102081,0.016633,0.002359,0.190266,-0.404296,0.212516,0.889034,-0.031606,13.388363,9.686457,0.000000,1,0.043227,-4.512541,34.647652,48.262107,1.031278,49.950860,0.000047
9.741667,4.866667,1,-0.822090,1.400277,0.290945,-0.312749,-0.333828,0.135409,-0.878869,0.376961,0.031021,-0.001410,-0.154695,0.427765,0.728328,0.512469,-0.426891,-0.878837,0.213096,0.614145,-0.108786,0.781659,0.015986,-0.797022,1.403948,0.102081,0.016843,0.002221,0.189797,-0.402480,0.212975,0.889763,-0.031195,13.422085,9.700089,0.000000,1,0.043460,-4.481172,34.728245,48.236930,1.023666,49.921853,0.000044
9.775000,4.900000,1,-0.822197,1.400468,0.290595,-0.312498,-0.331994,0.135866,-0.879583,0.376870,0.030823,-0.001762,-0.153161,0.426723,0.728754,0.513194,-0.426348,-0.878698,0.214750,0.617269,-0.109080,0.779153,0.012402,-0.797022,1.403948,0.102081,0.017026,0.002108,0.189444,-0.400635,0.213074,0.890581,-0.030945,13.537227,9.283354,0.000000,1,0.042764,-4.453882,34.788993,48.218112,1.016952,49.901217,0.000042
9.808333,4.933333,1,-0.822248,1.400647,0.290371,-0.312283,-0.330508,0.136316,-0.880149,0.376757,0.030677,-0.001986,-0.151923,0.425869,0.729052,0.513847,-0.425762,-0.878640,0.216143,0.619844,-0.109195,0.777091,0.008710,-0.797022,1.403948,0.102081,0.017150,0.001978,0.189215,-0.399135,0.213142,0.891247,-0.030662,13.497281,6.964718,0.000000,1,0.041584,-4.434241,34.824067,48.215273,1.011885,49.895498,0.000040
9.841667,4.966667,1,-0.822356,1.400804,0.290260,-0.312257,-0.328925,0.137123,-0.880626,0.376696,0.030497,-0.002097,-0.150514,0.425142,0.729111,0.514778,-0.424698,-0.878641,0.218224,0.622681,-0.108516,0.774914,0.006620,-0.797022,1.403948,0.102081,0.017314,0.001883,0.189103,-0.397568,0.213410,0.891905,-0.030011,13.458138,7.479278,0.000000,1,0.040990,-4.409119,34.841082,48.215310,1.005668,49.895700,0.000038
9.875000,5.000000,1,-0.822551,1.400861,0.290290,-0.312654,-0.327684,0.137717,-0.880855,0.376768,0.030307,-0.002070,-0.149224,0.424946,0.729046,0.515408,-0.424174,-0.878336,0.220458,0.624688,-0.107552,0.773432,0.006162,-0.797022,1.403948,0.102081,0.017515,0.001906,0.189138,-0.396423,0.214033,0.892283,-0.029501,13.465536,6.757270,0.000000,1,0.040810,-4.380990,34.840796,48.206394,0.998877,49.895374,0.000036
9.908333,5.033333,1,-0.822826,1.400814,0.290390,-0.313891,-0.326454,0.138031,-0.880822,0.376971,0.030114,-0.001973,-0.147571,0.425506,0.728873,0.515666,-0.424623,-0.877295,0.223717,0.626125,-0.106067,0.772475,0.008899,-0.797022,1.403948,0.102081,0.017746,0.002052,0.189253,-0.395461,0.215489,0.892369,-0.029197,13.475995,6.881160,0.000000,1,0.041272,-4.351114,34.836226,48.181885,0.991784,49.887674,0.000034
9.941667,5.066667,1,-0.823118,1.400747,0.290393,-0.316096,-0.324707,0.138488,-0.880608,0.377201,0.029922,-0.001973,-0.145024,0.426702,0.728473,0.515965,-0.425496,-0.875498,0.229035,0.627970,-0.103411,0.771336,0.008987,-0.797022,1.403948,0.102081,0.017987,0.002229,0.189272,-0.394182,0.217998,0.892341,-0.028712,13.441286,6.577474,0.000000,1,0.042353,-4.321016,34.852245,48.143025,0.984675,49.866900,0.000033
9.975000,5.100000,1,-0.823338,1.400714,0.290263,-0.319209,-0.323085,0.138878,-0.880020,0.377359,0.029767,-0.002105,-0.142185,0.428768,0.727771,0.516034,-0.426985,-0.873038,0.235561,0.629180,-0.099735,0.770834,0.007718,-0.797022,1.403948,0.102081,0.018179,0.002354,0.189155,-0.393205,0.221382,0.891955,-0.028197,13.444665,6.528616,0.000000,1,0.043029,-4.297268,34.888582,48.102767,0.978919,49.840059,0.000031
10.008333,5.133333,1,-0.823468,1.400707,0.290119,-0.322528,-0.321933,0.139143,-0.879189,0.377442,0.029668,-0.002251,-0.139678,0.431227,0.726911,0.515882,-0.428711,-0.870466,0.241858,0.629535,-0.095818,0.771041,0.005841,-0.797022,1.403948,0.102081,0.018299,0.002421,0.189017,-0.392729,0.224881,0.891304,-0.027740,13.503476,6.474149,0.000000,1,0.042724,-4.282321,34.922710,48.073288,0.975024,49.819425,0.000029
10.041667,5.166667,1,-0.823557,1.400673,0.290090,-0.325176,-0.321363,0.139187,-0.878415,0.377522,0.029619,-0.002280,-0.137989,0.433344,0.726201,0.515562,-0.430309,-0.868397,0.246416,0.629209,-0.092817,0.771674,0.002971,-0.797022,1.403948,0.102081,0.018367,0.002489,0.188994,-0.392692,0.227608,0.890635,-0.027507,13.597107,6.334619,0.000000,1,0.041823,-4.274446,34.934758,48.055290,0.972643,49.810443,0.000028
10.075000,5.200000,1,-0.823679,1.400613,0.290191,-0.327701,-0.320990,0.138981,-0.877645,0.377644,0.029556,-0.002181,-0.136532,0.435438,0.725607,0.515022,-0.432223,-0.866309,0.250382,0.628504,-0.090293,0.772548,0.005091,-0.797022,1.403948,0.102081,0.018453,0.002586,0.189103,-0.392830,0.230179,0.889913,-0.027516,13.609689,6.191668,0.000000,1,0.041079,-4.264233,34.924888,48.043353,0.969763,49.810119,0.000027
10.108333,5.233333,1,-0.823856,1.400557,0.290381,-0.330803,-0.320452,0.138583,-0.876741,0.377797,0.029447,-0.001992,-0.134673,0.437973,0.724979,0.514246,-0.434829,-0.863601,0.255182,0.627668,-0.087461,0.773552,0.007968,-0.797022,1.403948,0.102081,0.018588,0.002696,0.189303,-0.392926,0.233354,0.889038,-0.027680,13.594080,5.925465,0.000000,1,0.040545,-4.247054,34.899844,48.035859,0.965386,49.815812,0.000025
10.141667,5.266667,1,-0.824099,1.400508,0.290664,-0.334694,-0.319782,0.138066,-0.875589,0.377984,0.029280,-0.001712,-0.132343,0.441157,0.724183,0.513249,-0.438122,-0.860141,0.261165,0.626604,-0.083913,0.774807,0.011292,-0.797022,1.403948,0.102081,0.018785,0.002821,0.189599,-0.393052,0.237338,0.887920,-0.027901,13.590914,5.586290,0.000000,1,0.040015,-4.221083,34.859392,48.032334,0.959117,49.827302,0.000024
10.175000,5.300000,1,-0.824376,1.400436,0.291104,-0.339243,-0.319815,0.136943,-0.874002,0.378211,0.029098,-0.001275,-0.130353,0.445240,0.723273,0.511513,-0.442724,-0.856004,0.266930,0.623850,-0.080231,0.777415,0.015734,-0.797022,1.403948,0.102081,0.019000,0.002970,0.190054,-0.394007,0.241845,0.886257,-0.028595,13.617809,5.186322,0.000000,1,0.039026,-4.192639,34.791803,48.037869,0.952314,49.850296,0.000023
10.208333,5.333333,1,-0.824593,1.400319,0.291735,-0.343500,-0.321377,0.135123,-0.872047,0.378439,0.028991,-0.000646,-0.129864,0.449741,0.722352,0.508995,-0.448118,-0.852158,0.270217,0.618537,-0.077313,0.781943,0.020328,-0.797022,1.403948,0.102081,0.019137,0.003126,0.190699,-0.396410,0.245779,0.884059,-0.029862,13.604296,4.731673,0.000000,1,0.037488,-4.174686,34.688129,48.061329,0.947766,49.891789,0.000022
10.241667,5.366667,1,-0.824654,1.400285,0.292431,-0.346821,-0.322748,0.133929,-0.870409,0.378508,0.028957,0.000049,-0.129619,0.453323,0.721431,0.507183,-0.451929,-0.849314,0.272812,0.614276,-0.074528,0.785564,0.020978,-0.797022,1.403948,0.102081,0.019161,0.003141,0.191398,-0.398427,0.248816,0.882276,-0.030602,13.571050,4.125660,0.000000,1,0.035511,-4.169074,34.560714,48.118218,0.945829,49.956759,0.000021
10.275000,5.400000,1,-0.824601,1.400367,0.293110,-0.350869,-0.324584,0.132556,-0.868312,0.378415,0.028945,0.000729,-0.129469,0.457762,0.720184,0.505002,-0.456422,-0.845921,0.275858,0.608856,-0.070854,0.790110,0.020592,-0.797022,1.403948,0.102081,0.019129,0.003005,0.192069,-0.401042,0.252486,0.880017,-0.031400,13.556350,3.610208,0.000000,1,0.034045,-4.168057,34.424371,48.201796,0.944881,50.037767,0.000020
10.308333,5.433333,1,-0.824479,1.400559,0.293638,-0.355764,-0.326747,0.130670,-0.865791,0.378192,0.028922,0.001258,-0.129237,0.463104,0.718789,0.502170,-0.462247,-0.841609,0.279325,0.602208,-0.066721,0.795546,0.017255,-0.797022,1.403948,0.102081,0.019080,0.002749,0.192582,-0.404156,0.256938,0.877257,-0.032590,13.600123,3.277836,0.000000,1,0.033844,-4.167015,34.306926,48.293589,0.943995,50.117851,0.000019
10.341667,5.466667,1,-0.824327,1.400863,0.294005,-0.360085,-0.328012,0.128989,-0.863776,0.377861,0.028859,0.001626,-0.128454,0.467531,0.717751,0.499749,-0.467502,-0.837502,0.282900,0.597278,-0.063332,0.799530,0.014976,-0.797022,1.403948,0.102081,0.019052,0.002390,0.192928,-0.406276,0.260994,0.875034,-0.033714,13.589937,2.997982,0.000000,1,0.033984,-4.161195,34.212177,48.388871,0.942158,50.193541,0.000018
10.375000,5.500000,1,-0.824234,1.401195,0.294347,-0.362923,-0.329103,0.127641,-0.862372,0.377541,0.028730,0.001970,-0.128173,0.470553,0.717107,0.497904,-0.471327,-0.834726,0.284753,0.593476,-0.061342,0.802511,0.014592,-0.797022,1.403948,0.102081,0.019090,0.002028,0.193250,-0.407929,0.263612,0.873442,-0.034670,13.564806,2.753830,0.000000,1,0.033913,-4.145889,34.122620,48.480542,0.938376,50.265626,0.000017
10.408333,5.533333,1,-0.824230,1.401634,0.294649,-0.364997,-0.329924,0.126803,-0.861306,0.377190,0.028467,0.002272,-0.127990,0.472774,0.716535,0.496670,-0.473875,-0.832783,0.286207,0.590742,-0.059608,0.804656,0.015987,-0.797022,1.403948,0.102081,0.019254,0.001606,0.193532,-0.409156,0.265518,0.872268,-0.035215,13.531612,2.553173,0.000000,1,0.033656,-4.111449,34.037913,48.575443,0.930495,50.337798,0.000016
10.441667,5.566667,1,-0.824235,1.402249,0.294903,-0.365283,-0.329502,0.126764,-0.861352,0.376704,0.028091,0.002527,-0.127484,0.472841,0.716592,0.496653,-0.474166,-0.832356,0.286968,0.591236,-0.059513,0.804300,0.019956,-0.797022,1.403948,0.102081,0.019497,0.001030,0.193759,-0.408802,0.265883,0.872320,-0.035268,13.512477,2.384208,0.000000,1,0.032788,-4.062061,33.952014,48.690625,0.919350,50.420667,0.000015
10.475000,5.600000,1,-0.824165,1.402904,0.295255,-0.365074,-0.328975,0.126386,-0.861697,0.376142,0.027749,0.002880,-0.127105,0.472417,0.717067,0.496469,-0.474725,-0.832096,0.286796,0.591909,-0.060680,0.803717,0.022395,-0.797022,1.403948,0.102081,0.019684,0.000382,0.194078,-0.408261,0.265784,0.872586,-0.035726,13.483444,2.247840,0.000000,1,0.031132,-4.018191,33.842282,48.828208,0.909445,50.521305,0.000014
10.508333,5.633333,1,-0.824003,1.403483,0.295756,-0.367929,-0.329889,0.124619,-0.860390,0.375585,0.027527,0.003383,-0.126659,0.475374,0.716695,0.494293,-0.479264,-0.828935,0.288396,0.588094,-0.059389,0.806609,0.023496,-0.797022,1.403948,0.102081,0.019753,-0.000243,0.194546,-0.409757,0.268459,0.871006,-0.037114,13.458317,2.017437,0.000000,1,0.029571,-3.991200,33.704759,48.978138,0.903346,50.635457,0.000014
10.541667,5.666667,1,-0.823731,1.404064,0.296186,-0.369012,-0.329762,0.124143,-0.860044,0.374960,0.027391,0.003816,-0.126064,0.476284,0.716599,0.493707,-0.480722,-0.827665,0.289615,0.587495,-0.058813,0.807088,0.023163,-0.797022,1.403948,0.102081,0.019724,-0.000908,0.194937,-0.409858,0.269562,0.870602,-0.037493,13.375778,1.834684,0.000000,1,0.029293,-3.977371,33.576107,49.131921,0.900264,50.749053,0.000013
10.575000,5.700000,1,-0.823377,1.404717,0.296476,-0.368369,-0.328231,0.124672,-0.860828,0.374228,0.027278,0.004111,-0.124976,0.475027,0.717057,0.494530,-0.479642,-0.827946,0.290600,0.590478,-0.059578,0.804852,0.023919,-0.797022,1.403948,0.102081,0.019652,-0.001663,0.195181,-0.408229,0.269213,0.871487,-0.037187,13.284212,1.785167,0.000000,1,0.029351,-3.967968,33.466442,49.290510,0.898272,50.859932,0.000012
10.608333,5.733333,1,-0.822973,1.405419,0.296728,-0.369603,-0.326917,0.124335,-0.860848,0.373426,0.027176,0.004367,-0.123250,0.475543,0.717221,0.494229,-0.481094,-0.826164,0.293259,0.591721,-0.059193,0.803967,0.025455,-0.797022,1.403948,0.102081,0.019554,-0.002482,0.195383,-0.407202,0.270693,0.871495,-0.037533,13.182790,1.822662,0.000000,1,0.028851,-3.960819,33.359445,49.457213,0.896896,50.974135,0.000012
10.641667,5.766667,1,-0.822494,1.406080,0.297106,-0.371647,-0.326454,0.123601,-0.860249,0.372612,0.027157,0.004751,-0.121929,0.477164,0.717014,0.493294,-0.483589,-0.823757,0.295915,0.591037,-0.057952,0.804560,0.026986,-0.797022,1.403948,0.102081,0.019369,-0.003299,0.195709,-0.407172,0.272816,0.870822,-0.038105,13.093005,1.848925,0.000000,1,0.027360,-3.965674,33.228112,49.636943,0.898330,51.101410,0.000011
10.675000,5.800000,1,-0.822041,1.406570,0.297904,-0.372415,-0.327060,0.123150,-0.859752,0.371954,0.027219,0.005554,-0.122132,0.478120,0.716774,0.492666,-0.484729,-0.823048,0.296025,0.589473,-0.057364,0.805749,0.031213,-0.797022,1.403948,0.102081,0.019128,-0.003974,0.196463,-0.407924,0.273466,0.870252,-0.038416,12.932512,1.801604,0.000000,1,0.024562,-3.980587,33.028136,49.829456,0.902200,51.253327,0.000011
10.708333,5.833333,1,-0.821776,1.406852,0.299244,-0.372136,-0.328153,0.122655,-0.859527,0.371579,0.027250,0.006897,-0.123236,0.478357,0.716798,0.492126,-0.485250,-0.823412,0.294153,0.587609,-0.057974,0.807066,0.041838,-0.797022,1.403948,0.102081,0.018964,-0.004416,0.197776,-0.408946,0.272987,0.869904,-0.038831,12.560174,1.078874,0.000000,1,0.022139,-3.988238,32.744495,50.025442,0.904645,51.428946,0.000010
10.741667,5.866667,1,-0.821757,1.407058,0.300911,-0.372169,-0.328282,0.121855,-0.859577,0.371414,0.027128,0.008564,-0.123338,0.478439,0.717201,0.491433,-0.486563,-0.822932,0.293324,0.586892,-0.059180,0.807499,0.050384,-0.797022,1.403948,0.102081,0.018987,-0.004710,0.199429,-0.409101,0.273005,0.869790,-0.039620,11.990758,0.459846,0.000000,1,0.021055,-3.971371,32.412500,50.217693,0.901711,51.615125,0.000010
10.775000,5.900000,1,-0.821886,1.407236,0.302624,-0.372633,-0.326891,0.121649,-0.859935,0.371361,0.026905,0.010276,-0.121885,0.478232,0.717608,0.491403,-0.487333,-0.821849,0.295078,0.588691,-0.059633,0.806156,0.051821,-0.797022,1.403948,0.102081,0.019134,-0.004922,0.201137,-0.407845,0.273736,0.870136,-0.039922,11.404214,0.274165,0.000000,1,0.020935,-3.938443,32.079119,50.395033,0.895260,51.793565,0.000009
10.808333,5.933333,1,-0.822095,1.407415,0.304403,-0.372214,-0.324577,0.121793,-0.860972,0.371356,0.026616,0.012052,-0.119996,0.476824,0.718459,0.491992,-0.487090,-0.821386,0.296763,0.592518,-0.061165,0.803232,0.053994,-0.797022,1.403948,0.102081,0.019353,-0.005108,0.202914,-0.405511,0.273765,0.871211,-0.040059,11.020076,1.128910,0.000000,1,0.020311,-3.895492,31.736759,50.569743,0.886584,51.972864,0.000009
10.841667,5.966667,1,-0.822357,1.407713,0.306231,-0.373672,-0.323256,0.121022,-0.860946,0.371288,0.026214,0.013878,-0.118165,0.477536,0.718777,0.491281,-0.489361,-0.819098,0.299339,0.593386,-0.061206,0.802588,0.056132,-0.797022,1.403948,0.102081,0.019666,-0.005385,0.204738,-0.404533,0.275475,0.871092,-0.040818,10.577406,2.090322,0.000000,1,0.018885,-3.836654,31.380240,50.759888,0.874253,52.164003,0.000008
10.875000,6.000000,1,-0.822672,1.408268,0.307992,-0.379958,-0.323413,0.119184,-0.858388,0.371047,0.025614,0.015635,-0.115517,0.483227,0.717321,0.488465,-0.496116,-0.812414,0.306354,0.589130,-0.055787,0.806110,0.056177,-0.797022,1.403948,0.102081,0.020132,-0.005871,0.206485,-0.405963,0.281695,0.868378,-0.041980,10.030316,3.304876,0.000000,1,0.017116,-3.750636,31.023649,50.974472,0.855603,52.367957,0.000008
10.908333,6.033333,1,-0.822966,1.408936,0.309757,-0.387592,-0.325559,0.116960,-0.854461,0.370703,0.024963,0.017399,-0.114054,0.491014,0.714824,0.484689,-0.504136,-0.804939,0.312921,0.580931,-0.047964,0.812538,0.057313,-0.797022,1.403948,0.102081,0.020624,-0.006471,0.208231,-0.409597,0.288875,0.864244,-0.043166,9.506163,4.492110,0.000000,1,0.015584,-3.658041,30.658463,51.206607,0.835389,52.583512,0.000007
10.941667,6.066667,1,-0.823197,1.409640,0.311460,-0.394724,-0.328601,0.114508,-0.850354,0.370291,0.024342,0.019099,-0.113618,0.498750,0.712271,0.480634,-0.512163,-0.798018,0.317578,0.571350,-0.040479,0.819708,0.055701,-0.797022,1.403948,0.102081,0.021073,-0.007125,0.209910,-0.414009,0.295391,0.859859,-0.044525,9.158185,5.517588,0.000000,1,0.014512,-3.570124,30.300449,51.442976,0.816247,52.799424,0.000007
10.975000,6.100000,1,-0.823493,1.410402,0.313124,-0.400267,-0.330701,0.112069,-0.847268,0.369872,0.023634,0.020761,-0.113045,0.504642,0.710619,0.477052,-0.519284,-0.792099,0.320817,0.563910,-0.035516,0.825072,0.055629,-0.797022,1.403948,0.102081,0.021606,-0.007803,0.211551,-0.417197,0.300515,0.856452,-0.046131,8.962705,6.797491,0.000000,1,0.013891,-3.469425,29.948960,51.676656,0.794127,53.012179,0.000007
11.008333,6.133333,1,-0.823841,1.411201,0.314772,-0.404809,-0.332769,0.110034,-0.844563,0.369455,0.022862,0.022406,-0.112886,0.509625,0.709125,0.474006,-0.525150,-0.787318,0.323030,0.557200,-0.031202,0.829792,0.055927,-0.797022,1.403948,0.102081,0.022203,-0.008494,0.213176,-0.420146,0.304649,0.853473,-0.047438,8.619224,7.952515,0.000000,1,0.013277,-3.359199,29.600658,51.907748,0.769753,53.222792,0.000006
11.041667,6.166667,1,-0.824151,1.411989,0.316452,-0.408937,-0.335464,0.108141,-0.841748,0.369024,0.022127,0.024083,-0.113474,0.514517,0.707472,0.471041,-0.530488,-0.783264,0.324159,0.549728,-0.026785,0.834914,0.056435,-0.797022,1.403948,0.102081,0.022758,-0.009192,0.214833,-0.423619,0.308251,0.850394,-0.048575,8.091126,9.234053,0.000000,1,0.012294,-3.254328,29.245554,52.142200,0.746590,53.437256,0.000006
11.075000,6.200000,1,-0.824542,1.412784,0.318204,-0.412284,-0.337824,0.107011,-0.839313,0.368636,0.021323,0.025832,-0.114106,0.518565,0.705814,0.468932,-0.534166,-0.780299,0.325268,0.543615,-0.022387,0.839036,0.058913,-0.797022,1.403948,0.102081,0.023390,-0.009868,0.216565,-0.426592,0.311133,0.847826,-0.049065,7.415358,10.304552,0.000000,1,0.011776,-3.138647,28.879785,52.374707,0.720830,53.653842,0.000006
11.108333,6.233333,1,-0.825054,1.413557,0.319985,-0.414196,-0.338798,0.107107,-0.837965,0.368340,0.020435,0.027607,-0.114131,0.520714,0.704574,0.468408,-0.535135,-0.778916,0.326986,0.541198,-0.018901,0.840683,0.060217,-0.797022,1.403948,0.102081,0.024122,-0.010478,0.218331,-0.427906,0.312840,0.846559,-0.048638,6.882353,11.758433,0.000000,1,0.011788,-3.009809,28.515286,52.592995,0.691904,53.862779,0.000005
11.141667,6.266667,1,-0.825628,1.414282,0.321761,-0.414366,-0.338076,0.108530,-0.837990,0.368118,0.019526,0.029378,-0.113405,0.520551,0.703958,0.469691,-0.533059,-0.779352,0.329331,0.543219,-0.016835,0.839422,0.060076,-0.797022,1.403948,0.102081,0.024893,-0.011020,0.220098,-0.427197,0.313127,0.846889,-0.047266,6.262447,12.897130,0.000000,1,0.011698,-2.877169,28.157333,52.796322,0.662005,54.062259,0.000005
11.175000,6.300000,1,-0.826222,1.414942,0.323568,-0.412580,-0.337617,0.111407,-0.838678,0.367961,0.018641,0.031180,-0.113783,0.518760,0.703285,0.472581,-0.527442,-0.782769,0.330268,0.546665,-0.015112,0.837215,0.060409,-0.797022,1.403948,0.102081,0.025655,-0.011495,0.221901,-0.426323,0.311401,0.848107,-0.044634,5.606506,13.464531,0.000000,1,0.011432,-2.747507,27.798598,52.989064,0.632735,54.256699,0.000005
11.208333,6.333333,1,-0.826787,1.415485,0.325382,-0.406467,-0.337423,0.115842,-0.841137,0.367880,0.017848,0.032988,-0.116317,0.513220,0.703493,0.477675,-0.516593,-0.791474,0.326649,0.552691,-0.016864,0.833216,0.059270,-0.797022,1.403948,0.102081,0.026344,-0.011876,0.223713,-0.424823,0.305313,0.851256,-0.040908,4.314486,14.642432,0.000000,1,0.011193,-2.630806,27.444952,53.166549,0.606509,54.442018,0.000005
11.241667,6.366667,1,-0.827243,1.416233,0.326834,-0.400732,-0.336338,0.119773,-0.843768,0.367566,0.017023,0.034436,-0.117884,0.507617,0.704077,0.482394,-0.506799,-0.798965,0.323744,0.559606,-0.019243,0.828536,0.050869,-0.797022,1.403948,0.102081,0.027024,-0.012466,0.225150,-0.422543,0.299780,0.854498,-0.037725,3.951733,16.024637,0.000000,1,0.009904,-2.510945,27.142617,53.352315,0.579359,54.617516,0.000004
11.275000,6.400000,1,-0.827453,1.417292,0.327750,-0.399970,-0.335294,0.121423,-0.844309,0.366854,0.016210,0.035351,-0.117283,0.506476,0.703819,0.484113,-0.503759,-0.800258,0.325291,0.562654,-0.018234,0.826491,0.042492,-0.797022,1.403948,0.102081,0.027615,-0.013407,0.226028,-0.421333,0.299202,0.855361,-0.036262,4.396409,17.074273,0.000000,1,0.008983,-2.395323,26.911777,53.561449,0.553032,54.785360,0.000004
11.308333,6.433333,1,-0.827422,1.418438,0.328341,-0.402417,-0.335598,0.121630,-0.842995,0.365924,0.015541,0.035942,-0.116469,0.508805,0.702557,0.483701,-0.504936,-0.798175,0.328566,0.561135,-0.014302,0.827601,0.038687,-0.797022,1.403948,0.102081,0.028027,-0.014504,0.226565,-0.422097,0.301566,0.854175,-0.035740,4.666517,17.687982,0.000000,1,0.008943,-2.301596,26.726983,53.779434,0.531897,54.945060,0.000004
11.341667,6.466667,1,-0.827298,1.419634,0.328664,-0.406142,-0.336359,0.121491,-0.840923,0.364896,0.014918,0.036268,-0.115499,0.512481,0.700775,0.482636,-0.507445,-0.794820,0.332806,0.558056,-0.008852,0.829756,0.037359,-0.797022,1.403948,0.102081,0.028381,-0.015669,0.226829,-0.423563,0.305114,0.852202,-0.035369,4.232837,18.207390,0.000000,1,0.009872,-2.214853,26.586000,53.991391,0.512384,55.089261,0.000004
11.375000,6.500000,1,-0.827196,1.420824,0.328848,-0.409312,-0.336809,0.121525,-0.839199,0.363886,0.014282,0.036454,-0.114496,0.515522,0.699226,0.481883,-0.509360,-0.791940,0.336726,0.555840,-0.004052,0.831280,0.036236,-0.797022,1.403948,0.102081,0.028757,-0.016810,0.226956,-0.424614,0.308169,0.850597,-0.034917,3.642935,18.737199,0.000000,1,0.010682,-2.125757,26.473214,54.188288,0.492228,55.217600,0.000004
11.408333,6.533333,1,-0.827079,1.421928,0.329110,-0.411882,-0.337706,0.121792,-0.837541,0.362935,0.013708,0.036718,-0.114159,0.518227,0.697632,0.481371,-0.510499,-0.789960,0.339637,0.553319,0.000555,0.832969,0.034229,-0.797022,1.403948,0.102081,0.029082,-0.017884,0.227164,-0.425976,0.310541,0.849079,-0.034249,3.526139,19.233610,0.000000,1,0.009848,-2.045157,26.350964,54.380226,0.474099,55.346309,0.000003
11.441667,6.566667,1,-0.826925,1.422960,0.329532,-0.414081,-0.339627,0.122243,-0.835612,0.362022,0.013207,0.037142,-0.114905,0.521058,0.695718,0.480907,-0.511051,-0.788896,0.341278,0.549406,0.005547,0.835537,0.033765,-0.797022,1.403948,0.102081,0.029341,-0.018915,0.227532,-0.428255,0.312347,0.847305,-0.033327,3.766955,19.474589,0.000000,1,0.008206,-1.974652,26.201545,54.578049,0.458396,55.486275,0.000003
11.475000,6.600000,1,-0.826844,1.423929,0.330125,-0.415857,-0.342199,0.123223,-0.833534,0.361203,0.012684,0.037737,-0.116423,0.523805,0.693437,0.480853,-0.510452,-0.788848,0.342282,0.544917,0.011182,0.838416,0.034167,-0.797022,1.403948,0.102081,0.029637,-0.019870,0.228078,-0.431069,0.313601,0.845470,-0.031847,3.978020,21.643460,0.000000,1,0.006962,-1.900198,26.026758,54.773314,0.441642,55.632514,0.000003
11.508333,6.633333,1,-0.826934,1.424857,0.330837,-0.417447,-0.344541,0.124482,-0.831585,0.360521,0.012048,0.038449,-0.117816,0.526282,0.691146,0.481107,-0.509310,-0.789039,0.343540,0.541022,0.016874,0.840839,0.035207,-0.797022,1.403948,0.102081,0.030071,-0.020727,0.228752,-0.433615,0.314711,0.843817,-0.030130,3.886752,23.077334,0.000000,1,0.006614,-1.808052,25.838982,54.955244,0.420383,55.775732,0.000003
11.541667,6.666667,1,-0.827155,1.425704,0.331721,-0.419283,-0.346856,0.125886,-0.829485,0.359983,0.011355,0.039331,-0.119076,0.528968,0.688655,0.481422,-0.508107,-0.789043,0.345309,0.537093,0.023149,0.843205,0.037314,-0.797022,1.403948,0.102081,0.030589,-0.021467,0.229607,-0.436178,0.316067,0.842053,-0.028237,3.660098,24.392064,0.000000,1,0.006134,-1.706295,25.629308,55.125889,0.396611,55.919669,0.000003
11.575000,6.700000,1,-0.827477,1.426428,0.332751,-0.422481,-0.349883,0.127342,-0.826363,0.359606,0.010654,0.040358,-0.120371,0.533195,0.685232,0.481323,-0.507678,-0.787997,0.348314,0.531273,0.031937,0.846598,0.038966,-0.797022,1.403948,0.102081,0.031146,-0.022063,0.230618,-0.439695,0.318640,0.839321,-0.026041,3.544023,25.552333,0.000000,1,0.006005,-1.602576,25.403422,55.280339,0.372247,56.060116,0.000003
11.608333,6.733333,1,-0.827851,1.427080,0.333760,-0.426959,-0.352859,0.129385,-0.822469,0.359318,0.009955,0.041364,-0.121051,0.538548,0.680859,0.481398,-0.507206,-0.785911,0.353675,0.525145,0.043555,0.849898,0.037773,-0.797022,1.403948,0.102081,0.031724,-0.022572,0.231614,-0.443391,0.322485,0.835987,-0.023094,3.635388,26.509883,0.000000,1,0.006226,-1.498464,25.187746,55.417288,0.347676,56.188631,0.000003
11.641667,6.766667,1,-0.828290,1.427701,0.334745,-0.432152,-0.355372,0.131783,-0.818284,0.359092,0.009223,0.042345,-0.120998,0.544336,0.676066,0.481656,-0.506733,-0.782990,0.360760,0.519535,0.056589,0.852573,0.037326,-0.797022,1.403948,0.102081,0.032348,-0.023025,0.232590,-0.446764,0.327123,0.832468,-0.019739,3.783954,27.085938,0.000000,1,0.006425,-1.389262,24.981539,55.540703,0.321693,56.307514,0.000002
11.675000,6.800000,1,-0.828702,1.428393,0.335886,-0.436651,-0.357580,0.132663,-0.814784,0.358796,0.008469,0.043482,-0.120982,0.549359,0.672560,0.480865,-0.508265,-0.779746,0.365599,0.513896,0.066052,0.855306,0.041888,-0.797022,1.403948,0.102081,0.032973,-0.023563,0.233717,-0.449751,0.331155,0.829298,-0.018029,3.737443,27.730815,0.000000,1,0.005174,-1.276797,24.741034,55.687771,0.294719,56.449401,0.000002
11.708333,6.833333,1,-0.828825,1.429131,0.337077,-0.439639,-0.360010,0.131990,-0.812212,0.358289,0.007916,0.044672,-0.121837,0.553119,0.670577,0.479105,-0.511228,-0.777335,0.366602,0.507773,0.070964,0.858563,0.042206,-0.797022,1.403948,0.102081,0.033350,-0.024261,0.234879,-0.452706,0.333666,0.826679,-0.018049,3.584458,29.545101,0.000000,1,0.003566,-1.195028,24.475708,55.873116,0.275433,56.619311,0.000002
11.741667,6.866667,1,-0.828662,1.429748,0.338177,-0.442971,-0.363904,0.131768,-0.808695,0.357705,0.007667,0.045774,-0.123853,0.557844,0.667554,0.477329,-0.513636,-0.775466,0.367193,0.499104,0.078065,0.863019,0.038156,-0.797022,1.403948,0.102081,0.033419,-0.024956,0.235942,-0.457135,0.336234,0.823208,-0.017391,3.488789,31.481312,0.000000,1,0.002652,-1.158666,24.221805,56.062967,0.267708,56.788639,0.000002
11.775000,6.900000,1,-0.828353,1.430242,0.339181,-0.446931,-0.368433,0.131672,-0.804470,0.357131,0.007609,0.046782,-0.126159,0.563416,0.663845,0.475348,-0.516257,-0.773275,0.368137,0.488955,0.086787,0.867981,0.034826,-0.797022,1.403948,0.102081,0.033306,-0.025589,0.236908,-0.462295,0.339305,0.819076,-0.016438,3.565404,33.545240,0.000000,1,0.002415,-1.151014,23.986780,56.242436,0.267345,56.947239,0.000002
11.808333,6.933333,1,-0.827931,1.430709,0.340055,-0.451015,-0.371606,0.131825,-0.800697,0.356511,0.007658,0.047661,-0.127195,0.568496,0.660424,0.473788,-0.518693,-0.770421,0.370688,0.481182,0.095324,0.871422,0.032301,-0.797022,1.403948,0.102081,0.033084,-0.026235,0.237740,-0.466157,0.342755,0.815464,-0.015367,3.667679,34.839332,0.000000,1,0.002208,-1.159633,23.773129,56.418888,0.271165,57.098207,0.000002
11.841667,6.966667,1,-0.827369,1.431264,0.340802,-0.455660,-0.373896,0.132667,-0.796853,0.355735,0.007767,0.048413,-0.127189,0.573685,0.656628,0.472808,-0.520551,-0.766851,0.375454,0.474986,0.105324,0.873668,0.032606,-0.797022,1.403948,0.102081,0.032770,-0.027010,0.238435,-0.469248,0.346922,0.811952,-0.013620,3.658112,35.575132,0.000000,1,0.002073,-1.177874,23.572520,56.611382,0.277452,57.254091,0.000002
11.875000,7.000000,1,-0.826726,1.431905,0.341481,-0.460510,-0.377353,0.133421,-0.792297,0.354841,0.007889,0.049099,-0.128138,0.579581,0.652240,0.471433,-0.522663,-0.763509,0.379313,0.466442,0.116326,0.876869,0.034004,-0.797022,1.403948,0.102081,0.032419,-0.027891,0.239055,-0.473512,0.351074,0.807710,-0.011780,3.538357,36.382808,0.000000,1,0.002298,-1.198528,23.376362,56.818255,0.284357,57.416581,0.000002
11.908333,7.033333,1,-0.826111,1.432672,0.342094,-0.464872,-0.380714,0.134182,-0.788001,0.353862,0.007914,0.049720,-0.129220,0.584996,0.648081,0.470183,-0.524460,-0.760620,0.382621,0.458248,0.126586,0.879764,0.034770,-0.797022,1.403948,0.102081,0.032144,-0.028874,0.239605,-0.477588,0.354760,0.803713,-0.009997,3.445692,37.463594,0.000000,1,0.002276,-1.204974,23.186626,57.034427,0.287529,57.582366,0.000002
11.941667,7.066667,1,-0.825567,1.433580,0.342581,-0.468047,-0.383024,0.134427,-0.784955,0.352813,0.007798,0.050213,-0.129884,0.588875,0.645264,0.469032,-0.526278,-0.758270,0.384783,0.452327,0.133530,0.881799,0.034953,-0.797022,1.403948,0.102081,0.031995,-0.029950,0.240026,-0.480430,0.357475,0.800823,-0.009023,3.493023,38.681901,0.000000,1,0.001878,-1.190252,23.016014,57.253014,0.285102,57.743907,0.000002
11.975000,7.100000,1,-0.825079,1.434634,0.342957,-0.469946,-0.385007,0.134088,-0.782906,0.351680,0.007551,0.050595,-0.130822,0.591462,0.643594,0.467809,-0.528080,-0.756911,0.384990,0.447406,0.137345,0.883722,0.036617,-0.797022,1.403948,0.102081,0.031957,-0.031131,0.240332,-0.482727,0.358991,0.798762,-0.008853,3.566786,39.578566,0.000000,1,0.001972,-1.155849,22.860857,57.477310,0.277412,57.904025,0.000001
12.008333,7.133333,1,-0.824689,1.435870,0.343176,-0.471516,-0.386407,0.134053,-0.781276,0.350460,0.007117,0.050819,-0.131382,0.593495,0.642161,0.467046,-0.529213,-0.755787,0.385642,0.443889,0.140736,0.884961,0.039440,-0.797022,1.403948,0.102081,0.032085,-0.032431,0.240479,-0.484387,0.360288,0.797176,-0.008491,3.554332,40.783124,0.000000,1,0.002353,-1.093090,22.729827,57.704727,0.262087,58.058639,0.000001
12.041667,7.166667,1,-0.824505,1.437304,0.343240,-0.473481,-0.387324,0.134274,-0.779594,0.349204,0.006400,0.050886,-0.131334,0.595667,0.640565,0.466486,-0.530284,-0.754092,0.387484,0.441166,0.144856,0.885658,0.043427,-0.797022,1.403948,0.102081,0.032485,-0.033822,0.240471,-0.485647,0.362065,0.795609,-0.007874,3.474852,42.008296,0.000000,1,0.003654,-0.986929,22.626654,57.926608,0.235005,58.201950,0.000001
12.075000,7.200000,1,-0.824486,1.438871,0.343269,-0.475812,-0.389469,0.133807,-0.777182,0.347941,0.005471,0.050917,-0.132226,0.598713,0.638630,0.464984,-0.532612,-0.752237,0.387897,0.435575,0.149335,0.887679,0.047019,-0.797022,1.403948,0.102081,0.033090,-0.035267,0.240431,-0.488188,0.363984,0.793176,-0.007745,3.407880,43.268644,0.000000,1,0.004985,-0.847652,22.530757,58.146605,0.198816,58.342220,0.000001
12.108333,7.233333,1,-0.824581,1.440471,0.343362,-0.477915,-0.392404,0.133340,-0.774491,0.346721,0.004432,0.051009,-0.133928,0.601907,0.636449,0.463362,-0.534718,-0.751037,0.387325,0.428587,0.153993,0.890280,0.048174,-0.797022,1.403948,0.102081,0.033811,-0.036702,0.240457,-0.491450,0.365526,0.790450,-0.007541,3.440633,44.371076,0.000000,1,0.005705,-0.690214,22.426757,58.363521,0.157483,58.483600,0.000001
12.141667,7.266667,1,-0.824864,1.442008,0.343610,-0.479252,-0.394779,0.133584,-0.772413,0.345666,0.003279,0.051256,-0.135467,0.604169,0.634494,0.462651,-0.535206,-0.750788,0.387133,0.423409,0.158131,0.892031,0.047462,-0.797022,1.403948,0.102081,0.034676,-0.038012,0.240651,-0.494002,0.366403,0.788457,-0.006795,3.511254,45.558089,0.000000,1,0.006172,-0.514029,22.305120,58.563645,0.110796,58.621855,0.000001
12.175000,7.300000,1,-0.825357,1.443509,0.344036,-0.480685,-0.396338,0.133853,-0.770676,0.344767,0.001979,0.051678,-0.136230,0.606151,0.632830,0.462113,-0.535786,-0.750029,0.387800,0.419726,0.161936,0.893089,0.049078,-0.797022,1.403948,0.102081,0.035714,-0.039218,0.241033,-0.495779,0.367531,0.786821,-0.006113,3.500350,46.946288,0.000000,1,0.006972,-0.314155,22.160771,58.750216,0.057349,58.760335,0.000001
12.208333,7.333333,1,-0.825926,1.445050,0.344521,-0.483016,-0.397393,0.134084,-0.768633,0.343882,0.000593,0.052159,-0.136144,0.608713,0.630908,0.461398,-0.537153,-0.747944,0.389930,0.416455,0.166840,0.893717,0.051404,-0.797022,1.403948,0.102081,0.036837,-0.040434,0.241475,-0.497241,0.369647,0.784910,-0.005403,3.439830,48.954707,0.000000,1,0.007844,-0.100066,22.006572,58.937724,-0.000303,58.902715,0.000001
12.241667,7.366667,1,-0.826465,1.446691,0.344925,-0.485140,-0.398865,0.133928,-0.766557,0.342898,-0.000828,0.052558,-0.136524,0.611274,0.629131,0.460325,-0.538924,-0.746116,0.390987,0.412303,0.171111,0.894834,0.053221,-0.797022,1.403948,0.102081,0.037974,-0.041748,0.241831,-0.499079,0.371485,0.782875,-0.005058,3.551085,50.632496,0.000000,1,0.008617,0.120354,21.861820,59.134321,-0.060016,59.047248,0.000001
12.275000,7.400000,1,-0.826959,1.448397,0.345099,-0.486876,-0.400607,0.133636,-0.764597,0.341834,-0.002250,0.052729,-0.137318,0.613607,0.627519,0.459185,-0.540587,-0.744812,0.391178,0.407776,0.174728,0.896208,0.053520,-0.797022,1.403948,0.102081,0.039101,-0.043126,0.241953,-0.501107,0.372887,0.780912,-0.004869,3.622661,52.257819,0.000000,1,0.008788,0.342015,21.756546,59.325841,-0.120413,59.176951,0.000001
12.308333,7.433333,1,-0.827470,1.450185,0.344991,-0.489143,-0.402398,0.133222,-0.762278,0.340714,-0.003734,0.052617,-0.137921,0.616438,0.625641,0.457772,-0.542845,-0.742842,0.391797,0.402763,0.179101,0.897611,0.055882,-0.797022,1.403948,0.102081,0.040284,-0.044556,0.241790,-0.503288,0.374811,0.778585,-0.004716,3.682323,53.625168,0.000000,1,0.009445,0.574488,21.702999,59.504218,-0.184186,59.283604,0.000001
12.341667,7.466667,1,-0.827989,1.452028,0.344726,-0.491400,-0.404285,0.132170,-0.760007,0.339551,-0.005256,0.052347,-0.138616,0.619299,0.624093,0.455810,-0.546047,-0.740624,0.391547,0.397245,0.182588,0.899365,0.058004,-0.797022,1.403948,0.102081,0.041499,-0.046025,0.241468,-0.505580,0.376717,0.776174,-0.005196,3.696152,55.055865,0.000000,1,0.010227,0.814267,21.678603,59.675880,-0.250375,59.377688,0.000001
12.375000,7.500000,1,-0.828461,1.453843,0.344468,-0.492542,-0.406931,0.130688,-0.758109,0.338385,-0.006723,0.052086,-0.140486,0.621498,0.623070,0.453637,-0.548954,-0.739920,0.388804,0.390672,0.184094,0.901934,0.056775,-0.797022,1.403948,0.102081,0.042660,-0.047485,0.241152,-0.508405,0.377375,0.773999,-0.006171,3.644212,56.058060,0.000000,1,0.010167,1.046984,21.653999,59.847113,-0.314940,59.471817,0.000001
12.408333,7.533333,1,-0.828833,1.455528,0.344258,-0.493536,-0.409109,0.129433,-0.756505,0.337262,-0.008032,0.051873,-0.142002,0.623356,0.622207,0.451797,-0.551430,-0.739258,0.386551,0.385186,0.185387,0.904026,0.052154,-0.797022,1.403948,0.102081,0.043677,-0.048870,0.240886,-0.510742,0.377970,0.772161,-0.007000,3.595038,57.370308,0.000000,1,0.009321,1.256276,21.623544,60.013975,-0.373235,59.565693,0.000001
12.441667,7.566667,1,-0.829089,1.457138,0.344100,-0.495357,-0.410107,0.128617,-0.754911,0.336129,-0.009205,0.051714,-0.142092,0.625431,0.621153,0.450349,-0.553991,-0.737210,0.386802,0.381734,0.187956,0.904960,0.049147,-0.797022,1.403948,0.102081,0.044556,-0.050235,0.240670,-0.512081,0.379607,0.770466,-0.007416,3.629726,58.530659,0.000000,1,0.008906,1.445064,21.582901,60.185828,-0.426023,59.665625,0.000001
12.475000,7.600000,1,-0.829273,1.458805,0.343932,-0.497031,-0.410525,0.127917,-0.753702,0.334906,-0.010353,0.051545,-0.141727,0.627114,0.620389,0.449176,-0.556310,-0.735085,0.387517,0.379570,0.190062,0.905430,0.050566,-0.797022,1.403948,0.102081,0.045391,-0.051681,0.240437,-0.512825,0.381205,0.769176,-0.007815,3.642016,59.863037,0.000000,1,0.009436,1.631292,21.539347,60.370776,-0.478389,59.773565,0.000001
12.508333,7.633333,1,-0.829446,1.460512,0.343640,-0.497912,-0.410142,0.127223,-0.753446,0.333645,-0.011516,0.051253,-0.140994,0.627729,0.620469,0.448436,-0.558052,-0.733493,0.388028,0.379470,0.190277,0.905427,0.052202,-0.797022,1.403948,0.102081,0.046236,-0.053160,0.240079,-0.512643,0.382164,0.768815,-0.008436,3.644025,61.553071,0.000000,1,0.009850,1.821140,21.518266,60.551709,-0.532159,59.872333,0.000001
12.541667,7.666667,1,-0.829622,1.462191,0.343287,-0.498879,-0.410043,0.126516,-0.752980,0.332408,-0.012664,0.050900,-0.140477,0.628548,0.620369,0.447590,-0.559859,-0.731935,0.388368,0.378749,0.190818,0.905615,0.051731,-0.797022,1.403948,0.102081,0.047074,-0.054607,0.239661,-0.512751,0.383156,0.768242,-0.009018,3.594532,63.138899,0.000000,1,0.009922,2.009795,21.511898,60.722800,-0.585972,59.961321,0.000001
12.575000,7.700000,1,-0.829828,1.463778,0.342995,-0.500419,-0.410832,0.125627,-0.751675,0.331263,-0.013782,0.050606,-0.140504,0.630276,0.619605,0.446206,-0.562317,-0.730056,0.388353,0.375831,0.192697,0.906432,0.048807,-0.797022,1.403948,0.102081,0.047901,-0.055963,0.239309,-0.513835,0.384553,0.766812,-0.009576,3.578690,65.301909,0.000000,1,0.009672,2.194053,21.500782,60.882391,-0.638903,60.045933,0.000001
12.608333,7.733333,1,-0.830098,1.465215,0.342810,-0.502283,-0.411490,0.124648,-0.750234,0.330276,-0.014861,0.050420,-0.140271,0.632236,0.618759,0.444679,-0.565170,-0.727666,0.388697,0.372930,0.194923,0.907154,0.044216,-0.797022,1.403948,0.102081,0.048725,-0.057163,0.239074,-0.514857,0.386299,0.765239,-0.010191,3.594934,66.513171,0.000000,1,0.009180,2.372230,21.479264,61.023341,-0.690456,60.124255,0.000001
12.641667,7.766667,1,-0.830403,1.466560,0.342732,-0.504141,-0.411410,0.124215,-0.749102,0.329386,-0.015913,0.050340,-0.139376,0.633863,0.617943,0.443777,-0.567272,-0.725149,0.390335,0.371767,0.197442,0.907087,0.041433,-0.797022,1.403948,0.102081,0.049542,-0.058270,0.238951,-0.515147,0.388171,0.764094,-0.010354,3.670984,67.436599,0.000000,1,0.009075,2.546288,21.443284,61.156050,-0.741128,60.203097,0.000001
12.675000,7.800000,1,-0.830756,1.467885,0.342618,-0.505751,-0.410703,0.124318,-0.748388,0.328539,-0.016991,0.050223,-0.138028,0.634991,0.617257,0.443542,-0.568438,-0.722852,0.392892,0.372265,0.199885,0.906347,0.041278,-0.797022,1.403948,0.102081,0.050395,-0.059338,0.238795,-0.514765,0.389908,0.763470,-0.010098,3.671936,68.823414,0.000000,1,0.009178,2.724768,21.417611,61.277926,-0.793398,60.273068,0.000000
12.708333,7.833333,1,-0.831151,1.469202,0.342394,-0.507249,-0.410020,0.124388,-0.747736,0.327723,-0.018098,0.049997,-0.136751,0.636029,0.616642,0.443305,-0.569560,-0.720676,0.395256,0.372765,0.202103,0.905649,0.041792,-0.797022,1.403948,0.102081,0.051287,-0.060375,0.238533,-0.514387,0.391529,0.762898,-0.009888,3.661138,70.330820,0.000000,1,0.009285,2.908217,21.416066,61.385243,-0.847419,60.327688,0.000000
12.741667,7.866667,1,-0.831547,1.470466,0.342147,-0.509001,-0.409622,0.124182,-0.746798,0.326950,-0.019173,0.049746,-0.135619,0.637419,0.615896,0.442693,-0.571261,-0.718197,0.397307,0.372413,0.204560,0.905242,0.040441,-0.797022,1.403948,0.102081,0.052159,-0.061363,0.238248,-0.514341,0.393351,0.761991,-0.009878,3.643604,71.331465,0.000000,1,0.009194,3.087150,21.422518,61.482961,-0.900364,60.374795,0.000000
12.775000,7.900000,1,-0.831915,1.471710,0.341884,-0.510619,-0.409231,0.123803,-0.745970,0.326177,-0.020213,0.049481,-0.134551,0.638693,0.615325,0.441976,-0.573107,-0.715791,0.398988,0.372043,0.206543,0.904944,0.039697,-0.797022,1.403948,0.102081,0.052998,-0.062342,0.237949,-0.514281,0.395043,0.761154,-0.010062,3.638458,72.356546,0.000000,1,0.009252,3.261015,21.432425,61.579070,-0.952016,60.420057,0.000000
12.808333,7.933333,1,-0.832313,1.473068,0.341480,-0.512010,-0.408337,0.123452,-0.745564,0.325328,-0.021345,0.049074,-0.133133,0.639538,0.615117,0.441472,-0.574756,-0.713401,0.400892,0.372828,0.207812,0.904330,0.044158,-0.797022,1.403948,0.102081,0.053913,-0.063406,0.237504,-0.513689,0.396603,0.760738,-0.010322,3.643600,73.778381,0.000000,1,0.010189,3.450871,21.466683,61.674748,-1.008611,60.457310,0.000000
12.841667,7.966667,1,-0.832757,1.474591,0.340826,-0.513700,-0.407083,0.122770,-0.745200,0.324375,-0.022611,0.048416,-0.131260,0.640488,0.615093,0.440688,-0.577129,-0.710270,0.403037,0.373987,0.208863,0.903609,0.051477,-0.797022,1.403948,0.102081,0.054941,-0.064587,0.236804,-0.512816,0.398533,0.760310,-0.010918,3.660072,75.300101,0.000000,1,0.011870,3.664187,21.545748,61.765463,-1.072413,60.477478,0.000000
12.875000,8.000000,1,-0.833122,1.476224,0.339914,-0.516303,-0.406242,0.121923,-0.743998,0.323284,-0.023879,0.047502,-0.129353,0.642440,0.614396,0.439380,-0.580425,-0.706111,0.405603,0.373704,0.211570,0.903097,0.057179,-0.797022,1.403948,0.102081,0.055949,-0.065886,0.235840,-0.512520,0.401298,0.759046,-0.011478,3.633505,77.631541,0.000000,1,0.013387,3.880498,21.668813,61.856755,-1.137303,60.483648,0.000000
12.908333,8.033333,1,-0.833400,1.477950,0.338776,-0.519109,-0.405404,0.121385,-0.742589,0.322064,-0.025130,0.046363,-0.127360,0.644578,0.613376,0.438255,-0.583424,-0.701817,0.408741,0.373444,0.215098,0.902370,0.062576,-0.797022,1.403948,0.102081,0.056918,-0.067291,0.234641,-0.512258,0.404261,0.757646,-0.011689,3.630089,79.415248,0.000000,1,0.014975,4.096840,21.830787,61.949382,-1.202424,60.477869,0.000000
12.941667,8.066667,1,-0.833610,1.479710,0.337542,-0.521763,-0.404977,0.120344,-0.741131,0.320777,-0.026348,0.045128,-0.125802,0.646760,0.612540,0.436659,-0.587006,-0.697669,0.410709,0.372214,0.217938,0.902197,0.064796,-0.797022,1.403948,0.102081,0.057842,-0.068749,0.233342,-0.512378,0.407001,0.756086,-0.012377,3.616071,81.152030,0.000000,1,0.015824,4.309959,22.009815,62.043468,-1.266848,60.467376,0.000000
12.975000,8.100000,1,-0.833719,1.481490,0.336227,-0.524530,-0.405361,0.118468,-0.739267,0.319412,-0.027496,0.043813,-0.124923,0.649402,0.611716,0.434136,-0.591841,-0.693387,0.411022,0.368885,0.220395,0.902967,0.066459,-0.797022,1.403948,0.102081,0.058682,-0.070260,0.231957,-0.513330,0.409715,0.753947,-0.013775,3.493786,83.110374,0.000000,1,0.016424,4.513989,22.202044,62.142333,-1.328800,60.455138,0.000000
