time_take_s,time_episode_s,tool_tracked,tool_world_x_m,tool_world_y_m,tool_world_z_m,tool_world_qx,tool_world_qy,tool_world_qz,tool_world_qw,tcp_robot_x_m,tcp_robot_y_m,tcp_robot_z_m,tcp_robot_qx,tcp_robot_qy,tcp_robot_qz,tcp_robot_qw,tcp_robot_rot6d_r00,tcp_robot_rot6d_r01,tcp_robot_rot6d_r02,tcp_robot_rot6d_r10,tcp_robot_rot6d_r11,tcp_robot_rot6d_r12,tcp_speed_m_s,box_world_x_m,box_world_y_m,box_world_z_m,tool_in_box_x_m,tool_in_box_y_m,tool_in_box_z_m,tool_in_box_qx,tool_in_box_qy,tool_in_box_qz,tool_in_box_qw,flap_left_deg,flap_right_deg,gripper,ik_reachable,ik_pos_err_mm,q1_deg,q2_deg,q3_deg,q4_deg,q5_deg,q6_deg
6.458333,0.000000,1,-0.855017,1.533012,0.495739,0.015870,-0.186325,0.212876,-0.959018,0.291473,-0.075555,0.204599,-0.171931,0.069258,0.763636,0.618468,-0.175874,-0.968385,-0.176916,0.920754,-0.225401,0.318444,0.000000,-0.830449,1.362505,0.101892,0.105417,-0.151487,0.388240,-0.190001,-0.100343,0.973632,-0.076623,0.228431,0.191258,0.000000,1,0.065269,13.016582,-10.028378,71.273148,-3.932783,79.331225,0.067999
6.491666,0.033333,1,-0.855506,1.532234,0.492621,0.012980,-0.186854,0.213677,-0.958780,0.292379,-0.075471,0.201478,-0.171114,0.072083,0.763067,0.619074,-0.174935,-0.969458,-0.171895,0.920121,-0.223104,0.321872,0.097514,-0.830449,1.362505,0.101892,0.105469,-0.150371,0.385188,-0.191335,-0.097753,0.973706,-0.075707,0.227322,0.202126,0.000000,1,0.038094,12.956769,-9.369379,71.136941,-3.954943,78.989279,0.064599
6.525000,0.066667,1,-0.856053,1.531529,0.489584,0.010117,-0.186797,0.214052,-0.958742,0.293260,-0.075478,0.198438,-0.169786,0.074620,0.762866,0.619387,-0.175066,-0.970357,-0.166610,0.919679,-0.221584,0.324177,0.094951,-0.830449,1.362505,0.101892,0.105608,-0.149290,0.382216,-0.192119,-0.095012,0.973857,-0.075272,0.213485,0.074873,0.000000,1,0.037617,12.913895,-8.720367,70.991173,-3.980677,78.643272,0.061369
6.558333,0.100000,1,-0.856570,1.530881,0.486657,0.006965,-0.187193,0.214100,-0.958682,0.294079,-0.075495,0.195508,-0.168734,0.077618,0.762792,0.619397,-0.175752,-0.971136,-0.161265,0.918749,-0.220645,0.327439,0.091284,-0.830449,1.362505,0.101892,0.105752,-0.148278,0.379350,-0.193429,-0.092120,0.973887,-0.075124,0.317129,0.194994,0.000000,1,0.037277,12.876222,-8.097938,70.851030,-4.005244,78.309011,0.058301
6.591666,0.133333,1,-0.856990,1.530313,0.483791,0.003408,-0.188789,0.213872,-0.958439,0.294775,-0.075483,0.192640,-0.168577,0.081512,0.762680,0.619078,-0.176649,-0.971798,-0.156215,0.916834,-0.220197,0.333060,0.088532,-0.830449,1.362505,0.101892,0.105859,-0.147392,0.376537,-0.196007,-0.089188,0.973643,-0.075145,0.315662,0.187471,0.000000,1,0.036670,12.839598,-7.500963,70.728831,-4.026941,77.992637,0.055386
6.625000,0.166667,1,-0.857333,1.529814,0.480880,-0.000293,-0.190192,0.213564,-0.958236,0.295371,-0.075451,0.189726,-0.168182,0.085450,0.762639,0.618705,-0.177839,-0.972438,-0.150787,0.914954,-0.219806,0.338444,0.089214,-0.830449,1.362505,0.101892,0.105944,-0.146602,0.373672,-0.198447,-0.086059,0.973421,-0.075256,0.295029,0.197861,0.000000,1,0.035339,12.804650,-6.906957,70.620704,-4.046285,77.682104,0.052616
6.658333,0.200000,1,-0.857707,1.529320,0.477903,-0.004607,-0.191600,0.212836,-0.958107,0.295981,-0.075447,0.186747,-0.167516,0.089937,0.762851,0.617987,-0.180062,-0.972996,-0.144420,0.912732,-0.220008,0.344263,0.091232,-0.830449,1.362505,0.101892,0.106058,-0.145795,0.370742,-0.201085,-0.082338,0.973162,-0.075775,0.271459,0.086677,0.000000,1,0.033923,12.774486,-6.298812,70.505226,-4.065154,77.358756,0.049986
6.691666,0.233333,1,-0.858150,1.528859,0.474971,-0.010252,-0.193985,0.211503,-0.957878,0.296605,-0.075517,0.183813,-0.167133,0.096051,0.763246,0.616681,-0.183542,-0.973466,-0.136661,0.909253,-0.220957,0.352757,0.090016,-0.830449,1.362505,0.101892,0.106247,-0.144979,0.367861,-0.205064,-0.077620,0.972640,-0.076785,0.246156,0.127593,0.000000,1,0.033346,12.756754,-5.695329,70.380388,-4.086608,77.030450,0.047486
6.725000,0.266667,1,-0.858646,1.528547,0.472083,-0.014955,-0.195684,0.210606,-0.957669,0.297143,-0.075720,0.180923,-0.166555,0.101016,0.763463,0.615776,-0.186160,-0.973893,-0.129911,0.906594,-0.221232,0.359365,0.088393,-0.830449,1.362505,0.101892,0.106563,-0.144259,0.365021,-0.208097,-0.073609,0.972256,-0.077425,0.230594,0.072241,0.000000,1,0.032817,12.764171,-5.105044,70.260743,-4.115072,76.708988,0.045112
6.758333,0.300000,1,-0.859074,1.528480,0.469054,-0.016440,-0.194202,0.211288,-0.957796,0.297444,-0.076016,0.177893,-0.164566,0.101686,0.763269,0.616440,-0.185839,-0.974487,-0.125850,0.907551,-0.219323,0.358118,0.091797,-0.830449,1.362505,0.101892,0.106965,-0.143769,0.362028,-0.207109,-0.071771,0.972653,-0.076815,0.171204,0.176269,0.000000,1,0.031051,12.795874,-4.509576,70.171456,-4.149555,76.399482,0.042856
6.791666,0.333333,1,-0.859425,1.528511,0.465968,-0.017385,-0.192285,0.212240,-0.957955,0.297619,-0.076308,0.174805,-0.162428,0.101678,0.762984,0.617361,-0.184965,-0.975103,-0.122316,0.909042,-0.217055,0.355711,0.093191,-0.830449,1.362505,0.101892,0.107361,-0.143401,0.358969,-0.205539,-0.070327,0.973157,-0.075982,0.120663,0.121950,0.000000,1,0.029781,12.832453,-3.914655,70.097823,-4.183490,76.097008,0.040714
6.825000,0.366667,1,-0.859703,1.528478,0.462957,-0.020373,-0.192493,0.212180,-0.957868,0.297803,-0.076506,0.171793,-0.161282,0.104444,0.762933,0.617262,-0.185951,-0.975550,-0.117155,0.908170,-0.216157,0.358474,0.090722,-0.830449,1.362505,0.101892,0.107660,-0.143025,0.355983,-0.206622,-0.067534,0.973129,-0.075938,0.086009,0.164977,0.000000,1,0.029345,12.854080,-3.333907,70.022915,-4.210250,75.798839,0.038678
6.858333,0.400000,1,-0.859894,1.528436,0.459896,-0.024099,-0.193306,0.211529,-0.957762,0.297941,-0.076626,0.168732,-0.160346,0.108140,0.763130,0.616625,-0.188124,-0.975811,-0.111367,0.906451,-0.216158,0.362797,0.091996,-0.830449,1.362505,0.101892,0.107882,-0.142688,0.352943,-0.208517,-0.064201,0.972913,-0.076419,0.094039,0.191100,0.000000,1,0.028051,12.865656,-2.749250,69.953764,-4.231515,75.500791,0.036744
6.891666,0.433333,1,-0.860011,1.528430,0.456892,-0.027688,-0.194397,0.210709,-0.957625,0.298005,-0.076710,0.165727,-0.159722,0.111837,0.763376,0.615823,-0.190502,-0.975935,-0.106112,0.904484,-0.216508,0.367469,0.090215,-0.830449,1.362505,0.101892,0.108062,-0.142426,0.349953,-0.210640,-0.061076,0.972607,-0.077050,0.094340,0.210536,0.000000,1,0.027547,12.874590,-2.181082,69.894244,-4.250144,75.214182,0.034907
6.925000,0.466667,1,-0.860137,1.528442,0.454039,-0.031028,-0.195607,0.209997,-0.957432,0.298062,-0.076813,0.162873,-0.159315,0.115365,0.763524,0.615093,-0.192557,-0.976037,-0.101362,0.902519,-0.216702,0.372156,0.085672,-0.830449,1.362505,0.101892,0.108256,-0.142183,0.347114,-0.212800,-0.058226,0.972271,-0.077563,0.070523,0.185567,0.000000,1,0.027905,12.887095,-1.640049,69.833377,-4.268907,74.938157,0.033161
6.958333,0.500000,1,-0.860310,1.528492,0.451308,-0.034747,-0.196394,0.209378,-0.957279,0.298117,-0.076976,0.160142,-0.158360,0.119043,0.763666,0.614464,-0.194713,-0.976193,-0.095574,0.900786,-0.216526,0.376431,0.082108,-0.830449,1.362505,0.101892,0.108508,-0.141953,0.344398,-0.214665,-0.054891,0.972019,-0.078001,0.222564,0.142296,0.000000,1,0.028152,12.909778,-1.119441,69.768696,-4.290319,74.668622,0.031503
6.991666,0.533333,1,-0.860520,1.528595,0.448594,-0.038401,-0.196381,0.208700,-0.957290,0.298152,-0.077200,0.157428,-0.156718,0.122306,0.763978,0.613855,-0.197243,-0.976279,-0.089301,0.899608,-0.216446,0.379283,0.081700,-0.830449,1.362505,0.101892,0.108817,-0.141746,0.341701,-0.215754,-0.051383,0.971925,-0.078566,0.226745,0.187188,0.000000,1,0.027644,12.943178,-0.601499,69.701538,-4.314490,74.398602,0.029928
7.025000,0.566667,1,-0.860631,1.528741,0.445786,-0.042107,-0.196443,0.207755,-0.957327,0.298093,-0.077371,0.154619,-0.155120,0.125649,0.764433,0.613018,-0.200292,-0.976205,-0.083108,0.898242,-0.216841,0.382283,0.084437,-0.830449,1.362505,0.101892,0.109074,-0.141625,0.338900,-0.216937,-0.047844,0.971775,-0.079391,0.236918,0.205473,0.000000,1,0.026212,12.972257,-0.074105,69.646339,-4.335541,74.130338,0.028432
7.058333,0.600000,1,-0.860677,1.528986,0.442925,-0.045532,-0.196588,0.206766,-0.957355,0.297914,-0.077550,0.151759,-0.153722,0.128777,0.764900,0.612139,-0.203311,-0.976042,-0.077506,0.896858,-0.217405,0.385201,0.086152,-0.830449,1.362505,0.101892,0.109334,-0.141619,0.336040,-0.218118,-0.044596,0.971594,-0.080259,0.091795,0.183409,0.000000,1,0.025218,13.007321,0.454703,69.604877,-4.357350,73.868526,0.027010
7.091666,0.633333,1,-0.860703,1.529299,0.440155,-0.048622,-0.196789,0.206005,-0.957326,0.297671,-0.077754,0.148989,-0.152523,0.131630,0.765214,0.611439,-0.205759,-0.975917,-0.072458,0.895610,-0.217632,0.387967,0.083622,-0.830449,1.362505,0.101892,0.109613,-0.141685,0.333268,-0.219244,-0.041688,0.971416,-0.080899,0.079739,0.190983,0.000000,1,0.025312,13.049051,0.963265,69.570763,-4.380575,73.619308,0.025660
7.125000,0.666667,1,-0.860689,1.529627,0.437507,-0.051610,-0.196660,0.205589,-0.957285,0.297391,-0.077935,0.146341,-0.151075,0.134246,0.765364,0.611043,-0.207607,-0.975902,-0.067195,0.894777,-0.217210,0.390120,0.080064,-0.830449,1.362505,0.101892,0.109866,-0.141795,0.330613,-0.220017,-0.038787,0.971335,-0.081218,0.112483,0.196555,0.000000,1,0.025584,13.088884,1.446919,69.542723,-4.402268,73.383978,0.024377
7.158333,0.700000,1,-0.860646,1.529949,0.434966,-0.054833,-0.196512,0.205384,-0.957180,0.297099,-0.078090,0.143801,-0.149504,0.137064,0.765361,0.610807,-0.209128,-0.975958,-0.061410,0.893992,-0.216258,0.392443,0.076852,-0.830449,1.362505,0.101892,0.110087,-0.141923,0.328064,-0.220834,-0.035659,0.971262,-0.081310,0.156562,0.207859,0.000000,1,0.025768,13.125044,1.910071,69.517121,-4.421957,73.158760,0.023158
7.191666,0.733333,1,-0.860614,1.530326,0.432480,-0.057537,-0.196314,0.204876,-0.957171,0.296771,-0.078286,0.141316,-0.148121,0.139395,0.765579,0.610342,-0.211085,-0.975825,-0.056640,0.893236,-0.216103,0.394244,0.075425,-0.830449,1.362505,0.101892,0.110347,-0.142093,0.325569,-0.221460,-0.033008,0.971177,-0.081734,0.152334,0.182891,0.000000,1,0.025759,13.169447,2.362055,69.494034,-4.443962,72.939893,0.022000
7.225000,0.766667,1,-0.860576,1.530713,0.430110,-0.060309,-0.196067,0.204436,-0.957145,0.296431,-0.078484,0.138947,-0.146663,0.141764,0.765752,0.609932,-0.212947,-0.975696,-0.051682,0.892530,-0.215773,0.396022,0.072055,-0.830449,1.362505,0.101892,0.110604,-0.142282,0.323189,-0.222057,-0.030278,0.971100,-0.082088,0.138952,0.192485,0.000000,1,0.026136,13.214770,2.792603,69.472881,-4.465757,72.731390,0.020900
7.258333,0.800000,1,-0.860511,1.531055,0.427839,-0.062876,-0.196059,0.204199,-0.957032,0.296111,-0.078633,0.136677,-0.145511,0.144057,0.765757,0.609664,-0.214272,-0.975633,-0.047198,0.891785,-0.215114,0.398051,0.068926,-0.830449,1.362505,0.101892,0.110810,-0.142456,0.320907,-0.222813,-0.027817,0.970989,-0.082221,0.139132,0.195861,0.000000,1,0.026248,13.251648,3.205937,69.450740,-4.484077,72.529827,0.019855
7.291666,0.833333,1,-0.860465,1.531400,0.425561,-0.065325,-0.196292,0.203907,-0.956882,0.295800,-0.078800,0.134399,-0.144627,0.146352,0.765754,0.609331,-0.215597,-0.975529,-0.043143,0.890863,-0.214593,0.400391,0.069137,-0.830449,1.362505,0.101892,0.111035,-0.142621,0.318620,-0.223765,-0.025538,0.970818,-0.082392,0.163440,0.171431,0.000000,1,0.025655,13.291281,3.622995,69.423408,-4.502996,72.324313,0.018862
7.325000,0.866667,1,-0.860386,1.531692,0.423288,-0.068288,-0.196557,0.203773,-0.956650,0.295511,-0.078909,0.132128,-0.143542,0.149123,0.765607,0.609101,-0.216783,-0.975475,-0.038132,0.889853,-0.213516,0.403202,0.068775,-0.830449,1.362505,0.101892,0.111202,-0.142761,0.316338,-0.224895,-0.022779,0.970627,-0.082375,0.165471,0.188545,0.000000,1,0.024980,13.320995,4.040696,69.392350,-4.517929,72.116781,0.017919
7.358333,0.900000,1,-0.860229,1.531955,0.420957,-0.070957,-0.197151,0.203433,-0.956405,0.295199,-0.078937,0.129798,-0.142884,0.151775,0.765541,0.608683,-0.218177,-0.975317,-0.034000,0.888572,-0.212937,0.406322,0.070528,-0.830449,1.362505,0.101892,0.111290,-0.142918,0.313993,-0.226256,-0.020394,0.970349,-0.082549,0.160874,0.185790,0.000000,1,0.023826,13.338969,4.467538,69.363524,-4.528043,71.906787,0.017023
7.391666,0.933333,1,-0.860025,1.532172,0.418544,-0.074118,-0.198253,0.202576,-0.956120,0.294895,-0.078900,0.127385,-0.142460,0.155094,0.765670,0.607783,-0.220610,-0.974912,-0.029627,0.886533,-0.213091,0.410671,0.072954,-0.830449,1.362505,0.101892,0.111316,-0.143058,0.311566,-0.228260,-0.017676,0.969879,-0.083179,0.155134,0.167873,0.000000,1,0.022448,13.346343,4.911101,69.330178,-4.533953,71.687689,0.016172
7.425000,0.966667,1,-0.859856,1.532341,0.416161,-0.078312,-0.199523,0.201543,-0.955740,0.294649,-0.078863,0.125003,-0.141726,0.159412,0.765794,0.606680,-0.223705,-0.974370,-0.023641,0.883999,-0.213054,0.416118,0.071851,-0.830449,1.362505,0.101892,0.111342,-0.143142,0.309172,-0.230734,-0.014016,0.969290,-0.083922,0.145605,0.171347,0.000000,1,0.022007,13.351407,5.354740,69.285117,-4.538940,71.462823,0.015363
7.458333,1.000000,1,-0.859834,1.532438,0.413837,-0.081367,-0.199580,0.201019,-0.955583,0.294552,-0.078898,0.122679,-0.140414,0.162170,0.765888,0.606135,-0.225768,-0.974006,-0.018488,0.882922,-0.212601,0.418628,0.069777,-0.830449,1.362505,0.101892,0.111446,-0.143085,0.306850,-0.231703,-0.011100,0.969063,-0.084303,0.149016,0.177782,0.000000,1,0.021816,13.362807,5.800308,69.212596,-4.546472,71.223314,0.014595
7.491666,1.033333,1,-0.859888,1.532492,0.411632,-0.084343,-0.199175,0.200788,-0.955458,0.294533,-0.078970,0.120474,-0.138724,0.164653,0.765879,0.605867,-0.227361,-0.973724,-0.012977,0.882359,-0.211629,0.420305,0.066207,-0.830449,1.362505,0.101892,0.111586,-0.142960,0.304651,-0.232203,-0.008132,0.968962,-0.084427,0.155281,0.155267,0.000000,1,0.021954,13.377092,6.230012,69.127723,-4.554855,70.984404,0.013865
7.525000,1.066667,1,-0.859889,1.532517,0.409514,-0.087484,-0.199345,0.200783,-0.955141,0.294506,-0.078982,0.118356,-0.137475,0.167540,0.765598,0.605715,-0.228420,-0.973533,-0.007538,0.881403,-0.210080,0.423078,0.063535,-0.830449,1.362505,0.101892,0.111662,-0.142845,0.302537,-0.233289,-0.005175,0.968736,-0.084260,0.153821,0.196918,0.000000,1,0.021840,13.382115,6.641205,69.047855,-4.559253,70.756096,0.013172
7.558333,1.100000,1,-0.859823,1.532495,0.407336,-0.090834,-0.199780,0.200572,-0.954782,0.294476,-0.078911,0.116179,-0.136370,0.170731,0.765372,0.605360,-0.229885,-0.973216,-0.002040,0.880085,-0.208781,0.426451,0.065361,-0.830449,1.362505,0.101892,0.111659,-0.142726,0.300362,-0.234693,-0.002093,0.968408,-0.084265,0.159882,0.169581,0.000000,1,0.020710,13.374241,7.062760,68.967196,-4.558449,70.523463,0.012514
7.591666,1.133333,1,-0.859722,1.532518,0.404976,-0.095024,-0.200988,0.199756,-0.954291,0.294390,-0.078840,0.113819,-0.135583,0.175019,0.765300,0.604402,-0.232630,-0.972557,0.004040,0.877639,-0.208133,0.431777,0.070875,-0.830449,1.362505,0.101892,0.111658,-0.142651,0.298001,-0.237098,0.001580,0.967779,-0.084769,0.151100,0.131388,0.000000,1,0.019196,13.368740,7.517059,68.884983,-4.557826,70.277252,0.011888
7.625000,1.166667,1,-0.859662,1.532582,0.402497,-0.099710,-0.202294,0.199046,-0.953685,0.294294,-0.078826,0.111341,-0.134663,0.179794,0.765077,0.603488,-0.235337,-0.971852,0.010952,0.875006,-0.206954,0.437647,0.074405,-0.830449,1.362505,0.101892,0.111717,-0.142580,0.295522,-0.239739,0.005697,0.967082,-0.085123,0.153899,0.175424,0.000000,1,0.018372,13.373214,7.996273,68.793340,-4.560369,70.016778,0.011294
7.658333,1.200000,1,-0.859651,1.532610,0.400074,-0.104092,-0.202919,0.198564,-0.953185,0.294257,-0.078829,0.108917,-0.133267,0.183993,0.764846,0.602824,-0.237685,-0.971176,0.017973,0.873095,-0.205499,0.442127,0.072707,-0.830449,1.362505,0.101892,0.111794,-0.142455,0.293103,-0.241635,0.009719,0.966561,-0.085316,0.144887,0.207453,0.000000,1,0.018156,13.378311,8.470061,68.690590,-4.562944,69.753436,0.010729
7.691666,1.233333,1,-0.859585,1.532614,0.397638,-0.107701,-0.203186,0.198410,-0.952759,0.294205,-0.078775,0.106481,-0.131897,0.187342,0.764534,0.602489,-0.239220,-0.970667,0.024064,0.871828,-0.203819,0.445392,0.073120,-0.830449,1.362505,0.101892,0.111814,-0.142341,0.290668,-0.242953,0.013099,0.966196,-0.085246,0.149324,0.206403,0.000000,1,0.017507,13.374904,8.945050,68.588872,-4.561928,69.490813,0.010192
7.725000,1.266667,1,-0.859436,1.532589,0.395140,-0.110966,-0.203796,0.198055,-0.952328,0.294127,-0.078635,0.103984,-0.130987,0.190536,0.764308,0.601973,-0.240941,-0.970101,0.029166,0.870270,-0.202649,0.448957,0.075061,-0.830449,1.362505,0.101892,0.111750,-0.142246,0.288169,-0.244503,0.016053,0.965750,-0.085364,0.151614,0.222055,0.000000,1,0.016650,13.358988,9.429546,68.488866,-4.555910,69.225927,0.009683
7.758333,1.300000,1,-0.859192,1.532586,0.392577,-0.114165,-0.204882,0.197126,-0.951909,0.293973,-0.078434,0.101422,-0.130532,0.193881,0.764351,0.600949,-0.243644,-0.969287,0.033481,0.868056,-0.202541,0.453273,0.077234,-0.830449,1.362505,0.101892,0.111622,-0.142218,0.285598,-0.246502,0.018818,0.965134,-0.086024,0.147293,0.158767,0.000000,1,0.015937,13.336025,9.922075,68.396512,-4.546746,68.962633,0.009199
7.791666,1.333333,1,-0.858868,1.532622,0.389989,-0.116910,-0.205728,0.196163,-0.951592,0.293741,-0.078192,0.098835,-0.130066,0.196713,0.764499,0.599940,-0.246310,-0.968478,0.037162,0.866136,-0.202752,0.456837,0.078272,-0.830449,1.362505,0.101892,0.111451,-0.142266,0.282995,-0.248141,0.021217,0.964597,-0.086763,0.183889,0.147174,0.000000,1,0.015431,13.309507,10.415218,68.313285,-4.535770,68.704767,0.008739
7.825000,1.366667,1,-0.858508,1.532627,0.387461,-0.119583,-0.205403,0.196068,-0.951350,0.293512,-0.077902,0.096308,-0.128582,0.198960,0.764324,0.599742,-0.247553,-0.967959,0.042093,0.865629,-0.201449,0.458372,0.076608,-0.830449,1.362505,0.101892,0.111231,-0.142313,0.280451,-0.248619,0.023873,0.964415,-0.086728,0.183105,0.212303,0.000000,1,0.015025,13.275081,10.896941,68.231184,-4.521825,68.452860,0.008302
7.858333,1.400000,1,-0.858194,1.532634,0.385008,-0.123224,-0.205135,0.196226,-0.950910,0.293309,-0.077651,0.093857,-0.126719,0.202100,0.763860,0.599680,-0.248652,-0.967363,0.048800,0.864924,-0.199079,0.460733,0.074168,-0.830449,1.362505,0.101892,0.111048,-0.142340,0.277986,-0.249429,0.027436,0.964144,-0.086368,0.162956,0.167483,0.000000,1,0.015059,13.245721,11.367109,68.143859,-4.509657,68.203827,0.007887
7.891666,1.433333,1,-0.857924,1.532678,0.382641,-0.127074,-0.205109,0.195999,-0.950456,0.293103,-0.077458,0.091491,-0.124978,0.205533,0.763555,0.599267,-0.250520,-0.966520,0.055483,0.863772,-0.197271,0.463662,0.071488,-0.830449,1.362505,0.101892,0.110921,-0.142378,0.275607,-0.250540,0.031135,0.963744,-0.086361,0.139617,0.111785,0.000000,1,0.015209,13.225940,11.822100,68.056194,-4.500715,67.961709,0.007492
7.925000,1.466667,1,-0.857638,1.532747,0.380382,-0.130164,-0.205421,0.195451,-0.950083,0.292869,-0.077266,0.089233,-0.123880,0.208437,0.763467,0.598604,-0.252655,-0.965670,0.060386,0.862386,-0.196455,0.466579,0.068337,-0.830449,1.362505,0.101892,0.110790,-0.142452,0.273334,-0.251760,0.034014,0.963299,-0.086693,0.176805,0.131748,0.000000,1,0.015171,13.207419,12.254737,67.975980,-4.491938,67.733230,0.007118
7.958333,1.500000,1,-0.857380,1.532855,0.378195,-0.132676,-0.206204,0.194957,-0.949668,0.292619,-0.077121,0.087047,-0.123460,0.211032,0.763317,0.597972,-0.254375,-0.964992,0.063904,0.860776,-0.195791,0.469821,0.066152,-0.830449,1.362505,0.101892,0.110703,-0.142548,0.271132,-0.253254,0.036201,0.962803,-0.086963,0.231782,0.136676,0.000000,1,0.015325,13.197035,12.673712,67.897826,-4.485860,67.512248,0.006762
7.991666,1.533333,1,-0.857200,1.532978,0.376156,-0.135196,-0.206764,0.194657,-0.949252,0.292406,-0.077047,0.085009,-0.122838,0.213537,0.763080,0.597513,-0.255779,-0.964361,0.067713,0.859439,-0.194760,0.472686,0.061522,-0.830449,1.362505,0.101892,0.110684,-0.142621,0.269083,-0.254534,0.038459,0.962370,-0.087052,0.140141,0.151106,0.000000,1,0.015726,13.196798,13.067200,67.817138,-4.483373,67.300934,0.006424
8.025000,1.566667,1,-0.857101,1.533045,0.374306,-0.137355,-0.206865,0.194519,-0.948948,0.292287,-0.077005,0.083160,-0.121966,0.215515,0.762870,0.597250,-0.256834,-0.963819,0.071343,0.858677,-0.193693,0.474508,0.055606,-0.830449,1.362505,0.101892,0.110694,-0.142614,0.267230,-0.255268,0.040500,0.962093,-0.087040,0.131849,0.234916,0.000000,1,0.016027,13.197951,13.429097,67.729773,-4.481537,67.099267,0.006103
8.058333,1.600000,1,-0.857067,1.533062,0.372587,-0.139092,-0.206322,0.194472,-0.948823,0.292246,-0.076985,0.081441,-0.120704,0.216827,0.762779,0.597148,-0.257690,-0.963327,0.074814,0.858639,-0.192802,0.474938,0.051587,-0.830449,1.362505,0.101892,0.110726,-0.142539,0.265512,-0.255262,0.042324,0.962017,-0.087022,0.133869,0.204483,0.000000,1,0.016162,13.199673,13.769824,67.635574,-4.479955,66.903077,0.005797
8.091666,1.633333,1,-0.857046,1.533095,0.370959,-0.141258,-0.206336,0.194457,-0.948503,0.292202,-0.076985,0.079813,-0.119752,0.218771,0.762499,0.596987,-0.258531,-0.962801,0.078586,0.858008,-0.191491,0.476607,0.048853,-0.830449,1.362505,0.101892,0.110775,-0.142474,0.263886,-0.255911,0.044395,0.961763,-0.086891,0.139312,0.226716,0.000000,1,0.016319,13.204860,14.092606,67.545190,-4.479310,66.716693,0.005508
8.125000,1.666667,1,-0.857030,1.533177,0.369362,-0.143200,-0.206173,0.194560,-0.948226,0.292121,-0.077018,0.078216,-0.118739,0.220437,0.762205,0.596952,-0.259098,-0.962349,0.082173,0.857651,-0.190111,0.477800,0.047979,-0.830449,1.362505,0.101892,0.110855,-0.142449,0.262288,-0.256321,0.046302,0.961584,-0.086669,0.138566,0.203455,0.000000,1,0.016408,13.216910,14.407933,67.459674,-4.480714,66.536683,0.005232
8.158333,1.700000,1,-0.856981,1.533259,0.367750,-0.144492,-0.205326,0.194635,-0.948199,0.292021,-0.077025,0.076604,-0.117405,0.221216,0.762146,0.597004,-0.259604,-0.961952,0.085173,0.858064,-0.189300,0.477380,0.048451,-0.830449,1.362505,0.101892,0.110908,-0.142441,0.260674,-0.255894,0.047785,0.961633,-0.086582,0.135250,0.174385,0.000000,1,0.016125,13.225456,14.725137,67.375899,-4.480642,66.357695,0.004971
8.191666,1.733333,1,-0.856809,1.533327,0.366139,-0.146368,-0.205409,0.194382,-0.947945,0.291858,-0.076926,0.074994,-0.116643,0.222930,0.762032,0.596661,-0.260780,-0.961356,0.088256,0.857342,-0.188596,0.478953,0.048655,-0.830449,1.362505,0.101892,0.110852,-0.142492,0.259054,-0.256529,0.049563,0.961363,-0.086702,0.132380,0.219945,0.000000,1,0.015665,13.219001,15.037527,67.304721,-4.474942,66.187738,0.004722
8.225000,1.766667,1,-0.856489,1.533400,0.364563,-0.148640,-0.206337,0.193819,-0.947505,0.291601,-0.076712,0.073420,-0.116461,0.225377,0.761891,0.595957,-0.262545,-0.960603,0.091168,0.855613,-0.188082,0.482236,0.048271,-0.830449,1.362505,0.101892,0.110676,-0.142633,0.257461,-0.258093,0.051481,0.960814,-0.087031,0.135574,0.177868,0.000000,1,0.015282,13.197122,15.336414,67.253462,-4.463463,66.033857,0.004486
8.258333,1.800000,1,-0.856141,1.533508,0.362964,-0.150962,-0.206709,0.193114,-0.947201,0.291300,-0.076496,0.071822,-0.115758,0.227620,0.761934,0.595185,-0.264710,-0.959682,0.094551,0.854286,-0.187888,0.484658,0.049211,-0.830449,1.362505,0.101892,0.110498,-0.142816,0.255841,-0.259148,0.053612,0.960366,-0.087550,0.139744,0.237734,0.000000,1,0.015106,13.176463,15.638326,67.206187,-4.452366,65.881734,0.004262
8.291666,1.833333,1,-0.855784,1.533692,0.361258,-0.153712,-0.207036,0.192320,-0.946848,0.290933,-0.076318,0.070117,-0.114824,0.230225,0.761974,0.594312,-0.267216,-0.958572,0.098664,0.852831,-0.187579,0.487334,0.052577,-0.830449,1.362505,0.101892,0.110358,-0.143061,0.254111,-0.260287,0.056167,0.959859,-0.088130,0.124345,0.212569,0.000000,1,0.015011,13.164746,15.959578,67.158910,-4.444334,65.723311,0.004049
8.325000,1.866667,1,-0.855361,1.533954,0.359462,-0.156052,-0.207780,0.191472,-0.946474,0.290463,-0.076134,0.068323,-0.114447,0.232650,0.762019,0.593382,-0.269599,-0.957590,0.101678,0.851085,-0.187544,0.490390,0.055904,-0.830449,1.362505,0.101892,0.110210,-0.143401,0.252285,-0.261705,0.058210,0.959294,-0.088755,0.142966,0.225837,0.000000,1,0.014934,13.156066,16.294639,67.119577,-4.437193,65.564752,0.003846
8.358333,1.900000,1,-0.854933,1.534272,0.357708,-0.157780,-0.208072,0.190701,-0.946279,0.289945,-0.075980,0.066572,-0.113938,0.234325,0.762190,0.592602,-0.271682,-0.956747,0.104039,0.849953,-0.187829,0.492239,0.055000,-0.830449,1.362505,0.101892,0.110089,-0.143793,0.250498,-0.262510,0.059796,0.958918,-0.089384,0.154222,0.216231,0.000000,1,0.015188,13.154012,16.620422,67.087118,-4.432402,65.414157,0.003654
8.391666,1.933333,1,-0.854545,1.534606,0.356069,-0.159675,-0.208313,0.189726,-0.946104,0.289439,-0.075868,0.064934,-0.113309,0.236126,0.762469,0.591647,-0.274229,-0.955736,0.106618,0.848715,-0.188396,0.494155,0.051532,-0.830449,1.362505,0.101892,0.110007,-0.144182,0.248827,-0.263324,0.061559,0.958505,-0.090213,0.152058,0.222608,0.000000,1,0.015527,13.158393,16.925212,67.057221,-4.430098,65.273584,0.003471
8.425000,1.966667,1,-0.854208,1.534925,0.354517,-0.161530,-0.208328,0.188835,-0.945965,0.288976,-0.075788,0.063384,-0.112494,0.237792,0.762742,0.590784,-0.276639,-0.954731,0.109359,0.847730,-0.188860,0.495667,0.048573,-0.830449,1.362505,0.101892,0.109956,-0.144536,0.247248,-0.263908,0.063351,0.958156,-0.090978,0.146714,0.195098,0.000000,1,0.015728,13.166200,17.215302,67.024218,-4.429331,65.137640,0.003298
8.458333,2.000000,1,-0.853954,1.535246,0.353105,-0.163814,-0.208534,0.188249,-0.945643,0.288562,-0.075775,0.061973,-0.111660,0.239926,0.762716,0.590112,-0.278600,-0.953756,0.112837,0.846595,-0.188407,0.497775,0.044112,-0.830449,1.362505,0.101892,0.109970,-0.144854,0.245812,-0.264789,0.065491,0.957730,-0.091383,0.141470,0.212440,0.000000,1,0.016182,13.183030,17.481166,66.989510,-4.432010,65.010630,0.003133
8.491666,2.033333,1,-0.853806,1.535583,0.351842,-0.166377,-0.209078,0.187956,-0.945134,0.288199,-0.075858,0.060711,-0.111005,0.242462,0.762392,0.589617,-0.280059,-0.952868,0.116661,0.845210,-0.187127,0.500603,0.039474,-0.830449,1.362505,0.101892,0.110076,-0.145135,0.244531,-0.266064,0.067796,0.957211,-0.091438,0.144097,0.220465,0.000000,1,0.016790,13.213701,17.720910,66.952818,-4.439764,64.893134,0.002976
8.525000,2.066667,1,-0.853751,1.535934,0.350625,-0.168255,-0.209290,0.187926,-0.944760,0.287882,-0.076023,0.059495,-0.110357,0.244238,0.762071,0.589420,-0.280810,-0.952268,0.119717,0.844454,-0.185863,0.502347,0.038029,-0.830449,1.362505,0.101892,0.110265,-0.145378,0.243302,-0.266816,0.069537,0.956889,-0.091306,0.140372,0.234862,0.000000,1,0.017100,13.256334,17.954780,66.908425,-4.451909,64.774658,0.002827
8.558333,2.100000,1,-0.853709,1.536276,0.349342,-0.169456,-0.209257,0.187936,-0.944551,0.287579,-0.076192,0.058213,-0.109792,0.245297,0.761880,0.589333,-0.281264,-0.951866,0.121827,0.844139,-0.185031,0.503182,0.039845,-0.830449,1.362505,0.101892,0.110462,-0.145601,0.242007,-0.267134,0.070697,0.956725,-0.091207,0.151145,0.228676,0.000000,1,0.016965,13.299391,18.203260,66.855619,-4.464300,64.647130,0.002686
8.591666,2.133333,1,-0.853606,1.536654,0.347933,-0.170937,-0.208944,0.187858,-0.944369,0.287211,-0.076335,0.056805,-0.108852,0.246483,0.761752,0.589179,-0.282039,-0.951276,0.124609,0.843956,-0.184229,0.503783,0.043886,-0.830449,1.362505,0.101892,0.110633,-0.145880,0.240581,-0.267272,0.072210,0.956574,-0.091202,0.145666,0.197873,0.000000,1,0.016903,13.340948,18.474640,66.803325,-4.475979,64.512173,0.002552
8.625000,2.166667,1,-0.853457,1.537117,0.346546,-0.173262,-0.208996,0.187521,-0.944000,0.286746,-0.076492,0.055419,-0.107861,0.248587,0.761573,0.588709,-0.283576,-0.950314,0.128402,0.843063,-0.183254,0.505632,0.044091,-0.830449,1.362505,0.101892,0.110813,-0.146258,0.239173,-0.268012,0.074432,0.956182,-0.091358,0.151757,0.220955,0.000000,1,0.017262,13.388585,18.737898,66.765364,-4.489454,64.388466,0.002424
8.658333,2.200000,1,-0.853348,1.537591,0.345320,-0.176021,-0.209248,0.187189,-0.943500,0.286298,-0.076688,0.054195,-0.106857,0.251167,0.761273,0.588183,-0.285244,-0.949214,0.132770,0.841858,-0.181911,0.508117,0.039568,-0.830449,1.362505,0.101892,0.111029,-0.146631,0.237926,-0.269067,0.077010,0.955672,-0.091455,0.136225,0.167724,0.000000,1,0.017620,13.442071,18.970249,66.734166,-4.505055,64.280295,0.002303
8.691666,2.233333,1,-0.853395,1.537970,0.344272,-0.177933,-0.208835,0.187252,-0.943220,0.286020,-0.076952,0.053147,-0.105635,0.252694,0.760994,0.588111,-0.285934,-0.948485,0.136450,0.841712,-0.180542,0.508848,0.033456,-0.830449,1.362505,0.101892,0.111313,-0.146850,0.236870,-0.269231,0.078964,0.955483,-0.091279,0.146505,0.212096,0.000000,1,0.017742,13.499996,19.174947,66.687177,-4.522813,64.174623,0.002188
8.725000,2.266667,1,-0.853659,1.538237,0.343298,-0.178438,-0.207738,0.187922,-0.943234,0.285963,-0.077321,0.052173,-0.104428,0.252658,0.760705,0.588716,-0.285017,-0.948447,0.138610,0.842909,-0.179156,0.507353,0.031308,-0.830449,1.362505,0.101892,0.111709,-0.146858,0.235905,-0.268317,0.079755,0.955733,-0.090660,0.165953,0.195751,0.000000,1,0.017678,13.566748,19.375689,66.607717,-4.544325,64.054221,0.002078
8.758333,2.300000,1,-0.854119,1.538398,0.342342,-0.179146,-0.206774,0.188919,-0.943112,0.286107,-0.077783,0.051215,-0.103250,0.252864,0.760150,0.589552,-0.283536,-0.948512,0.141182,0.844080,-0.176977,0.506171,0.032194,-0.830449,1.362505,0.101892,0.112207,-0.146671,0.234973,-0.267578,0.080696,0.955954,-0.089681,0.162086,0.215851,0.000000,1,0.017565,13.641230,19.582944,66.494598,-4.568924,63.914702,0.001974
8.791666,2.333333,1,-0.854708,1.538460,0.341486,-0.180514,-0.206270,0.189930,-0.942759,0.286409,-0.078290,0.050357,-0.102189,0.253865,0.759381,0.590296,-0.282215,-0.948404,0.144511,0.844636,-0.174206,0.506204,0.031244,-0.830449,1.362505,0.101892,0.112753,-0.146334,0.234152,-0.267468,0.082137,0.955963,-0.088592,0.159648,0.194348,0.000000,1,0.017448,13.716672,19.777396,66.362759,-4.593816,63.770733,0.001876
8.825000,2.366667,1,-0.855420,1.538415,0.340793,-0.181628,-0.205819,0.190885,-0.942450,0.286871,-0.078829,0.049661,-0.101289,0.254663,0.758679,0.591011,-0.280893,-0.948364,0.147326,0.845186,-0.171706,0.506140,0.029825,-0.830449,1.362505,0.101892,0.113333,-0.145851,0.233505,-0.267336,0.083319,0.955992,-0.087575,0.146832,0.192678,0.000000,1,0.017297,13.790885,19.945950,66.217679,-4.618073,63.629798,0.001782
8.858333,2.400000,1,-0.856232,1.538252,0.340208,-0.182539,-0.205410,0.191974,-0.942142,0.287488,-0.079379,0.049073,-0.100516,0.255298,0.757916,0.591846,-0.279229,-0.948463,0.149829,0.845817,-0.169081,0.505969,0.030421,-0.830449,1.362505,0.101892,0.113926,-0.145221,0.232976,-0.267180,0.084293,0.956054,-0.086434,0.156480,0.176099,0.000000,1,0.017125,13.860276,20.099296,66.056925,-4.640367,63.486662,0.001693
8.891666,2.433333,1,-0.857088,1.538001,0.339585,-0.182950,-0.204700,0.193245,-0.941957,0.288202,-0.079911,0.048447,-0.099698,0.255351,0.757182,0.592901,-0.277059,-0.948783,0.151817,0.846952,-0.166529,0.504916,0.032651,-0.830449,1.362505,0.101892,0.114507,-0.144492,0.232415,-0.266586,0.084871,0.956281,-0.085175,0.174688,0.099328,0.000000,1,0.017100,13.922892,20.264419,65.878932,-4.659822,63.330814,0.001608
8.925000,2.466667,1,-0.857920,1.537682,0.338873,-0.183183,-0.203885,0.194374,-0.941857,0.288955,-0.080382,0.047731,-0.098864,0.255198,0.756587,0.593866,-0.275099,-0.949082,0.153508,0.848162,-0.164396,0.503583,0.034214,-0.830449,1.362505,0.101892,0.115032,-0.143715,0.231766,-0.265845,0.085311,0.956545,-0.084083,0.166499,0.160098,0.000000,1,0.017199,13.973875,20.448890,65.689973,-4.674560,63.162778,0.001528
8.958333,2.500000,1,-0.858648,1.537252,0.338046,-0.184517,-0.203657,0.195100,-0.941495,0.289734,-0.080703,0.046901,-0.098066,0.256292,0.755940,0.594351,-0.274261,-0.948854,0.156390,0.848320,-0.162124,0.504053,0.035495,-0.830449,1.362505,0.101892,0.115411,-0.142897,0.231000,-0.265996,0.086644,0.956455,-0.083258,0.163109,0.167718,0.000000,1,0.017281,13.999009,20.656125,65.493635,-4.679746,62.983006,0.001451
8.991666,2.533333,1,-0.859258,1.536724,0.337039,-0.186403,-0.203941,0.195581,-0.940962,0.290519,-0.080870,0.045891,-0.097479,0.258107,0.755249,0.594540,-0.274040,-0.948371,0.159668,0.847731,-0.159806,0.505781,0.038707,-0.830449,1.362505,0.101892,0.115643,-0.142054,0.230051,-0.266801,0.088363,0.956132,-0.082590,0.165224,0.191610,0.000000,1,0.017608,13.998901,20.898170,65.287945,-4.675674,62.786302,0.001379
9.025000,2.566667,1,-0.859777,1.536094,0.335918,-0.188231,-0.204358,0.195588,-0.940506,0.291330,-0.080904,0.044767,-0.097038,0.259929,0.754838,0.594339,-0.274689,-0.947706,0.162477,0.846814,-0.158395,0.507756,0.041577,-0.830449,1.362505,0.101892,0.115746,-0.141172,0.228987,-0.267730,0.089995,0.955737,-0.082394,0.154370,0.192582,0.000000,1,0.017990,13.975866,21.162676,65.074120,-4.663276,62.577790,0.001310
9.058333,2.600000,1,-0.860245,1.535375,0.334777,-0.188840,-0.204079,0.195982,-0.940363,0.292183,-0.080842,0.043623,-0.096517,0.260351,0.754533,0.594627,-0.274207,-0.947588,0.163973,0.847075,-0.157272,0.507670,0.042849,-0.830449,1.362505,0.101892,0.115757,-0.140242,0.227903,-0.267631,0.090654,0.955739,-0.081968,0.169898,0.128881,0.000000,1,0.018269,13.935818,21.432046,64.855417,-4.644636,62.365493,0.001244
9.091666,2.633333,1,-0.860724,1.534606,0.333672,-0.188760,-0.202861,0.197163,-0.940396,0.293081,-0.080760,0.042515,-0.095462,0.259738,0.754034,0.595698,-0.272062,-0.947943,0.165487,0.848762,-0.155360,0.505436,0.042871,-0.830449,1.362505,0.101892,0.115747,-0.139269,0.226856,-0.266415,0.090910,0.956146,-0.080885,0.168971,0.119524,0.000000,1,0.018529,13.890708,21.695825,64.632800,-4.623798,62.153778,0.001182
9.125000,2.666667,1,-0.861196,1.533773,0.332724,-0.189446,-0.201841,0.198201,-0.940259,0.294027,-0.080633,0.041564,-0.094244,0.259899,0.753446,0.596565,-0.270458,-0.947946,0.168078,0.849971,-0.153126,0.504085,0.040405,-0.830449,1.362505,0.101892,0.115691,-0.138257,0.225969,-0.265615,0.091846,0.956365,-0.079864,0.156867,0.199682,0.000000,1,0.018234,13.836609,21.929137,64.416926,-4.599415,61.956677,0.001123
9.158333,2.700000,1,-0.861771,1.532822,0.331898,-0.190631,-0.201540,0.198801,-0.939957,0.295130,-0.080519,0.040735,-0.093446,0.260826,0.752908,0.596965,-0.269801,-0.947666,0.170696,0.850173,-0.151205,0.504325,0.041544,-0.830449,1.362505,0.101892,0.115650,-0.137097,0.225214,-0.265656,0.093060,0.956293,-0.079182,0.164817,0.171448,0.000000,1,0.018648,13.778457,22.144853,64.186267,-4.573590,61.758491,0.001067
9.191666,2.733333,1,-0.862551,1.531774,0.331168,-0.191705,-0.201481,0.199373,-0.939630,0.296434,-0.080510,0.040000,-0.092915,0.261762,0.752360,0.597329,-0.269130,-0.947456,0.172905,0.850170,-0.149357,0.504880,0.044902,-0.830449,1.362505,0.101892,0.115719,-0.135748,0.224570,-0.265895,0.094098,0.956180,-0.078515,0.164933,0.173821,0.000000,1,0.019627,13.729967,22.351983,63.928115,-4.550920,61.549710,0.001014
9.225000,2.766667,1,-0.863530,1.530688,0.330529,-0.192874,-0.201656,0.200459,-0.939122,0.297888,-0.080637,0.039356,-0.092551,0.262889,0.751421,0.598072,-0.267490,-0.947469,0.175364,0.850146,-0.146400,0.505785,0.047866,-0.830449,1.362505,0.101892,0.115927,-0.134261,0.224030,-0.266369,0.095150,0.956044,-0.077297,0.166232,0.161721,0.000000,1,0.020522,13.698343,22.549802,63.648336,-4.533407,61.333775,0.000963
9.258333,2.800000,1,-0.864759,1.529584,0.329935,-0.193687,-0.201178,0.202023,-0.938722,0.299507,-0.080953,0.038755,-0.091761,0.263406,0.750365,0.599291,-0.264860,-0.947715,0.178006,0.851033,-0.142934,0.505284,0.052670,-0.830449,1.362505,0.101892,0.116330,-0.132621,0.223551,-0.266104,0.096041,0.956158,-0.075679,0.176728,0.162257,0.000000,1,0.021868,13.691503,22.749399,63.338636,-4.523515,61.102747,0.000915
9.291666,2.833333,1,-0.866228,1.528450,0.329363,-0.194195,-0.200263,0.204211,-0.938340,0.301295,-0.081443,0.038177,-0.090715,0.263456,0.749044,0.601078,-0.260953,-0.948266,0.180816,0.852669,-0.138593,0.503734,0.058254,-0.830449,1.362505,0.101892,0.116914,-0.130822,0.223110,-0.265314,0.096756,0.956476,-0.073489,0.167970,0.023890,0.000000,1,0.023502,13.706945,22.955752,62.997024,-4.520210,60.853925,0.000869
9.325000,2.866667,1,-0.867882,1.527334,0.328792,-0.194933,-0.199613,0.206511,-0.937821,0.303179,-0.082090,0.037598,-0.089805,0.263832,0.747553,0.602903,-0.256886,-0.948791,0.183862,0.854017,-0.133802,0.502744,0.062247,-0.830449,1.362505,0.101892,0.117658,-0.128934,0.222679,-0.264841,0.097613,0.956698,-0.071140,0.162404,0.184389,0.000000,1,0.024946,13.744279,23.170407,62.632949,-4.522895,60.591794,0.000826
9.358333,2.900000,1,-0.869597,1.526196,0.328161,-0.195596,-0.199190,0.208752,-0.937277,0.305118,-0.082774,0.036959,-0.089132,0.264241,0.746066,0.604664,-0.252874,-0.949342,0.186557,0.855133,-0.129116,0.502072,0.064590,-0.830449,1.362505,0.101892,0.118443,-0.126989,0.222193,-0.264563,0.098333,0.956869,-0.068836,0.170684,0.181712,0.000000,1,0.026411,13.785415,23.401750,62.252769,-4.525593,60.316643,0.000784
9.391666,2.933333,1,-0.871247,1.525045,0.327471,-0.196465,-0.199095,0.210694,-0.936681,0.307029,-0.083398,0.036261,-0.088660,0.264980,0.744665,0.606134,-0.249481,-0.949721,0.189183,0.855748,-0.124773,0.502122,0.063815,-0.830449,1.362505,0.101892,0.119169,-0.125066,0.221646,-0.264665,0.099161,0.956901,-0.066787,0.175211,0.172545,0.000000,1,0.027231,13.818024,23.644085,61.873265,-4.524165,60.038989,0.000745
9.425000,2.966667,1,-0.872774,1.523834,0.326737,-0.197902,-0.199247,0.212409,-0.935958,0.308912,-0.083887,0.035520,-0.088156,0.266337,0.743253,0.607345,-0.246722,-0.949780,0.192472,0.855863,-0.120394,0.502995,0.062490,-0.830449,1.362505,0.101892,0.119761,-0.123160,0.221049,-0.265175,0.100465,0.956754,-0.064898,0.194401,0.176194,0.000000,1,0.027921,13.830362,23.893376,61.498545,-4.515136,59.762121,0.000708
9.458333,3.000000,1,-0.874181,1.522530,0.325981,-0.199238,-0.199587,0.214001,-0.935239,0.310797,-0.084224,0.034757,-0.087866,0.267688,0.741901,0.608446,-0.244147,-0.949854,0.195372,0.855771,-0.116274,0.504119,0.061830,-0.830449,1.362505,0.101892,0.120201,-0.121245,0.220426,-0.265837,0.101622,0.956566,-0.063126,0.178248,0.167226,0.000000,1,0.028672,13.818626,24.145823,61.127231,-4.497648,59.486484,0.000672
9.491666,3.033333,1,-0.875530,1.521160,0.325199,-0.200661,-0.200138,0.215352,-0.934507,0.312701,-0.084476,0.033968,-0.087725,0.269210,0.740644,0.609325,-0.242054,-0.949819,0.198127,0.855353,-0.112497,0.505683,0.062282,-0.830449,1.362505,0.101892,0.120557,-0.119306,0.219776,-0.266732,0.102804,0.956292,-0.061572,0.191106,0.169832,0.000000,1,0.029683,13.793041,24.404234,60.753290,-4.475094,59.208186,0.000639
9.525000,3.066667,1,-0.876846,1.519729,0.324405,-0.201597,-0.200253,0.217001,-0.933899,0.314634,-0.084664,0.033167,-0.087411,0.270102,0.739365,0.610528,-0.239230,-0.950025,0.200552,0.855586,-0.108601,0.506142,0.063010,-0.830449,1.362505,0.101892,0.120853,-0.117334,0.219115,-0.267062,0.103640,0.956222,-0.059793,0.176021,0.151762,0.000000,1,0.030744,13.757041,24.666560,60.375361,-4.448659,58.927253,0.000607
9.558333,3.100000,1,-0.878160,1.518301,0.323678,-0.202415,-0.199845,0.218606,-0.933435,0.316562,-0.084852,0.032433,-0.086682,0.270655,0.738232,0.611756,-0.236483,-0.950158,0.203166,0.856314,-0.105002,0.505669,0.062160,-0.830449,1.362505,0.101892,0.121146,-0.115371,0.218520,-0.266863,0.104516,0.956286,-0.058115,0.179656,0.154874,0.000000,1,0.031138,13.721630,24.916711,60.002454,-4.421555,58.653722,0.000576
9.591666,3.133333,1,-0.879498,1.516869,0.322956,-0.203483,-0.199408,0.219810,-0.933014,0.318508,-0.085058,0.031704,-0.085815,0.271418,0.737317,0.612643,-0.234608,-0.950008,0.206019,0.856841,-0.102001,0.505390,0.062662,-0.830449,1.362505,0.101892,0.121456,-0.113392,0.217931,-0.266720,0.105648,0.956279,-0.056827,0.162860,0.151869,0.000000,1,0.032103,13.688782,25.168236,59.625339,-4.394553,58.378434,0.000548
9.625000,3.166667,1,-0.880784,1.515415,0.322230,-0.204388,-0.199130,0.220758,-0.932651,0.320440,-0.085209,0.030971,-0.085163,0.272107,0.736570,0.613327,-0.233153,-0.949863,0.208324,0.857170,-0.099575,0.505317,0.062151,-0.830449,1.362505,0.101892,0.121712,-0.111424,0.217336,-0.266691,0.106582,0.956244,-0.055802,0.173696,0.108994,0.000000,1,0.032794,13.648429,25.420054,59.251263,-4.364652,58.105347,0.000520
9.658333,3.200000,1,-0.881975,1.513923,0.321496,-0.205056,-0.199224,0.221511,-0.932306,0.322347,-0.085261,0.030230,-0.084950,0.272748,0.735924,0.613847,-0.231952,-0.949829,0.209817,0.857150,-0.097602,0.505735,0.061376,-0.830449,1.362505,0.101892,0.121867,-0.109476,0.216729,-0.266951,0.107183,0.956153,-0.054962,0.299704,0.187752,0.000000,1,0.033374,13.594248,25.671683,58.883457,-4.330114,57.836175,0.000494
9.691666,3.233333,1,-0.883052,1.512425,0.320762,-0.206135,-0.199742,0.222034,-0.931833,0.324189,-0.085218,0.029491,-0.084932,0.273945,0.735269,0.614101,-0.231332,-0.949593,0.211564,0.856525,-0.095667,0.507161,0.059563,-0.830449,1.362505,0.101892,0.121926,-0.107589,0.216116,-0.267740,0.108059,0.955872,-0.054284,0.299264,0.028856,0.000000,1,0.033553,13.528478,25.919310,58.528588,-4.291617,57.575607,0.000470
9.725000,3.266667,1,-0.884031,1.510856,0.320025,-0.207065,-0.199857,0.222434,-0.931507,0.326028,-0.085054,0.028748,-0.084621,0.274829,0.734799,0.614312,-0.230921,-0.949304,0.213303,0.856278,-0.094180,0.507856,0.059722,-0.830449,1.362505,0.101892,0.121863,-0.105698,0.215495,-0.268107,0.108912,0.955701,-0.053781,0.293995,0.192504,0.000000,1,0.034265,13.444716,26.166435,58.177843,-4.247704,57.317778,0.000446
9.758333,3.300000,1,-0.884862,1.509231,0.319249,-0.207865,-0.200054,0.222504,-0.931269,0.327824,-0.084739,0.027966,-0.084440,0.275634,0.734555,0.614267,-0.231091,-0.948976,0.214573,0.855877,-0.093404,0.508674,0.059514,-0.830449,1.362505,0.101892,0.121649,-0.103842,0.214829,-0.268525,0.109622,0.955512,-0.053620,0.294616,0.225390,0.000000,1,0.034841,13.340276,26.417380,57.835698,-4.197679,57.063650,0.000424
9.791666,3.333333,1,-0.885568,1.507567,0.318405,-0.208615,-0.200330,0.222429,-0.931060,0.329575,-0.084299,0.027116,-0.084354,0.276428,0.734402,0.614105,-0.231519,-0.948636,0.215612,0.855365,-0.092925,0.509623,0.059847,-0.830449,1.362505,0.101892,0.121311,-0.102020,0.214089,-0.269008,0.110262,0.955303,-0.053605,0.286556,0.225805,0.000000,1,0.035647,13.219462,26.677938,57.498710,-4.142939,56.809729,0.000403
9.825000,3.366667,1,-0.886199,1.505842,0.317526,-0.209615,-0.200528,0.222264,-0.930832,0.331329,-0.083763,0.026232,-0.084085,0.277411,0.734273,0.613853,-0.232227,-0.948124,0.217097,0.854820,-0.092454,0.510623,0.061092,-0.830449,1.362505,0.101892,0.120878,-0.100189,0.213312,-0.269493,0.111168,0.955058,-0.053667,0.288948,0.211694,0.000000,1,0.036721,13.084774,26.944675,57.160742,-4.084428,56.553908,0.000382
9.858333,3.400000,1,-0.886785,1.504089,0.316619,-0.210632,-0.200692,0.221870,-0.930661,0.333079,-0.083175,0.025320,-0.083778,0.278393,0.734296,0.613423,-0.233387,-0.947515,0.218510,0.854222,-0.092418,0.511629,0.061766,-0.830449,1.362505,0.101892,0.120393,-0.098357,0.212505,-0.269956,0.112104,0.954801,-0.053964,0.304893,0.093127,0.000000,1,0.037720,12.943329,27.216615,56.821799,-4.024153,56.296630,0.000363
9.891666,3.433333,1,-0.887303,1.502327,0.315716,-0.211376,-0.201287,0.221092,-0.930549,0.334794,-0.082526,0.024413,-0.083980,0.279323,0.734544,0.612675,-0.235152,-0.946989,0.218895,0.853159,-0.093215,0.513255,0.061392,-0.830449,1.362505,0.101892,0.119847,-0.096558,0.211699,-0.270763,0.112658,0.954468,-0.054640,0.290432,0.201167,0.000000,1,0.038231,12.795029,27.485751,56.489508,-3.962047,56.044315,0.000345
9.925000,3.466667,1,-0.887872,1.500578,0.314920,-0.211838,-0.201915,0.220503,-0.930448,0.336530,-0.081926,0.023612,-0.084336,0.280016,0.734718,0.612102,-0.236437,-0.946675,0.218871,0.852214,-0.093845,0.514709,0.060102,-0.830449,1.362505,0.101892,0.119346,-0.094748,0.211002,-0.271512,0.112930,0.954195,-0.055145,0.289061,0.202315,0.000000,1,0.038499,12.654351,27.736758,56.159990,-3.902147,55.799669,0.000328
9.958333,3.500000,1,-0.888637,1.498855,0.314263,-0.212385,-0.202007,0.220735,-0.930248,0.338365,-0.081499,0.022950,-0.084174,0.280547,0.734435,0.612220,-0.236204,-0.946501,0.219871,0.852042,-0.092961,0.515153,0.059911,-0.830449,1.362505,0.101892,0.119019,-0.092855,0.210454,-0.271751,0.113424,0.954085,-0.054849,0.203008,0.156858,0.000000,1,0.039367,12.537345,27.970218,55.818648,-3.848898,55.555004,0.000312
9.991666,3.533333,1,-0.889564,1.497189,0.313705,-0.212910,-0.202012,0.220971,-0.930071,0.340251,-0.081235,0.022386,-0.083944,0.281019,0.734172,0.612350,-0.235961,-0.946321,0.220905,0.851961,-0.092111,0.515439,0.059586,-0.830449,1.362505,0.101892,0.118852,-0.090926,0.210013,-0.271901,0.113923,0.953999,-0.054560,0.196026,0.130382,0.000000,1,0.040136,12.443973,28.191205,55.470138,-3.802056,55.311209,0.000296
10.025000,3.566667,1,-0.890550,1.495555,0.313213,-0.213594,-0.202551,0.220892,-0.929816,0.342148,-0.081039,0.021887,-0.084122,0.281872,0.733980,0.612165,-0.236356,-0.946056,0.221616,0.851209,-0.091605,0.516770,0.059119,-0.830449,1.362505,0.101892,0.118752,-0.088993,0.209640,-0.272615,0.114425,0.953737,-0.054529,0.174229,0.152066,0.000000,1,0.040710,12.361155,28.402546,55.121838,-3.758004,55.071082,0.000281
10.058333,3.600000,1,-0.891588,1.493936,0.312766,-0.214417,-0.203364,0.220703,-0.929494,0.344064,-0.080893,0.021435,-0.084483,0.282971,0.733777,0.611850,-0.237003,-0.945737,0.222288,0.850111,-0.091133,0.518657,0.059240,-0.830449,1.362505,0.101892,0.118702,-0.087046,0.209315,-0.273632,0.114982,0.953376,-0.054573,0.181352,0.147114,0.000000,1,0.041508,12.285793,28.608281,54.771215,-3.715951,54.832017,0.000267
10.091666,3.633333,1,-0.892664,1.492328,0.312387,-0.215431,-0.204189,0.220634,-0.929095,0.345994,-0.080784,0.021049,-0.084770,0.284246,0.733453,0.611608,-0.237498,-0.945363,0.223345,0.848981,-0.090278,0.520655,0.059137,-0.830449,1.362505,0.101892,0.118687,-0.085092,0.209059,-0.274712,0.115717,0.952982,-0.054476,0.206292,0.147506,0.000000,1,0.042102,12.216129,28.803928,54.421642,-3.675390,54.597020,0.000254
10.125000,3.666667,1,-0.893762,1.490768,0.311983,-0.216008,-0.204492,0.220801,-0.928854,0.347900,-0.080721,0.020639,-0.084784,0.284898,0.733164,0.611650,-0.237392,-0.945189,0.224194,0.848569,-0.089435,0.521471,0.058507,-0.830449,1.362505,0.101892,0.118718,-0.083162,0.208778,-0.275163,0.116180,0.952810,-0.054224,0.203748,0.129429,0.000000,1,0.042938,12.154817,29.004835,54.070871,-3.636967,54.360497,0.000241
10.158333,3.700000,1,-0.894823,1.489256,0.311534,-0.216452,-0.204337,0.221027,-0.928731,0.349745,-0.080658,0.020184,-0.084448,0.285227,0.732952,0.611797,-0.237147,-0.945009,0.225210,0.848662,-0.088701,0.521445,0.057034,-0.830449,1.362505,0.101892,0.118747,-0.081290,0.208448,-0.275138,0.116648,0.952775,-0.053965,0.193819,0.141507,0.000000,1,0.043525,12.095710,29.211949,53.724827,-3.599046,54.125226,0.000229
10.191666,3.733333,1,-0.895745,1.487796,0.311031,-0.216731,-0.204139,0.220898,-0.928740,0.351464,-0.080514,0.019675,-0.084145,0.285388,0.733018,0.611685,-0.237523,-0.944780,0.225775,0.848723,-0.088791,0.521330,0.053961,-0.830449,1.362505,0.101892,0.118693,-0.079536,0.208054,-0.275035,0.116976,0.952758,-0.054089,0.162572,0.084634,0.000000,1,0.043450,12.029235,29.421278,53.396477,-3.559124,53.899043,0.000218
10.225000,3.766667,1,-0.896440,1.486356,0.310519,-0.217156,-0.204255,0.220384,-0.928738,0.353030,-0.080201,0.019159,-0.084060,0.285819,0.733245,0.611222,-0.238682,-0.944404,0.226125,0.848300,-0.089429,0.521910,0.050345,-0.830449,1.362505,0.101892,0.118463,-0.077927,0.207637,-0.275285,0.117359,0.952611,-0.054566,0.174048,0.153556,0.000000,1,0.042672,11.943151,29.620437,53.098162,-3.514187,53.691735,0.000207
10.258333,3.800000,1,-0.897016,1.484881,0.310013,-0.217573,-0.204604,0.219913,-0.928675,0.354553,-0.079773,0.018648,-0.084187,0.286347,0.733400,0.610772,-0.239740,-0.944094,0.226300,0.847667,-0.089926,0.522852,0.049884,-0.830449,1.362505,0.101892,0.118116,-0.076355,0.207220,-0.275753,0.117666,0.952414,-0.054979,0.159487,0.144900,0.000000,1,0.042888,11.841934,29.814530,52.811022,-3.465765,53.491896,0.000196
10.291666,3.833333,1,-0.897538,1.483482,0.309518,-0.217671,-0.204843,0.219222,-0.928763,0.355983,-0.079347,0.018149,-0.084356,0.286540,0.733787,0.610193,-0.241097,-0.943846,0.225890,0.847160,-0.091119,0.523466,0.047190,-0.830449,1.362505,0.101892,0.117767,-0.074878,0.206807,-0.276030,0.117703,0.952290,-0.055655,0.303634,0.137338,0.000000,1,0.042643,11.744396,30.000997,52.539452,-3.418430,53.302781,0.000187
10.325000,3.866667,1,-0.897987,1.482176,0.309025,-0.217836,-0.205309,0.218696,-0.928745,0.357294,-0.078918,0.017652,-0.084700,0.286895,0.734007,0.609714,-0.242150,-0.943669,0.225506,0.846468,-0.091881,0.524451,0.043983,-0.830449,1.362505,0.101892,0.117410,-0.073519,0.206390,-0.276537,0.117735,0.952111,-0.056136,0.299311,0.102022,0.000000,1,0.042194,11.650336,30.179563,52.287199,-3.372130,53.126383,0.000177
10.358333,3.900000,1,-0.898417,1.480877,0.308572,-0.217893,-0.205719,0.218215,-0.928754,0.358589,-0.078479,0.017195,-0.085042,0.287128,0.734230,0.609288,-0.243073,-0.943551,0.225006,0.845879,-0.092653,0.525265,0.043262,-0.830449,1.362505,0.101892,0.117041,-0.072177,0.206010,-0.276958,0.117679,0.951969,-0.056586,0.277647,0.153185,0.000000,1,0.042401,11.555637,30.349895,52.040891,-3.326117,52.955626,0.000168
10.391666,3.933333,1,-0.898847,1.479613,0.308208,-0.218167,-0.205931,0.217409,-0.928832,0.359856,-0.078062,0.016828,-0.085109,0.287466,0.734660,0.608600,-0.244725,-0.943160,0.224852,0.845297,-0.093938,0.525974,0.041509,-0.830449,1.362505,0.101892,0.116689,-0.070871,0.205718,-0.277264,0.117895,0.951806,-0.057366,0.238278,0.100328,0.000000,1,0.042111,11.465151,30.502058,51.805988,-3.281506,52.796150,0.000160
10.425000,3.966667,1,-0.899254,1.478404,0.307854,-0.218841,-0.206267,0.216481,-0.928815,0.361065,-0.077658,0.016470,-0.085109,0.288217,0.735060,0.607761,-0.246765,-0.942542,0.225215,0.844423,-0.095113,0.527166,0.039713,-0.830449,1.362505,0.101892,0.116348,-0.069624,0.205432,-0.277808,0.118461,0.951525,-0.058222,0.261503,0.187919,0.000000,1,0.042102,11.378694,30.649045,51.580646,-3.238254,52.643335,0.000152
10.458333,4.000000,1,-0.899641,1.477265,0.307429,-0.218984,-0.206743,0.215999,-0.928788,0.362207,-0.077281,0.016043,-0.085471,0.288556,0.735252,0.607317,-0.247720,-0.942389,0.224805,0.843736,-0.095801,0.528140,0.038283,-0.830449,1.362505,0.101892,0.116034,-0.068441,0.205073,-0.278317,0.118467,0.951349,-0.058659,0.273898,0.177293,0.000000,1,0.042628,11.298304,30.805570,51.358755,-3.196888,52.489929,0.000144
10.491666,4.033333,1,-0.899949,1.476209,0.306893,-0.218789,-0.207172,0.215477,-0.928860,0.363233,-0.076890,0.015503,-0.085942,0.288572,0.735550,0.606882,-0.248616,-0.942386,0.223830,0.843184,-0.096840,0.528832,0.036708,-0.830449,1.362505,0.101892,0.115704,-0.067365,0.204594,-0.278683,0.118165,0.951247,-0.059172,0.290169,0.185009,0.000000,1,0.043055,11.219557,30.975693,51.145925,-3.156288,52.337766,0.000137
10.525000,4.066667,1,-0.900161,1.475272,0.306307,-0.219161,-0.207579,0.214504,-0.928907,0.364107,-0.076495,0.014915,-0.086141,0.289085,0.736027,0.606032,-0.250611,-0.941915,0.223585,0.842307,-0.098311,0.529956,0.033758,-0.830449,1.362505,0.101892,0.115364,-0.066437,0.204056,-0.279209,0.118420,0.951004,-0.060095,0.270687,0.228502,0.000000,1,0.042696,11.144516,31.144756,50.953950,-3.116847,52.197118,0.000130
10.558333,4.100000,1,-0.900385,1.474458,0.305781,-0.219549,-0.207810,0.213805,-0.928924,0.364890,-0.076183,0.014388,-0.086174,0.289534,0.736355,0.605414,-0.252097,-0.941499,0.223666,0.841698,-0.099289,0.530742,0.029826,-0.830449,1.362505,0.101892,0.115102,-0.065607,0.203575,-0.279563,0.118738,0.950818,-0.060752,0.260294,0.208134,0.000000,1,0.042056,11.084017,31.297321,50.779530,-3.081189,52.070527,0.000124
10.591666,4.133333,1,-0.900704,1.473689,0.305308,-0.219794,-0.207720,0.213778,-0.928893,0.365695,-0.075973,0.013912,-0.085984,0.289713,0.736339,0.605374,-0.252257,-0.941343,0.224142,0.841700,-0.099177,0.530759,0.028750,-0.830449,1.362505,0.101892,0.114942,-0.064763,0.203149,-0.279549,0.119000,0.950788,-0.060766,0.267216,0.178454,0.000000,1,0.042455,11.037522,31.443183,50.602366,-3.049417,51.944544,0.000118
10.625000,4.166667,1,-0.900980,1.472935,0.304890,-0.220356,-0.207898,0.213524,-0.928778,0.366462,-0.075740,0.013491,-0.085893,0.290295,0.736349,0.605096,-0.252964,-0.940992,0.224819,0.841255,-0.099176,0.531464,0.027159,-0.830449,1.362505,0.101892,0.114755,-0.063960,0.202775,-0.279890,0.119493,0.950614,-0.060955,0.182955,0.156730,0.000000,1,0.042147,10.988641,31.575709,50.437269,-3.017570,51.828564,0.000112
10.658333,4.200000,1,-0.901053,1.472196,0.304541,-0.221141,-0.208540,0.212290,-0.928731,0.367095,-0.075352,0.013141,-0.086118,0.291282,0.736859,0.603968,-0.255612,-0.940248,0.224936,0.839910,-0.100754,0.533292,0.024616,-0.830449,1.362505,0.101892,0.114405,-0.063289,0.202458,-0.280767,0.120081,0.950208,-0.062084,0.173309,0.110983,0.000000,1,0.040678,10.921312,31.683363,50.306709,-2.981779,51.737300,0.000106
10.691666,4.233333,1,-0.900923,1.471461,0.304270,-0.221383,-0.209491,0.210672,-0.928827,0.367602,-0.074806,0.012870,-0.086861,0.291919,0.737670,0.602563,-0.258747,-0.939697,0.223650,0.838272,-0.103402,0.535359,0.023803,-0.830449,1.362505,0.101892,0.113890,-0.062741,0.202207,-0.281791,0.120066,0.949805,-0.063627,0.158870,0.157679,0.000000,1,0.039140,10.834583,31.764737,50.210409,-2.941938,51.670848,0.000101
10.725000,4.266667,1,-0.900735,1.470724,0.304045,-0.221548,-0.210525,0.209503,-0.928819,0.368077,-0.074211,0.012644,-0.087712,0.292526,0.738185,0.601513,-0.260977,-0.939372,0.222420,0.836740,-0.105222,0.537396,0.023794,-0.830449,1.362505,0.101892,0.113323,-0.062226,0.201998,-0.282856,0.119944,0.949431,-0.064709,0.154964,0.154748,0.000000,1,0.038687,10.741802,31.834162,50.125737,-2.901377,51.613470,0.000096
10.758333,4.300000,1,-0.900603,1.469965,0.303871,-0.221909,-0.211422,0.208908,-0.928663,0.368603,-0.073649,0.012469,-0.088355,0.293248,0.738313,0.600910,-0.262202,-0.939139,0.221964,0.835500,-0.105826,0.539204,0.023704,-0.830449,1.362505,0.101892,0.112789,-0.061665,0.201843,-0.283831,0.120041,0.949094,-0.065200,0.273434,0.186897,0.000000,1,0.038966,10.652075,31.898159,50.035788,-2.862326,51.554573,0.000091
10.791666,4.333333,1,-0.900567,1.469212,0.303782,-0.221931,-0.211698,0.208635,-0.928656,0.369183,-0.073167,0.012379,-0.088592,0.293391,0.738429,0.600663,-0.262711,-0.939078,0.221620,0.835110,-0.106252,0.539724,0.022780,-0.830449,1.362505,0.101892,0.112336,-0.061059,0.201779,-0.284109,0.119987,0.949000,-0.065450,0.276028,0.178313,0.000000,1,0.039060,10.572429,31.951130,49.941665,-2.826314,51.496325,0.000086
10.825000,4.366667,1,-0.900588,1.468460,0.303728,-0.221793,-0.211874,0.208439,-0.928693,0.369795,-0.072731,0.012325,-0.088811,0.293345,0.738550,0.600504,-0.263016,-0.939109,0.221126,0.834900,-0.106688,0.539963,0.022612,-0.830449,1.362505,0.101892,0.111928,-0.060426,0.201754,-0.284242,0.119806,0.948970,-0.065647,0.271671,0.164504,0.000000,1,0.039337,10.498499,32.000477,49.843622,-2.792285,51.436834,0.000082
10.858333,4.400000,1,-0.900593,1.467705,0.303668,-0.221814,-0.212518,0.208155,-0.928605,0.370401,-0.072280,0.012263,-0.089378,0.293651,0.738599,0.600210,-0.263519,-0.939121,0.220476,0.834138,-0.107034,0.541071,0.022728,-0.830449,1.362505,0.101892,0.111505,-0.059798,0.201721,-0.284867,0.119645,0.948787,-0.065874,0.279214,0.161110,0.000000,1,0.039548,10.422706,32.050648,49.746400,-2.758432,51.377350,0.000078
10.891666,4.433333,1,-0.900574,1.466949,0.303601,-0.222070,-0.213316,0.207692,-0.928464,0.370993,-0.071810,0.012195,-0.089978,0.294235,0.738681,0.599733,-0.264448,-0.938973,0.219994,0.833074,-0.107492,0.542617,0.022767,-0.830449,1.362505,0.101892,0.111063,-0.059183,0.201680,-0.285714,0.119667,0.948503,-0.066247,0.270271,0.175004,0.000000,1,0.039682,10.344583,32.100782,49.651505,-2.724616,51.318906,0.000074
10.925000,4.466667,1,-0.900598,1.466228,0.303524,-0.222165,-0.213510,0.207290,-0.928487,0.371584,-0.071395,0.012116,-0.090110,0.294405,0.738881,0.599383,-0.265240,-0.938804,0.219763,0.832689,-0.108131,0.543081,0.021787,-0.830449,1.362505,0.101892,0.110676,-0.058570,0.201631,-0.285938,0.119709,0.948404,-0.066631,0.265469,0.171999,0.000000,1,0.040046,10.274397,32.153816,49.553766,-2.693160,51.258110,0.000070
10.958333,4.500000,1,-0.900605,1.465541,0.303385,-0.222061,-0.213599,0.206913,-0.928575,0.372136,-0.070987,0.011977,-0.090236,0.294352,0.739129,0.599085,-0.265909,-0.938724,0.219292,0.832480,-0.108908,0.543246,0.021025,-0.830449,1.362505,0.101892,0.110296,-0.057992,0.201517,-0.286004,0.119590,0.948371,-0.067017,0.254527,0.172476,0.000000,1,0.040442,10.206214,32.215815,49.456604,-2.662658,51.195123,0.000067
10.991666,4.533333,1,-0.900537,1.464878,0.303143,-0.221999,-0.214039,0.206642,-0.928549,0.372624,-0.070534,0.011734,-0.090657,0.294491,0.739227,0.598832,-0.266364,-0.938741,0.218670,0.831950,-0.109351,0.543969,0.021259,-0.830449,1.362505,0.101892,0.109872,-0.057469,0.201296,-0.286412,0.119407,0.948255,-0.067257,0.238015,0.169112,0.000000,1,0.040935,10.133421,32.292185,49.362185,-2.631590,51.129620,0.000064
11.025000,4.566667,1,-0.900510,1.464211,0.302845,-0.221971,-0.214237,0.206589,-0.928522,0.373139,-0.070110,0.011435,-0.090847,0.294555,0.739227,0.598772,-0.266438,-0.938776,0.218429,0.831738,-0.109419,0.544279,0.021918,-0.830449,1.362505,0.101892,0.109480,-0.056917,0.201021,-0.286593,0.119323,0.948208,-0.067296,0.239676,0.152213,0.000000,1,0.041926,10.064162,32.381523,49.256769,-2.601895,51.054834,0.000060
11.058333,4.600000,1,-0.900648,1.463562,0.302550,-0.221695,-0.214073,0.206780,-0.928583,0.373739,-0.069829,0.011138,-0.090823,0.294235,0.739196,0.598971,-0.265970,-0.938960,0.218205,0.832067,-0.109319,0.543795,0.021807,-0.830449,1.362505,0.101892,0.109234,-0.056286,0.200757,-0.286351,0.119103,0.948319,-0.067142,0.241540,0.166857,0.000000,1,0.043135,10.012979,32.479020,49.131778,-2.576831,50.967709,0.000057
11.091666,4.633333,1,-0.900955,1.462973,0.302232,-0.221676,-0.213862,0.207110,-0.928562,0.374393,-0.069719,0.010818,-0.090642,0.294125,0.739030,0.599257,-0.265350,-0.939058,0.218538,0.832418,-0.108763,0.543371,0.022077,-0.830449,1.362505,0.101892,0.109163,-0.055608,0.200480,-0.286136,0.119140,0.948402,-0.066827,0.219982,0.176012,0.000000,1,0.044391,9.984959,32.587246,48.989611,-2.557403,50.868952,0.000054
11.125000,4.666667,1,-0.901364,1.462423,0.301859,-0.222436,-0.213818,0.207437,-0.928318,0.375078,-0.069714,0.010443,-0.090265,0.294786,0.738666,0.599438,-0.265052,-0.938787,0.220061,0.832352,-0.107549,0.543713,0.023426,-0.830449,1.362505,0.101892,0.109198,-0.054900,0.200153,-0.286305,0.119877,0.948286,-0.066426,0.221444,0.165789,0.000000,1,0.045711,9.970973,32.709893,48.833163,-2.541480,50.759094,0.000052
11.158333,4.700000,1,-0.901813,1.461927,0.301391,-0.223617,-0.213690,0.207894,-0.927961,0.375742,-0.069773,0.009972,-0.089624,0.295786,0.738142,0.599687,-0.264687,-0.938327,0.222448,0.832289,-0.105772,0.544157,0.024487,-0.830449,1.362505,0.101892,0.109300,-0.054210,0.199730,-0.286512,0.121041,0.948115,-0.065860,0.208880,0.158595,0.000000,1,0.046926,9.966568,32.850344,48.668818,-2.527952,50.640649,0.000049
11.191666,4.733333,1,-0.902236,1.461513,0.300782,-0.224943,-0.213335,0.208171,-0.927660,0.376326,-0.069861,0.009361,-0.088715,0.296816,0.737749,0.599798,-0.264745,-0.937664,0.225160,0.832336,-0.104287,0.544373,0.025492,-0.830449,1.362505,0.101892,0.109432,-0.053591,0.199163,-0.286552,0.122413,0.947953,-0.065484,0.204072,0.165584,0.000000,1,0.048023,9.968338,33.011989,48.503766,-2.515965,50.516571,0.000047
11.225000,4.766667,1,-0.902573,1.461158,0.300075,-0.226327,-0.212970,0.208047,-0.927435,0.376809,-0.069915,0.008652,-0.087771,0.297891,0.737602,0.599583,-0.265592,-0.936801,0.227740,0.832215,-0.103522,0.544702,0.025779,-0.830449,1.362505,0.101892,0.109528,-0.053064,0.198491,-0.286612,0.123851,0.947746,-0.065514,0.201399,0.169524,0.000000,1,0.048541,9.967691,33.184305,48.347532,-2.503573,50.394622,0.000044
11.258333,4.800000,1,-0.902810,1.460812,0.299392,-0.227614,-0.213002,0.207818,-0.927164,0.377226,-0.069895,0.007968,-0.087226,0.299057,0.737462,0.599254,-0.266571,-0.936026,0.229771,0.831684,-0.102918,0.545628,0.024043,-0.830449,1.362505,0.101892,0.109547,-0.052602,0.197836,-0.287024,0.125083,0.947452,-0.065621,0.192845,0.174708,0.000000,1,0.048192,9.958183,33.346230,48.207075,-2.489382,50.283909,0.000042
11.291666,4.833333,1,-0.903011,1.460439,0.298776,-0.228516,-0.213092,0.207749,-0.926937,0.377643,-0.069829,0.007351,-0.086905,0.299904,0.737290,0.599090,-0.267078,-0.935532,0.231191,0.831280,-0.102298,0.546360,0.022446,-0.830449,1.362505,0.101892,0.109519,-0.052142,0.197247,-0.287374,0.125924,0.947236,-0.065596,0.187634,0.174582,0.000000,1,0.048004,9.942147,33.494954,48.074217,-2.474019,50.180787,0.000040
11.325000,4.866667,1,-0.903215,1.460004,0.298182,-0.229068,-0.213443,0.207798,-0.926709,0.378110,-0.069729,0.006755,-0.086973,0.300555,0.737064,0.599031,-0.267194,-0.935329,0.231875,0.830769,-0.101656,0.547256,0.022901,-0.830449,1.362505,0.101892,0.109457,-0.051632,0.196682,-0.287866,0.126352,0.947039,-0.065459,0.209398,0.175660,0.000000,1,0.048621,9.920017,33.642616,47.935732,-2.457687,50.075063,0.000038
11.358333,4.900000,1,-0.903416,1.459493,0.297626,-0.229565,-0.214013,0.207896,-0.926433,0.378638,-0.069581,0.006198,-0.087261,0.301254,0.736774,0.598995,-0.267182,-0.935224,0.232316,0.830072,-0.100902,0.548451,0.023454,-0.830449,1.362505,0.101892,0.109349,-0.051062,0.196158,-0.288548,0.126662,0.946804,-0.065257,0.217906,0.168242,0.000000,1,0.049200,9.889640,33.787040,47.791624,-2.439903,49.967284,0.000036
11.391666,4.933333,1,-0.903675,1.458949,0.297151,-0.229981,-0.214539,0.208024,-0.926179,0.379226,-0.069460,0.005721,-0.087547,0.301861,0.736491,0.598996,-0.267080,-0.935164,0.232671,0.829456,-0.100168,0.549517,0.023013,-0.830449,1.362505,0.101892,0.109268,-0.050438,0.195719,-0.289164,0.126907,0.946599,-0.065036,0.198100,0.161517,0.000000,1,0.049539,9.861570,33.921327,47.643488,-2.422900,49.860174,0.000034
11.425000,4.966667,1,-0.903979,1.458442,0.296698,-0.230801,-0.215180,0.208101,-0.925809,0.379813,-0.069397,0.005266,-0.087756,0.302882,0.736127,0.598898,-0.267241,-0.934889,0.233592,0.828570,-0.099169,0.551033,0.022346,-0.830449,1.362505,0.101892,0.109244,-0.049820,0.195304,-0.290009,0.127507,0.946275,-0.064817,0.188196,0.180343,0.000000,1,0.049890,9.841654,34.052246,47.495720,-2.407845,49.754350,0.000033
11.458333,5.000000,1,-0.904257,1.457961,0.296225,-0.232472,-0.216193,0.207969,-0.925184,0.380363,-0.069329,0.004791,-0.087918,0.304829,0.735630,0.598497,-0.268143,-0.934144,0.235529,0.826945,-0.097761,0.553719,0.021892,-0.830449,1.362505,0.101892,0.109214,-0.049237,0.194866,-0.291459,0.128821,0.945659,-0.064693,0.170025,0.173531,0.000000,1,0.050207,9.821962,34.184193,47.352279,-2.392997,49.650690,0.000031
11.491666,5.033333,1,-0.904572,1.457490,0.295777,-0.234145,-0.216863,0.207938,-0.924613,0.380927,-0.069296,0.004341,-0.087772,0.306624,0.735133,0.598211,-0.268878,-0.933356,0.237804,0.825704,-0.096249,0.555832,0.021673,-0.830449,1.362505,0.101892,0.109219,-0.048643,0.194455,-0.292582,0.130235,0.945132,-0.064496,0.178170,0.156239,0.000000,1,0.050633,9.806805,34.313068,47.207390,-2.379330,49.547225,0.000029
11.525000,5.066667,1,-0.904930,1.457025,0.295400,-0.235075,-0.216939,0.208316,-0.924273,0.381512,-0.069301,0.003963,-0.087426,0.307492,0.734661,0.598397,-0.268556,-0.933003,0.239547,0.825472,-0.094740,0.556436,0.020906,-0.830449,1.362505,0.101892,0.109261,-0.048035,0.194118,-0.292913,0.131100,0.944943,-0.064011,0.202237,0.579014,0.000000,1,0.050722,9.796425,34.430694,47.064311,-2.366863,49.447762,0.000028
11.558333,5.100000,1,-0.905233,1.456542,0.295104,-0.235491,-0.217015,0.208599,-0.924086,0.382080,-0.069252,0.003665,-0.087308,0.307898,0.734368,0.598565,-0.268194,-0.932898,0.240362,0.825369,-0.093837,0.556741,0.019289,-0.830449,1.362505,0.101892,0.109245,-0.047447,0.193857,-0.293096,0.131473,0.944857,-0.063675,0.225120,0.842650,0.000000,1,0.050226,9.778779,34.531265,46.933697,-2.352973,49.359260,0.000027
11.591666,5.133333,1,-0.905453,1.456026,0.294894,-0.235665,-0.217309,0.208538,-0.923986,0.382623,-0.069116,0.003453,-0.087494,0.308186,0.734306,0.598466,-0.268367,-0.932843,0.240382,0.824985,-0.093721,0.557330,0.017956,-0.830449,1.362505,0.101892,0.109140,-0.046885,0.193679,-0.293428,0.131556,0.944741,-0.063691,0.265408,1.265864,0.000000,1,0.049521,9.749638,34.612499,46.818491,-2.336783,49.283743,0.000025
11.625000,5.166667,1,-0.905633,1.455473,0.294747,-0.235574,-0.217339,0.208386,-0.924037,0.383172,-0.068927,0.003305,-0.087562,0.308117,0.734419,0.598352,-0.268615,-0.932841,0.240111,0.824924,-0.094077,0.557360,0.017987,-0.830449,1.362505,0.101892,0.108979,-0.046319,0.193564,-0.293435,0.131462,0.944741,-0.063853,0.285612,1.550794,0.000000,1,0.049282,9.712856,34.681327,46.710198,-2.319194,49.214914,0.000024
11.658333,5.200000,1,-0.905778,1.454889,0.294611,-0.235693,-0.217148,0.208105,-0.924114,0.383726,-0.068691,0.003167,-0.087338,0.308138,0.734613,0.598136,-0.269211,-0.932621,0.240298,0.824973,-0.094569,0.557204,0.018513,-0.830449,1.362505,0.101892,0.108771,-0.045748,0.193457,-0.293297,0.131637,0.944740,-0.064145,0.302303,1.826845,0.000000,1,0.049470,9.669514,34.748012,46.603654,-2.300468,49.147409,0.000023
11.691666,5.233333,1,-0.905829,1.454305,0.294435,-0.236339,-0.217136,0.207474,-0.924094,0.384222,-0.068380,0.002990,-0.087039,0.308709,0.734877,0.597561,-0.270691,-0.932007,0.241019,0.824528,-0.095240,0.557749,0.018368,-0.830449,1.362505,0.101892,0.108487,-0.045227,0.193306,-0.293493,0.132272,0.944551,-0.064727,0.292519,2.255958,0.000000,1,0.049482,9.617083,34.816601,46.505594,-2.280017,49.083742,0.000022
11.725000,5.266667,1,-0.905774,1.453699,0.294212,-0.236824,-0.217455,0.206917,-0.924020,0.384672,-0.067970,0.002766,-0.087108,0.309284,0.735060,0.597028,-0.271939,-0.931585,0.241244,0.823821,-0.095801,0.558697,0.019452,-0.830449,1.362505,0.101892,0.108104,-0.044746,0.193102,-0.293954,0.132656,0.944320,-0.065217,0.281021,2.724364,0.000000,1,0.049640,9.552167,34.889292,46.414166,-2.257170,49.022344,0.000021
11.758333,5.300000,1,-0.905727,1.453001,0.293944,-0.237244,-0.217692,0.206854,-0.923871,0.385200,-0.067513,0.002497,-0.087133,0.309766,0.734955,0.596904,-0.272227,-0.931377,0.241723,0.823413,-0.095501,0.559348,0.022462,-0.830449,1.362505,0.101892,0.107678,-0.044181,0.192857,-0.294303,0.132991,0.944164,-0.065217,0.286361,3.379707,0.000000,1,0.050963,9.478896,34.975779,46.306008,-2.232966,48.948445,0.000020
11.791666,5.333333,1,-0.905811,1.452235,0.293619,-0.237771,-0.217125,0.207228,-0.923785,0.385862,-0.067118,0.002171,-0.086391,0.309986,0.734710,0.597199,-0.271779,-0.931096,0.243302,0.823977,-0.094524,0.558684,0.025087,-0.830449,1.362505,0.101892,0.107322,-0.043483,0.192565,-0.293906,0.133656,0.944220,-0.064837,0.280018,3.919586,0.000000,1,0.053102,9.411519,35.084317,46.166405,-2.210407,48.852380,0.000019
11.825000,5.366667,1,-0.905993,1.451472,0.293244,-0.238140,-0.216339,0.207593,-0.923792,0.386579,-0.066804,0.001794,-0.085522,0.309966,0.734552,0.597528,-0.271291,-0.930850,0.244785,0.824814,-0.093762,0.557576,0.026076,-0.830449,1.362505,0.101892,0.107050,-0.042728,0.192230,-0.293256,0.134232,0.944363,-0.064503,0.280417,4.310041,0.000000,1,0.054616,9.354173,35.208210,46.008810,-2.190162,48.743115,0.000018
11.858333,5.400000,1,-0.906167,1.450722,0.292809,-0.238672,-0.216285,0.207762,-0.923629,0.387282,-0.066490,0.001357,-0.085237,0.310418,0.734331,0.597606,-0.271202,-0.930600,0.245831,0.824763,-0.093015,0.557776,0.026561,-0.830449,1.362505,0.101892,0.106781,-0.041984,0.191833,-0.293354,0.134756,0.944273,-0.064282,0.234986,4.956863,0.000000,1,0.055532,9.297549,35.342819,45.847156,-2.170171,48.629188,0.000017
11.891666,5.433333,1,-0.906290,1.450002,0.292281,-0.239873,-0.217043,0.207649,-0.923166,0.387929,-0.066154,0.000827,-0.085380,0.311830,0.733968,0.597296,-0.271895,-0.930041,0.247177,0.823544,-0.091998,0.559742,0.027032,-0.830449,1.362505,0.101892,0.106489,-0.041289,0.191339,-0.294425,0.135692,0.943811,-0.064205,0.222326,5.836818,0.000000,1,0.056336,9.239192,35.490408,45.686657,-2.149883,48.512811,0.000016
11.925000,5.466667,1,-0.906411,1.449343,0.291701,-0.240834,-0.217785,0.207476,-0.922780,0.388526,-0.065854,0.000246,-0.085617,0.313022,0.733701,0.596967,-0.272601,-0.929591,0.248093,0.822391,-0.091296,0.561550,0.026574,-0.830449,1.362505,0.101892,0.106232,-0.040642,0.190792,-0.295414,0.136404,0.943399,-0.064214,0.241984,6.749651,0.000000,1,0.056930,9.186983,35.644544,45.528306,-2.130913,48.396224,0.000015
11.958333,5.500000,1,-0.906600,1.448695,0.291091,-0.241218,-0.218001,0.207567,-0.922608,0.389155,-0.065614,-0.000365,-0.085639,0.313462,0.733508,0.596971,-0.272584,-0.929454,0.248621,0.822076,-0.090735,0.562101,0.027289,-0.830449,1.362505,0.101892,0.106039,-0.039963,0.190218,-0.295728,0.136709,0.943267,-0.064062,0.267535,7.345980,0.000000,1,0.058133,9.142581,35.807851,45.358941,-2.113692,48.271832,0.000014
11.991666,5.533333,1,-0.906808,1.448057,0.290458,-0.242029,-0.218177,0.207846,-0.922291,0.389788,-0.065394,-0.001000,-0.085435,0.314267,0.733100,0.597077,-0.272399,-0.929134,0.250018,0.821737,-0.089470,0.562800,0.027689,-0.830449,1.362505,0.101892,0.105866,-0.039280,0.189622,-0.296121,0.137432,0.943064,-0.063678,0.292466,8.413953,0.000000,1,0.059011,9.101016,35.976410,45.185412,-2.097140,48.144241,0.000014
12.025000,5.566667,1,-0.906929,1.447428,0.289780,-0.243404,-0.218976,0.208064,-0.921691,0.390361,-0.065111,-0.001680,-0.085537,0.315854,0.732467,0.597002,-0.272544,-0.928603,0.251824,0.820534,-0.087650,0.564837,0.027981,-0.830449,1.362505,0.101892,0.105628,-0.038651,0.188975,-0.297271,0.138518,0.942573,-0.063239,0.292487,9.555837,0.000000,1,0.059407,9.052065,36.148026,45.019615,-2.079107,48.020228,0.000013
12.058333,5.600000,1,-0.907007,1.446814,0.288999,-0.244693,-0.219662,0.208421,-0.921105,0.390895,-0.064802,-0.002462,-0.085578,0.317315,0.731785,0.597058,-0.272397,-0.928146,0.253662,0.819526,-0.085666,0.566603,0.029888,-0.830449,1.362505,0.101892,0.105367,-0.038052,0.188223,-0.298286,0.139553,0.942137,-0.062677,0.267337,10.744147,0.000000,1,0.060608,9.000580,36.335673,44.850629,-2.060655,47.890836,0.000012
12.091666,5.633333,1,-0.907132,1.446228,0.288135,-0.245938,-0.219802,0.208647,-0.920689,0.391436,-0.064547,-0.003328,-0.085148,0.318492,0.731312,0.597072,-0.272510,-0.927530,0.255785,0.819054,-0.084136,0.567514,0.031558,-0.830449,1.362505,0.101892,0.105163,-0.037444,0.187389,-0.298773,0.140705,0.941836,-0.062305,0.233265,11.456086,0.000000,1,0.062188,8.956581,36.540553,44.669853,-2.043842,47.751358,0.000012
12.125000,5.666667,1,-0.907285,1.445626,0.287376,-0.246575,-0.220601,0.208459,-0.920370,0.392006,-0.064306,-0.004088,-0.085579,0.319418,0.731112,0.596760,-0.273106,-0.927269,0.256095,0.817927,-0.083699,0.569202,0.029413,-0.830449,1.362505,0.101892,0.104970,-0.036814,0.186663,-0.299721,0.141088,0.941474,-0.062354,0.248854,12.256819,0.000000,1,0.062155,8.913808,36.728459,44.493135,-2.027328,47.618614,0.000011
12.158333,5.700000,1,-0.907444,1.444980,0.286825,-0.246649,-0.221960,0.208587,-0.919994,0.392615,-0.064043,-0.004640,-0.086764,0.320091,0.730721,0.596707,-0.272824,-0.927598,0.255202,0.816509,-0.082963,0.571341,0.025904,-0.830449,1.362505,0.101892,0.104751,-0.036158,0.186146,-0.301029,0.140763,0.941123,-0.062083,0.296473,13.007313,0.000000,1,0.061167,8.867184,36.880229,44.330691,-2.010068,47.502580,0.000011
12.191666,5.733333,1,-0.907544,1.444315,0.286442,-0.246772,-0.223400,0.209013,-0.919516,0.393205,-0.063722,-0.005025,-0.087999,0.320844,0.730106,0.596875,-0.271993,-0.928032,0.254511,0.815097,-0.081598,0.573550,0.023214,-0.830449,1.362505,0.101892,0.104467,-0.035530,0.185794,-0.302417,0.140456,0.940763,-0.061494,0.265352,13.396491,0.000000,1,0.059906,8.812936,36.997946,44.190428,-1.991290,47.406734,0.000010
12.225000,5.766667,1,-0.907530,1.443655,0.286136,-0.247134,-0.224720,0.208974,-0.919106,0.393723,-0.063313,-0.005332,-0.089019,0.321757,0.729759,0.596657,-0.272152,-0.928117,0.254033,0.813547,-0.080945,0.575838,0.021849,-0.830449,1.362505,0.101892,0.104090,-0.034975,0.185512,-0.303775,0.140422,0.940338,-0.061367,0.197199,13.606247,0.000000,1,0.058878,8.748169,37.094168,44.073493,-1.970449,47.328439,0.000010
12.258333,5.800000,1,-0.907461,1.442958,0.285821,-0.247476,-0.226066,0.208521,-0.918787,0.394237,-0.062838,-0.005647,-0.090071,0.322663,0.729678,0.596109,-0.273083,-0.928060,0.253238,0.811810,-0.081086,0.578265,0.023022,-0.830449,1.362505,0.101892,0.103647,-0.034421,0.185219,-0.305165,0.140368,0.939877,-0.061661,0.251451,14.061379,0.000000,1,0.059223,8.674607,37.190635,43.958539,-1.948050,47.251010,0.000009
12.291666,5.833333,1,-0.907440,1.442236,0.285521,-0.247427,-0.227402,0.208202,-0.918542,0.394800,-0.062386,-0.005949,-0.091290,0.323215,0.729605,0.595714,-0.273583,-0.928284,0.251877,0.810259,-0.081314,0.580404,0.023466,-0.830449,1.362505,0.101892,0.103230,-0.033819,0.184944,-0.306429,0.139939,0.939517,-0.061860,0.310892,14.873367,0.000000,1,0.059972,8.603326,37.288793,43.835186,-1.926326,47.168692,0.000009
12.325000,5.866667,1,-0.907500,1.441541,0.285314,-0.246577,-0.228367,0.208230,-0.918525,0.395391,-0.062016,-0.006157,-0.092533,0.322885,0.729578,0.595733,-0.273079,-0.929023,0.249687,0.809514,-0.081694,0.581389,0.021831,-0.830449,1.362505,0.101892,0.102891,-0.033200,0.184766,-0.307097,0.138841,0.939464,-0.061823,0.456763,15.862000,0.000000,1,0.059881,8.542601,37.372918,43.713722,-1.906818,47.090836,0.000008
12.358333,5.900000,1,-0.907543,1.440870,0.285129,-0.246031,-0.228777,0.208220,-0.918572,0.395952,-0.061646,-0.006343,-0.093143,0.322579,0.729626,0.595746,-0.272822,-0.929435,0.248432,0.809251,-0.082058,0.581703,0.020931,-0.830449,1.362505,0.101892,0.102551,-0.032612,0.184608,-0.307328,0.138199,0.939482,-0.061848,0.507000,16.035130,0.000000,1,0.059775,8.482685,37.450635,43.599620,-1.887578,47.018380,0.000008
12.391666,5.933333,1,-0.907479,1.440180,0.284870,-0.246114,-0.229596,0.208042,-0.918386,0.396464,-0.061179,-0.006603,-0.093839,0.323018,0.729540,0.595504,-0.273139,-0.929511,0.247798,0.808264,-0.082069,0.583073,0.022194,-0.830449,1.362505,0.101892,0.102115,-0.032064,0.184370,-0.308134,0.138043,0.939234,-0.061940,0.458453,16.131694,0.000000,1,0.060221,8.410677,37.536963,43.489690,-1.866120,46.945878,0.000007
12.425000,5.966667,1,-0.907382,1.439462,0.284574,-0.246391,-0.231027,0.207833,-0.918000,0.396978,-0.060668,-0.006899,-0.094997,0.323905,0.729291,0.595144,-0.273558,-0.929606,0.246979,0.806526,-0.081779,0.585515,0.023481,-0.830449,1.362505,0.101892,0.101636,-0.031509,0.184096,-0.309579,0.137899,0.938778,-0.061981,0.416464,16.637902,0.000000,1,0.060907,8.332790,37.629909,43.376603,-1.843705,46.870001,0.000007
12.458333,6.000000,1,-0.907388,1.438753,0.284366,-0.246336,-0.231937,0.207756,-0.917802,0.397546,-0.060247,-0.007109,-0.095836,0.324261,0.729150,0.594987,-0.273611,-0.929822,0.246105,0.805519,-0.081689,0.586913,0.022151,-0.830449,1.362505,0.101892,0.101246,-0.030909,0.183913,-0.310428,0.137584,0.938544,-0.061974,0.449687,17.143894,0.000000,1,0.061108,8.266023,37.712353,43.259607,-1.823627,46.794639,0.000007
12.491666,6.033333,1,-0.907508,1.438103,0.284275,-0.246021,-0.232071,0.208079,-0.917780,0.398138,-0.059951,-0.007201,-0.096097,0.324040,0.728986,0.595267,-0.272846,-0.930161,0.245674,0.805604,-0.081311,0.586848,0.020041,-0.830449,1.362505,0.101892,0.100978,-0.030300,0.183853,-0.310454,0.137236,0.938607,-0.061663,0.626649,17.316930,0.000000,1,0.060772,8.215929,37.776315,43.146851,-1.806889,46.726048,0.000006
12.525000,6.066667,1,-0.907646,1.437470,0.284290,-0.245532,-0.232261,0.208386,-0.917793,0.398726,-0.059680,-0.007188,-0.096485,0.323687,0.728862,0.595549,-0.272025,-0.930607,0.244895,0.805683,-0.081097,0.586769,0.019430,-0.830449,1.362505,0.101892,0.100732,-0.029702,0.183899,-0.310482,0.136705,0.938693,-0.061380,0.757278,17.283594,0.000000,1,0.060172,8.169424,37.820577,43.044808,-1.790938,46.667799,0.000006
12.558333,6.100000,1,-0.907748,1.436820,0.284411,-0.244985,-0.232997,0.208259,-0.917781,0.399307,-0.059371,-0.007068,-0.097388,0.323526,0.728909,0.595431,-0.271955,-0.931045,0.243301,0.805015,-0.081586,0.587618,0.020068,-0.830449,1.362505,0.101892,0.100444,-0.029118,0.184050,-0.311026,0.135969,0.938613,-0.061491,0.794757,17.203081,0.000000,1,0.059406,8.117814,37.843530,42.956345,-1.774109,46.621665,0.000006
12.591666,6.133333,1,-0.907841,1.436174,0.284636,-0.244241,-0.234172,0.208006,-0.917738,0.399880,-0.059056,-0.006845,-0.098771,0.323384,0.728986,0.595187,-0.271994,-0.931647,0.240942,0.803882,-0.082351,0.589060,0.020708,-0.830449,1.362505,0.101892,0.100148,-0.028548,0.184302,-0.311932,0.134917,0.938450,-0.061707,0.662285,17.055686,0.000000,1,0.058667,8.065676,37.846492,42.880144,-1.757300,46.586598,0.000005
12.625000,6.166667,1,-0.907930,1.435544,0.284936,-0.243262,-0.235453,0.207903,-0.917694,0.400438,-0.058749,-0.006546,-0.100355,0.323079,0.728994,0.595077,-0.271625,-0.932460,0.238197,0.802769,-0.083006,0.590484,0.021106,-0.830449,1.362505,0.101892,0.099855,-0.027998,0.184629,-0.312867,0.133606,0.938321,-0.061781,0.530140,16.921538,0.000000,1,0.058062,8.014870,37.834197,42.814186,-1.740885,46.560349,0.000005
12.658333,6.200000,1,-0.907968,1.434865,0.285279,-0.242464,-0.236822,0.207912,-0.917551,0.401004,-0.058372,-0.006205,-0.101937,0.322976,0.728865,0.595023,-0.271114,-0.933228,0.235760,0.801536,-0.083269,0.592121,0.022836,-0.830449,1.362505,0.101892,0.099492,-0.027440,0.184998,-0.313933,0.132443,0.938135,-0.061713,0.437796,16.673097,0.000000,1,0.057839,7.954473,37.813591,42.753214,-1.722822,46.538357,0.000005
12.691666,6.233333,1,-0.907885,1.434079,0.285569,-0.242707,-0.238194,0.207802,-0.917156,0.401583,-0.057833,-0.005915,-0.103057,0.323806,0.728563,0.594747,-0.271310,-0.933363,0.234999,0.799882,-0.082851,0.594412,0.025283,-0.830449,1.362505,0.101892,0.098969,-0.026858,0.185311,-0.315308,0.132281,0.937700,-0.061660,0.509070,16.476805,0.000000,1,0.058384,7.872112,37.801894,42.688820,-1.700798,46.511947,0.000005
12.725000,6.266667,1,-0.907676,1.433210,0.285779,-0.243261,-0.240124,0.207456,-0.916584,0.402152,-0.057143,-0.005706,-0.104538,0.325162,0.728210,0.594182,-0.272040,-0.933361,0.234160,0.797395,-0.082435,0.597801,0.027545,-0.830449,1.362505,0.101892,0.098298,-0.026274,0.185539,-0.317310,0.132261,0.937021,-0.061758,0.598275,16.462137,0.000000,1,0.059029,7.769871,37.803029,42.621613,-1.675191,46.480562,0.000004
12.758333,6.300000,1,-0.907470,1.432297,0.285984,-0.242579,-0.242957,0.207045,-0.916111,0.402757,-0.056430,-0.005502,-0.107378,0.325815,0.727975,0.593605,-0.272207,-0.934230,0.230473,0.794288,-0.082956,0.601851,0.028722,-0.830449,1.362505,0.101892,0.097605,-0.025653,0.185764,-0.319811,0.130792,0.936363,-0.061952,0.649970,16.570642,0.000000,1,0.059590,7.663932,37.808019,42.547632,-1.649085,46.444409,0.000004
12.791666,6.333333,1,-0.907393,1.431310,0.286226,-0.240703,-0.245368,0.207096,-0.915952,0.403500,-0.055775,-0.005261,-0.110374,0.325212,0.727814,0.593583,-0.270953,-0.935827,0.225417,0.792247,-0.083792,0.604419,0.030571,-0.830449,1.362505,0.101892,0.096975,-0.024900,0.186036,-0.321551,0.128289,0.936121,-0.061837,0.578381,16.527878,0.000000,1,0.060934,7.563696,37.818744,42.450086,-1.624325,46.394230,0.000004
12.825000,6.366667,1,-0.907333,1.430246,0.286412,-0.239434,-0.246876,0.207310,-0.915831,0.404315,-0.055086,-0.005076,-0.112289,0.324749,0.727613,0.593724,-0.269766,-0.936934,0.222217,0.791071,-0.084060,0.605921,0.032484,-0.830449,1.362505,0.101892,0.096316,-0.024069,0.186256,-0.322606,0.126630,0.936001,-0.061587,0.532429,16.522454,0.000000,1,0.062425,7.457961,37.846109,42.333881,-1.598725,46.330010,0.000004
12.858333,6.400000,1,-0.907132,1.429230,0.286445,-0.239797,-0.248884,0.206885,-0.915288,0.405005,-0.054315,-0.005044,-0.113925,0.325969,0.727322,0.593100,-0.270506,-0.937022,0.220944,0.788477,-0.083952,0.609308,0.031060,-0.830449,1.362505,0.101892,0.095574,-0.023349,0.186313,-0.324628,0.126405,0.935320,-0.061771,0.559202,16.917927,0.000000,1,0.062715,7.343768,37.891275,42.226303,-1.571560,46.266011,0.000004
12.891666,6.433333,1,-0.906904,1.428341,0.286356,-0.240277,-0.251187,0.206459,-0.914629,0.405577,-0.053597,-0.005134,-0.115774,0.327426,0.726927,0.592424,-0.271260,-0.937113,0.219632,0.785483,-0.083651,0.613204,0.027667,-0.830449,1.362505,0.101892,0.094885,-0.022741,0.186243,-0.326964,0.126207,0.934523,-0.061911,0.619888,17.351952,0.000000,1,0.062867,7.238991,37.950021,42.126373,-1.546205,46.202879,0.000003
12.925000,6.466667,1,-0.906845,1.427564,0.286170,-0.240505,-0.252915,0.206738,-0.914030,0.406162,-0.053082,-0.005320,-0.117219,0.328401,0.726269,0.592407,-0.270628,-0.937483,0.218829,0.783504,-0.082414,0.615898,0.024044,-0.830449,1.362505,0.101892,0.094401,-0.022123,0.186082,-0.328659,0.125922,0.933999,-0.061417,0.776156,17.682322,0.000000,1,0.064244,7.161357,38.030520,42.008861,-1.526095,46.125421,0.000003
12.958333,6.500000,1,-0.906943,1.426879,0.285826,-0.241682,-0.253538,0.207250,-0.913431,0.406767,-0.052748,-0.005666,-0.117253,0.329733,0.725506,0.592595,-0.270166,-0.937187,0.220661,0.782538,-0.080214,0.617414,0.023176,-0.830449,1.362505,0.101892,0.094104,-0.021482,0.185769,-0.329575,0.126864,0.933595,-0.060707,1.128383,17.924687,0.000000,1,0.066425,7.107999,38.144864,41.866380,-1.510683,46.026927,0.000003
12.991666,6.533333,1,-0.907013,1.426271,0.285410,-0.243054,-0.253664,0.207471,-0.912982,0.407293,-0.052436,-0.006084,-0.116755,0.331018,0.725006,0.592589,-0.270412,-0.936557,0.223020,0.781966,-0.078530,0.618355,0.022220,-0.830449,1.362505,0.101892,0.093828,-0.020915,0.185380,-0.330086,0.128142,0.933265,-0.060328,1.291521,18.216245,0.000000,1,0.066836,7.059053,38.266726,41.729858,-1.496107,45.930078,0.000003
13.025000,6.566667,1,-0.906983,1.425732,0.285072,-0.243254,-0.254367,0.207466,-0.912734,0.407704,-0.052088,-0.006422,-0.117295,0.331511,0.724787,0.592474,-0.270432,-0.936604,0.222797,0.781066,-0.078149,0.619539,0.019097,-0.830449,1.362505,0.101892,0.093508,-0.020467,0.185060,-0.330811,0.128132,0.933015,-0.060236,1.394250,18.396149,0.000000,1,0.065402,7.007094,38.363732,41.623348,-1.480919,45.855253,0.000003
13.058333,6.600000,1,-0.906879,1.425327,0.284814,-0.242937,-0.255564,0.207335,-0.912514,0.407964,-0.051760,-0.006680,-0.118508,0.331761,0.724651,0.592260,-0.270368,-0.936996,0.221223,0.779731,-0.078326,0.621197,0.014733,-0.830449,1.362505,0.101892,0.093200,-0.020177,0.184811,-0.331858,0.127483,0.932730,-0.060271,1.471784,18.529703,0.000000,1,0.063540,6.960321,38.432645,41.553036,-1.466651,45.806405,0.000003
13.091666,6.633333,1,-0.906721,1.425089,0.284566,-0.242505,-0.256891,0.207074,-0.912315,0.408059,-0.051490,-0.006928,-0.119889,0.331967,0.724592,0.591939,-0.270470,-0.937426,0.219267,0.778230,-0.078813,0.623014,0.011362,-0.830449,1.362505,0.101892,0.092942,-0.020054,0.184563,-0.332999,0.126689,0.932421,-0.060437,1.455039,18.628271,0.000000,1,0.062173,6.923803,38.485788,41.513396,-1.454302,45.777579,0.000003
13.125000,6.666667,1,-0.906581,1.424990,0.284360,-0.242068,-0.258164,0.206660,-0.912165,0.408053,-0.051319,-0.007134,-0.121223,0.332143,0.724646,0.591502,-0.270861,-0.937786,0.217238,0.776732,-0.079613,0.624780,0.008027,-0.830449,1.362505,0.101892,0.092777,-0.020038,0.184353,-0.334092,0.125908,0.932114,-0.060765,1.390418,18.691846,0.000000,1,0.061104,6.902012,38.523159,41.494812,-1.444783,45.763610,0.000002
13.158333,6.700000,1,-0.906508,1.425007,0.284240,-0.242702,-0.259661,0.206121,-0.911694,0.407995,-0.051271,-0.007254,-0.122281,0.333377,0.724467,0.590808,-0.271985,-0.937574,0.216746,0.774511,-0.079611,0.627531,0.004265,-0.830449,1.362505,0.101892,0.092730,-0.020086,0.184227,-0.335711,0.126094,0.931486,-0.061086,1.370089,18.770595,0.000000,1,0.060072,6.897398,38.541193,41.492229,-1.438601,45.762605,0.000002
13.191666,6.733333,1,-0.906428,1.425090,0.284180,-0.243838,-0.261222,0.205725,-0.911034,0.407880,-0.051256,-0.007313,-0.123172,0.335089,0.724056,0.590158,-0.273085,-0.937162,0.217144,0.772068,-0.078858,0.630629,0.003892,-0.830449,1.362505,0.101892,0.092713,-0.020196,0.184160,-0.337532,0.126743,0.930732,-0.061201,0.943366,18.784958,0.000000,1,0.059081,6.898184,38.543074,41.505961,-1.433608,45.773856,0.000002
13.225000,6.766667,1,-0.906262,1.425156,0.284126,-0.244062,-0.262450,0.205764,-0.910612,0.407727,-0.051164,-0.007366,-0.124173,0.335838,0.723664,0.590004,-0.272954,-0.937333,0.216572,0.770525,-0.078218,0.632592,0.005592,-0.830449,1.362505,0.101892,0.092616,-0.020340,0.184094,-0.338760,0.126602,0.930318,-0.061002,1.019917,18.804341,0.000000,1,0.058554,6.889084,38.539554,41.529521,-1.427033,45.791252,0.000002
13.258333,6.800000,1,-0.906011,1.425157,0.284080,-0.243495,-0.263659,0.206105,-0.910338,0.407575,-0.050964,-0.007411,-0.125507,0.335871,0.723268,0.590188,-0.271853,-0.938037,0.214903,0.769420,-0.077739,0.633995,0.007668,-0.830449,1.362505,0.101892,0.092410,-0.020480,0.184033,-0.339730,0.125702,0.930114,-0.060577,1.013073,18.854494,0.000000,1,0.058293,6.865478,38.533239,41.556577,-1.418050,45.810780,0.000002
13.291666,6.833333,1,-0.905716,1.425122,0.284023,-0.242754,-0.265024,0.206461,-0.910059,0.407426,-0.050706,-0.007467,-0.127060,0.335817,0.722862,0.590384,-0.270606,-0.938870,0.212828,0.768194,-0.077349,0.635527,0.009075,-0.830449,1.362505,0.101892,0.092149,-0.020614,0.183960,-0.340797,0.124589,0.929902,-0.060136,1.435422,18.942747,0.000000,1,0.058283,6.834110,38.528488,41.583412,-1.407895,45.829485,0.000002
13.325000,6.866667,1,-0.905515,1.425093,0.283915,-0.242887,-0.266040,0.206669,-0.909679,0.407327,-0.050529,-0.007575,-0.127911,0.336390,0.722432,0.590400,-0.270133,-0.939104,0.212395,0.766992,-0.076539,0.637075,0.006899,-0.830449,1.362505,0.101892,0.091971,-0.020697,0.183841,-0.341792,0.124420,0.929582,-0.059795,1.439986,19.083525,0.000000,1,0.059206,6.812540,38.538711,41.593596,-1.399849,45.835605,0.000002
13.358333,6.900000,1,-0.905473,1.425060,0.283824,-0.243590,-0.266256,0.207024,-0.909347,0.407328,-0.050476,-0.007665,-0.127791,0.337116,0.721977,0.590568,-0.269797,-0.938915,0.213656,0.766592,-0.075163,0.637720,0.003148,-0.830449,1.362505,0.101892,0.091921,-0.020687,0.183749,-0.342190,0.125027,0.929383,-0.059336,1.479286,19.143270,0.000000,1,0.060067,6.806081,38.555664,41.584109,-1.394878,45.829587,0.000002
13.391666,6.933333,1,-0.905483,1.425026,0.283841,-0.244454,-0.266636,0.207160,-0.908973,0.407361,-0.050463,-0.007649,-0.127747,0.338059,0.721583,0.590522,-0.269930,-0.938592,0.214902,0.765848,-0.074001,0.638749,0.001169,-0.830449,1.362505,0.101892,0.091909,-0.020655,0.183768,-0.342796,0.125745,0.929080,-0.059065,1.504476,19.161525,0.000000,1,0.078187,6.806081,38.555664,41.584109,-1.394878,45.829587,0.000002
13.425000,6.966667,1,-0.905407,1.424998,0.283941,-0.245769,-0.267931,0.206819,-0.908315,0.407339,-0.050385,-0.007548,-0.128320,0.339814,0.721148,0.589921,-0.271055,-0.938050,0.215850,0.763630,-0.073041,0.641509,0.003867,-0.830449,1.362505,0.101892,0.091827,-0.020681,0.183864,-0.344416,0.126642,0.928355,-0.059131,1.509917,19.152600,0.000000,1,0.058305,6.794406,38.534263,41.595114,-1.389055,45.843326,0.000002
13.458333,7.000000,1,-0.905263,1.424935,0.284088,-0.247663,-0.269416,0.206462,-0.907442,0.407303,-0.050233,-0.007401,-0.128806,0.342170,0.720530,0.589208,-0.272487,-0.937230,0.217602,0.760936,-0.071508,0.644874,0.006452,-0.830449,1.362505,0.101892,0.091669,-0.020720,0.184004,-0.346383,0.128041,0.927431,-0.059130,0.992813,19.124733,0.000000,1,0.057479,6.775024,38.502327,41.619672,-1.381947,45.866459,0.000002
13.491666,7.033333,1,-0.905120,1.424787,0.284275,-0.248995,-0.270410,0.206523,-0.906768,0.407335,-0.050030,-0.007214,-0.129102,0.343806,0.719901,0.588959,-0.272920,-0.936757,0.219093,0.759212,-0.069850,0.647084,0.008322,-0.830449,1.362505,0.101892,0.091462,-0.020691,0.184187,-0.347709,0.129033,0.926817,-0.058815,0.984433,19.090515,0.000000,1,0.057581,6.747860,38.468075,41.637057,-1.373633,45.886017,0.000001
13.525000,7.066667,1,-0.904957,1.424563,0.284459,-0.249773,-0.271651,0.206635,-0.906157,0.407417,-0.049765,-0.007030,-0.129868,0.345056,0.719307,0.588785,-0.272933,-0.936658,0.219499,0.757411,-0.068537,0.649331,0.009993,-0.830449,1.362505,0.101892,0.091195,-0.020610,0.184369,-0.349108,0.129421,0.926258,-0.058477,0.982732,19.070702,0.000000,1,0.057911,6.711509,38.437904,41.646383,-1.363824,45.900031,0.000001
13.558333,7.100000,1,-0.904722,1.424293,0.284585,-0.250132,-0.273504,0.206478,-0.905537,0.407491,-0.049416,-0.006903,-0.131366,0.346204,0.718825,0.588367,-0.273135,-0.936825,0.218531,0.754907,-0.067934,0.652304,0.011372,-0.830449,1.362505,0.101892,0.090845,-0.020529,0.184490,-0.350972,0.129234,0.925585,-0.058386,1.021425,19.059116,0.000000,1,0.058211,6.663996,38.417021,41.653009,-1.352101,45.910141,0.000001
13.591666,7.133333,1,-0.904453,1.424020,0.284620,-0.250366,-0.275398,0.206136,-0.904976,0.407547,-0.049036,-0.006867,-0.132958,0.347258,0.718479,0.587811,-0.273601,-0.937001,0.217189,0.752319,-0.067781,0.655303,0.011562,-0.830449,1.362505,0.101892,0.090467,-0.020459,0.184519,-0.352844,0.128919,0.924911,-0.058491,1.037540,19.052853,0.000000,1,0.058768,6.612723,38.411217,41.654442,-1.339823,45.913730,0.000001
13.625000,7.166667,1,-0.904226,1.423794,0.284601,-0.250764,-0.276812,0.205935,-0.904480,0.407591,-0.048719,-0.006886,-0.134046,0.348245,0.718128,0.587409,-0.273965,-0.937031,0.216599,0.750307,-0.067353,0.657649,0.009611,-0.830449,1.362505,0.101892,0.090153,-0.020399,0.184495,-0.354306,0.128898,0.924355,-0.058490,1.019704,19.132877,0.000000,1,0.059187,6.570042,38.415423,41.650804,-1.329259,45.912179,0.000001
13.658333,7.200000,1,-0.903995,1.423630,0.284626,-0.250641,-0.278443,0.205602,-0.904089,0.407583,-0.048436,-0.006860,-0.135562,0.348862,0.717930,0.586937,-0.274257,-0.937344,0.214871,0.748174,-0.067602,0.660050,0.008539,-0.830449,1.362505,0.101892,0.089869,-0.020396,0.184512,-0.355826,0.128314,0.923842,-0.058652,0.975052,19.255054,0.000000,1,0.058364,6.532585,38.407351,41.660585,-1.319718,45.920590,0.000001
13.691666,7.233333,1,-0.903725,1.423532,0.284730,-0.250180,-0.280467,0.204953,-0.903738,0.407499,-0.048161,-0.006756,-0.137580,0.349351,0.717910,0.586201,-0.274881,-0.937806,0.212039,0.745551,-0.068646,0.662904,0.009175,-0.830449,1.362505,0.101892,0.089588,-0.020475,0.184602,-0.357630,0.127298,0.923255,-0.059126,0.988194,19.350136,0.000000,1,0.056952,6.497328,38.377966,41.692633,-1.310628,45.945740,0.000001
13.725000,7.266667,1,-0.903514,1.423491,0.284877,-0.250176,-0.282517,0.204333,-0.903241,0.407406,-0.047968,-0.006608,-0.139417,0.350261,0.717746,0.585424,-0.275683,-0.938036,0.209970,0.742707,-0.069192,0.666033,0.007813,-0.830449,1.362505,0.101892,0.089387,-0.020569,0.184738,-0.359589,0.126715,0.922549,-0.059517,1.037156,19.356722,0.000000,1,0.056425,6.473176,38.340135,41.729469,-1.303725,45.975288,0.000001
13.758333,7.300000,1,-0.903390,1.423480,0.285031,-0.250706,-0.284997,0.203658,-0.902467,0.407341,-0.047863,-0.006454,-0.141402,0.351841,0.717359,0.584474,-0.276791,-0.938057,0.208412,0.739054,-0.069196,0.670083,0.005914,-0.830449,1.362505,0.101892,0.089274,-0.020640,0.184884,-0.362113,0.126522,0.921566,-0.059854,1.065591,19.341834,0.000000,1,0.056579,6.460286,38.304566,41.759700,-1.299085,46.000642,0.000001
13.791666,7.333333,1,-0.903231,1.423460,0.285170,-0.251876,-0.288435,0.202916,-0.901215,0.407262,-0.047724,-0.006314,-0.143959,0.354420,0.716577,0.583249,-0.278192,-0.937930,0.207115,0.733841,-0.068413,0.675867,0.006385,-0.830449,1.362505,0.101892,0.089128,-0.020722,0.185015,-0.365731,0.126669,0.920102,-0.060075,1.029905,19.291485,0.000000,1,0.056412,6.443097,38.269907,41.792023,-1.293782,46.026688,0.000001
13.825000,7.366667,1,-0.902970,1.423394,0.285326,-0.253869,-0.292524,0.202265,-0.899483,0.407157,-0.047476,-0.006157,-0.146733,0.358027,0.715325,0.581890,-0.279747,-0.937550,0.206742,0.727412,-0.066441,0.682976,0.009342,-0.830449,1.362505,0.101892,0.088871,-0.020825,0.185157,-0.370201,0.127419,0.918211,-0.060030,1.019584,19.338022,0.000000,1,0.055821,6.411616,38.228899,41.833129,-1.285933,46.058654,0.000001
13.858333,7.400000,1,-0.902767,1.423274,0.285574,-0.255623,-0.296766,0.201325,-0.897806,0.407132,-0.047243,-0.005908,-0.149750,0.361488,0.714252,0.580298,-0.281659,-0.937223,0.205623,0.720692,-0.065162,0.690186,0.010254,-0.830449,1.362505,0.101892,0.088629,-0.020857,0.185396,-0.374755,0.127901,0.916279,-0.060278,1.010758,19.361330,0.000000,1,0.055590,6.380848,38.177569,41.868718,-1.278381,46.089952,0.000001
13.891666,7.433333,1,-0.902696,1.423139,0.285844,-0.256416,-0.300482,0.199957,-0.896649,0.407198,-0.047105,-0.005638,-0.152725,0.363853,0.713834,0.578556,-0.283897,-0.937125,0.202979,0.714847,-0.065768,0.696181,0.009307,-0.830449,1.362505,0.101892,0.088486,-0.020803,0.185666,-0.378545,0.127618,0.914703,-0.061125,1.058983,19.232155,0.000000,1,0.056169,6.361530,38.130939,41.887556,-1.273136,46.111111,0.000001
13.925000,7.466667,1,-0.902627,1.423012,0.286017,-0.256788,-0.303361,0.198084,-0.895988,0.407259,-0.046974,-0.005465,-0.155136,0.365467,0.714085,0.576585,-0.286966,-0.936855,0.199885,0.710067,-0.067968,0.700846,0.006769,-0.830449,1.362505,0.101892,0.088352,-0.020748,0.185839,-0.381436,0.127181,0.913460,-0.062633,1.069899,19.207979,0.000000,1,0.056847,6.343200,38.102110,41.897223,-1.268188,46.123041,0.000001
13.958333,7.500000,1,-0.902527,1.422874,0.286173,-0.256750,-0.306292,0.195700,-0.895526,0.407309,-0.046811,-0.005310,-0.157778,0.366736,0.714740,0.574245,-0.290698,-0.936597,0.195653,0.705146,-0.071495,0.705448,0.006908,-0.830449,1.362505,0.101892,0.088187,-0.020701,0.185993,-0.384274,0.126344,0.912242,-0.064696,1.034618,19.234403,0.000000,1,0.056819,6.320875,38.075545,41.907527,-1.262568,46.134668,0.000001
13.991666,7.533333,1,-0.902570,1.422735,0.286424,-0.256019,-0.308421,0.193859,-0.895405,0.407447,-0.046762,-0.005058,-0.160009,0.367028,0.715457,0.572545,-0.293178,-0.936719,0.191321,0.701808,-0.074964,0.708411,0.008723,-0.830449,1.362505,0.101892,0.088136,-0.020579,0.186252,-0.386134,0.125061,0.911512,-0.066379,1.009596,19.198717,0.000000,1,0.056871,6.312395,38.039746,41.908896,-1.259633,46.143737,0.000001
14.025000,7.566667,1,-0.902761,1.422625,0.286784,-0.254633,-0.309213,0.193290,-0.895650,0.407651,-0.046849,-0.004700,-0.161335,0.366141,0.715932,0.572148,-0.293235,-0.937381,0.187963,0.701095,-0.077175,0.708879,0.012649,-0.830449,1.362505,0.101892,0.088220,-0.020403,0.186626,-0.386500,0.123511,0.911522,-0.067006,1.018762,19.056506,0.000000,1,0.056723,6.321164,37.991002,41.905929,-1.259985,46.153592,0.000001
14.058333,7.600000,1,-0.902893,1.422491,0.287227,-0.252142,-0.309592,0.193481,-0.896182,0.407838,-0.046876,-0.004258,-0.162785,0.364081,0.716324,0.572561,-0.291349,-0.938812,0.183703,0.701745,-0.079238,0.708008,0.014438,-0.830449,1.362505,0.101892,0.088241,-0.020247,0.187081,-0.386131,0.121003,0.912013,-0.067030,1.062603,18.892104,0.000000,1,0.055740,6.322068,37.924593,41.915883,-1.258887,46.174380,0.000001
14.091666,7.633333,1,-0.902880,1.422290,0.287700,-0.248418,-0.309864,0.193843,-0.897049,0.407994,-0.046745,-0.003785,-0.164689,0.360870,0.716939,0.573279,-0.288457,-0.940875,0.177615,0.703150,-0.082247,0.706269,0.015434,-0.830449,1.362505,0.101892,0.088102,-0.020118,0.187559,-0.385298,0.117337,0.912845,-0.067022,1.065121,18.701521,0.000000,1,0.054883,6.302356,37.848039,41.938453,-1.253979,46.204042,0.000001
14.125000,7.666667,1,-0.902734,1.422078,0.288074,-0.245478,-0.310650,0.193722,-0.897613,0.408075,-0.046501,-0.003410,-0.166703,0.358589,0.717498,0.573429,-0.286779,-0.942424,0.172032,0.703312,-0.085187,0.705759,0.013631,-0.830449,1.362505,0.101892,0.087850,-0.020051,0.187931,-0.385192,0.114286,0.913252,-0.067352,1.047447,18.419047,0.000000,1,0.054722,6.268583,37.782214,41.967219,-1.246494,46.234207,0.000001
14.158333,7.700000,1,-0.902450,1.421819,0.288326,-0.243648,-0.312637,0.193045,-0.897568,0.408113,-0.046119,-0.003158,-0.169298,0.357837,0.717763,0.572806,-0.286462,-0.943441,0.166910,0.701117,-0.087692,0.707634,0.013791,-0.830449,1.362505,0.101892,0.087462,-0.020013,0.188175,-0.386563,0.111967,0.912914,-0.067976,0.943737,18.271682,0.000000,1,0.055073,6.216915,37.733973,41.994780,-1.235746,46.259314,0.000001
14.191666,7.733333,1,-0.902111,1.421466,0.288466,-0.242870,-0.314679,0.192469,-0.897188,0.408190,-0.045636,-0.003018,-0.171474,0.358051,0.717685,0.572123,-0.286544,-0.944001,0.163571,0.698416,-0.088949,0.710143,0.015265,-0.830449,1.362505,0.101892,0.086979,-0.019924,0.188306,-0.388288,0.110643,0.912313,-0.068379,0.913749,18.265652,0.000000,1,0.056224,6.151216,37.709226,42.005490,-1.222497,46.269702,0.000000
14.225000,7.766667,1,-0.901811,1.421044,0.288516,-0.242872,-0.316092,0.192253,-0.896738,0.408347,-0.045143,-0.002967,-0.172738,0.358682,0.717381,0.571729,-0.286575,-0.944210,0.162300,0.696379,-0.088947,0.712141,0.015597,-0.830449,1.362505,0.101892,0.086492,-0.019749,0.188353,-0.389631,0.110242,0.911786,-0.068414,1.080997,18.297844,0.000000,1,0.057686,6.083063,37.708123,41.992335,-1.208896,46.261740,0.000000
14.258333,7.800000,1,-0.901592,1.420610,0.288492,-0.243241,-0.317336,0.192219,-0.896205,0.408562,-0.044706,-0.002991,-0.173687,0.359568,0.716922,0.571461,-0.286531,-0.944290,0.161917,0.694480,-0.088288,0.714074,0.014615,-0.830449,1.362505,0.101892,0.086066,-0.019514,0.188331,-0.390916,0.110241,0.911248,-0.068248,1.173219,18.379467,0.000000,1,0.058967,6.021755,37.726941,41.959106,-1.196631,46.238461,0.000000
14.291666,7.833333,1,-0.901460,1.420190,0.288394,-0.244108,-0.318334,0.192517,-0.895551,0.408818,-0.044348,-0.003089,-0.174195,0.360789,0.716206,0.571434,-0.286238,-0.944224,0.162815,0.692833,-0.086589,0.715880,0.013526,-0.830449,1.362505,0.101892,0.085722,-0.019236,0.188241,-0.392103,0.110782,0.910712,-0.067723,1.379066,18.443879,0.000000,1,0.060169,5.970487,37.764051,41.908787,-1.186260,46.201928,0.000000
14.325000,7.866667,1,-0.901358,1.419835,0.288280,-0.245144,-0.318895,0.192945,-0.894976,0.409040,-0.044053,-0.003203,-0.174235,0.361968,0.715501,0.571558,-0.285927,-0.944037,0.164440,0.691766,-0.084601,0.717149,0.011590,-0.830449,1.362505,0.101892,0.085440,-0.018994,0.188135,-0.392921,0.111611,0.910304,-0.067106,1.538489,18.580841,0.000000,1,0.060204,5.928182,37.802028,41.861545,-1.177501,46.167063,0.000000
14.358333,7.900000,1,-0.901235,1.419592,0.288229,-0.245888,-0.319351,0.193046,-0.894588,0.409160,-0.043809,-0.003254,-0.174313,0.362837,0.715110,0.571474,-0.286066,-0.943827,0.165399,0.690838,-0.083534,0.718167,0.008306,-0.830449,1.362505,0.101892,0.085203,-0.018861,0.188085,-0.393565,0.112193,0.909972,-0.066865,1.573277,18.678690,0.000000,1,0.058876,5.894059,37.820066,41.838576,-1.170149,46.150055,0.000000
14.391666,7.933333,1,-0.901232,1.419507,0.288239,-0.245996,-0.318941,0.193183,-0.894675,0.409226,-0.043755,-0.003244,-0.173898,0.362751,0.715125,0.571635,-0.285985,-0.943745,0.166006,0.691418,-0.083289,0.717637,0.002569,-0.830449,1.362505,0.101892,0.085152,-0.018793,0.188098,-0.393204,0.112412,0.910108,-0.066768,1.541840,18.710493,0.000000,1,0.058070,5.886154,37.823610,41.828178,-1.167621,46.143383,0.000000
14.425000,7.966667,1,-0.901450,1.419589,0.288337,-0.244934,-0.317714,0.193554,-0.895322,0.409292,-0.043979,-0.003147,-0.173272,0.361255,0.715537,0.572258,-0.284996,-0.944134,0.165497,0.693753,-0.084032,0.715294,0.007563,-0.830449,1.362505,0.101892,0.085375,-0.018744,0.188205,-0.391724,0.111737,0.910837,-0.066663,1.445887,18.660590,0.000000,1,0.057698,5.915267,37.813508,41.821154,-1.171974,46.141956,0.000000
14.458333,8.000000,1,-0.901819,1.419762,0.288556,-0.243162,-0.315985,0.194227,-0.896271,0.409376,-0.044377,-0.002929,-0.172513,0.358898,0.716082,0.573287,-0.283162,-0.944870,0.164436,0.697212,-0.085068,0.711800,0.013872,-0.830449,1.362505,0.101892,0.085770,-0.018692,0.188440,-0.389553,0.110517,0.911936,-0.066387,1.034602,18.532465,0.000000,1,0.057133,5.967562,37.783964,41.819464,-1.180659,46.148098,0.000000
14.491666,8.033333,1,-0.902104,1.419911,0.288848,-0.241793,-0.314642,0.194755,-0.896999,0.409430,-0.044695,-0.002638,-0.171921,0.357075,0.716495,0.574087,-0.281736,-0.945438,0.163623,0.699883,-0.085844,0.709080,0.013040,-0.830449,1.362505,0.101892,0.086081,-0.018672,0.188743,-0.387869,0.109578,0.912783,-0.066167,0.864558,18.373535,0.000000,1,0.056052,6.009476,37.737263,41.832665,-1.187440,46.166142,0.000000
14.525000,8.066667,1,-0.902168,1.419965,0.289111,-0.240749,-0.314314,0.194817,-0.897381,0.409426,-0.044779,-0.002375,-0.172093,0.355994,0.716808,0.574315,-0.281093,-0.945876,0.162191,0.700820,-0.086861,0.708030,0.008286,-0.830449,1.362505,0.101892,0.086156,-0.018697,0.189007,-0.387254,0.108667,0.913146,-0.066253,0.569015,18.245580,0.000000,1,0.055304,6.020867,37.688468,41.858560,-1.188602,46.191194,0.000000
14.558333,8.100000,1,-0.902139,1.419962,0.289233,-0.240069,-0.314284,0.194627,-0.897615,0.409411,-0.044755,-0.002253,-0.172369,0.355372,0.717103,0.574250,-0.281052,-0.946103,0.160933,0.701083,-0.087895,0.707642,0.003742,-0.830449,1.362505,0.101892,0.086128,-0.018719,0.189127,-0.387034,0.108025,0.913296,-0.066522,0.510648,18.197002,0.000000,1,0.087733,6.020867,37.688468,41.858560,-1.188602,46.191194,0.000000
14.591666,8.133333,1,-0.902124,1.419952,0.289200,-0.239740,-0.314292,0.194483,-0.897731,0.409411,-0.044737,-0.002285,-0.172522,0.355081,0.717271,0.574174,-0.281121,-0.946195,0.160267,0.701158,-0.088483,0.707494,0.001116,-0.830449,1.362505,0.101892,0.086110,-0.018716,0.189094,-0.386950,0.107710,0.913356,-0.066701,0.496360,18.195502,0.000000,1,0.065178,6.020867,37.688468,41.858560,-1.188602,46.191194,0.000000
14.625000,8.166667,1,-0.902173,1.419922,0.289127,-0.239685,-0.313992,0.194455,-0.897857,0.409463,-0.044758,-0.002359,-0.172278,0.354897,0.717395,0.574206,-0.281216,-0.946147,0.160385,0.701583,-0.088672,0.707049,0.002773,-0.830449,1.362505,0.101892,0.086135,-0.018661,0.189025,-0.386651,0.107743,0.913473,-0.066773,0.569938,18.240798,0.000000,1,0.079648,6.020867,37.688468,41.858560,-1.188602,46.191194,0.000000
14.658333,8.200000,1,-0.902279,1.419887,0.289151,-0.239261,-0.313495,0.194378,-0.898161,0.409555,-0.044822,-0.002335,-0.172022,0.354296,0.717701,0.574272,-0.281240,-0.946205,0.160004,0.702418,-0.089372,0.706131,0.003450,-0.830449,1.362505,0.101892,0.086203,-0.018573,0.189057,-0.386060,0.107479,0.913741,-0.066960,0.461171,18.218111,0.000000,1,0.058237,6.024913,37.692223,41.838206,-1.188625,46.179022,0.000000
14.691666,8.233333,1,-0.902383,1.419832,0.289273,-0.238953,-0.313258,0.194196,-0.898365,0.409662,-0.044871,-0.002214,-0.171947,0.353914,0.717964,0.574201,-0.281455,-0.946220,0.159532,0.702803,-0.090076,0.705659,0.005071,-0.830449,1.362505,0.101892,0.086253,-0.018477,0.189187,-0.385752,0.107254,0.913879,-0.067208,0.141856,18.084490,0.000000,1,0.057423,6.030185,37.679522,41.829473,-1.188848,46.177010,0.000000
14.725000,8.266667,1,-0.902423,1.419717,0.289422,-0.239254,-0.313378,0.193928,-0.898301,0.409779,-0.044834,-0.002065,-0.171920,0.354236,0.718026,0.573933,-0.282090,-0.945998,0.159730,0.702397,-0.090236,0.706043,0.005782,-0.830449,1.362505,0.101892,0.086216,-0.018369,0.189342,-0.385961,0.107514,0.913744,-0.067434,0.154730,18.022356,0.000000,1,0.057169,6.023732,37.661603,41.823571,-1.186917,46.177698,0.000000
14.758333,8.300000,1,-0.902425,1.419597,0.289562,-0.239465,-0.313503,0.193696,-0.898251,0.409876,-0.044764,-0.001925,-0.171938,0.354481,0.718086,0.573702,-0.282607,-0.945831,0.159801,0.702037,-0.090419,0.706377,0.005532,-0.830449,1.362505,0.101892,0.086146,-0.018278,0.189486,-0.386148,0.107686,0.913630,-0.067633,0.141687,17.941269,0.000000,1,0.057010,6.013057,37.643265,41.821157,-1.184213,46.180312,0.000000
14.791666,8.333333,1,-0.902435,1.419530,0.289648,-0.239530,-0.313383,0.193521,-0.898313,0.409936,-0.044732,-0.001840,-0.171802,0.354485,0.718219,0.573573,-0.282996,-0.945705,0.159863,0.702100,-0.090709,0.706277,0.003265,-0.830449,1.362505,0.101892,0.086113,-0.018223,0.189574,-0.386059,0.107785,0.913642,-0.067820,0.104439,17.922680,0.000000,1,0.057152,6.008034,37.632176,41.819479,-1.182568,46.181606,0.000000
14.825000,8.366667,1,-0.902452,1.419522,0.289647,-0.239729,-0.313235,0.193390,-0.898340,0.409952,-0.044741,-0.001841,-0.171580,0.354597,0.718301,0.573467,-0.283391,-0.945528,0.160207,0.702161,-0.090792,0.706206,0.000579,-0.830449,1.362505,0.101892,0.086123,-0.018206,0.189574,-0.385981,0.108022,0.913637,-0.067952,0.135684,17.897304,0.000000,1,0.072435,6.008034,37.632176,41.819479,-1.182568,46.181606,0.000000
14.858333,8.400000,1,-0.902489,1.419560,0.289613,-0.239905,-0.313016,0.193374,-0.898373,0.409945,-0.044793,-0.001874,-0.171306,0.354656,0.718338,0.573467,-0.283580,-0.945395,0.160657,0.702377,-0.090709,0.706002,0.001879,-0.830449,1.362505,0.101892,0.086177,-0.018214,0.189542,-0.385825,0.108254,0.913673,-0.067979,0.196134,17.929902,0.000000,1,0.057842,6.016289,37.639863,41.813238,-1.183410,46.176077,0.000000
14.891666,8.433333,1,-0.902465,1.419605,0.289623,-0.239493,-0.313077,0.193424,-0.898450,0.409894,-0.044801,-0.001865,-0.171544,0.354315,0.718385,0.573548,-0.283231,-0.945617,0.159964,0.702495,-0.091008,0.705846,0.001565,-0.830449,1.362505,0.101892,0.086181,-0.018266,0.189548,-0.385762,0.107839,0.913750,-0.067962,0.132141,17.901818,0.000000,1,0.036371,6.016289,37.639863,41.813238,-1.183410,46.176077,0.000000
14.925000,8.466667,1,-0.902355,1.419646,0.289603,-0.238874,-0.313376,0.193588,-0.898475,0.409795,-0.044738,-0.001884,-0.172088,0.353895,0.718334,0.573707,-0.282492,-0.946029,0.158831,0.702425,-0.091237,0.705886,0.003574,-0.830449,1.362505,0.101892,0.086115,-0.018360,0.189520,-0.385860,0.107156,0.913800,-0.067819,0.119102,17.864593,0.000000,1,0.056108,6.011022,37.628109,41.841445,-1.181660,46.193467,0.000000
14.958333,8.500000,1,-0.902295,1.419698,0.289471,-0.238817,-0.313466,0.193941,-0.898383,0.409717,-0.044721,-0.002016,-0.172193,0.353885,0.718095,0.573982,-0.281789,-0.946220,0.158945,0.702473,-0.090621,0.705918,0.004605,-0.830449,1.362505,0.101892,0.086099,-0.018429,0.189384,-0.385918,0.107069,0.913813,-0.067454,0.221464,17.927891,0.000000,1,0.057763,6.010075,37.645216,41.843581,-1.180863,46.190110,0.000000
14.991666,8.533333,1,-0.902331,1.419737,0.289294,-0.239220,-0.313288,0.194321,-0.898256,0.409706,-0.044773,-0.002193,-0.171855,0.354167,0.717811,0.574264,-0.281374,-0.946156,0.160052,0.702695,-0.089573,0.705831,0.005550,-0.830449,1.362505,0.101892,0.086156,-0.018430,0.189207,-0.385855,0.107501,0.913818,-0.067049,0.379347,18.110464,0.000000,1,0.058909,6.017237,37.677802,41.826667,-1.181662,46.173044,0.000000
15.025000,8.566667,1,-0.902381,1.419731,0.289139,-0.239907,-0.313025,0.194547,-0.898116,0.409741,-0.044809,-0.002348,-0.171313,0.354665,0.717584,0.574402,-0.281428,-0.945881,0.161578,0.702846,-0.088550,0.705809,0.004889,-0.830449,1.362505,0.101892,0.086199,-0.018386,0.189056,-0.385798,0.108233,0.913776,-0.066783,0.461401,18.186167,0.000000,1,0.059195,6.021825,37.710235,41.803594,-1.182018,46.152849,0.000000
15.058333,8.600000,1,-0.902421,1.419719,0.288956,-0.240825,-0.312594,0.194784,-0.897969,0.409774,-0.044833,-0.002531,-0.170518,0.355294,0.717346,0.574547,-0.281638,-0.945466,0.163626,0.703130,-0.087323,0.705679,0.005627,-0.830449,1.362505,0.101892,0.086230,-0.018342,0.188877,-0.385649,0.109234,0.913740,-0.066502,0.546030,18.243650,0.000000,1,0.059521,6.024779,37.747674,41.778169,-1.182074,46.130328,0.000000
15.091666,8.633333,1,-0.902515,1.419746,0.288680,-0.241185,-0.311907,0.195126,-0.898037,0.409809,-0.044924,-0.002807,-0.169743,0.355311,0.717253,0.574883,-0.281395,-0.945295,0.165027,0.704050,-0.086529,0.704859,0.008781,-0.830449,1.362505,0.101892,0.086330,-0.018293,0.188606,-0.385093,0.109772,0.913931,-0.066206,0.641385,18.271832,0.000000,1,0.060591,6.036597,37.803270,41.741594,-1.183792,46.097743,0.000000
15.125000,8.666667,1,-0.902692,1.419858,0.288231,-0.240453,-0.310621,0.195578,-0.898580,0.409824,-0.045132,-0.003257,-0.168917,0.354083,0.717535,0.575531,-0.280463,-0.945548,0.165163,0.706305,-0.086779,0.702568,0.014867,-0.830449,1.362505,0.101892,0.086552,-0.018257,0.188165,-0.383650,0.109430,0.914595,-0.065986,0.765807,18.336638,0.000000,1,0.062397,6.064392,37.890812,41.688348,-1.188485,46.048980,0.000000
15.158333,8.700000,1,-0.902912,1.420136,0.287587,-0.240113,-0.308843,0.195972,-0.899198,0.409732,-0.045474,-0.003901,-0.167477,0.352986,0.717909,0.576160,-0.279983,-0.945494,0.166287,0.709026,-0.086882,0.699809,0.022071,-0.830449,1.362505,0.101892,0.086911,-0.018321,0.187525,-0.381856,0.109607,0.915334,-0.065847,0.947109,18.461825,0.000000,1,0.063851,6.111780,38.006942,41.632061,-1.196748,45.992205,0.000000
15.191666,8.733333,1,-0.903113,1.420619,0.286883,-0.240679,-0.307061,0.196280,-0.899590,0.409465,-0.045923,-0.004605,-0.165628,0.352698,0.718118,0.576609,-0.280178,-0.944980,0.168856,0.711313,-0.086252,0.697563,0.026298,-0.830449,1.362505,0.101892,0.087370,-0.018560,0.186818,-0.380324,0.110658,0.915856,-0.065702,1.131623,18.674333,0.000000,1,0.063498,6.175905,38.120233,41.599696,-1.207978,45.949252,0.000000
15.225000,8.766667,1,-0.903220,1.421196,0.286271,-0.241208,-0.305810,0.196227,-0.899885,0.409067,-0.046355,-0.005217,-0.164272,0.352613,0.718404,0.576692,-0.280882,-0.944445,0.170670,0.712747,-0.086181,0.696107,0.025435,-0.830449,1.362505,0.101892,0.087803,-0.018935,0.186193,-0.379295,0.111527,0.916165,-0.065862,1.259484,18.842496,0.000000,1,0.061755,6.239676,38.204980,41.601101,-1.219057,45.931281,0.000000
15.258333,8.800000,1,-0.903331,1.421729,0.285784,-0.241471,-0.305379,0.195984,-0.900014,0.408706,-0.046764,-0.005703,-0.163768,0.352656,0.718627,0.576532,-0.281583,-0.944130,0.171258,0.713115,-0.086491,0.695691,0.021906,-0.830449,1.362505,0.101892,0.088211,-0.019280,0.185695,-0.378971,0.111909,0.916233,-0.066137,1.342824,18.951213,0.000000,1,0.060890,6.299793,38.269249,41.608929,-1.229536,45.921692,0.000000
15.291666,8.833333,1,-0.903516,1.422187,0.285355,-0.242177,-0.305233,0.195825,-0.899909,0.408450,-0.047186,-0.006132,-0.163323,0.353222,0.718603,0.576341,-0.282312,-0.943700,0.172423,0.712943,-0.086130,0.695913,0.019630,-0.830449,1.362505,0.101892,0.088635,-0.019525,0.185262,-0.379042,0.112632,0.916107,-0.066244,1.394337,19.167846,0.000000,1,0.061302,6.360324,38.332139,41.602598,-1.240237,45.904987,0.000000
15.325000,8.866667,1,-0.903658,1.422558,0.284969,-0.242195,-0.304990,0.195822,-0.899987,0.408237,-0.047522,-0.006518,-0.163098,0.353130,0.718674,0.576373,-0.282386,-0.943638,0.172641,0.713260,-0.086186,0.695581,0.016626,-0.830449,1.362505,0.101892,0.088974,-0.019727,0.184872,-0.378818,0.112720,0.916187,-0.066276,1.398706,19.270125,0.000000,1,0.061189,6.408713,38.389823,41.594436,-1.248766,45.888575,0.000000
15.358333,8.900000,1,-0.903672,1.422810,0.284593,-0.241958,-0.304693,0.196104,-0.900090,0.408044,-0.047684,-0.006894,-0.162937,0.352786,0.718640,0.576672,-0.281802,-0.943803,0.172696,0.713875,-0.085984,0.694974,0.013593,-0.830449,1.362505,0.101892,0.089139,-0.019901,0.184488,-0.378459,0.112572,0.916370,-0.066051,1.524353,19.364996,0.000000,1,0.061077,6.433560,38.445760,41.587206,-1.252995,45.873028,0.000000
15.391666,8.933333,1,-0.903628,1.422916,0.284315,-0.241935,-0.304656,0.196466,-0.900030,0.407932,-0.047713,-0.007172,-0.162914,0.352749,0.718424,0.576969,-0.281130,-0.943953,0.172967,0.714082,-0.085349,0.694840,0.009021,-0.830449,1.362505,0.101892,0.089172,-0.019996,0.184204,-0.378406,0.112554,0.916420,-0.065689,1.721822,19.523740,0.000000,1,0.060741,6.439229,38.488901,41.577902,-1.253737,45.859367,0.000000
15.425000,8.966667,1,-0.903580,1.422878,0.284205,-0.241959,-0.305045,0.196762,-0.899827,0.407932,-0.047651,-0.007281,-0.163252,0.352945,0.718111,0.577143,-0.280508,-0.944145,0.172933,0.713668,-0.084671,0.695348,0.003773,-0.830449,1.362505,0.101892,0.089113,-0.019985,0.184093,-0.378772,0.112460,0.916305,-0.065336,1.809763,19.616270,0.000000,1,0.060146,6.431057,38.509338,41.566992,-1.251964,45.850169,0.000000
15.458333,9.000000,1,-0.903484,1.422718,0.284157,-0.242194,-0.305891,0.196965,-0.899432,0.408002,-0.047478,-0.007329,-0.163906,0.353533,0.717669,0.577148,-0.280069,-0.944295,0.172822,0.712511,-0.083828,0.696636,0.005779,-0.830449,1.362505,0.101892,0.088945,-0.019905,0.184046,-0.379635,0.112439,0.915975,-0.064997,1.939628,19.673888,0.000000,1,0.060144,6.406933,38.522953,41.552082,-1.247272,45.840352,0.000000
15.491666,9.033333,1,-0.903360,1.422487,0.284040,-0.242869,-0.306891,0.196905,-0.898922,0.408112,-0.047240,-0.007446,-0.164500,0.354584,0.717241,0.576866,-0.280330,-0.944163,0.173122,0.710847,-0.082991,0.698433,0.008600,-0.830449,1.362505,0.101892,0.088716,-0.019777,0.183930,-0.380779,0.112802,0.915465,-0.064861,2.078078,19.647343,0.000000,1,0.061123,6.373549,38.552112,41.524115,-1.240900,45.819853,0.000000
15.525000,9.066667,1,-0.903235,1.422236,0.283911,-0.243689,-0.307832,0.196700,-0.898423,0.408237,-0.046988,-0.007575,-0.164978,0.355737,0.716889,0.576458,-0.280956,-0.943890,0.173593,0.709136,-0.082294,0.700253,0.009279,-0.830449,1.362505,0.101892,0.088474,-0.019632,0.183803,-0.381914,0.113323,0.914927,-0.064866,2.226594,19.693058,0.000000,1,0.061493,6.338147,38.585102,41.491899,-1.234134,45.796207,0.000000
15.558333,9.100000,1,-0.903083,1.421982,0.283898,-0.244261,-0.308841,0.196444,-0.897977,0.408348,-0.046714,-0.007588,-0.165626,0.356698,0.716606,0.576029,-0.281516,-0.943730,0.173560,0.707415,-0.081913,0.702036,0.008891,-0.830449,1.362505,0.101892,0.088205,-0.019509,0.183790,-0.383043,0.113587,0.914417,-0.064938,2.340211,19.823949,0.000000,1,0.060409,6.299828,38.594937,41.474836,-1.226747,45.786086,0.000000
15.591666,9.133333,1,-0.902971,1.421793,0.283957,-0.244582,-0.309733,0.196059,-0.897667,0.408432,-0.046511,-0.007529,-0.166282,0.357382,0.716502,0.575546,-0.282195,-0.943612,0.173097,0.705907,-0.082050,0.703536,0.006826,-0.830449,1.362505,0.101892,0.088004,-0.019420,0.183849,-0.383992,0.113646,0.913995,-0.065183,2.357404,19.854937,0.000000,1,0.059610,6.271427,38.589467,41.468962,-1.221131,45.785518,0.000000
15.625000,9.166667,1,-0.902974,1.421713,0.283956,-0.245123,-0.310029,0.195810,-0.897471,0.408498,-0.046465,-0.007530,-0.166306,0.357999,0.716438,0.575235,-0.282894,-0.943316,0.173571,0.705167,-0.081883,0.704297,0.002409,-0.830449,1.362505,0.101892,0.087961,-0.019352,0.183851,-0.384436,0.114086,0.913741,-0.065342,2.385929,19.701502,0.000000,1,0.060131,6.264366,38.595070,41.457034,-1.219453,45.779141,0.000000
15.658333,9.200000,1,-0.903044,1.421699,0.283890,-0.245693,-0.310097,0.195596,-0.897339,0.408551,-0.046512,-0.007596,-0.166112,0.358538,0.716416,0.574983,-0.283602,-0.942969,0.174296,0.704738,-0.081689,0.704749,0.002924,-0.830449,1.362505,0.101892,0.088013,-0.019297,0.183789,-0.384673,0.114618,0.913565,-0.065492,2.472500,19.795744,0.000000,1,0.060758,6.270049,38.612876,41.438644,-1.220135,45.766472,0.000000
15.691666,9.233333,1,-0.903140,1.421722,0.283792,-0.245723,-0.309880,0.195453,-0.897437,0.408590,-0.046603,-0.007694,-0.165904,0.358468,0.716567,0.574899,-0.283934,-0.942849,0.174403,0.704964,-0.081984,0.704489,0.004170,-0.830449,1.362505,0.101892,0.088108,-0.019256,0.183697,-0.384480,0.114712,0.913622,-0.065662,2.389396,19.902472,0.000000,1,0.061049,6.281736,38.635855,41.418538,-1.221920,45.751699,0.000000
15.725000,9.266667,1,-0.903264,1.421815,0.283591,-0.245417,-0.308870,0.195667,-0.897822,0.408589,-0.046758,-0.007895,-0.165137,0.357744,0.716814,0.575262,-0.283606,-0.942866,0.174849,0.706558,-0.082184,0.702866,0.007618,-0.830449,1.362505,0.101892,0.088269,-0.019250,0.183501,-0.383430,0.114704,0.914068,-0.065606,2.345701,19.948023,0.000000,1,0.061812,6.302623,38.675407,41.393794,-1.225399,45.730617,0.000000
15.758333,9.300000,1,-0.903378,1.421988,0.283274,-0.244782,-0.307515,0.196100,-0.898366,0.408519,-0.046953,-0.008213,-0.164206,0.356572,0.717104,0.575894,-0.282765,-0.943055,0.175190,0.708849,-0.082404,0.700530,0.011377,-0.830449,1.362505,0.101892,0.088470,-0.019308,0.183185,-0.381950,0.114476,0.914731,-0.065404,2.420181,19.947695,0.000000,1,0.062474,6.329943,38.731262,41.368904,-1.230045,45.705712,0.000000
15.791666,9.333333,1,-0.903506,1.422205,0.282945,-0.244054,-0.306472,0.196365,-0.898862,0.408421,-0.047184,-0.008542,-0.163596,0.355456,0.717429,0.576354,-0.282105,-0.943288,0.174999,0.710682,-0.082935,0.698607,0.012412,-0.830449,1.362505,0.101892,0.088708,-0.019393,0.182857,-0.380743,0.114071,0.915288,-0.065342,2.540831,19.969787,0.000000,1,0.062553,6.362600,38.787385,41.346891,-1.235662,45.682397,0.000000
15.825000,9.366667,1,-0.903727,1.422473,0.282649,-0.243480,-0.305300,0.196461,-0.899396,0.408339,-0.047521,-0.008839,-0.162803,0.354419,0.717860,0.576679,-0.281873,-0.943351,0.175033,0.712550,-0.083657,0.696617,0.013701,-0.830449,1.362505,0.101892,0.089050,-0.019470,0.182564,-0.379464,0.113854,0.915839,-0.065452,2.650692,20.132901,0.000000,1,0.062708,6.409126,38.840001,41.322960,-1.243843,45.659048,0.000000
15.858333,9.400000,1,-0.904005,1.422844,0.282300,-0.242970,-0.303713,0.196621,-0.900036,0.408209,-0.047967,-0.009188,-0.161609,0.353255,0.718359,0.577108,-0.281657,-0.943320,0.175547,0.714964,-0.084314,0.694059,0.017416,-0.830449,1.362505,0.101892,0.089500,-0.019596,0.182220,-0.377809,0.113818,0.916521,-0.065543,2.571177,20.179241,0.000000,1,0.063143,6.470916,38.899400,41.299962,-1.254824,45.634762,0.000000
15.891666,9.433333,1,-0.904317,1.423345,0.281787,-0.242930,-0.301268,0.196980,-0.900789,0.407995,-0.048516,-0.009701,-0.159437,0.352129,0.718868,0.577766,-0.281533,-0.942960,0.177667,0.718390,-0.084384,0.690503,0.023443,-0.830449,1.362505,0.101892,0.090055,-0.019799,0.181709,-0.375472,0.114476,0.917402,-0.065489,2.771449,20.158458,0.000000,1,0.064410,6.547905,38.983576,41.272949,-1.268609,45.602700,0.000000
15.925000,9.466667,1,-0.904620,1.423906,0.281243,-0.242437,-0.298351,0.197135,-0.901858,0.407727,-0.049094,-0.010246,-0.157045,0.350387,0.719750,0.578382,-0.281622,-0.942634,0.179249,0.722529,-0.085407,0.686045,0.025153,-0.830449,1.362505,0.101892,0.090639,-0.020056,0.181164,-0.372563,0.114839,0.918524,-0.065745,2.788973,20.203988,0.000000,1,0.064560,6.629783,39.069611,41.251533,-1.283290,45.573368,0.000000
15.958333,9.500000,1,-0.904869,1.424446,0.280866,-0.240831,-0.296303,0.196594,-0.903081,0.407445,-0.049618,-0.010622,-0.155926,0.348034,0.721082,0.578447,-0.282173,-0.942750,0.177767,0.725679,-0.088544,0.682312,0.021122,-0.830449,1.362505,0.101892,0.091161,-0.020335,0.180784,-0.370175,0.113894,0.919537,-0.066715,2.626399,20.265038,0.000000,1,0.062868,6.704545,39.122518,41.251338,-1.296641,45.563187,0.000000
15.991666,9.533333,1,-0.905052,1.424890,0.280692,-0.238991,-0.296077,0.195269,-0.903931,0.407200,-0.050030,-0.010796,-0.156543,0.346284,0.722433,0.577643,-0.283645,-0.943034,0.173873,0.726201,-0.092831,0.681186,0.015311,-0.830449,1.362505,0.101892,0.091568,-0.020586,0.180605,-0.369468,0.112214,0.919912,-0.068281,2.604478,20.386608,0.000000,1,0.061086,6.763838,39.139297,41.268063,-1.307183,45.570403,0.000000
16.025000,9.566667,1,-0.905272,1.425216,0.280754,-0.235894,-0.296720,0.193352,-0.904945,0.407072,-0.050403,-0.010735,-0.158499,0.343795,0.724197,0.576387,-0.285313,-0.943817,0.166750,0.725853,-0.099166,0.680664,0.011955,-0.830449,1.362505,0.101892,0.091933,-0.020734,0.180669,-0.369237,0.109086,0.920217,-0.070466,2.396940,20.389654,0.000000,1,0.059819,6.815833,39.121227,41.288911,-1.316479,45.587849,0.000000
16.058333,9.600000,1,-0.905662,1.425504,0.280931,-0.231383,-0.296643,0.191443,-0.906540,0.407077,-0.050888,-0.010558,-0.160439,0.339719,0.726475,0.575398,-0.286352,-0.945034,0.157838,0.727017,-0.107015,0.678229,0.015489,-0.830449,1.362505,0.101892,0.092412,-0.020762,0.180859,-0.367913,0.104806,0.921057,-0.072869,1.927065,20.384971,0.000000,1,0.060121,6.880787,39.093844,41.294772,-1.328297,45.599427,0.000000
16.091666,9.633333,1,-0.906238,1.425882,0.280938,-0.228144,-0.294659,0.190441,-0.908217,0.407121,-0.051575,-0.010553,-0.160106,0.335934,0.728419,0.575256,-0.286893,-0.945626,0.153248,0.730485,-0.112457,0.673606,0.020658,-0.830449,1.362505,0.101892,0.093100,-0.020749,0.180886,-0.365126,0.102283,0.922323,-0.074449,1.466439,20.282049,0.000000,1,0.062426,6.972231,39.104196,41.270464,-1.345115,45.586130,0.000000
16.125000,9.666667,1,-0.906698,1.426177,0.280885,-0.226548,-0.293076,0.189859,-0.909250,0.407163,-0.052120,-0.010607,-0.159400,0.333798,0.729600,0.575199,-0.287475,-0.945746,0.151405,0.732917,-0.115449,0.670451,0.016484,-0.830449,1.362505,0.101892,0.093648,-0.020728,0.180851,-0.363180,0.101215,0.923132,-0.075390,1.503448,20.194463,0.000000,1,0.062708,7.044735,39.124310,41.243133,-1.358460,45.568831,0.000000
16.158333,9.700000,1,-0.906702,1.426120,0.281002,-0.225825,-0.294420,0.188786,-0.909219,0.407212,-0.052090,-0.010491,-0.160925,0.333748,0.730054,0.574227,-0.288734,-0.945850,0.148326,0.731016,-0.117752,0.672124,0.003888,-0.830449,1.362505,0.101892,0.093616,-0.020686,0.180969,-0.364276,0.100153,0.922734,-0.076387,1.787580,20.292737,0.000000,1,0.060294,7.039941,39.106831,41.246162,-1.357522,45.576053,0.000000
16.191666,9.733333,1,-0.906330,1.425721,0.281155,-0.226357,-0.297036,0.187955,-0.908408,0.407307,-0.051553,-0.010336,-0.163030,0.335390,0.729704,0.573120,-0.289908,-0.945774,0.146510,0.727059,-0.118093,0.676343,0.017000,-0.830449,1.362505,0.101892,0.093079,-0.020578,0.181114,-0.366933,0.099925,0.921666,-0.076858,2.053626,20.250485,0.000000,1,0.059877,6.966507,39.080224,41.257089,-1.343985,45.589091,0.000000
16.225000,9.766667,1,-0.905876,1.425180,0.281224,-0.227578,-0.299158,0.187694,-0.907460,0.407466,-0.050865,-0.010267,-0.164387,0.337430,0.728976,0.572462,-0.290528,-0.945560,0.146664,0.723684,-0.116857,0.680166,0.021294,-0.830449,1.362505,0.101892,0.092396,-0.020393,0.181175,-0.369306,0.100493,0.920666,-0.076742,2.058390,20.277377,0.000000,1,0.061115,6.871739,39.073248,41.250750,-1.326579,45.588072,0.000000
16.258333,9.800000,1,-0.905492,1.424666,0.281268,-0.228839,-0.300766,0.187493,-0.906652,0.407646,-0.050248,-0.010222,-0.165265,0.339275,0.728346,0.571919,-0.291191,-0.945251,0.147337,0.720970,-0.115601,0.683256,0.019301,-0.830449,1.362505,0.101892,0.091787,-0.020190,0.181214,-0.371200,0.101246,0.919831,-0.076623,2.212452,20.398018,0.000000,1,0.061570,6.786304,39.073830,41.235868,-1.310866,45.580703,0.000000
16.291666,9.833333,1,-0.905183,1.424239,0.281398,-0.229919,-0.302274,0.187318,-0.905914,0.407801,-0.049744,-0.010091,-0.166134,0.340914,0.727766,0.571431,-0.291733,-0.945011,0.147805,0.718461,-0.114489,0.686080,0.016306,-0.830449,1.362505,0.101892,0.091286,-0.020021,0.181341,-0.372947,0.101853,0.919066,-0.076507,2.306859,20.411754,0.000000,1,0.060655,6.716268,39.057508,41.231721,-1.297888,45.583026,0.000000
16.325000,9.866667,1,-0.904904,1.423882,0.281642,-0.231133,-0.303637,0.187375,-0.905137,0.407919,-0.049308,-0.009847,-0.166813,0.342609,0.727048,0.571133,-0.291961,-0.944786,0.148789,0.716179,-0.112852,0.688732,0.015411,-0.830449,1.362505,0.101892,0.090848,-0.019901,0.181580,-0.374588,0.102627,0.918342,-0.076159,2.292195,20.430961,0.000000,1,0.059328,6.655895,39.017394,41.244884,-1.286595,45.600066,0.000000
16.358333,9.900000,1,-0.904718,1.423563,0.281952,-0.232899,-0.304175,0.187615,-0.904454,0.408063,-0.048968,-0.009537,-0.166509,0.344430,0.726331,0.571039,-0.292378,-0.944228,0.151485,0.714826,-0.110564,0.690507,0.014478,-0.830449,1.362505,0.101892,0.090504,-0.019763,0.181890,-0.375603,0.104164,0.917794,-0.075672,2.309268,20.406009,0.000000,1,0.058960,6.607975,38.967843,41.258224,-1.277585,45.619307,0.000000
16.391666,9.933333,1,-0.904716,1.423292,0.282295,-0.235119,-0.303611,0.188089,-0.903970,0.408280,-0.048804,-0.009195,-0.165014,0.346166,0.725686,0.571243,-0.292903,-0.943331,0.155993,0.714843,-0.107700,0.690942,0.013107,-0.830449,1.362505,0.101892,0.090339,-0.019562,0.182242,-0.375699,0.106451,0.917544,-0.075039,2.088439,20.383536,0.000000,1,0.059433,6.582575,38.920413,41.257345,-1.272758,45.630438,0.000000
16.425000,9.966667,1,-0.904779,1.423073,0.282598,-0.237359,-0.302686,0.188877,-0.903530,0.408493,-0.048723,-0.008893,-0.163187,0.347760,0.724939,0.571748,-0.292948,-0.942465,0.161061,0.715466,-0.104334,0.690813,0.011357,-0.830449,1.362505,0.101892,0.090258,-0.019366,0.182555,-0.375449,0.108857,0.917438,-0.074128,1.927467,20.293722,0.000000,1,0.059770,6.568506,38.881196,41.250880,-1.270010,45.636590,0.000000
16.458333,10.000000,1,-0.904764,1.422863,0.282881,-0.238852,-0.302455,0.189342,-0.903117,0.408653,-0.048585,-0.008609,-0.162315,0.348994,0.724361,0.571977,-0.292993,-0.941930,0.164083,0.715341,-0.102091,0.691277,0.010605,-0.830449,1.362505,0.101892,0.090118,-0.019220,0.182845,-0.375650,0.110350,0.917226,-0.073533,1.747107,20.270070,0.000000,1,0.059315,6.547526,38.840373,41.253694,-1.265945,45.647905,0.000000
16.491666,10.033333,1,-0.904703,1.422658,0.283209,-0.239591,-0.302810,0.189465,-0.902777,0.408781,-0.048413,-0.008281,-0.162304,0.349813,0.724003,0.571933,-0.293099,-0.941715,0.165123,0.714611,-0.101046,0.692186,0.011751,-0.830449,1.362505,0.101892,0.089942,-0.019106,0.183176,-0.376196,0.110956,0.916948,-0.073288,1.534112,20.283617,0.000000,1,0.058534,6.522571,38.788085,41.267857,-1.261113,45.667803,0.000000
16.525000,10.066667,1,-0.904686,1.422480,0.283532,-0.240044,-0.302755,0.189744,-0.902616,0.408914,-0.048293,-0.007959,-0.162053,0.350196,0.723734,0.572111,-0.292856,-0.941613,0.166135,0.714612,-0.100104,0.692321,0.011069,-0.830449,1.362505,0.101892,0.089818,-0.018990,0.183503,-0.376267,0.111403,0.916891,-0.072964,1.381507,20.176656,0.000000,1,0.058566,6.504433,38.737681,41.279471,-1.257550,45.685789,0.000000
16.558333,10.100000,1,-0.904775,1.422355,0.283793,-0.240183,-0.301575,0.190235,-0.902870,0.409068,-0.048290,-0.007699,-0.160934,0.349794,0.723741,0.572664,-0.292313,-0.941508,0.167680,0.716332,-0.099400,0.690643,0.009065,-0.830449,1.362505,0.101892,0.089813,-0.018854,0.183773,-0.375175,0.111867,0.917311,-0.072599,1.226426,20.061929,0.000000,1,0.059331,6.501601,38.702005,41.278085,-1.256843,45.693353,0.000000
16.591666,10.133333,1,-0.904908,1.422312,0.283993,-0.239532,-0.300117,0.190619,-0.903448,0.409183,-0.048370,-0.007499,-0.159919,0.348562,0.724084,0.573266,-0.291585,-0.941668,0.168048,0.718701,-0.099742,0.688128,0.007334,-0.830449,1.362505,0.101892,0.089892,-0.018756,0.183982,-0.373594,0.111654,0.917993,-0.072457,0.828321,19.883235,0.000000,1,0.059550,6.510594,38.675161,41.275775,-1.258297,45.698336,0.000000
16.625000,10.166667,1,-0.904990,1.422353,0.284108,-0.238425,-0.299187,0.190897,-0.903991,0.409201,-0.048461,-0.007384,-0.159579,0.347156,0.724443,0.573759,-0.290670,-0.942109,0.167157,0.720514,-0.100566,0.686109,0.004403,-0.830449,1.362505,0.101892,0.089979,-0.018750,0.184100,-0.372383,0.110852,0.918586,-0.072403,0.715632,19.823945,0.000000,1,0.059381,6.522418,38.656098,41.282527,-1.260230,45.706271,0.000000
16.658333,10.200000,1,-0.905063,1.422460,0.284166,-0.237605,-0.297988,0.191516,-0.904472,0.409159,-0.048583,-0.007326,-0.158871,0.345888,0.724595,0.574529,-0.289353,-0.942505,0.167212,0.722698,-0.100555,0.683810,0.004258,-0.830449,1.362505,0.101892,0.090098,-0.018801,0.184159,-0.370991,0.110398,0.919235,-0.072005,0.625272,19.718983,0.000000,1,0.059345,6.539403,38.642658,41.293822,-1.263109,45.715284,0.000000
16.691666,10.233333,1,-0.905181,1.422638,0.284226,-0.237489,-0.295783,0.192809,-0.904951,0.409088,-0.048785,-0.007267,-0.156948,0.344803,0.724442,0.575900,-0.287412,-0.942646,0.169744,0.726181,-0.098899,0.680353,0.006654,-0.830449,1.362505,0.101892,0.090295,-0.018884,0.184219,-0.368830,0.110898,0.920125,-0.070973,0.508277,19.628529,0.000000,1,0.059165,6.567412,38.627428,41.308869,-1.268027,45.726738,0.000000
16.725000,10.266667,1,-0.905294,1.422904,0.284267,-0.237661,-0.292576,0.194980,-0.905483,0.408944,-0.049036,-0.007225,-0.154000,0.343531,0.723943,0.578080,-0.284215,-0.942802,0.174202,0.731186,-0.095620,0.675443,0.008770,-0.830449,1.362505,0.101892,0.090538,-0.019043,0.184258,-0.365776,0.111949,0.921355,-0.069138,0.347361,19.481762,0.000000,1,0.058703,6.603062,38.609556,41.334857,-1.274348,45.744630,0.000000
16.758333,10.300000,1,-0.905338,1.423253,0.284279,-0.237854,-0.289770,0.197165,-0.905862,0.408691,-0.049280,-0.007212,-0.151402,0.342455,0.723302,0.580203,-0.280883,-0.943021,0.178369,0.735628,-0.092177,0.671085,0.010546,-0.830449,1.362505,0.101892,0.090771,-0.019306,0.184260,-0.363107,0.112903,0.922435,-0.067234,0.266655,19.333530,0.000000,1,0.057954,6.639544,38.587667,41.378142,-1.280820,45.772607,0.000000
16.791666,10.333333,1,-0.905528,1.423667,0.284268,-0.238215,-0.286311,0.199147,-0.906433,0.408476,-0.049681,-0.007224,-0.148144,0.341239,0.722922,0.582231,-0.278122,-0.942920,0.183166,0.740710,-0.089127,0.665887,0.013673,-0.830449,1.362505,0.101892,0.091162,-0.019538,0.184245,-0.359875,0.114212,0.923658,-0.065593,0.177069,19.191642,0.000000,1,0.058654,6.696464,38.575088,41.408617,-1.291186,45.791608,0.000000
16.825000,10.366667,1,-0.906304,1.424176,0.284177,-0.239174,-0.277046,0.203040,-0.908194,0.408535,-0.050607,-0.007317,-0.139420,0.337971,0.722743,0.586498,-0.273164,-0.942015,0.194908,0.753535,-0.083592,0.652072,0.027977,-0.830449,1.362505,0.101892,0.092093,-0.019513,0.184182,-0.351256,0.117737,0.926734,-0.062619,0.128462,19.103659,0.000000,1,0.063012,6.819379,38.607075,41.367169,-1.314024,45.762216,0.000000
16.858333,10.400000,1,-0.907480,1.424685,0.284135,-0.240385,-0.264196,0.208313,-0.910506,0.408836,-0.051853,-0.007363,-0.127375,0.333331,0.722434,0.592245,-0.266042,-0.940633,0.210787,0.770800,-0.076272,0.632494,0.038453,-0.830449,1.362505,0.101892,0.093350,-0.019266,0.184193,-0.339267,0.122518,0.930836,-0.058578,0.359425,18.803450,0.000000,1,0.066071,6.981112,38.655497,41.276777,-1.344140,45.703370,0.000000
16.891666,10.433333,1,-0.908233,1.424951,0.284350,-0.242238,-0.257799,0.211351,-0.911148,0.409078,-0.052615,-0.007149,-0.120822,0.332141,0.721642,0.595246,-0.262169,-0.939368,0.221031,0.778848,-0.070729,0.623212,0.024828,-0.830449,1.362505,0.101892,0.094115,-0.019073,0.184444,-0.333647,0.126096,0.932547,-0.055992,0.764178,18.341270,0.000000,1,0.062131,7.078977,38.645991,41.234315,-1.362248,45.683599,0.000000
16.925000,10.466667,1,-0.908113,1.424773,0.284826,-0.242218,-0.258641,0.211715,-0.910830,0.409149,-0.052412,-0.006673,-0.121585,0.332500,0.721196,0.595431,-0.261359,-0.939698,0.220588,0.777990,-0.069813,0.624386,0.015665,-0.830449,1.362505,0.101892,0.093901,-0.019025,0.184917,-0.334428,0.125827,0.932332,-0.055528,0.416269,18.148938,0.000000,1,0.056587,7.050788,38.561355,41.274596,-1.356950,45.724826,0.000000
16.958333,10.500000,1,-0.907582,1.424321,0.285366,-0.241094,-0.261068,0.211403,-0.910509,0.409192,-0.051718,-0.006132,-0.124260,0.332576,0.721052,0.595010,-0.261046,-0.940718,0.216576,0.775414,-0.070713,0.627481,0.026450,-0.830449,1.362505,0.101892,0.093192,-0.018987,0.185440,-0.336412,0.124050,0.931846,-0.055694,0.162114,18.164582,0.000000,1,0.055216,6.957272,38.455590,41.339817,-1.339646,45.783676,0.000000
16.991666,10.533333,1,-0.907186,1.423890,0.285828,-0.241999,-0.262871,0.211571,-0.909710,0.409300,-0.051143,-0.005670,-0.125471,0.334191,0.720266,0.594802,-0.260935,-0.940695,0.216810,0.772969,-0.069054,0.630674,0.022367,-0.830449,1.362505,0.101892,0.092608,-0.018885,0.185893,-0.338378,0.124396,0.931115,-0.055230,0.090377,18.068523,0.000000,1,0.056191,6.878605,38.371320,41.381891,-1.325177,45.824941,0.000000
17.025000,10.566667,1,-0.906922,1.423495,0.286252,-0.244259,-0.264165,0.212080,-0.908612,0.409458,-0.050696,-0.005245,-0.125622,0.336792,0.719059,0.594764,-0.260950,-0.939958,0.219963,0.770724,-0.065654,0.633778,0.019105,-0.830449,1.362505,0.101892,0.092155,-0.018736,0.186315,-0.340244,0.126186,0.930247,-0.054331,0.102369,18.023938,0.000000,1,0.056828,6.816207,38.300037,41.407511,-1.313758,45.854275,0.000000
17.058333,10.600000,1,-0.906729,1.423141,0.286668,-0.247921,-0.265583,0.212204,-0.907177,0.409626,-0.050329,-0.004829,-0.125261,0.340702,0.717723,0.594227,-0.262408,-0.938334,0.225105,0.767627,-0.061632,0.637926,0.017385,-0.830449,1.362505,0.101892,0.091783,-0.018581,0.186730,-0.342646,0.129296,0.928976,-0.053665,0.065923,17.960226,0.000000,1,0.056904,6.764448,38.232437,41.428117,-1.304301,45.879983,0.000000
17.091666,10.633333,1,-0.906547,1.422786,0.287174,-0.251558,-0.267636,0.211628,-0.905706,0.409802,-0.049971,-0.004323,-0.125478,0.344872,0.716667,0.593049,-0.265097,-0.936585,0.229200,0.763490,-0.058714,0.643146,0.019333,-0.830449,1.362505,0.101892,0.091417,-0.018422,0.187237,-0.345664,0.132210,0.927448,-0.053640,0.457820,17.787981,0.000000,1,0.056130,6.713772,38.149040,41.455916,-1.295015,45.913129,0.000000
17.125000,10.666667,1,-0.906275,1.422366,0.287831,-0.253304,-0.270393,0.210780,-0.904597,0.409975,-0.049502,-0.003665,-0.127168,0.347663,0.716059,0.591792,-0.267222,-0.935939,0.229369,0.759093,-0.057826,0.648409,0.024769,-0.830449,1.362505,0.101892,0.090936,-0.018273,0.187891,-0.348809,0.133108,0.926120,-0.054008,0.574913,17.475550,0.000000,1,0.054655,6.648394,38.035898,41.502333,-1.282973,45.962972,0.000000
17.158333,10.700000,1,-0.905998,1.421930,0.288453,-0.254872,-0.272580,0.210270,-0.903619,0.410160,-0.049019,-0.003043,-0.128428,0.350042,0.715416,0.590895,-0.268698,-0.935382,0.229917,0.755561,-0.056627,0.652626,0.024270,-0.830449,1.362505,0.101892,0.090442,-0.018110,0.188511,-0.351352,0.133993,0.925024,-0.054112,0.638872,17.282196,0.000000,1,0.054755,6.580941,37.929936,41.543461,-1.270578,46.008074,0.000000
17.191666,10.733333,1,-0.905802,1.421558,0.288825,-0.256829,-0.273640,0.210138,-0.902775,0.410340,-0.048640,-0.002671,-0.128505,0.352265,0.714721,0.590397,-0.269835,-0.934475,0.232262,0.753403,-0.054680,0.655282,0.016835,-0.830449,1.362505,0.101892,0.090059,-0.017938,0.188883,-0.352927,0.135572,0.924206,-0.053914,0.658434,17.190850,0.000000,1,0.056534,6.527488,37.871411,41.557363,-1.260838,46.027350,0.000000
17.225000,10.766667,1,-0.905653,1.421296,0.288913,-0.258479,-0.274354,0.209978,-0.902124,0.410460,-0.048364,-0.002583,-0.128409,0.354060,0.714212,0.589960,-0.270916,-0.933643,0.234340,0.751785,-0.053176,0.657261,0.009401,-0.830449,1.362505,0.101892,0.089786,-0.017812,0.188971,-0.354087,0.136956,0.923564,-0.053817,0.504814,17.340850,0.000000,1,0.058340,6.488873,37.862036,41.550995,-1.253851,46.024228,0.000000
17.258333,10.800000,1,-0.905554,1.421167,0.288865,-0.259219,-0.274577,0.209956,-0.901849,0.410503,-0.048207,-0.002631,-0.128279,0.354822,0.713976,0.589817,-0.271321,-0.933262,0.235385,0.751198,-0.052434,0.657991,0.005092,-0.830449,1.362505,0.101892,0.089632,-0.017759,0.188922,-0.354513,0.137604,0.923309,-0.053733,0.465846,17.516118,0.000000,1,0.058949,6.467302,37.872749,41.542158,-1.249956,46.015205,0.000000
17.291666,10.833333,1,-0.905452,1.421165,0.288830,-0.259160,-0.274899,0.210017,-0.901754,0.410443,-0.048124,-0.002666,-0.128593,0.354913,0.713864,0.589829,-0.271130,-0.933395,0.235080,0.750837,-0.052276,0.658416,0.003250,-0.830449,1.362505,0.101892,0.089548,-0.017813,0.188881,-0.354799,0.137453,0.923227,-0.053639,0.443150,17.579780,0.000000,1,0.058016,6.457110,37.872876,41.552272,-1.248058,46.018956,0.000000
17.325000,10.866667,1,-0.905326,1.421300,0.288775,-0.258870,-0.275668,0.210052,-0.901594,0.410259,-0.048104,-0.002720,-0.129411,0.354997,0.713707,0.589790,-0.270802,-0.933756,0.234023,0.749993,-0.052251,0.659378,0.005791,-0.830449,1.362505,0.101892,0.089522,-0.017992,0.188813,-0.355442,0.136952,0.923059,-0.053545,0.376979,17.583844,0.000000,1,0.057158,6.457205,37.866457,41.582228,-1.247984,46.034932,0.000000
17.358333,10.900000,1,-0.905233,1.421586,0.288610,-0.258260,-0.276692,0.210200,-0.901421,0.409974,-0.048202,-0.002884,-0.130600,0.354909,0.713488,0.589846,-0.270050,-0.934398,0.232320,0.748994,-0.052242,0.660514,0.010275,-0.830449,1.362505,0.101892,0.089613,-0.018269,0.188634,-0.356231,0.136067,0.922898,-0.053340,0.206113,17.636597,0.000000,1,0.057372,6.474458,37.872526,41.617550,-1.251083,46.050916,0.000000
17.391666,10.933333,1,-0.905221,1.421986,0.288275,-0.257224,-0.277260,0.210439,-0.901487,0.409646,-0.048432,-0.003218,-0.131571,0.354235,0.713442,0.590091,-0.268962,-0.935206,0.230325,0.748778,-0.052620,0.660729,0.015664,-0.830449,1.362505,0.101892,0.089840,-0.018584,0.188284,-0.356461,0.134902,0.922991,-0.053141,0.097706,17.674811,0.000000,1,0.058754,6.510075,37.908053,41.640722,-1.257659,46.053597,0.000000
17.425000,10.966667,1,-0.905263,1.422418,0.287787,-0.256546,-0.277169,0.210615,-0.901667,0.409325,-0.048725,-0.003706,-0.131792,0.353588,0.713524,0.590331,-0.268281,-0.935630,0.229394,0.749230,-0.052971,0.660189,0.019571,-0.830449,1.362505,0.101892,0.090133,-0.018884,0.187785,-0.356173,0.134273,0.923200,-0.053045,0.228334,17.825412,0.000000,1,0.060414,6.554017,37.973656,41.645201,-1.265884,46.039384,0.000000
17.458333,11.000000,1,-0.905214,1.422797,0.287289,-0.256287,-0.277312,0.210558,-0.901709,0.408991,-0.048913,-0.004203,-0.132035,0.353420,0.713588,0.590300,-0.268226,-0.935789,0.228810,0.749133,-0.053281,0.660273,0.018854,-0.830449,1.362505,0.101892,0.090323,-0.019192,0.187271,-0.356235,0.133984,0.923214,-0.053114,0.510759,18.035148,0.000000,1,0.060349,6.584446,38.039451,41.652816,-1.271640,46.026948,0.000000
17.491666,11.033333,1,-0.905116,1.423147,0.286879,-0.255506,-0.277642,0.210199,-0.901913,0.408651,-0.049045,-0.004612,-0.132678,0.352868,0.713931,0.590070,-0.268427,-0.936175,0.226987,0.748904,-0.054603,0.660426,0.016441,-0.830449,1.362505,0.101892,0.090452,-0.019510,0.186843,-0.356333,0.133144,0.923274,-0.053527,0.721618,18.167676,0.000000,1,0.059447,6.607256,38.087802,41.671610,-1.275989,46.024751,0.000000
17.525000,11.066667,1,-0.905190,1.423558,0.286497,-0.253970,-0.277004,0.209918,-0.902609,0.408367,-0.049350,-0.004994,-0.132791,0.351207,0.714678,0.590132,-0.268220,-0.936783,0.224711,0.750234,-0.056795,0.658728,0.016954,-0.830449,1.362505,0.101892,0.090757,-0.019781,0.186453,-0.355291,0.131855,0.923829,-0.054054,0.726146,18.182485,0.000000,1,0.059964,6.652452,38.137564,41.678939,-1.284562,46.016375,0.000000
17.558333,11.100000,1,-0.905380,1.424035,0.286051,-0.251933,-0.276274,0.209457,-0.903510,0.408099,-0.049788,-0.005440,-0.133046,0.349058,0.715687,0.590126,-0.268100,-0.937573,0.221538,0.751810,-0.059819,0.656661,0.020414,-0.830449,1.362505,0.101892,0.091198,-0.020038,0.186002,-0.354025,0.130115,0.924516,-0.054827,0.894121,18.154091,0.000000,1,0.061062,6.715320,38.202426,41.673282,-1.296474,45.997767,0.000000
17.591666,11.133333,1,-0.905518,1.424566,0.285489,-0.250163,-0.276154,0.208259,-0.904315,0.407755,-0.050216,-0.006002,-0.133726,0.347418,0.716942,0.589416,-0.269412,-0.938073,0.217800,0.752237,-0.063778,0.655799,0.023560,-0.830449,1.362505,0.101892,0.091628,-0.020361,0.185430,-0.353436,0.128469,0.924886,-0.056254,1.162641,18.331016,0.000000,1,0.061700,6.778073,38.282637,41.669535,-1.308363,45.976747,0.000000
17.625000,11.166667,1,-0.905531,1.425136,0.284913,-0.248606,-0.276405,0.206688,-0.905028,0.407306,-0.050569,-0.006577,-0.134644,0.346133,0.718282,0.588332,-0.271473,-0.938385,0.213858,0.751966,-0.068115,0.655673,0.024314,-0.830449,1.362505,0.101892,0.091979,-0.020786,0.184836,-0.353271,0.126926,0.925055,-0.057994,1.454073,18.540311,0.000000,1,0.061003,6.832512,38.355705,41.685409,-1.318666,45.968022,0.000000
17.658333,11.200000,1,-0.905417,1.425694,0.284473,-0.246438,-0.277220,0.205308,-0.905685,0.406790,-0.050813,-0.007016,-0.136340,0.344554,0.719487,0.587394,-0.272758,-0.939198,0.208589,0.751293,-0.072501,0.655975,0.021603,-0.830449,1.362505,0.101892,0.092215,-0.021282,0.184370,-0.353457,0.124631,0.925198,-0.059536,1.608783,18.736265,0.000000,1,0.059040,6.873481,38.396605,41.730023,-1.326442,45.982259,0.000000
17.691666,11.233333,1,-0.905174,1.426188,0.284153,-0.244057,-0.279704,0.203731,-0.905923,0.406248,-0.050916,-0.007333,-0.139625,0.343528,0.720408,0.586094,-0.273998,-0.940383,0.201505,0.748523,-0.076966,0.658627,0.019097,-0.830449,1.362505,0.101892,0.092304,-0.021806,0.184019,-0.355169,0.121652,0.924836,-0.061102,1.534407,18.882427,0.000000,1,0.057387,6.895929,38.410914,41.795481,-1.330822,46.013781,0.000000
17.725000,11.266667,1,-0.904783,1.426573,0.283929,-0.242125,-0.283733,0.201905,-0.905597,0.405705,-0.050835,-0.007555,-0.144093,0.343593,0.720939,0.584319,-0.275618,-0.941535,0.193771,0.743497,-0.081031,0.663812,0.017774,-0.830449,1.362505,0.101892,0.092207,-0.022329,0.183758,-0.358481,0.118666,0.923840,-0.062688,1.421873,18.932430,0.000000,1,0.056078,6.893598,38.405181,41.875503,-1.330678,46.057572,0.000000
17.758333,11.300000,1,-0.904261,1.426852,0.283814,-0.240796,-0.288443,0.199915,-0.904904,0.405167,-0.050585,-0.007669,-0.148903,0.344502,0.721216,0.582231,-0.277669,-0.942424,0.186377,0.737235,-0.084650,0.670313,0.018109,-0.830449,1.362505,0.101892,0.091939,-0.022846,0.183602,-0.362619,0.116066,0.922444,-0.064291,1.342673,18.990905,0.000000,1,0.054728,6.868521,38.377715,41.969831,-1.326376,46.113844,0.000000
17.791666,11.333333,1,-0.903702,1.427002,0.283810,-0.239318,-0.293419,0.197680,-0.904187,0.404711,-0.050229,-0.007670,-0.154018,0.345395,0.721581,0.579915,-0.279955,-0.943305,0.178327,0.730517,-0.088802,0.677096,0.017352,-0.830449,1.362505,0.101892,0.091563,-0.023284,0.183559,-0.366971,0.113251,0.920942,-0.066117,1.497372,19.048591,0.000000,1,0.053992,6.827540,38.335057,42.063111,-1.319237,46.172878,0.000000
17.825000,11.366667,1,-0.903292,1.427042,0.283803,-0.237961,-0.296916,0.196021,-0.903765,0.404433,-0.049926,-0.007675,-0.157754,0.345737,0.721950,0.578245,-0.281494,-0.944011,0.172061,0.725845,-0.092197,0.681651,0.012350,-0.830449,1.362505,0.101892,0.091249,-0.023549,0.183526,-0.369940,0.110968,0.919931,-0.067515,1.684796,19.103879,0.000000,1,0.055215,6.790853,38.308565,42.122124,-1.313122,46.209691,0.000000
17.858333,11.400000,1,-0.903073,1.427008,0.283685,-0.237532,-0.298785,0.195194,-0.903441,0.404328,-0.049731,-0.007793,-0.159619,0.346187,0.722033,0.577361,-0.282353,-0.944262,0.169249,0.723231,-0.093619,0.684231,0.007533,-0.830449,1.362505,0.101892,0.091053,-0.023637,0.183396,-0.371611,0.110033,0.919321,-0.068170,1.641277,19.152963,0.000000,1,0.057637,6.765912,38.319109,42.134648,-1.309404,46.212970,0.000000
17.891666,11.433333,1,-0.902806,1.426857,0.283506,-0.237483,-0.300838,0.194568,-0.902907,0.404286,-0.049426,-0.007971,-0.161479,0.347057,0.721839,0.576563,-0.283000,-0.944455,0.167077,0.720286,-0.094253,0.687244,0.010659,-0.830449,1.362505,0.101892,0.090753,-0.023653,0.183207,-0.373559,0.109406,0.918577,-0.068557,1.576262,19.253786,0.000000,1,0.058660,6.725365,38.345651,42.131186,-1.302784,46.203920,0.000000
17.925000,11.466667,1,-0.902462,1.426579,0.283308,-0.237774,-0.302775,0.194044,-0.902296,0.404301,-0.048984,-0.008168,-0.163083,0.348181,0.721529,0.575821,-0.283669,-0.944508,0.165641,0.717378,-0.094401,0.690259,0.014529,-0.830449,1.362505,0.101892,0.090318,-0.023604,0.182999,-0.375493,0.109138,0.917800,-0.068819,1.436784,19.414856,0.000000,1,0.059307,6.665417,38.379388,42.118062,-1.292500,46.188028,0.000000
17.958333,11.500000,1,-0.902087,1.426234,0.283091,-0.237963,-0.304854,0.193541,-0.901654,0.404350,-0.048476,-0.008385,-0.164861,0.349277,0.721183,0.575084,-0.284198,-0.944646,0.163937,0.714317,-0.094568,0.693403,0.016620,-0.830449,1.362505,0.101892,0.089820,-0.023519,0.182772,-0.377532,0.108730,0.916995,-0.069049,1.507571,19.588696,0.000000,1,0.059838,6.596094,38.419001,42.098029,-1.280401,46.167146,0.000000
17.991666,11.533333,1,-0.901737,1.425901,0.282828,-0.237631,-0.307410,0.192486,-0.901099,0.404404,-0.047996,-0.008646,-0.167298,0.350118,0.721162,0.573893,-0.285316,-0.944889,0.160562,0.710592,-0.096128,0.697007,0.016492,-0.830449,1.362505,0.101892,0.089351,-0.023426,0.182501,-0.379888,0.107695,0.916084,-0.069833,1.616429,19.706397,0.000000,1,0.060433,6.530349,38.467976,42.071325,-1.268900,46.140660,0.000000
18.025000,11.566667,1,-0.901604,1.425638,0.282483,-0.237932,-0.308691,0.191661,-0.900758,0.404534,-0.047731,-0.008992,-0.168311,0.350958,0.721227,0.573002,-0.286680,-0.944670,0.159418,0.708389,-0.096995,0.699126,0.013630,-0.830449,1.362505,0.101892,0.089102,-0.023262,0.182158,-0.381213,0.107631,0.915492,-0.070479,1.706543,19.875247,0.000000,1,0.062174,6.492569,38.541325,42.017006,-1.262631,46.094047,0.000000
18.058333,11.600000,1,-0.901661,1.425356,0.282186,-0.238851,-0.308648,0.191508,-0.900561,0.404792,-0.047606,-0.009289,-0.167863,0.351761,0.721120,0.572776,-0.287500,-0.944176,0.160861,0.707985,-0.096384,0.699619,0.012398,-0.830449,1.362505,0.101892,0.088998,-0.022979,0.181876,-0.381444,0.108529,0.915284,-0.070547,1.614345,20.037485,0.000000,1,0.063295,6.471881,38.618227,41.940271,-1.259526,46.035060,0.000000
18.091666,11.633333,1,-0.901661,1.424959,0.282052,-0.238912,-0.308599,0.191459,-0.900573,0.405109,-0.047367,-0.009424,-0.167792,0.351793,0.721152,0.572737,-0.287636,-0.944117,0.160963,0.708005,-0.096428,0.699593,0.012570,-0.830449,1.362505,0.101892,0.088777,-0.022644,0.181756,-0.381416,0.108603,0.915283,-0.070596,1.495318,20.197580,0.000000,1,0.062539,6.434921,38.668646,41.871874,-1.253229,45.986995,0.000000
18.125000,11.666667,1,-0.901584,1.424544,0.281962,-0.239140,-0.309157,0.191136,-0.900389,0.405393,-0.047055,-0.009515,-0.168190,0.352246,0.721133,0.572366,-0.288220,-0.943992,0.160653,0.707015,-0.096641,0.700564,0.012951,-0.830449,1.362505,0.101892,0.088481,-0.022340,0.181676,-0.382021,0.108668,0.915005,-0.070830,1.499550,20.281777,0.000000,1,0.061996,6.388732,38.707298,41.815535,-1.245042,45.948271,0.000000
18.158333,11.700000,1,-0.901597,1.424170,0.281867,-0.240086,-0.309509,0.190693,-0.900110,0.405699,-0.046841,-0.009610,-0.168083,0.353249,0.721082,0.571843,-0.289488,-0.943441,0.161602,0.705941,-0.096422,0.701677,0.011564,-0.830449,1.362505,0.101892,0.088283,-0.022019,0.181596,-0.382642,0.109484,0.914624,-0.071139,1.549568,19.704986,0.000000,1,0.062488,6.355354,38.749458,41.752729,-1.239153,45.905496,0.000000
18.191666,11.733333,1,-0.901682,1.423801,0.281845,-0.241404,-0.309768,0.190316,-0.899749,0.406045,-0.046686,-0.009633,-0.167727,0.354543,0.720927,0.571341,-0.290874,-0.942724,0.163291,0.704858,-0.095738,0.702858,0.011389,-0.830449,1.362505,0.101892,0.088143,-0.021666,0.181592,-0.383281,0.110683,0.914195,-0.071355,1.585133,19.985508,0.000000,1,0.062485,6.329470,38.782131,41.688594,-1.234557,45.864451,0.000000
18.225000,11.766667,1,-0.901665,1.423402,0.281989,-0.242781,-0.310722,0.189698,-0.899180,0.406354,-0.046433,-0.009489,-0.167968,0.356200,0.720696,0.570532,-0.292561,-0.942019,0.164339,0.702699,-0.095230,0.705085,0.012730,-0.830449,1.362505,0.101892,0.087899,-0.021357,0.181750,-0.384603,0.111744,0.913482,-0.071719,1.566387,20.300965,0.000000,1,0.060763,6.290933,38.779559,41.650709,-1.227432,45.845717,0.000000
18.258333,11.800000,1,-0.901572,1.422967,0.282293,-0.244155,-0.312270,0.188742,-0.898472,0.406647,-0.046097,-0.009186,-0.168742,0.358118,0.720492,0.569358,-0.294715,-0.941295,0.164640,0.699577,-0.095166,0.708192,0.016180,-0.830449,1.362505,0.101892,0.087567,-0.021070,0.182063,-0.386496,0.112637,0.912524,-0.072349,1.506907,20.713343,0.000000,1,0.059237,6.241392,38.744575,41.634562,-1.218141,45.846101,0.000000
18.291666,11.833333,1,-0.901534,1.422493,0.282665,-0.245696,-0.313533,0.188099,-0.897747,0.407004,-0.045782,-0.008815,-0.169186,0.360060,0.720133,0.568456,-0.296468,-0.940561,0.165684,0.696893,-0.094430,0.710931,0.018099,-0.830449,1.362505,0.101892,0.087256,-0.020725,0.182448,-0.388158,0.113768,0.911651,-0.072679,1.460748,20.669309,0.000000,1,0.059288,6.193840,38.702433,41.613247,-1.209202,45.845325,0.000000
18.325000,11.866667,1,-0.901519,1.421946,0.283089,-0.247420,-0.314420,0.187951,-0.896994,0.407433,-0.045441,-0.008391,-0.169212,0.361998,0.719526,0.567984,-0.297522,-0.939869,0.167713,0.694851,-0.092702,0.713154,0.020785,-0.830449,1.362505,0.101892,0.086921,-0.020311,0.182890,-0.389502,0.115173,0.910913,-0.072533,1.485897,20.401682,0.000000,1,0.059545,6.141855,38.656285,41.584512,-1.199427,45.841418,0.000000
18.358333,11.900000,1,-0.901398,1.421311,0.283545,-0.248686,-0.315689,0.187880,-0.896212,0.407869,-0.044964,-0.007936,-0.169784,0.363698,0.718862,0.567570,-0.298076,-0.939508,0.168745,0.692508,-0.091178,0.715625,0.023717,-0.830449,1.362505,0.101892,0.086448,-0.019885,0.183360,-0.391072,0.116027,0.910149,-0.072307,1.476811,20.206615,0.000000,1,0.059305,6.071537,38.603793,41.560365,-1.186198,45.841245,0.000000
18.391666,11.933333,1,-0.901180,1.420619,0.283965,-0.249309,-0.317141,0.187703,-0.895564,0.408291,-0.044374,-0.007516,-0.170807,0.364903,0.718363,0.567121,-0.298398,-0.939453,0.168485,0.690141,-0.090440,0.718001,0.025155,-0.830449,1.362505,0.101892,0.085864,-0.019466,0.183791,-0.392632,0.116212,0.909460,-0.072231,1.399942,20.287355,0.000000,1,0.059418,5.986417,38.555840,41.537152,-1.170178,45.840302,0.000000
18.425000,11.966667,1,-0.900982,1.419888,0.284376,-0.248833,-0.318227,0.187758,-0.895299,0.408758,-0.043777,-0.007106,-0.171993,0.364961,0.718104,0.567053,-0.297739,-0.939947,0.166887,0.688865,-0.090509,0.719217,0.025842,-0.830449,1.362505,0.101892,0.085274,-0.019002,0.184215,-0.393520,0.115441,0.909186,-0.072083,1.238005,20.269051,0.000000,1,0.059934,5.899937,38.513533,41.504683,-1.153885,45.832998,0.000000
18.458333,12.000000,1,-0.900839,1.419239,0.284779,-0.247326,-0.318871,0.188204,-0.895394,0.409191,-0.043273,-0.006703,-0.173241,0.363901,0.717990,0.567498,-0.295868,-0.941001,0.164256,0.688831,-0.091045,0.719182,0.023318,-0.830449,1.362505,0.101892,0.084777,-0.018575,0.184632,-0.393678,0.113800,0.909355,-0.071703,1.116373,20.244828,0.000000,1,0.059708,5.826510,38.471015,41.475256,-1.139924,45.827343,0.000000
18.491666,12.033333,1,-0.900729,1.418880,0.285090,-0.246549,-0.319427,0.188454,-0.895358,0.409412,-0.042969,-0.006392,-0.174085,0.363454,0.717847,0.567707,-0.294807,-0.941597,0.162738,0.688510,-0.091221,0.719467,0.014630,-0.830449,1.362505,0.101892,0.084473,-0.018362,0.184949,-0.393971,0.112888,0.909361,-0.071458,0.963706,20.214188,0.000000,1,0.058453,5.782897,38.429302,41.471821,-1.131300,45.835363,0.000000
18.525000,12.066667,1,-0.900679,1.418790,0.285330,-0.246414,-0.319988,0.188373,-0.895211,0.409455,-0.042876,-0.006152,-0.174647,0.363584,0.717754,0.567570,-0.294726,-0.941748,0.162011,0.687753,-0.091344,0.720175,0.007818,-0.830449,1.362505,0.101892,0.084375,-0.018331,0.185188,-0.394465,0.112599,0.909181,-0.071480,0.868039,20.184700,0.000000,1,0.057471,5.769838,38.387263,41.490416,-1.128212,45.855198,0.000000
18.558333,12.100000,1,-0.900772,1.418883,0.285546,-0.246957,-0.320023,0.188386,-0.895046,0.409438,-0.043006,-0.005937,-0.174437,0.364085,0.717600,0.567506,-0.295016,-0.941505,0.162889,0.687466,-0.090757,0.720523,0.007572,-0.830449,1.362505,0.101892,0.084497,-0.018368,0.185406,-0.394656,0.113111,0.909040,-0.071405,0.780560,20.115428,0.000000,1,0.057283,5.787439,38.346415,41.513509,-1.130788,45.877156,0.000000
18.591666,12.133333,1,-0.900993,1.419064,0.285801,-0.247953,-0.319342,0.188548,-0.894980,0.409427,-0.043292,-0.005682,-0.173383,0.364673,0.717468,0.567620,-0.295492,-0.940954,0.165197,0.688041,-0.089644,0.720113,0.011492,-0.830449,1.362505,0.101892,0.084774,-0.018409,0.185667,-0.394295,0.114261,0.909067,-0.071226,0.618800,20.031643,0.000000,1,0.057130,5.825852,38.300183,41.536532,-1.137262,45.900329,0.000000
18.625000,12.166667,1,-0.901150,1.419203,0.286130,-0.248618,-0.318819,0.188523,-0.894988,0.409412,-0.043502,-0.005353,-0.172618,0.365034,0.717485,0.567599,-0.296069,-0.940510,0.166684,0.688464,-0.089163,0.719769,0.011711,-0.830449,1.362505,0.101892,0.084973,-0.018455,0.186000,-0.393994,0.115051,0.909096,-0.071250,0.463682,19.922366,0.000000,1,0.056237,5.854110,38.239049,41.569369,-1.141913,45.932074,0.000000
18.658333,12.200000,1,-0.901157,1.419253,0.286515,-0.248559,-0.318513,0.188528,-0.895112,0.409378,-0.043539,-0.004968,-0.172370,0.364845,0.717593,0.567659,-0.296103,-0.940474,0.166832,0.688919,-0.089302,0.719316,0.011653,-0.830449,1.362505,0.101892,0.084996,-0.018517,0.186383,-0.393687,0.115082,0.909222,-0.071291,0.393979,19.808994,0.000000,1,0.055190,5.859449,38.164021,41.615111,-1.142382,45.973704,0.000000
18.691666,12.233333,1,-0.901076,1.419198,0.286987,-0.247485,-0.318515,0.188626,-0.895388,0.409375,-0.043442,-0.004496,-0.172851,0.363884,0.717797,0.567872,-0.295288,-0.941029,0.165136,0.689438,-0.090219,0.718704,0.014461,-0.830449,1.362505,0.101892,0.084884,-0.018547,0.186851,-0.393374,0.114047,0.909487,-0.071305,0.122335,19.573781,0.000000,1,0.054393,5.846397,38.074056,41.666785,-1.139527,46.021746,0.000000
18.725000,12.266667,1,-0.900999,1.419050,0.287526,-0.245996,-0.318558,0.188899,-0.895725,0.409448,-0.043292,-0.003957,-0.173553,0.362572,0.717976,0.568270,-0.293896,-0.941860,0.162864,0.690158,-0.091221,0.717886,0.016928,-0.830449,1.362505,0.101892,0.084721,-0.018503,0.187389,-0.392975,0.112598,0.909850,-0.071177,0.139837,19.306717,0.000000,1,0.054263,5.825199,37.977653,41.712130,-1.135264,46.067699,0.000000
18.758333,12.300000,1,-0.900938,1.418860,0.288052,-0.245384,-0.318492,0.189442,-0.895802,0.409564,-0.043130,-0.003431,-0.173767,0.361996,0.717803,0.568791,-0.292563,-0.942365,0.162339,0.690754,-0.090871,0.717357,0.016854,-0.830449,1.362505,0.101892,0.084548,-0.018415,0.187916,-0.392718,0.112019,0.910069,-0.070699,0.240475,19.067276,0.000000,1,0.054529,5.801876,37.887426,41.748225,-1.130688,46.107061,0.000000
18.791666,12.333333,1,-0.900792,1.418663,0.288530,-0.245459,-0.318982,0.189943,-0.895501,0.409636,-0.042896,-0.002953,-0.174172,0.362283,0.717310,0.569106,-0.291566,-0.942650,0.162483,0.690251,-0.089740,0.717983,0.016117,-0.830449,1.362505,0.101892,0.084302,-0.018366,0.188391,-0.393188,0.111942,0.909921,-0.070116,0.329155,18.885085,0.000000,1,0.054229,5.769457,37.801574,41.789120,-1.124443,46.147727,0.000000
18.825000,12.366667,1,-0.900574,1.418435,0.289015,-0.245726,-0.319495,0.190407,-0.895146,0.409688,-0.042585,-0.002467,-0.174513,0.362752,0.716787,0.569362,-0.290745,-0.942832,0.162896,0.689612,-0.088477,0.718754,0.017381,-0.830449,1.362505,0.101892,0.083979,-0.018332,0.188871,-0.393737,0.112043,0.909715,-0.069549,0.386769,18.821389,0.000000,1,0.053724,5.727016,37.711886,41.835867,-1.116358,46.192216,0.000000
18.858333,12.400000,1,-0.900334,1.418145,0.289603,-0.245910,-0.320067,0.190955,-0.894774,0.409778,-0.042221,-0.001879,-0.174944,0.363173,0.716211,0.569686,-0.289705,-0.943100,0.163195,0.688961,-0.087127,0.719543,0.020931,-0.830449,1.362505,0.101892,0.083600,-0.018266,0.189453,-0.394314,0.112046,0.909514,-0.068896,0.614569,18.770992,0.000000,1,0.053004,5.676877,37.605930,41.886996,-1.106875,46.242710,0.000000
18.891666,12.433333,1,-0.900027,1.417803,0.290274,-0.246343,-0.321030,0.191486,-0.894197,0.409869,-0.041771,-0.001208,-0.175614,0.363991,0.715459,0.569902,-0.288742,-0.943327,0.163590,0.687640,-0.085444,0.721006,0.024390,-0.830449,1.362505,0.101892,0.083134,-0.018200,0.190116,-0.395334,0.112176,0.909109,-0.068184,0.809895,18.587943,0.000000,1,0.052080,5.615320,37.483856,41.947767,-1.095280,46.301937,0.000000
18.925000,12.466667,1,-0.899701,1.417429,0.290982,-0.247295,-0.321932,0.191838,-0.893534,0.409973,-0.041286,-0.000499,-0.175997,0.365246,0.714711,0.569920,-0.288433,-0.943220,0.164749,0.686092,-0.083573,0.722699,0.025965,-0.830449,1.362505,0.101892,0.082632,-0.018122,0.190817,-0.396452,0.112827,0.908584,-0.067605,1.027058,18.348020,0.000000,1,0.051605,5.548853,37.355540,42.010382,-1.082799,46.363405,0.000000
18.958333,12.500000,1,-0.899470,1.417046,0.291758,-0.248218,-0.322027,0.192342,-0.893135,0.410143,-0.040873,0.000278,-0.175671,0.366116,0.714129,0.570192,-0.288042,-0.943013,0.166608,0.685749,-0.081682,0.723240,0.026863,-0.830449,1.362505,0.101892,0.082203,-0.017986,0.191591,-0.396794,0.113677,0.908375,-0.066982,1.639419,17.988994,0.000000,1,0.051443,5.491157,37.221229,42.065852,-1.071999,46.422345,0.000000
18.991666,12.533333,1,-0.899239,1.416606,0.292564,-0.249541,-0.322155,0.192607,-0.892663,0.410357,-0.040426,0.001083,-0.175196,0.367357,0.713589,0.570215,-0.288322,-0.942518,0.168910,0.685080,-0.079806,0.724083,0.028378,-0.830449,1.362505,0.101892,0.081740,-0.017807,0.192396,-0.397291,0.114909,0.908034,-0.066555,2.333831,17.572092,0.000000,1,0.051350,5.428357,37.085220,42.116273,-1.060286,46.478799,0.000000
19.025000,12.566667,1,-0.898924,1.416116,0.293298,-0.250983,-0.322788,0.192380,-0.892079,0.410562,-0.039880,0.001818,-0.175121,0.368929,0.713169,0.569749,-0.289437,-0.941869,0.170613,0.683440,-0.078554,0.725768,0.028143,-0.830449,1.362505,0.101892,0.081181,-0.017627,0.193127,-0.398315,0.116117,0.907432,-0.066548,2.720632,17.231729,0.000000,1,0.051471,5.352642,36.960754,42.162918,-1.046180,46.530264,0.000000
19.058333,12.600000,1,-0.898618,1.415641,0.293999,-0.251269,-0.323198,0.192377,-0.891851,0.410759,-0.039351,0.002519,-0.175360,0.369369,0.712967,0.569644,-0.289510,-0.941819,0.170766,0.682729,-0.078146,0.726481,0.026991,-0.830449,1.362505,0.101892,0.080639,-0.017455,0.193825,-0.398785,0.116275,0.907211,-0.066466,3.165217,16.483678,0.000000,1,0.051388,5.279394,36.842257,42.206969,-1.032533,46.578799,0.000000
19.091666,12.633333,1,-0.898390,1.415207,0.294733,-0.250219,-0.323197,0.192857,-0.892043,0.410971,-0.038910,0.003253,-0.175827,0.368429,0.712924,0.570161,-0.288001,-0.942523,0.169425,0.683404,-0.078352,0.725824,0.026477,-0.830449,1.362505,0.101892,0.080184,-0.017273,0.194559,-0.398465,0.115257,0.907510,-0.066089,3.632694,15.975577,0.000000,1,0.051058,5.217553,36.719938,42.249504,-1.021012,46.627385,0.000000
19.125000,12.666667,1,-0.898219,1.414800,0.295567,-0.248614,-0.323227,0.193387,-0.892366,0.411197,-0.038529,0.004087,-0.176569,0.367007,0.712977,0.570783,-0.286060,-0.943514,0.167184,0.684305,-0.079025,0.724901,0.028328,-0.830449,1.362505,0.101892,0.079788,-0.017087,0.195396,-0.398011,0.113696,0.907933,-0.065715,4.236659,15.023449,0.000000,1,0.050231,5.163799,36.580962,42.297888,-1.010986,46.683016,0.000000
19.158333,12.700000,1,-0.898072,1.414386,0.296610,-0.247257,-0.323507,0.193850,-0.892541,0.411442,-0.038165,0.005130,-0.177425,0.365919,0.712927,0.571278,-0.284323,-0.944406,0.165101,0.684712,-0.079489,0.724466,0.033931,-0.830449,1.362505,0.101892,0.079402,-0.016896,0.196442,-0.397869,0.112302,0.908195,-0.065350,5.043982,14.522025,0.000000,1,0.048696,5.111994,36.405496,42.362340,-1.001296,46.755855,0.000000
19.191666,12.733333,1,-0.897971,1.413959,0.297916,-0.246455,-0.324067,0.194279,-0.892466,0.411727,-0.037830,0.006436,-0.178285,0.365452,0.712670,0.571630,-0.282907,-0.945076,0.163691,0.684458,-0.079367,0.724719,0.041339,-0.830449,1.362505,0.101892,0.079039,-0.016685,0.197754,-0.398153,0.111362,0.908217,-0.064922,5.822418,13.744217,0.000000,1,0.047024,5.063513,36.185104,42.444240,-0.992213,46.848636,0.000000
19.225000,12.766667,1,-0.897907,1.413491,0.299496,-0.245313,-0.324600,0.194545,-0.892529,0.412068,-0.037500,0.008015,-0.179270,0.364668,0.712608,0.571899,-0.281587,-0.945829,0.161607,0.684332,-0.079897,0.724780,0.049477,-0.830449,1.362505,0.101892,0.078674,-0.016436,0.199343,-0.398317,0.110107,0.908314,-0.064700,6.910049,12.647710,0.000000,1,0.045541,5.015060,35.919440,42.541288,-0.983145,46.960179,0.000000
19.258333,12.800000,1,-0.897789,1.412967,0.301234,-0.243489,-0.324713,0.194564,-0.892984,0.412421,-0.037094,0.009753,-0.180185,0.363086,0.713007,0.572122,-0.280420,-0.946699,0.158512,0.685008,-0.081691,0.723941,0.054570,-0.830449,1.362505,0.101892,0.078230,-0.016182,0.201088,-0.397894,0.108320,0.908703,-0.064857,7.989227,11.743092,0.000000,1,0.044272,4.956448,35.625354,42.651602,-0.972187,47.085370,0.000000
19.291666,12.833333,1,-0.897576,1.412366,0.303010,-0.242021,-0.324908,0.194461,-0.893334,0.412779,-0.036565,0.011529,-0.181014,0.361860,0.713366,0.572189,-0.279667,-0.947364,0.155846,0.685358,-0.083314,0.723425,0.056629,-0.830449,1.362505,0.101892,0.077661,-0.015920,0.202869,-0.397657,0.106855,0.908964,-0.065088,9.083102,10.917439,0.000000,1,0.043559,4.881519,35.324200,42.765204,-0.958198,47.213713,0.000000
19.325000,12.866667,1,-0.897313,1.411692,0.304880,-0.240846,-0.325407,0.194571,-0.893446,0.413166,-0.035954,0.013398,-0.181984,0.361031,0.713419,0.572339,-0.278618,-0.948039,0.153602,0.685231,-0.084169,0.723446,0.060130,-0.830449,1.362505,0.101892,0.077009,-0.015633,0.204742,-0.397784,0.105580,0.909061,-0.065031,10.413366,9.905367,0.000000,1,0.042834,4.795333,35.008468,42.882236,-0.942114,47.347168,0.000000
19.358333,12.900000,1,-0.897006,1.410987,0.306855,-0.239104,-0.325547,0.194945,-0.893781,0.413550,-0.035287,0.015373,-0.182886,0.359535,0.713552,0.572828,-0.276842,-0.948992,0.150906,0.685976,-0.085206,0.722618,0.063581,-0.830449,1.362505,0.101892,0.076298,-0.015352,0.206719,-0.397399,0.103858,0.909443,-0.064810,11.683643,8.687525,0.000000,1,0.041778,4.702021,34.673589,43.008546,-0.924683,47.490018,0.000000
19.391666,12.933333,1,-0.896696,1.410222,0.308852,-0.237414,-0.325835,0.195052,-0.894104,0.413981,-0.034584,0.017370,-0.183897,0.358151,0.713793,0.573070,-0.275545,-0.949833,0.147962,0.686381,-0.086638,0.722063,0.064821,-0.830449,1.362505,0.101892,0.075551,-0.015025,0.208720,-0.397177,0.102149,0.909732,-0.064836,12.981415,8.220878,0.000000,1,0.041558,4.603410,34.339355,43.126880,-0.906286,47.628268,0.000000
19.425000,12.966667,1,-0.896410,1.409384,0.310776,-0.236679,-0.326970,0.195094,-0.893875,0.414485,-0.033854,0.019294,-0.185241,0.358000,0.713572,0.573007,-0.274696,-0.950396,0.145908,0.685131,-0.086997,0.723206,0.063565,-0.830449,1.362505,0.101892,0.074784,-0.014619,0.210653,-0.398037,0.101116,0.909480,-0.064715,14.156202,7.457965,0.000000,1,0.042058,4.500846,34.025930,43.223041,-0.887192,47.749440,0.000000
19.458333,13.000000,1,-0.896067,1.408522,0.312598,-0.236678,-0.328473,0.195129,-0.893316,0.414973,-0.033066,0.021116,-0.186588,0.358670,0.713059,0.572790,-0.274193,-0.950713,0.144788,0.683018,-0.086536,0.725257,0.061328,-0.830449,1.362505,0.101892,0.073960,-0.014220,0.212481,-0.399457,0.100683,0.908922,-0.064477,15.443790,6.684677,0.000000,1,0.041857,4.390883,33.730454,43.311767,-0.866683,47.862126,0.000000
19.491666,13.033333,1,-0.895659,1.407609,0.314370,-0.235313,-0.329218,0.195233,-0.893380,0.415462,-0.032194,0.022888,-0.187864,0.357780,0.713071,0.572914,-0.272953,-0.951485,0.142034,0.682628,-0.087525,0.725505,0.061045,-0.830449,1.362505,0.101892,0.073055,-0.013811,0.214257,-0.399762,0.099155,0.908961,-0.064409,16.952479,5.898159,0.000000,1,0.041679,4.270143,33.444617,43.395015,-0.844105,47.969438,0.000000
19.525000,13.066667,1,-0.895195,1.406665,0.316024,-0.233382,-0.329493,0.195053,-0.893824,0.415943,-0.031258,0.024542,-0.188970,0.356175,0.713549,0.572955,-0.272025,-0.952276,0.138465,0.683050,-0.089724,0.724839,0.058787,-0.830449,1.362505,0.101892,0.072089,-0.013401,0.215912,-0.399467,0.097224,0.909275,-0.064750,17.702552,5.350135,0.000000,1,0.041733,4.141396,33.180033,43.468437,-0.819975,48.066218,0.000000
19.558333,13.100000,1,-0.894790,1.405739,0.317542,-0.233389,-0.330432,0.194378,-0.893623,0.416444,-0.030381,0.026060,-0.189809,0.356598,0.713672,0.572261,-0.272981,-0.952184,0.137212,0.681442,-0.090711,0.726229,0.054725,-0.830449,1.362505,0.101892,0.071187,-0.012964,0.217436,-0.400378,0.096972,0.908861,-0.065311,18.670505,4.951717,0.000000,1,0.042133,4.020386,32.943224,43.523481,-0.797298,48.146356,0.000000
19.591666,13.133333,1,-0.894557,1.404863,0.319023,-0.234447,-0.332358,0.193830,-0.892750,0.417009,-0.029670,0.027541,-0.191062,0.358404,0.713139,0.571379,-0.274042,-0.951901,0.137062,0.677991,-0.090144,0.729522,0.052093,-0.830449,1.362505,0.101892,0.070455,-0.012470,0.218931,-0.402524,0.097447,0.907848,-0.065500,19.695434,4.512018,0.000000,1,0.042522,3.921081,32.721447,43.559340,-0.778737,48.212651,0.000000
19.625000,13.166667,1,-0.894365,1.404026,0.320471,-0.234222,-0.334247,0.193796,-0.892111,0.417566,-0.029016,0.028988,-0.192853,0.359046,0.712586,0.571064,-0.273386,-0.952352,0.135227,0.675379,-0.089943,0.731965,0.050486,-0.830449,1.362505,0.101892,0.069780,-0.011981,0.220393,-0.404246,0.096690,0.907178,-0.065299,20.644094,4.243684,0.000000,1,0.042291,3.829604,32.506514,43.591265,-0.761618,48.275265,0.000000
19.658333,13.200000,1,-0.894038,1.403206,0.321779,-0.233424,-0.335633,0.193908,-0.891775,0.418029,-0.028264,0.030296,-0.194451,0.358950,0.712239,0.571017,-0.272258,-0.952996,0.132942,0.673804,-0.090190,0.733385,0.047340,-0.830449,1.362505,0.101892,0.069008,-0.011574,0.221708,-0.405322,0.095524,0.906838,-0.065075,21.372119,4.178763,0.000000,1,0.041772,3.726391,32.307792,43.629141,-0.742190,48.337106,0.000000
19.691666,13.233333,1,-0.893683,1.402394,0.322918,-0.233249,-0.336199,0.194159,-0.891553,0.418468,-0.027494,0.031435,-0.195036,0.359046,0.711929,0.571142,-0.271514,-0.953280,0.132429,0.673172,-0.089765,0.734018,0.043307,-0.830449,1.362505,0.101892,0.068222,-0.011179,0.222852,-0.405798,0.095188,0.906682,-0.064759,22.396729,4.488018,0.000000,1,0.042164,3.621119,32.137580,43.656432,-0.722333,48.386306,0.000000
19.725000,13.266667,1,-0.893465,1.401598,0.323926,-0.233414,-0.336204,0.194366,-0.891463,0.418976,-0.026842,0.032442,-0.194968,0.359197,0.711756,0.571288,-0.271236,-0.953298,0.132870,0.673171,-0.089217,0.734085,0.039098,-0.830449,1.362505,0.101892,0.067561,-0.010711,0.223873,-0.405845,0.095342,0.906662,-0.064531,23.112856,4.627044,0.000000,1,0.043358,3.531080,31.999173,43.656789,-0.705376,48.413369,0.000000
19.758333,13.300000,1,-0.893261,1.400744,0.324897,-0.232942,-0.336491,0.194363,-0.891479,0.419539,-0.026168,0.033413,-0.195435,0.358903,0.711772,0.571293,-0.270860,-0.953544,0.131867,0.672976,-0.089627,0.734214,0.039269,-0.830449,1.362505,0.101892,0.066881,-0.010185,0.224860,-0.405980,0.094807,0.906657,-0.064542,23.994505,4.469041,0.000000,1,0.044043,3.437944,31.873335,43.642907,-0.687801,48.429874,0.000000
19.791666,13.333333,1,-0.892933,1.399850,0.325872,-0.233160,-0.337044,0.193997,-0.891293,0.420058,-0.025369,0.034387,-0.195833,0.359343,0.711770,0.570881,-0.271489,-0.953415,0.131509,0.671930,-0.089934,0.735134,0.040867,-0.830449,1.362505,0.101892,0.066076,-0.009697,0.225845,-0.406577,0.094864,0.906364,-0.064817,24.374919,4.249278,0.000000,1,0.043550,3.329128,31.742637,43.638111,-0.667165,48.452634,0.000000
19.825000,13.366667,1,-0.892536,1.398981,0.326868,-0.234543,-0.337627,0.193360,-0.890848,0.420517,-0.024531,0.035383,-0.195738,0.360840,0.711657,0.570110,-0.273323,-0.952706,0.132841,0.670185,-0.089538,0.736773,0.041405,-0.830449,1.362505,0.101892,0.065227,-0.009268,0.226845,-0.407549,0.096038,0.905772,-0.065245,24.912342,4.087745,0.000000,1,0.042692,3.215763,31.602573,43.646088,-0.645580,48.484759,0.000000
19.858333,13.400000,1,-0.892203,1.398097,0.328011,-0.234846,-0.338455,0.193072,-0.890516,0.421026,-0.023735,0.036526,-0.196344,0.361480,0.711490,0.569704,-0.273773,-0.952627,0.132480,0.668728,-0.089539,0.738096,0.044487,-0.830449,1.362505,0.101892,0.064418,-0.008802,0.227997,-0.408429,0.096097,0.905359,-0.065393,25.738717,4.079574,0.000000,1,0.042182,3.107706,31.441814,43.655449,-0.624956,48.522985,0.000000
19.891666,13.433333,1,-0.891899,1.397158,0.329335,-0.233143,-0.338658,0.193492,-0.890795,0.421598,-0.022930,0.037850,-0.197286,0.360047,0.711553,0.570207,-0.271884,-0.953530,0.129845,0.669401,-0.090459,0.737373,0.049550,-0.830449,1.362505,0.101892,0.063597,-0.008286,0.229334,-0.408114,0.094394,0.905701,-0.065110,26.639879,4.069598,0.000000,1,0.041718,2.998230,31.255386,43.666949,-0.604021,48.568918,0.000000
19.925000,13.466667,1,-0.891553,1.396258,0.330652,-0.231676,-0.338476,0.193874,-0.891164,0.422113,-0.022114,0.039166,-0.197776,0.358654,0.711712,0.570717,-0.270334,-0.954239,0.127861,0.670506,-0.091298,0.736265,0.048965,-0.830449,1.362505,0.101892,0.062763,-0.007823,0.230659,-0.407504,0.093030,0.906132,-0.064893,27.397295,4.130902,0.000000,1,0.040950,2.888066,31.065582,43.687277,-0.582894,48.620536,0.000000
19.958333,13.500000,1,-0.891171,1.395459,0.331800,-0.230787,-0.338702,0.194052,-0.891270,0.422525,-0.021331,0.040314,-0.198375,0.357960,0.711728,0.570925,-0.269384,-0.954707,0.126358,0.670666,-0.091819,0.736054,0.043492,-0.830449,1.362505,0.101892,0.061962,-0.007455,0.231810,-0.407454,0.092107,0.906257,-0.064770,28.273937,4.061492,0.000000,1,0.040444,2.783049,30.896278,43.712307,-0.562688,48.669655,0.000000
19.991666,13.533333,1,-0.890731,1.394729,0.332833,-0.229750,-0.339292,0.194149,-0.891292,0.422847,-0.020542,0.041348,-0.199366,0.357295,0.711706,0.571024,-0.268370,-0.955267,0.124269,0.670338,-0.092543,0.736263,0.040186,-0.830449,1.362505,0.101892,0.061156,-0.007168,0.232840,-0.407707,0.090939,0.906267,-0.064693,28.974757,3.991522,0.000000,1,0.039893,2.678101,30.738836,43.744566,-0.542442,48.719803,0.000000
20.025000,13.566667,1,-0.890296,1.394020,0.333770,-0.229312,-0.340121,0.194168,-0.891085,0.423155,-0.019770,0.042285,-0.200304,0.357273,0.711513,0.570949,-0.267790,-0.955602,0.122932,0.669350,-0.092745,0.737136,0.037573,-0.830449,1.362505,0.101892,0.060369,-0.006890,0.233774,-0.408364,0.090281,0.906044,-0.064602,31.578598,3.955102,0.000000,1,0.040045,2.575562,30.597725,43.770757,-0.522629,48.762739,0.000000
20.058333,13.600000,1,-0.889963,1.393308,0.334603,-0.229572,-0.340830,0.194301,-0.890718,0.423526,-0.019078,0.043119,-0.200822,0.357822,0.711127,0.570905,-0.267476,-0.955689,0.122944,0.668254,-0.092062,0.738215,0.034361,-0.830449,1.362505,0.101892,0.059667,-0.006545,0.234611,-0.409105,0.090325,0.905723,-0.064341,32.139986,3.962748,0.000000,1,0.041032,2.483112,30.482125,43.775150,-0.504734,48.787748,0.000000
20.091666,13.633333,1,-0.889715,1.392563,0.335402,-0.229796,-0.341323,0.194450,-0.890439,0.423974,-0.018432,0.043918,-0.201165,0.358243,0.710811,0.570913,-0.267182,-0.955755,0.123071,0.667491,-0.091440,0.738982,0.033635,-0.830449,1.362505,0.101892,0.059016,-0.006123,0.235420,-0.409632,0.090396,0.905495,-0.064098,32.763066,3.968797,0.000000,1,0.041899,2.396564,30.381170,43.760700,-0.487960,48.799162,0.000000
20.125000,13.666667,1,-0.889434,1.391810,0.336154,-0.229499,-0.341841,0.194357,-0.890337,0.424409,-0.017756,0.044669,-0.201761,0.358208,0.710763,0.570785,-0.266995,-0.955930,0.122111,0.666840,-0.091784,0.739527,0.033003,-0.830449,1.362505,0.101892,0.058336,-0.005710,0.236180,-0.410038,0.089964,0.905351,-0.064151,33.359127,3.960669,0.000000,1,0.041996,2.306353,30.287742,43.744656,-0.470463,48.808019,0.000000
20.158333,13.700000,1,-0.889105,1.391053,0.336859,-0.229009,-0.341914,0.194281,-0.890452,0.424818,-0.017039,0.045375,-0.202044,0.357802,0.710900,0.570769,-0.266802,-0.956103,0.121178,0.666936,-0.092401,0.739364,0.032585,-0.830449,1.362505,0.101892,0.057615,-0.005317,0.236891,-0.409967,0.089474,0.905423,-0.064267,34.164210,3.875400,0.000000,1,0.041990,2.211014,30.200241,43.729496,-0.451962,48.816050,0.000000
20.191666,13.733333,1,-0.888780,1.390254,0.337586,-0.228688,-0.341833,0.194391,-0.890541,0.425263,-0.016300,0.046101,-0.202116,0.357479,0.710930,0.570908,-0.266426,-0.956256,0.120795,0.667248,-0.092545,0.739064,0.033839,-0.830449,1.362505,0.101892,0.056873,-0.004889,0.237625,-0.409794,0.089186,0.905535,-0.064197,34.794606,3.792346,0.000000,1,0.042203,2.112884,30.112875,43.708721,-0.432916,48.821226,0.000000
20.225000,13.766667,1,-0.888466,1.389364,0.338379,-0.228114,-0.341600,0.194613,-0.890730,0.425788,-0.015515,0.046894,-0.202162,0.356862,0.710999,0.571192,-0.265741,-0.956522,0.120199,0.667946,-0.092779,0.738404,0.036968,-0.830449,1.362505,0.101892,0.056088,-0.004385,0.238429,-0.409400,0.088698,0.905771,-0.064061,35.251683,3.644946,0.000000,1,0.042676,2.008702,30.022307,43.677407,-0.412714,48.821733,0.000000
20.258333,13.800000,1,-0.888163,1.388446,0.339250,-0.226789,-0.341530,0.194738,-0.891067,0.426341,-0.014722,0.047765,-0.202691,0.355645,0.711245,0.571457,-0.264706,-0.957064,0.118147,0.668721,-0.093906,0.737560,0.039039,-0.830449,1.362505,0.101892,0.055292,-0.003857,0.239313,-0.408946,0.087442,0.906097,-0.064074,35.881934,3.355038,0.000000,1,0.042526,1.903513,29.921404,43.645935,-0.392298,48.824933,0.000000
20.291666,13.833333,1,-0.887838,1.387553,0.340160,-0.225509,-0.341602,0.194742,-0.891364,0.426862,-0.013927,0.048674,-0.203325,0.354531,0.711509,0.571595,-0.263875,-0.957561,0.115962,0.669220,-0.095173,0.736944,0.039465,-0.830449,1.362505,0.101892,0.054492,-0.003363,0.240233,-0.408641,0.086191,0.906346,-0.064187,36.657419,3.251997,0.000000,1,0.041934,1.798452,29.811131,43.622723,-0.371874,48.835082,0.000000
20.325000,13.866667,1,-0.887486,1.386656,0.340995,-0.224768,-0.341471,0.194698,-0.891611,0.427369,-0.013107,0.049509,-0.203538,0.353809,0.711749,0.571668,-0.263536,-0.957796,0.114787,0.669741,-0.096029,0.736359,0.038262,-0.830449,1.362505,0.101892,0.053668,-0.002876,0.241077,-0.408303,0.085517,0.906553,-0.064322,37.350012,3.301313,0.000000,1,0.042178,1.690448,29.712959,43.595862,-0.350877,48.840352,0.000000
20.358333,13.900000,1,-0.887149,1.385723,0.341707,-0.224288,-0.341331,0.194643,-0.891797,0.427914,-0.012278,0.050221,-0.203627,0.353317,0.711941,0.571702,-0.263385,-0.957926,0.114044,0.670147,-0.096647,0.735909,0.036627,-0.830449,1.362505,0.101892,0.052841,-0.002344,0.241801,-0.408033,0.085097,0.906705,-0.064446,38.120349,3.336053,0.000000,1,0.043278,1.581430,29.640573,43.551827,-0.329685,48.830047,0.000000
20.391666,13.933333,1,-0.886841,1.384791,0.342271,-0.223964,-0.341586,0.194505,-0.891811,0.428475,-0.011473,0.050785,-0.204000,0.353142,0.712014,0.571586,-0.263347,-0.958037,0.113200,0.669873,-0.097161,0.736091,0.033951,-0.830449,1.362505,0.101892,0.052044,-0.001787,0.242378,-0.408185,0.084715,0.906663,-0.064582,38.415429,3.319989,0.000000,1,0.044384,1.475691,29.596693,43.492284,-0.309108,48.804412,0.000000
20.425000,13.966667,1,-0.886568,1.383885,0.342748,-0.224115,-0.341917,0.194488,-0.891650,0.429036,-0.010710,0.051261,-0.204229,0.353424,0.711879,0.571499,-0.263359,-0.958034,0.113190,0.669317,-0.096961,0.736623,0.031800,-0.830449,1.362505,0.101892,0.051291,-0.001225,0.242870,-0.408542,0.084766,0.906500,-0.064538,38.917489,3.254687,0.000000,1,0.045003,1.375654,29.568991,43.425027,-0.289597,48.770780,0.000000
20.458333,14.000000,1,-0.886417,1.383004,0.343216,-0.223668,-0.341326,0.194816,-0.891917,0.429651,-0.010061,0.051728,-0.203899,0.352761,0.711970,0.571912,-0.262683,-0.958224,0.113157,0.670514,-0.096952,0.735535,0.030274,-0.830449,1.362505,0.101892,0.050653,-0.000615,0.243359,-0.407843,0.084500,0.906855,-0.064330,39.500879,3.207848,0.000000,1,0.045664,1.290239,29.549160,43.345628,-0.272833,48.728888,0.000000
20.491666,14.033333,1,-0.886353,1.382096,0.343771,-0.222533,-0.340471,0.195216,-0.892440,0.430339,-0.009464,0.052282,-0.203639,0.351364,0.712258,0.572506,-0.261536,-0.958647,0.112229,0.672441,-0.097561,0.733693,0.031974,-0.830449,1.362505,0.101892,0.050069,0.000060,0.243942,-0.406692,0.083647,0.907463,-0.064152,39.928885,3.196779,0.000000,1,0.046076,1.211686,29.522672,43.257581,-0.257364,48.684259,0.000000
20.525000,14.066667,1,-0.886237,1.381178,0.344406,-0.221655,-0.340464,0.195211,-0.892662,0.431004,-0.008821,0.052916,-0.204024,0.350575,0.712459,0.572602,-0.261002,-0.958963,0.110762,0.672860,-0.098448,0.733190,0.033664,-0.830449,1.362505,0.101892,0.049435,0.000710,0.244601,-0.406431,0.082805,0.907651,-0.064244,40.402769,3.187688,0.000000,1,0.045561,1.127465,29.480302,43.179458,-0.240835,48.649154,0.000000
20.558333,14.100000,1,-0.886080,1.380270,0.345061,-0.221221,-0.340770,0.194698,-0.892765,0.431637,-0.008150,0.053570,-0.204491,0.350323,0.712781,0.572190,-0.261564,-0.958967,0.109387,0.672415,-0.099746,0.733422,0.033923,-0.830449,1.362505,0.101892,0.048772,0.001327,0.245278,-0.406610,0.082310,0.907578,-0.064766,40.972514,3.190293,0.000000,1,0.045237,1.040028,29.431425,43.108757,-0.223708,48.619834,0.000000
20.591666,14.133333,1,-0.885909,1.379278,0.345807,-0.220884,-0.340577,0.194398,-0.892988,0.432329,-0.007417,0.054315,-0.204468,0.349934,0.713113,0.572021,-0.261969,-0.958933,0.108721,0.672731,-0.100676,0.733005,0.037588,-0.830449,1.362505,0.101892,0.048047,0.001999,0.246047,-0.406338,0.082046,0.907698,-0.065131,42.123815,3.166680,0.000000,1,0.045546,0.944801,29.373155,43.033226,-0.205146,48.590408,0.000000
20.625000,14.166667,1,-0.885734,1.378147,0.346632,-0.219794,-0.340098,0.194703,-0.893373,0.433130,-0.006599,0.055139,-0.204526,0.348746,0.713321,0.572468,-0.260900,-0.959361,0.107507,0.674051,-0.101314,0.731704,0.042317,-0.830449,1.362505,0.101892,0.047237,0.002778,0.246900,-0.405560,0.081131,0.908138,-0.064992,42.526951,3.139116,0.000000,1,0.046617,0.838617,29.313481,42.941626,-0.184575,48.552804,0.000000
20.658333,14.200000,1,-0.885515,1.376933,0.347351,-0.218612,-0.339870,0.194925,-0.893701,0.433970,-0.005694,0.055856,-0.204848,0.347587,0.713515,0.572815,-0.259840,-0.959829,0.105882,0.675020,-0.102132,0.730696,0.042847,-0.830449,1.362505,0.101892,0.046347,0.003608,0.247647,-0.404994,0.080057,0.908492,-0.064911,42.984147,3.112148,0.000000,1,0.047995,0.721746,29.277121,42.833770,-0.162050,48.500717,0.000000
20.691666,14.233333,1,-0.885243,1.375676,0.347900,-0.218339,-0.340265,0.194596,-0.893689,0.434812,-0.004722,0.056405,-0.205323,0.347517,0.713652,0.572517,-0.260134,-0.959862,0.104860,0.674448,-0.102913,0.731115,0.041946,-0.830449,1.362505,0.101892,0.045395,0.004454,0.248224,-0.405298,0.079687,0.908367,-0.065218,43.276132,3.087291,0.000000,1,0.049396,0.596730,29.271291,42.712082,-0.138050,48.433690,0.000000
20.725000,14.266667,1,-0.884970,1.374365,0.348407,-0.218887,-0.340955,0.194064,-0.893408,0.435696,-0.003716,0.056910,-0.205697,0.348315,0.713639,0.571913,-0.261208,-0.959574,0.104826,0.672984,-0.103183,0.732424,0.042941,-0.830449,1.362505,0.101892,0.044412,0.005346,0.248760,-0.406126,0.080026,0.907939,-0.065612,44.075088,3.071884,0.000000,1,0.050539,0.467856,29.278195,42.578081,-0.113377,48.357048,0.000000
20.758333,14.300000,1,-0.884652,1.373076,0.348982,-0.218768,-0.341401,0.193657,-0.893355,0.436537,-0.002687,0.057485,-0.206149,0.348407,0.713774,0.571526,-0.261721,-0.959528,0.103960,0.672233,-0.103941,0.733007,0.043423,-0.830449,1.362505,0.101892,0.043402,0.006191,0.249361,-0.406526,0.079791,0.907754,-0.065975,44.494735,3.072970,0.000000,1,0.050012,0.336497,29.269591,42.456567,-0.088287,48.291210,0.000000
20.791666,14.333333,1,-0.884265,1.371808,0.349608,-0.217280,-0.341219,0.193716,-0.893774,0.437318,-0.001617,0.058110,-0.206650,0.346994,0.714123,0.571769,-0.260753,-0.960039,0.101655,0.673214,-0.105351,0.731905,0.043965,-0.830449,1.362505,0.101892,0.042347,0.006976,0.250008,-0.405920,0.078412,0.908137,-0.066083,45.098545,2.741860,0.000000,1,0.049396,0.200447,29.246560,42.349418,-0.062378,48.236868,0.000000
20.825000,14.366667,1,-0.883829,1.370545,0.350161,-0.215937,-0.341046,0.193947,-0.894116,0.438067,-0.000509,0.058663,-0.207093,0.345715,0.714325,0.572130,-0.259558,-0.960565,0.099725,0.674183,-0.106295,0.730875,0.043395,-0.830449,1.362505,0.101892,0.041255,0.007734,0.250579,-0.405358,0.077167,0.908501,-0.066000,45.448462,2.704429,0.000000,1,0.049764,0.060113,29.232991,42.242825,-0.035729,48.180597,0.000000
20.858333,14.400000,1,-0.883387,1.369332,0.350588,-0.215251,-0.340635,0.194096,-0.894405,0.438771,0.000573,0.059089,-0.207031,0.344919,0.714516,0.572395,-0.259005,-0.960788,0.099005,0.675153,-0.106791,0.729907,0.040785,-0.830449,1.362505,0.101892,0.040191,0.008455,0.251022,-0.404766,0.076624,0.908813,-0.065970,46.514232,2.763293,0.000000,1,0.050247,-0.076554,29.237075,42.134866,-0.009788,48.119340,0.000000
20.891666,14.433333,1,-0.882944,1.368154,0.350899,-0.214375,-0.340167,0.194134,-0.894786,0.439446,0.001635,0.059400,-0.207002,0.343926,0.714839,0.572600,-0.258559,-0.961020,0.097918,0.676247,-0.107689,0.728761,0.038893,-0.830449,1.362505,0.101892,0.039150,0.009155,0.251348,-0.404067,0.075916,0.909176,-0.066079,47.568288,2.825735,0.000000,1,0.050914,-0.210291,29.258581,42.023299,0.015574,48.051976,0.000000
20.925000,14.466667,1,-0.882492,1.366973,0.351096,-0.214051,-0.340453,0.193908,-0.894804,0.440118,0.002707,0.059597,-0.207403,0.343763,0.714956,0.572406,-0.258671,-0.961085,0.096976,0.675896,-0.108357,0.728988,0.038396,-0.830449,1.362505,0.101892,0.038102,0.009859,0.251560,-0.404250,0.075526,0.909110,-0.066301,48.531207,2.825126,0.000000,1,0.051975,-0.344879,29.299868,41.903453,0.041037,47.975435,0.000000
20.958333,14.500000,1,-0.882055,1.365724,0.351215,-0.215476,-0.341556,0.192777,-0.894286,0.440853,0.003807,0.059715,-0.207755,0.345528,0.715000,0.571160,-0.261229,-0.960329,0.097613,0.673187,-0.108774,0.731428,0.039847,-0.830449,1.362505,0.101892,0.037031,0.010632,0.251696,-0.405743,0.076599,0.908292,-0.067165,49.253119,2.766202,0.000000,1,0.053700,-0.482625,29.362437,41.764388,0.067009,47.883489,0.000000
20.991666,14.533333,1,-0.881738,1.364345,0.351360,-0.216714,-0.341740,0.191412,-0.894209,0.441763,0.004890,0.059860,-0.207368,0.346715,0.715541,0.569903,-0.264419,-0.959372,0.098427,0.671782,-0.110000,0.732536,0.042687,-0.830449,1.362505,0.101892,0.035983,0.011579,0.251872,-0.406319,0.077760,0.907843,-0.068410,50.027965,2.679916,0.000000,1,0.056066,-0.617692,29.440862,41.591243,0.092430,47.769521,0.000000
21.025000,14.566667,1,-0.881517,1.363031,0.351591,-0.216772,-0.341068,0.191097,-0.894519,0.442681,0.005857,0.060089,-0.206740,0.346467,0.715957,0.569758,-0.265269,-0.959102,0.098771,0.672588,-0.110673,0.731695,0.040575,-0.830449,1.362505,0.101892,0.035049,0.012521,0.252136,-0.405711,0.078014,0.908062,-0.068819,50.921767,2.637800,0.000000,1,0.055917,-0.737558,29.506480,41.421772,0.115032,47.660989,0.000000
21.058333,14.600000,1,-0.881333,1.361793,0.351914,-0.216447,-0.340122,0.191853,-0.894796,0.443560,0.006748,0.060411,-0.206037,0.345755,0.715866,0.570559,-0.264022,-0.959365,0.099557,0.674411,-0.109832,0.730142,0.038789,-0.830449,1.362505,0.101892,0.034187,0.013416,0.252492,-0.404698,0.077959,0.908564,-0.068212,51.844253,2.648453,0.000000,1,0.055222,-0.847539,29.552688,41.265834,0.135770,47.564779,0.000000
21.091666,14.633333,1,-0.881119,1.360530,0.352299,-0.215682,-0.339473,0.192539,-0.895080,0.444441,0.007679,0.060795,-0.205797,0.344783,0.715812,0.571301,-0.262525,-0.959800,0.099325,0.675978,-0.109480,0.728744,0.040110,-0.830449,1.362505,0.101892,0.033283,0.014309,0.252908,-0.403840,0.077398,0.909034,-0.067676,52.599019,2.725376,0.000000,1,0.055369,-0.962001,29.589174,41.113384,0.157205,47.473030,0.000000
21.125000,14.666667,1,-0.880816,1.359260,0.352712,-0.214175,-0.339385,0.192606,-0.895461,0.445275,0.008684,0.061206,-0.206391,0.343395,0.716123,0.571534,-0.261504,-0.960324,0.096921,0.676830,-0.110859,0.727744,0.041086,-0.830449,1.362505,0.101892,0.032301,0.015157,0.253347,-0.403317,0.075974,0.909380,-0.067763,55.349371,2.682584,0.000000,1,0.055208,-1.085558,29.616327,40.971349,0.180143,47.389349,0.000000
21.158333,14.700000,1,-0.880481,1.358069,0.353061,-0.213307,-0.339978,0.192055,-0.895561,0.446025,0.009668,0.061555,-0.207308,0.342882,0.716460,0.571088,-0.261764,-0.960487,0.094575,0.676158,-0.112582,0.728104,0.038561,-0.830449,1.362505,0.101892,0.031340,0.015926,0.253718,-0.403643,0.074980,0.909276,-0.068323,55.602605,2.661582,0.000000,1,0.054963,-1.206133,29.645444,40.840722,0.202457,47.311465,0.000000
21.191666,14.733333,1,-0.880231,1.356906,0.353310,-0.214130,-0.340491,0.191561,-0.895276,0.446804,0.010567,0.061803,-0.207401,0.343846,0.716426,0.570517,-0.262992,-0.960093,0.095165,0.674838,-0.112562,0.729331,0.036461,-0.830449,1.362505,0.101892,0.030468,0.016726,0.253993,-0.404382,0.075633,0.908867,-0.068677,55.274189,2.462568,0.000000,1,0.056184,-1.315775,29.695272,40.696861,0.222778,47.221490,0.000000
21.225000,14.766667,1,-0.880131,1.355690,0.353514,-0.214966,-0.340742,0.191567,-0.894979,0.447716,0.011378,0.062005,-0.207253,0.344706,0.716158,0.570388,-0.263408,-0.959858,0.096380,0.674093,-0.111672,0.730156,0.037107,-0.830449,1.362505,0.101892,0.029690,0.017657,0.254234,-0.404862,0.076364,0.908601,-0.068557,55.920192,2.339636,0.000000,1,0.058427,-1.413778,29.768519,40.522694,0.240990,47.109600,0.000000
21.258333,14.800000,1,-0.880056,1.354563,0.353692,-0.215154,-0.341037,0.191517,-0.894832,0.448572,0.012116,0.062183,-0.207433,0.345006,0.716049,0.570277,-0.263512,-0.959824,0.096433,0.673561,-0.111510,0.730672,0.034303,-0.830449,1.362505,0.101892,0.028984,0.018531,0.254448,-0.405198,0.076461,0.908443,-0.068550,56.807549,2.314291,0.000000,1,0.058345,-1.502464,29.840394,40.357310,0.257459,47.002991,0.000000
21.291666,14.833333,1,-0.879898,1.353598,0.353796,-0.215600,-0.340976,0.191192,-0.894817,0.449248,0.012822,0.062285,-0.207180,0.345377,0.716182,0.569978,-0.264403,-0.959526,0.096958,0.673305,-0.111679,0.730881,0.029504,-0.830449,1.362505,0.101892,0.028304,0.019229,0.254576,-0.405280,0.076912,0.908346,-0.068847,57.553232,2.263168,0.000000,1,0.057122,-1.587613,29.904726,40.222397,0.273180,46.914856,0.000000
21.325000,14.866667,1,-0.879717,1.352739,0.353826,-0.216227,-0.340475,0.190443,-0.895016,0.449825,0.013484,0.062315,-0.206452,0.345713,0.716693,0.569396,-0.266332,-0.958910,0.097770,0.673418,-0.112542,0.730646,0.026360,-0.830449,1.362505,0.101892,0.027666,0.019832,0.254627,-0.405012,0.077672,0.908342,-0.069619,58.013021,2.329556,0.000000,1,0.056783,-1.667349,29.969811,40.102454,0.287865,46.834776,0.000000
21.358333,14.900000,1,-0.879656,1.351891,0.353924,-0.216141,-0.339558,0.189677,-0.895548,0.450465,0.014043,0.062411,-0.205668,0.345226,0.717509,0.568947,-0.267999,-0.958453,0.097693,0.674446,-0.114236,0.729433,0.025669,-0.830449,1.362505,0.101892,0.027132,0.020489,0.254751,-0.404143,0.077866,0.908642,-0.070534,58.475997,2.849403,0.000000,1,0.057312,-1.733999,30.030905,39.974715,0.300228,46.751595,0.000000
21.391666,14.933333,1,-0.879776,1.351033,0.354085,-0.215482,-0.338909,0.189553,-0.895979,0.451224,0.014463,0.062570,-0.205380,0.344346,0.717948,0.569030,-0.268048,-0.958512,0.096982,0.675625,-0.115261,0.728180,0.026436,-0.830449,1.362505,0.101892,0.026741,0.021253,0.254949,-0.403341,0.077421,0.909014,-0.070812,59.209365,2.994456,0.000000,1,0.058553,-1.782851,30.094831,39.828081,0.309477,46.657645,0.000000
21.425000,14.966667,1,-0.879990,1.350255,0.354107,-0.215348,-0.339337,0.189515,-0.895857,0.451974,0.014761,0.062591,-0.205823,0.344417,0.717857,0.568942,-0.267884,-0.958616,0.096403,0.675060,-0.115364,0.728687,0.024221,-0.830449,1.362505,0.101892,0.026474,0.022012,0.255012,-0.403709,0.077171,0.908873,-0.070804,59.720722,2.857203,0.000000,1,0.059775,-1.816598,30.181367,39.673465,0.316056,46.554047,0.000000
21.458333,15.000000,1,-0.880302,1.349595,0.353990,-0.215902,-0.340427,0.188945,-0.895431,0.452688,0.014909,0.062471,-0.206553,0.345398,0.717732,0.568240,-0.268878,-0.958374,0.096039,0.673003,-0.115607,0.730549,0.022171,-0.830449,1.362505,0.101892,0.026361,0.022739,0.254938,-0.404918,0.077400,0.908286,-0.071181,60.008636,2.669858,0.000000,1,0.060753,-1.832024,30.287205,39.516703,0.319423,46.444807,0.000000
21.491666,15.033333,1,-0.880884,1.349010,0.353916,-0.216290,-0.340835,0.188724,-0.895228,0.453505,0.014796,0.062395,-0.206745,0.345927,0.717650,0.567952,-0.269373,-0.958219,0.096199,0.672145,-0.115530,0.731351,0.024853,-0.830449,1.362505,0.101892,0.026510,0.023553,0.254921,-0.405423,0.077660,0.908028,-0.071311,60.132916,2.626082,0.000000,1,0.062179,-1.815049,30.397215,39.343304,0.317227,46.325774,0.000000
21.525000,15.066667,1,-0.881712,1.348470,0.353923,-0.215881,-0.340157,0.189287,-0.895466,0.454435,0.014459,0.062397,-0.206320,0.345260,0.717610,0.568563,-0.268337,-0.958481,0.096488,0.673544,-0.115065,0.730136,0.029668,-0.830449,1.362505,0.101892,0.026886,0.024465,0.254996,-0.404646,0.077451,0.908427,-0.070872,60.270019,2.694338,0.000000,1,0.063684,-1.770183,30.506815,39.153463,0.310254,46.198166,0.000000
21.558333,15.100000,1,-0.882604,1.347949,0.353835,-0.214979,-0.338612,0.190448,-0.896022,0.455388,0.014061,0.062306,-0.205339,0.343765,0.717587,0.569851,-0.266211,-0.959012,0.097092,0.676659,-0.114190,0.727388,0.031093,-0.830449,1.362505,0.101892,0.027327,0.025403,0.254981,-0.402887,0.077007,0.909315,-0.069990,60.417827,3.009813,0.000000,1,0.065358,-1.717973,30.635341,38.951900,0.301973,46.059922,0.000000
21.591666,15.133333,1,-0.883401,1.347429,0.353647,-0.214538,-0.336891,0.191667,-0.896517,0.456282,0.013738,0.062114,-0.203994,0.342604,0.717482,0.571164,-0.264317,-0.959378,0.098641,0.679821,-0.112789,0.724653,0.029121,-0.830449,1.362505,0.101892,0.027694,0.026293,0.254860,-0.401093,0.077054,0.910177,-0.069028,60.548657,3.081363,0.000000,1,0.066070,-1.675346,30.775039,38.753598,0.295208,45.921066,0.000000
21.625000,15.166667,1,-0.884216,1.346856,0.353554,-0.215174,-0.335638,0.192613,-0.896631,0.457230,0.013432,0.062017,-0.202589,0.342616,0.717161,0.572060,-0.263411,-0.959338,0.101416,0.681696,-0.110724,0.723208,0.029999,-0.830449,1.362505,0.101892,0.028042,0.027230,0.254837,-0.400064,0.078008,0.910613,-0.068178,60.642281,3.048622,0.000000,1,0.066765,-1.634855,30.905380,38.550659,0.288731,45.782241,0.000000
21.658333,15.200000,1,-0.885123,1.346191,0.353624,-0.215505,-0.335147,0.193601,-0.896523,0.458307,0.013108,0.062083,-0.202002,0.342696,0.716621,0.572895,-0.261973,-0.959548,0.103140,0.682647,-0.108702,0.722618,0.033798,-0.830449,1.362505,0.101892,0.028409,0.028285,0.254985,-0.399665,0.078449,0.910822,-0.067207,60.853861,3.032064,0.000000,1,0.068065,-1.591782,31.024304,38.332178,0.281776,45.637999,0.000000
21.691666,15.233333,1,-0.885954,1.345484,0.353644,-0.215266,-0.335021,0.194612,-0.896408,0.459372,0.012869,0.062099,-0.201996,0.342427,0.716068,0.573749,-0.260019,-0.960025,0.103649,0.683348,-0.107111,0.722193,0.032753,-0.830449,1.362505,0.101892,0.028693,0.029335,0.255080,-0.399445,0.078237,0.911009,-0.066217,61.096278,3.041024,0.000000,1,0.069031,-1.559328,31.151434,38.111127,0.276505,45.490669,0.000000
21.725000,15.266667,1,-0.886493,1.344758,0.353488,-0.215958,-0.334928,0.194992,-0.896194,0.460276,0.012877,0.061940,-0.201604,0.343007,0.715706,0.573992,-0.259777,-0.959923,0.105187,0.683316,-0.105758,0.722423,0.027533,-0.830449,1.362505,0.101892,0.028728,0.030247,0.254983,-0.399547,0.078923,0.910937,-0.065777,61.434098,3.021233,0.000000,1,0.068958,-1.557449,31.289850,37.908778,0.276152,45.351061,0.000000
21.758333,15.300000,1,-0.886695,1.343975,0.353409,-0.216373,-0.334675,0.194756,-0.896240,0.461022,0.013186,0.061858,-0.201193,0.343264,0.715852,0.573801,-0.260548,-0.959637,0.105881,0.683388,-0.105845,0.722341,0.024358,-0.830449,1.362505,0.101892,0.028453,0.031010,0.254944,-0.399435,0.079397,0.910928,-0.066013,61.860998,2.988344,0.000000,1,0.067214,-1.592571,31.397625,37.742550,0.281730,45.238499,0.000000
21.791666,15.333333,1,-0.886698,1.343026,0.353609,-0.215937,-0.334292,0.194689,-0.896502,0.461783,0.013755,0.062058,-0.201045,0.342703,0.716116,0.573859,-0.260534,-0.959696,0.105384,0.684102,-0.106481,0.721573,0.029116,-0.830449,1.362505,0.101892,0.027911,0.031780,0.255178,-0.398949,0.079090,0.911156,-0.066174,62.541789,2.998443,0.000000,1,0.066230,-1.658858,31.460808,37.592119,0.292299,45.145151,0.000000
21.825000,15.366667,1,-0.886568,1.341846,0.353875,-0.215622,-0.334701,0.194723,-0.896418,0.462647,0.014568,0.062322,-0.201551,0.342604,0.716026,0.573852,-0.260141,-0.959891,0.104576,0.683682,-0.106632,0.721947,0.036469,-0.830449,1.362505,0.101892,0.027129,0.032661,0.255478,-0.399243,0.078669,0.911068,-0.066114,63.280122,2.989597,0.000000,1,0.068051,-1.753968,31.526887,37.422958,0.307493,45.041062,0.000000
21.858333,15.400000,1,-0.886348,1.340557,0.353871,-0.215559,-0.335427,0.194529,-0.896204,0.463545,0.015520,0.062316,-0.202229,0.342871,0.715923,0.573583,-0.260212,-0.959959,0.103768,0.682605,-0.106885,0.722928,0.039259,-0.830449,1.362505,0.101892,0.026216,0.033598,0.255507,-0.399917,0.078404,0.910788,-0.066219,64.044540,2.912506,0.000000,1,0.071299,-1.865462,31.643534,37.225595,0.325281,44.909947,0.000000
21.891666,15.433333,1,-0.886077,1.339293,0.353654,-0.215491,-0.335798,0.194224,-0.896147,0.464391,0.016497,0.062098,-0.202592,0.342975,0.716009,0.573285,-0.260602,-0.959922,0.103130,0.681986,-0.107425,0.723432,0.039316,-0.830449,1.362505,0.101892,0.025283,0.034499,0.255319,-0.400258,0.078238,0.910633,-0.066485,64.787933,2.918130,0.000000,1,0.073047,-1.979757,31.790686,37.022105,0.343432,44.768599,0.000000
21.925000,15.466667,1,-0.885778,1.337995,0.353435,-0.215248,-0.335609,0.194110,-0.896301,0.465247,0.017517,0.061878,-0.202531,0.342673,0.716197,0.573252,-0.260727,-0.959927,0.102772,0.682319,-0.107915,0.723045,0.040494,-0.830449,1.362505,0.101892,0.024307,0.035412,0.255129,-0.400012,0.078061,0.910744,-0.066650,65.525843,2.906298,0.000000,1,0.074127,-2.098793,31.940530,36.814732,0.362246,44.624822,0.000000
21.958333,15.500000,1,-0.885545,1.336628,0.353252,-0.214474,-0.335153,0.193998,-0.896682,0.466197,0.018527,0.061694,-0.202467,0.341776,0.716587,0.573323,-0.260615,-0.960069,0.101726,0.683275,-0.108979,0.721983,0.041971,-0.830449,1.362505,0.101892,0.023345,0.036417,0.254982,-0.399358,0.077450,0.911065,-0.066900,66.496607,2.928744,0.000000,1,0.075966,-2.215724,32.096825,36.588949,0.380644,44.469885,0.000000
