time_take_s,time_episode_s,tool_tracked,tool_world_x_m,tool_world_y_m,tool_world_z_m,tool_world_qx,tool_world_qy,tool_world_qz,tool_world_qw,tcp_robot_x_m,tcp_robot_y_m,tcp_robot_z_m,tcp_robot_qx,tcp_robot_qy,tcp_robot_qz,tcp_robot_qw,tcp_robot_rot6d_r00,tcp_robot_rot6d_r01,tcp_robot_rot6d_r02,tcp_robot_rot6d_r10,tcp_robot_rot6d_r11,tcp_robot_rot6d_r12,tcp_speed_m_s,box_world_x_m,box_world_y_m,box_world_z_m,tool_in_box_x_m,tool_in_box_y_m,tool_in_box_z_m,tool_in_box_qx,tool_in_box_qy,tool_in_box_qz,tool_in_box_qw,flap_left_deg,flap_right_deg,gripper,ik_reachable,ik_pos_err_mm,q1_deg,q2_deg,q3_deg,q4_deg,q5_deg,q6_deg
7.375000,0.000000,1,-0.790156,1.489873,0.498725,0.062821,0.264081,-0.211303,0.938971,0.287455,0.000420,0.206995,-0.202842,0.171990,0.747564,0.608623,-0.176865,-0.979744,-0.093920,0.840196,-0.199994,0.504057,0.000000,-0.791800,1.360119,0.101900,0.073092,-0.123107,0.392188,-0.284535,-0.058164,0.949708,-0.117093,0.282944,0.069637,0.000000,1,0.065618,-0.073653,-11.624542,73.153786,0.024211,82.200827,0.000000
7.408333,0.033333,1,-0.790272,1.489693,0.495365,0.066998,0.263807,-0.210094,0.939030,0.287648,0.000471,0.203635,-0.200737,0.175600,0.748169,0.607546,-0.181184,-0.979593,-0.087001,0.838596,-0.200105,0.506671,0.100980,-0.791800,1.360119,0.101900,0.073144,-0.122699,0.388847,-0.285743,-0.054126,0.949452,-0.118166,0.333912,0.049987,0.000000,1,0.037614,-0.082308,-10.971819,73.128576,0.027966,81.879527,0.000000
7.441667,0.066667,1,-0.790284,1.489507,0.491837,0.071300,0.263416,-0.208203,0.939244,0.287783,0.000610,0.200107,-0.198473,0.179265,0.749217,0.605926,-0.186924,-0.979099,-0.080156,0.836781,-0.201435,0.509137,0.105987,-0.791800,1.360119,0.101900,0.073118,-0.122344,0.385332,-0.286904,-0.049918,0.949110,-0.119932,0.315405,0.060531,0.000000,1,0.034730,-0.105936,-10.304759,73.122932,0.037796,81.558707,0.000000
7.475000,0.100000,1,-0.790185,1.489291,0.488236,0.076315,0.263885,-0.206136,0.939174,0.287874,0.000856,0.196507,-0.196662,0.183952,0.750096,0.604022,-0.192963,-0.978501,-0.072809,0.833795,-0.202639,0.513540,0.108288,-0.791800,1.360119,0.101900,0.072990,-0.122033,0.381738,-0.289115,-0.045328,0.948441,-0.121730,0.291337,0.081310,0.000000,1,0.032806,-0.147799,-9.625871,73.118326,0.054990,81.230455,0.000000
7.508333,0.133333,1,-0.790117,1.489000,0.484788,0.081240,0.265814,-0.204450,0.938586,0.288044,0.001122,0.193061,-0.196199,0.189214,0.750348,0.602231,-0.197647,-0.978013,-0.066534,0.829519,-0.203031,0.520267,0.103822,-0.791800,1.360119,0.101900,0.072832,-0.121654,0.378302,-0.292645,-0.041319,0.947382,-0.122960,0.278032,0.105096,0.000000,1,0.033522,-0.193161,-8.964185,73.092917,0.073506,80.898049,0.000000
7.541667,0.166667,1,-0.790212,1.488696,0.481569,0.085805,0.267201,-0.203238,0.938049,0.288324,0.001263,0.189842,-0.195411,0.193913,0.750430,0.600889,-0.201495,-0.977635,-0.060244,0.826064,-0.202661,0.525877,0.097027,-0.791800,1.360119,0.101900,0.072786,-0.121174,0.375104,-0.295534,-0.037474,0.946537,-0.123783,0.319410,0.106528,0.000000,1,0.034954,-0.217108,-8.331921,73.043073,0.083226,80.565642,0.000000
7.575000,0.200000,1,-0.790452,1.488476,0.478500,0.090271,0.267538,-0.202623,0.937667,0.288626,0.001236,0.186770,-0.193724,0.198059,0.750379,0.600146,-0.204592,-0.977411,-0.053004,0.823937,-0.201196,0.529763,0.092592,-0.791800,1.360119,0.101900,0.072900,-0.120673,0.372060,-0.297392,-0.033376,0.946064,-0.124127,0.270548,0.104282,0.000000,1,0.035408,-0.212434,-7.724262,72.985095,0.081299,80.239285,0.000000
7.608333,0.233333,1,-0.790677,1.488299,0.475557,0.094537,0.268104,-0.202041,0.937210,0.288884,0.001193,0.183825,-0.192331,0.202128,0.750247,0.599402,-0.207452,-0.977150,-0.046280,0.821648,-0.199723,0.533858,0.088713,-0.791800,1.360119,0.101900,0.073028,-0.120221,0.369141,-0.299394,-0.029544,0.945522,-0.124411,0.251949,0.103126,0.000000,1,0.035648,-0.205087,-7.143622,72.930319,0.078297,79.926110,0.000000
7.641667,0.266667,1,-0.790847,1.488119,0.472694,0.098769,0.268537,-0.201643,0.936735,0.289113,0.001196,0.180960,-0.190834,0.206107,0.750016,0.598814,-0.210008,-0.976905,-0.039417,0.819576,-0.197883,0.537715,0.086213,-0.791800,1.360119,0.101900,0.073110,-0.119808,0.366298,-0.301254,-0.025702,0.945029,-0.124521,0.290056,0.105586,0.000000,1,0.035475,-0.205416,-6.580223,72.876881,0.078395,79.620578,0.000000
7.675000,0.300000,1,-0.791030,1.487893,0.469812,0.102862,0.268431,-0.201135,0.936434,0.289386,0.001217,0.178077,-0.188916,0.209722,0.749987,0.598204,-0.212926,-0.976529,-0.032457,0.818050,-0.196338,0.540598,0.086897,-0.791800,1.360119,0.101900,0.073172,-0.119350,0.363439,-0.302568,-0.021806,0.944669,-0.124810,0.291678,0.094760,0.000000,1,0.034241,-0.208878,-6.008200,72.811967,0.079749,79.303749,0.000000
7.708333,0.333333,1,-0.791246,1.487633,0.466870,0.107193,0.268506,-0.200233,0.936120,0.289706,0.001231,0.175133,-0.187055,0.213627,0.750123,0.597235,-0.216641,-0.975919,-0.025457,0.816079,-0.195347,0.543925,0.088837,-0.791800,1.360119,0.101900,0.073240,-0.118841,0.360522,-0.304141,-0.017741,0.944163,-0.125454,0.257832,0.114057,0.000000,1,0.032595,-0.211166,-5.419559,72.734614,0.080623,78.971416,0.000000
7.741667,0.366667,1,-0.791424,1.487359,0.463903,0.112266,0.268511,-0.199373,0.935708,0.290014,0.001285,0.172164,-0.184801,0.218167,0.750154,0.596255,-0.220657,-0.975202,-0.017092,0.813932,-0.193766,0.547695,0.089560,-0.791800,1.360119,0.101900,0.073269,-0.118344,0.357579,-0.305902,-0.012953,0.943598,-0.126012,0.250847,0.120077,0.000000,1,0.031295,-0.220301,-4.826289,72.654344,0.084216,78.634386,0.000000
7.775000,0.400000,1,-0.791488,1.487102,0.460881,0.117460,0.268175,-0.198388,0.935376,0.290240,0.001420,0.169142,-0.182188,0.222661,0.750312,0.595199,-0.225093,-0.974302,-0.008341,0.812037,-0.192322,0.551006,0.090991,-0.791800,1.360119,0.101900,0.073225,-0.117931,0.354574,-0.307388,-0.007935,0.943076,-0.126719,0.278410,0.111985,0.000000,1,0.029712,-0.243205,-4.229506,72.582713,0.093255,78.299366,0.000000
7.808333,0.433333,1,-0.791423,1.486836,0.457814,0.121708,0.267337,-0.196979,0.935370,0.290394,0.001664,0.166076,-0.179547,0.226081,0.750946,0.593910,-0.230066,-0.973174,-0.001116,0.810805,-0.192315,0.552820,0.092392,-0.791800,1.360119,0.101900,0.073077,-0.117591,0.351517,-0.308095,-0.003630,0.942703,-0.127969,0.345333,0.102683,0.000000,1,0.028185,-0.284719,-3.629238,72.517539,0.109616,77.965467,0.000000
7.841667,0.466667,1,-0.791262,1.486522,0.454823,0.126110,0.266604,-0.195623,0.935281,0.290530,0.002013,0.163088,-0.176932,0.229688,0.751482,0.592633,-0.234963,-0.971984,0.006318,0.809427,-0.192060,0.554924,0.090353,-0.791800,1.360119,0.101900,0.072823,-0.117281,0.348532,-0.308951,0.000785,0.942270,-0.129133,0.311368,0.083288,0.000000,1,0.027844,-0.344144,-3.044000,72.451541,0.132972,77.637800,0.000000
7.875000,0.500000,1,-0.791119,1.486184,0.452056,0.129604,0.266458,-0.194524,0.935074,0.290696,0.002360,0.160324,-0.175247,0.232744,0.751798,0.591539,-0.238740,-0.971011,0.011853,0.807860,-0.191823,0.557284,0.083713,-0.791800,1.360119,0.101900,0.072562,-0.116955,0.345773,-0.310036,0.004142,0.941783,-0.130022,0.291481,0.085641,0.000000,1,0.028981,-0.403265,-2.498204,72.379598,0.156083,77.325196,0.000000
7.908333,0.533333,1,-0.791108,1.485822,0.449589,0.131911,0.266906,-0.193650,0.934805,0.290965,0.002612,0.157857,-0.174623,0.235005,0.751957,0.590627,-0.241334,-0.970326,0.014982,0.806178,-0.191866,0.559701,0.074829,-0.791800,1.360119,0.101900,0.072379,-0.116542,0.343320,-0.311264,0.006178,0.941274,-0.130691,0.292593,0.094149,0.000000,1,0.030796,-0.446245,-2.000646,72.292716,0.172728,77.027047,0.000000
7.941667,0.566667,1,-0.791220,1.485439,0.447436,0.134152,0.266920,-0.193314,0.934551,0.291325,0.002776,0.155704,-0.173638,0.237016,0.751888,0.590202,-0.243024,-0.969841,0.018661,0.805221,-0.190971,0.561382,0.065675,-0.791800,1.360119,0.101900,0.072268,-0.116052,0.341189,-0.312051,0.008289,0.940972,-0.130871,0.270624,0.108316,0.000000,1,0.032681,-0.474045,-1.556342,72.194380,0.183333,76.747393,0.000000
7.975000,0.600000,1,-0.791386,1.485091,0.445437,0.136680,0.266569,-0.193550,0.934236,0.291690,0.002874,0.153703,-0.172197,0.239124,0.751507,0.590258,-0.243887,-0.969519,0.023475,0.804814,-0.188830,0.562688,0.061093,-0.791800,1.360119,0.101900,0.072218,-0.115564,0.339213,-0.312578,0.010785,0.940824,-0.130495,0.314927,0.131385,0.000000,1,0.033235,-0.490385,-1.141560,72.096645,0.189388,76.481496,0.000000
8.008333,0.633333,1,-0.791621,1.484827,0.443417,0.138963,0.266005,-0.193604,0.934049,0.292030,0.002867,0.151681,-0.170674,0.240916,0.751321,0.590209,-0.245047,-0.969109,0.027921,0.804637,-0.187224,0.563477,0.061508,-0.791800,1.360119,0.101900,0.072275,-0.115093,0.337218,-0.312829,0.013125,0.940732,-0.130345,0.540851,0.115851,0.000000,1,0.032282,-0.488938,-0.725089,72.001089,0.188455,76.215906,0.000000
8.041667,0.666667,1,-0.791821,1.484611,0.441297,0.141891,0.266570,-0.192957,0.933582,0.292310,0.002858,0.149560,-0.169878,0.243787,0.751204,0.589408,-0.247479,-0.968360,0.032155,0.802703,-0.186331,0.566523,0.064198,-0.791800,1.360119,0.101900,0.072339,-0.114676,0.335120,-0.314371,0.015703,0.940126,-0.130716,0.528885,0.099152,0.000000,1,0.030657,-0.487363,-0.293990,71.911160,0.187460,75.946631,0.000000
8.075000,0.700000,1,-0.791994,1.484445,0.439104,0.145021,0.267463,-0.192133,0.933015,0.292533,0.002843,0.147364,-0.169286,0.246984,0.751079,0.588406,-0.250242,-0.967500,0.036360,0.800257,-0.185555,0.570227,0.066205,-0.791800,1.360119,0.101900,0.072417,-0.114311,0.332945,-0.316292,0.018364,0.939365,-0.131207,0.580694,0.109416,0.000000,1,0.029216,-0.484696,0.147345,71.826457,0.186034,75.675597,0.000000
8.108333,0.733333,1,-0.792154,1.484312,0.436948,0.147763,0.267361,-0.191611,0.932721,0.292723,0.002818,0.145207,-0.167974,0.249391,0.751058,0.587793,-0.252567,-0.966716,0.040864,0.799151,-0.184606,0.572083,0.064964,-0.791800,1.360119,0.101900,0.072505,-0.113980,0.330807,-0.317145,0.020990,0.938976,-0.131540,0.581019,0.088954,0.000000,1,0.028795,-0.480364,0.579041,71.745638,0.183964,75.411208,0.000000
8.141667,0.766667,1,-0.792234,1.484143,0.434921,0.150139,0.267223,-0.191348,0.932435,0.292893,0.002878,0.143179,-0.166793,0.251456,0.750926,0.587418,-0.254240,-0.966097,0.044920,0.798333,-0.183420,0.573604,0.061086,-0.791800,1.360119,0.101900,0.072504,-0.113682,0.328793,-0.317833,0.023280,0.938675,-0.131640,0.613546,0.105274,0.000000,1,0.029262,-0.490544,0.984496,71.668941,0.187509,75.161120,0.000000
8.175000,0.800000,1,-0.792177,1.483928,0.433090,0.152524,0.267098,-0.190954,0.932165,0.293019,0.003072,0.141349,-0.165620,0.253533,0.750867,0.586932,-0.256162,-0.965396,0.048897,0.797436,-0.182464,0.575155,0.055332,-0.791800,1.360119,0.101900,0.072366,-0.113448,0.326968,-0.318539,0.025576,0.938344,-0.131870,0.619023,0.109083,0.000000,1,0.030539,-0.523523,1.347922,71.603111,0.199815,74.935940,0.000000
8.208333,0.833333,1,-0.791955,1.483662,0.431423,0.155316,0.267260,-0.190247,0.931802,0.293088,0.003426,0.139686,-0.164523,0.256102,0.750868,0.586124,-0.258782,-0.964473,0.053144,0.795934,-0.181741,0.577459,0.051067,-0.791800,1.360119,0.101900,0.072065,-0.113292,0.325300,-0.319660,0.028164,0.937821,-0.132345,0.630514,0.146255,0.000000,1,0.031609,-0.583974,1.674501,71.549876,0.222620,74.734270,0.000000
8.241667,0.866667,1,-0.791604,1.483326,0.429755,0.157806,0.267627,-0.189139,0.931504,0.293135,0.003926,0.138022,-0.163745,0.258489,0.751106,0.584988,-0.261954,-0.963428,0.056446,0.794123,-0.181946,0.579883,0.052126,-0.791800,1.360119,0.101900,0.071621,-0.113164,0.323625,-0.320879,0.030405,0.937211,-0.133221,0.681357,0.132653,0.000000,1,0.030964,-0.669104,1.999846,71.498517,0.254801,74.534721,0.000000
8.275000,0.900000,1,-0.791196,1.482912,0.427968,0.160160,0.267807,-0.187590,0.931364,0.293209,0.004520,0.136241,-0.162863,0.260668,0.751680,0.583528,-0.265943,-0.962159,0.059373,0.792346,-0.183095,0.581948,0.056376,-0.791800,1.360119,0.101900,0.071084,-0.113008,0.321831,-0.321891,0.032588,0.936597,-0.134572,0.712595,0.134369,0.000000,1,0.028999,-0.770469,2.351038,71.437119,0.293080,74.319107,0.000000
8.308333,0.933333,1,-0.790748,1.482447,0.426074,0.162457,0.268472,-0.186195,0.931054,0.293300,0.005178,0.134353,-0.162439,0.263014,0.752037,0.582132,-0.269473,-0.961017,0.061898,0.790122,-0.183893,0.584714,0.060030,-0.791800,1.360119,0.101900,0.070487,-0.112831,0.319929,-0.323330,0.034552,0.935867,-0.135711,0.715162,0.106117,0.000000,1,0.027151,-0.882681,2.725363,71.367084,0.335348,74.089388,0.000000
8.341667,0.966667,1,-0.790338,1.481963,0.424090,0.164849,0.269698,-0.184954,0.930527,0.293427,0.005817,0.132375,-0.162475,0.265698,0.752133,0.580778,-0.272598,-0.959983,0.064217,0.787305,-0.184204,0.588404,0.062496,-0.791800,1.360119,0.101900,0.069909,-0.112611,0.317940,-0.325321,0.036415,0.934974,-0.136614,0.699484,0.097812,0.000000,1,0.025429,-0.991770,3.121117,71.285610,0.376248,73.844887,0.000000
8.375000,1.000000,1,-0.790021,1.481520,0.422008,0.167595,0.270834,-0.183736,0.929947,0.293579,0.006359,0.130297,-0.162274,0.268658,0.752173,0.579419,-0.275882,-0.958839,0.067214,0.784454,-0.184194,0.592203,0.064556,-0.791800,1.360119,0.101900,0.069431,-0.112355,0.315857,-0.327348,0.038640,0.934051,-0.137474,0.692674,0.127248,0.000000,1,0.023695,-1.084186,3.538661,71.194577,0.410612,73.586468,0.000000
8.408333,1.033333,1,-0.789772,1.481198,0.419891,0.170255,0.271613,-0.182770,0.929427,0.293672,0.006773,0.128185,-0.161790,0.271383,0.752151,0.578312,-0.278759,-0.957769,0.070508,0.782142,-0.183814,0.595371,0.064655,-0.791800,1.360119,0.101900,0.069084,-0.112148,0.313741,-0.329005,0.040902,0.933276,-0.138126,0.664080,0.128390,0.000000,1,0.022729,-1.155229,3.959565,71.109440,0.436668,73.330297,0.000000
8.441667,1.066667,1,-0.789647,1.481019,0.417710,0.172750,0.272679,-0.181680,0.928868,0.293727,0.007003,0.126005,-0.161637,0.274088,0.752151,0.577078,-0.281710,-0.956704,0.073189,0.779493,-0.183715,0.598865,0.065780,-0.791800,1.360119,0.101900,0.068926,-0.111964,0.311561,-0.330877,0.042913,0.932412,-0.138879,0.640033,0.121518,0.000000,1,0.021372,-1.195011,4.391264,71.026387,0.450742,73.071212,0.000000
8.475000,1.100000,1,-0.789672,1.481006,0.415465,0.175643,0.273847,-0.180504,0.928211,0.293739,0.007015,0.123760,-0.161399,0.277194,0.752103,0.575722,-0.284990,-0.955481,0.076396,0.776526,-0.183416,0.602798,0.067349,-0.791800,1.360119,0.101900,0.068990,-0.111807,0.309323,-0.332981,0.045267,0.931433,-0.139668,0.621401,0.107693,0.000000,1,0.019946,-1.197786,4.833170,70.946073,0.450750,72.809878,0.000000
8.508333,1.133333,1,-0.789773,1.481115,0.413222,0.179001,0.274910,-0.179325,0.927483,0.293699,0.006893,0.121516,-0.160859,0.280670,0.751994,0.574329,-0.288542,-0.954080,0.080463,0.773487,-0.182742,0.606897,0.067442,-0.791800,1.360119,0.101900,0.069191,-0.111695,0.307087,-0.335145,0.048094,0.930400,-0.140428,0.775975,0.095738,0.000000,1,0.019142,-1.177740,5.271953,70.871910,0.442139,72.553900,0.000000
8.541667,1.166667,1,-0.789920,1.481338,0.411016,0.182011,0.275584,-0.178349,0.926886,0.293595,0.006664,0.119308,-0.160125,0.283661,0.751909,0.573175,-0.291661,-0.952793,0.084376,0.771108,-0.182014,0.610134,0.066667,-0.791800,1.360119,0.101900,0.069501,-0.111642,0.304887,-0.336822,0.050723,0.929559,-0.141059,0.855670,0.095876,0.000000,1,0.018734,-1.139752,5.699785,70.807168,0.426803,72.308382,0.000000
8.575000,1.200000,1,-0.790125,1.481618,0.408886,0.184299,0.275786,-0.177703,0.926497,0.293482,0.006354,0.117175,-0.159290,0.285797,0.751858,0.572412,-0.293942,-0.951795,0.087661,0.769696,-0.181328,0.612117,0.064732,-0.791800,1.360119,0.101900,0.069889,-0.111599,0.302765,-0.337806,0.052823,0.929021,-0.141479,0.785175,0.108467,0.000000,1,0.018671,-1.087748,6.112598,70.744757,0.406281,72.071381,0.000000
8.608333,1.233333,1,-0.790329,1.481864,0.406849,0.187073,0.276379,-0.177116,0.925877,0.293396,0.006064,0.115135,-0.158588,0.288543,0.751577,0.571599,-0.296250,-0.950719,0.091480,0.767682,-0.180036,0.615022,0.061861,-0.791800,1.360119,0.101900,0.070253,-0.111537,0.300736,-0.339316,0.055249,0.928289,-0.141743,0.628269,0.106303,0.000000,1,0.018778,-1.039003,6.509561,70.679277,0.387098,71.840442,0.000000
8.641667,1.266667,1,-0.790530,1.482103,0.404878,0.190092,0.276780,-0.176448,0.925270,0.293315,0.005781,0.113162,-0.157605,0.291422,0.751344,0.570716,-0.298888,-0.949467,0.095807,0.765748,-0.178713,0.617812,0.059851,-0.791800,1.360119,0.101900,0.070608,-0.111474,0.298774,-0.340733,0.057973,0.927551,-0.142087,0.542738,0.117777,0.000000,1,0.018685,-0.991260,6.894165,70.613630,0.368388,71.615578,0.000000
8.675000,1.300000,1,-0.790634,1.482336,0.402955,0.193162,0.277012,-0.175737,0.924700,0.293180,0.005578,0.111237,-0.156448,0.294272,0.751162,0.569811,-0.301680,-0.948116,0.100322,0.763963,-0.177440,0.620383,0.058213,-0.791800,1.360119,0.101900,0.070884,-0.111473,0.296853,-0.342011,0.060803,0.926838,-0.142487,0.466825,0.137480,0.000000,1,0.018613,-0.957251,7.266352,70.556470,0.354891,71.401338,0.000000
8.708333,1.333333,1,-0.790580,1.482557,0.400971,0.195997,0.277176,-0.175181,0.924159,0.292958,0.005508,0.109254,-0.155334,0.296881,0.750937,0.569058,-0.304089,-0.946884,0.104593,0.762422,-0.176070,0.622666,0.059903,-0.791800,1.360119,0.101900,0.071033,-0.111561,0.294864,-0.343141,0.063432,0.926202,-0.142760,0.444445,0.187960,0.000000,1,0.017542,-0.946340,7.645555,70.508144,0.350067,71.189759,0.000000
8.741667,1.366667,1,-0.790415,1.482810,0.398872,0.198482,0.276806,-0.174295,0.923907,0.292644,0.005510,0.107157,-0.153899,0.298936,0.751113,0.568139,-0.307066,-0.945485,0.108484,0.761462,-0.175710,0.623941,0.063619,-0.791800,1.360119,0.101900,0.071121,-0.111738,0.292752,-0.343664,0.065916,0.925727,-0.143459,0.436215,0.246487,0.000000,1,0.015804,-0.947948,8.042975,70.466755,0.349927,70.975199,0.000000
8.775000,1.400000,1,-0.790168,1.483121,0.396763,0.201154,0.276730,-0.172860,0.923622,0.292234,0.005542,0.105050,-0.152645,0.301288,0.751506,0.566713,-0.311072,-0.943757,0.112060,0.759797,-0.176124,0.625851,0.064389,-0.791800,1.360119,0.101900,0.071185,-0.112011,0.290625,-0.344539,0.068487,0.925029,-0.144654,0.423132,0.227734,0.000000,1,0.015143,-0.955037,8.437667,70.437536,0.351829,70.769156,0.000000
8.808333,1.433333,1,-0.789913,1.483465,0.394674,0.203660,0.277080,-0.171505,0.923220,0.291793,0.005561,0.102964,-0.151847,0.303680,0.751762,0.565310,-0.314734,-0.942182,0.115042,0.757731,-0.176405,0.628271,0.063960,-0.791800,1.360119,0.101900,0.071263,-0.112316,0.288516,-0.345752,0.070756,0.924237,-0.145725,0.394221,0.238799,0.000000,1,0.014698,-0.959940,8.827600,70.411716,0.352933,70.567893,0.000000
8.841667,1.466667,1,-0.789694,1.483813,0.392585,0.205531,0.276652,-0.170572,0.923107,0.291371,0.005548,0.100877,-0.150632,0.305159,0.752080,0.564414,-0.317494,-0.940903,0.117897,0.757036,-0.176630,0.629046,0.063891,-0.791800,1.360119,0.101900,0.071371,-0.112601,0.286408,-0.346012,0.072681,0.923862,-0.146532,0.369950,0.227274,0.000000,1,0.013905,-0.959448,9.220357,70.380111,0.352062,70.363468,0.000000
8.875000,1.500000,1,-0.789421,1.484184,0.390451,0.208085,0.276202,-0.169719,0.922826,0.290897,0.005565,0.098747,-0.149094,0.307241,0.752216,0.563511,-0.320453,-0.939380,0.121965,0.756149,-0.176117,0.630256,0.065479,-0.791800,1.360119,0.101900,0.071453,-0.112936,0.284253,-0.346482,0.075258,0.923375,-0.147192,0.367798,0.245794,0.000000,1,0.012796,-0.964237,9.620056,70.351904,0.353174,70.158996,0.000000
8.908333,1.533333,1,-0.789088,1.484627,0.388185,0.210989,0.275805,-0.168662,0.922479,0.290329,0.005588,0.096484,-0.147448,0.309659,0.752385,0.562394,-0.323943,-0.937591,0.126424,0.754957,-0.175648,0.631813,0.069983,-0.791800,1.360119,0.101900,0.071540,-0.113356,0.281960,-0.347126,0.078151,0.922761,-0.148012,0.382409,0.232235,0.000000,1,0.010678,-0.970312,10.042602,70.328803,0.354767,69.948854,0.000000
8.941667,1.566667,1,-0.788692,1.485147,0.385706,0.214269,0.275857,-0.167100,0.921992,0.289661,0.005617,0.094009,-0.146039,0.312611,0.752657,0.560763,-0.328436,-0.935430,0.130766,0.752817,-0.175640,0.634363,0.076906,-0.791800,1.360119,0.101900,0.071634,-0.113863,0.279449,-0.348328,0.081256,0.921842,-0.149239,0.367203,0.239667,0.000000,1,0.007548,-0.977735,10.504527,70.306787,0.356866,69.724237,0.000000
8.975000,1.600000,1,-0.788215,1.485693,0.383144,0.218042,0.276642,-0.165349,0.921188,0.288921,0.005697,0.091453,-0.145068,0.316331,0.752735,0.558820,-0.333351,-0.933066,0.135148,0.749507,-0.175310,0.638361,0.079881,-0.791800,1.360119,0.101900,0.071685,-0.114438,0.276849,-0.350386,0.084582,0.920556,-0.150508,0.353204,0.216331,0.000000,1,0.005898,-0.994149,10.981765,70.287124,0.362329,69.495742,0.000000
9.008333,1.633333,1,-0.787696,1.486181,0.380733,0.220737,0.277055,-0.163895,0.920681,0.288206,0.005843,0.089047,-0.144243,0.318922,0.752942,0.557280,-0.337265,-0.931204,0.138245,0.747195,-0.175454,0.641027,0.075414,-0.791800,1.360119,0.101900,0.071662,-0.115003,0.274400,-0.351724,0.087013,0.919634,-0.151631,0.325726,0.258252,0.000000,1,0.006843,-1.022169,11.431853,70.267943,0.372153,69.279699,0.000000
9.041667,1.666667,1,-0.787239,1.486577,0.378533,0.221834,0.276746,-0.162825,0.920700,0.287601,0.005993,0.086852,-0.143481,0.319760,0.753438,0.556325,-0.339832,-0.930072,0.139573,0.746555,-0.176512,0.641482,0.068463,-0.791800,1.360119,0.101900,0.071622,-0.115472,0.272167,-0.351836,0.088170,0.919317,-0.152626,0.290909,0.251780,0.000000,1,0.008363,-1.050729,11.846636,70.240050,0.382226,69.074533,0.000000
9.075000,1.700000,1,-0.786884,1.486902,0.376416,0.223622,0.276513,-0.161781,0.920522,0.287114,0.006103,0.084739,-0.142478,0.321252,0.753750,0.555301,-0.342682,-0.928658,0.141998,0.745573,-0.176877,0.642522,0.065140,-0.791800,1.360119,0.101900,0.071613,-0.115825,0.270025,-0.352252,0.089956,0.918837,-0.153512,0.525883,0.260950,0.000000,1,0.008346,-1.072026,12.251933,70.195731,0.389631,68.865714,0.000000
9.108333,1.733333,1,-0.786492,1.487163,0.374365,0.226384,0.276433,-0.160760,0.920050,0.286658,0.006280,0.082692,-0.141180,0.323684,0.753791,0.554163,-0.345944,-0.926841,0.145906,0.744050,-0.176265,0.644453,0.063123,-0.791800,1.360119,0.101900,0.071532,-0.116157,0.267948,-0.353140,0.092607,0.918108,-0.154250,0.559246,0.224574,0.000000,1,0.008401,-1.104934,12.646285,70.147714,0.401376,68.660476,0.000000
9.141667,1.766667,1,-0.786004,1.487376,0.372307,0.228447,0.275818,-0.159915,0.919872,0.286182,0.006563,0.080640,-0.139713,0.325252,0.754013,0.553314,-0.348647,-0.925296,0.149242,0.743528,-0.176109,0.645098,0.063769,-0.791800,1.360119,0.101900,0.071347,-0.116514,0.265861,-0.353288,0.094777,0.917712,-0.154952,0.272391,0.263465,0.000000,1,0.007862,-1.156608,13.041947,70.099682,0.420095,68.455819,0.000000
9.175000,1.800000,1,-0.785506,1.487610,0.370166,0.230019,0.274719,-0.158938,0.919978,0.285682,0.006842,0.078505,-0.138031,0.326163,0.754543,0.552476,-0.351436,-0.923775,0.152094,0.743693,-0.176777,0.644725,0.066313,-0.791800,1.360119,0.101900,0.071170,-0.116889,0.263690,-0.352822,0.096648,0.917536,-0.155898,0.548083,0.275942,0.000000,1,0.006394,-1.208002,13.454702,70.047435,0.438670,68.243242,0.000000
9.208333,1.833333,1,-0.785033,1.487959,0.367967,0.232307,0.273912,-0.157631,0.919869,0.285105,0.007033,0.076311,-0.136292,0.327845,0.755032,0.551243,-0.355111,-0.921777,0.155635,0.743047,-0.177298,0.645326,0.068303,-0.791800,1.360119,0.101900,0.071087,-0.117332,0.261458,-0.352880,0.099104,0.917054,-0.157057,0.574900,0.306958,0.000000,1,0.005057,-1.244373,13.877233,70.000758,0.451592,68.030788,0.000000
9.241667,1.866667,1,-0.784578,1.488445,0.365801,0.235443,0.273934,-0.155952,0.919351,0.284430,0.007127,0.074150,-0.134921,0.330654,0.755328,0.549494,-0.359705,-0.919321,0.159565,0.740872,-0.177449,0.647781,0.067967,-0.791800,1.360119,0.101900,0.071106,-0.117869,0.259257,-0.354007,0.102087,0.916063,-0.158387,0.495932,0.377008,0.000000,1,0.004669,-1.264140,14.289607,69.968861,0.458289,67.831164,0.000000
9.275000,1.900000,1,-0.784208,1.488958,0.363758,0.238145,0.274239,-0.154516,0.918806,0.283785,0.007134,0.072111,-0.133996,0.333203,0.755492,0.547953,-0.363586,-0.917244,0.162693,0.738652,-0.177447,0.650312,0.064153,-0.791800,1.360119,0.101900,0.071206,-0.118380,0.257183,-0.355244,0.104562,0.915114,-0.159483,0.365693,0.423084,0.000000,1,0.005177,-1.268595,14.679534,69.937905,0.459314,67.641961,0.000000
9.308333,1.933333,1,-0.784038,1.489438,0.361887,0.240682,0.274126,-0.153504,0.918348,0.283289,0.007002,0.070241,-0.132769,0.335419,0.755542,0.546830,-0.366699,-0.915372,0.166209,0.737240,-0.176943,0.652050,0.058179,-0.791800,1.360119,0.101900,0.071430,-0.118746,0.255292,-0.356024,0.107013,0.914398,-0.160224,0.376542,0.460912,0.000000,1,0.005986,-1.247595,15.042236,69.893269,0.450937,67.457360,0.000000
9.341667,1.966667,1,-0.784017,1.489865,0.360236,0.242586,0.273706,-0.152976,0.918061,0.282924,0.006778,0.068590,-0.131546,0.336934,0.755524,0.546218,-0.368683,-0.914007,0.169307,0.736717,-0.176242,0.652829,0.051172,-0.791800,1.360119,0.101900,0.071731,-0.118989,0.253631,-0.356291,0.108963,0.914000,-0.160589,0.392002,0.433883,0.000000,1,0.007473,-1.209786,15.366105,69.841402,0.436387,67.285218,0.000000
9.375000,2.000000,1,-0.783970,1.490218,0.358805,0.243632,0.273676,-0.152856,0.917812,0.282606,0.006619,0.067159,-0.131055,0.337857,0.755359,0.545994,-0.369431,-0.913399,0.170950,0.736288,-0.175486,0.653517,0.044239,-0.791800,1.360119,0.101900,0.071956,-0.119205,0.252189,-0.356620,0.109963,0.913750,-0.160596,0.366775,0.411054,0.000000,1,0.009292,-1.182964,15.646716,69.796053,0.425997,67.134364,0.000000
9.408333,2.033333,1,-0.783800,1.490483,0.357525,0.244906,0.274330,-0.152278,0.917374,0.282284,0.006609,0.065882,-0.131075,0.339288,0.755232,0.545277,-0.370984,-0.912567,0.172027,0.734677,-0.175113,0.655427,0.039524,-0.791800,1.360119,0.101900,0.072029,-0.119442,0.250896,-0.357676,0.110956,0.913156,-0.160945,0.325599,0.432334,0.000000,1,0.010601,-1.182504,15.895674,69.760521,0.425461,67.001899,0.000000
9.441667,2.066667,1,-0.783497,1.490673,0.356332,0.246530,0.275141,-0.150749,0.916949,0.281943,0.006748,0.064692,-0.131084,0.341096,0.755543,0.543714,-0.374385,-0.911023,0.172839,0.732174,-0.176058,0.657970,0.037373,-0.791800,1.360119,0.101900,0.071950,-0.119713,0.249682,-0.359022,0.112244,0.912251,-0.162180,0.355144,0.466974,0.000000,1,0.011283,-1.208750,16.126127,69.732677,0.434874,66.881519,0.000000
9.475000,2.100000,1,-0.783029,1.490785,0.355104,0.247183,0.275156,-0.149488,0.916975,0.281564,0.007068,0.063470,-0.130810,0.341681,0.756132,0.542594,-0.376962,-0.909935,0.172969,0.731154,-0.177693,0.658665,0.039554,-0.791800,1.360119,0.101900,0.071694,-0.120028,0.248428,-0.359290,0.112878,0.911857,-0.163358,0.321948,0.459312,0.000000,1,0.010882,-1.267380,16.362217,69.706740,0.456324,66.760815,0.000000
9.508333,2.133333,1,-0.782481,1.490893,0.353712,0.247519,0.274376,-0.149054,0.917189,0.281139,0.007456,0.062084,-0.129962,0.341631,0.756514,0.542296,-0.378050,-0.909307,0.173894,0.731711,-0.178407,0.657853,0.045012,-0.791800,1.360119,0.101900,0.071379,-0.120383,0.247004,-0.358688,0.113466,0.911933,-0.163850,0.314001,0.301044,0.000000,1,0.009168,-1.338658,16.631216,69.674604,0.482439,66.624986,0.000000
9.541667,2.166667,1,-0.781907,1.491011,0.352153,0.249333,0.273850,-0.148111,0.917007,0.280690,0.007859,0.060531,-0.128686,0.343015,0.756776,0.541360,-0.380738,-0.907659,0.176616,0.731094,-0.178540,0.658502,0.049979,-0.791800,1.360119,0.101900,0.071056,-0.120752,0.245412,-0.358836,0.115373,0.911492,-0.164646,0.306831,0.219847,0.000000,1,0.007363,-1.413174,16.934894,69.632362,0.509715,66.471355,0.000000
9.575000,2.200000,1,-0.781228,1.491148,0.350343,0.252182,0.273691,-0.146458,0.916541,0.280162,0.008338,0.058730,-0.127280,0.345487,0.757105,0.539658,-0.385139,-0.905103,0.180160,0.729208,-0.178817,0.660516,0.058120,-0.791800,1.360119,0.101900,0.070670,-0.121188,0.243564,-0.359695,0.118148,0.910555,-0.165981,0.277749,0.186116,0.000000,1,0.005730,-1.501774,17.288486,69.581387,0.542166,66.294880,0.000000
9.608333,2.233333,1,-0.780405,1.491303,0.348317,0.254972,0.274451,-0.144513,0.915851,0.279529,0.008923,0.056714,-0.126726,0.348315,0.757368,0.537598,-0.389859,-0.902599,0.182551,0.726037,-0.179331,0.663860,0.065772,-0.791800,1.360119,0.101900,0.070191,-0.121719,0.241492,-0.361398,0.120562,0.909287,-0.167491,0.261705,0.220541,0.000000,1,0.006181,-1.610396,17.684281,69.527180,0.581982,66.101544,0.000000
9.641667,2.266667,1,-0.779544,1.491481,0.346205,0.257003,0.275502,-0.142432,0.915293,0.278857,0.009526,0.054612,-0.126770,0.350593,0.757810,0.535480,-0.394381,-0.900473,0.183336,0.722694,-0.180692,0.667131,0.068642,-0.791800,1.360119,0.101900,0.069700,-0.122286,0.239330,-0.363119,0.122164,0.908073,-0.169185,0.253833,0.303447,0.000000,1,0.007000,-1.723097,18.098151,69.469296,0.623241,65.900448,0.000000
9.675000,2.300000,1,-0.778734,1.491629,0.344141,0.258651,0.276222,-0.140473,0.914915,0.278238,0.010105,0.052558,-0.126687,0.352380,0.758354,0.533552,-0.398546,-0.898526,0.183879,0.719958,-0.182301,0.669646,0.066651,-0.791800,1.360119,0.101900,0.069228,-0.122801,0.237221,-0.364399,0.123514,0.907067,-0.170841,0.094111,0.283051,0.000000,1,0.007045,-1.831778,18.505335,69.403803,0.662966,65.699034,0.000000
9.708333,2.333333,1,-0.777931,1.491713,0.342208,0.260546,0.276447,-0.138616,0.914592,0.277676,0.010716,0.050634,-0.126051,0.354168,0.758901,0.531737,-0.402733,-0.896359,0.185328,0.717786,-0.183640,0.671610,0.062853,-0.791800,1.360119,0.101900,0.068716,-0.123270,0.235244,-0.365299,0.125262,0.906165,-0.172427,0.076111,0.215648,0.000000,1,0.007114,-1.946234,18.888445,69.336920,0.704795,65.507145,0.000000
9.741667,2.366667,1,-0.777071,1.491731,0.340427,0.262324,0.276617,-0.136908,0.914290,0.277134,0.011411,0.048864,-0.125417,0.355828,0.759400,0.530065,-0.406603,-0.894317,0.186741,0.715810,-0.184835,0.673389,0.059328,-0.791800,1.360119,0.101900,0.068114,-0.123734,0.233419,-0.366102,0.126916,0.905332,-0.173885,0.068022,0.176649,0.000000,1,0.007608,-2.076208,19.241008,69.276394,0.752324,65.331201,0.000000
9.775000,2.400000,1,-0.776187,1.491641,0.338763,0.263770,0.276587,-0.135523,0.914089,0.276664,0.012188,0.047210,-0.124750,0.357102,0.759843,0.528729,-0.409765,-0.892599,0.188040,0.714405,-0.185847,0.674601,0.056603,-0.791800,1.360119,0.101900,0.067422,-0.124138,0.231710,-0.366599,0.128317,0.904702,-0.175085,0.083315,0.173680,0.000000,1,0.008052,-2.221104,19.572444,69.211663,0.805357,65.162067,0.000000
9.808333,2.433333,1,-0.775394,1.491414,0.337185,0.264571,0.276199,-0.134511,0.914124,0.276358,0.012974,0.045642,-0.124049,0.357640,0.760327,0.527834,-0.412006,-0.891382,0.188913,0.713923,-0.186970,0.674801,0.053411,-0.791800,1.360119,0.101900,0.066709,-0.124384,0.230098,-0.366535,0.129223,0.904414,-0.176039,0.149570,0.191286,0.000000,1,0.007866,-2.366989,19.891943,69.127093,0.858737,64.988091,0.000000
9.841667,2.466667,1,-0.774771,1.491115,0.335774,0.265009,0.275687,-0.133594,0.914287,0.276213,0.013667,0.044240,-0.123398,0.357798,0.760880,0.527082,-0.413916,-0.890395,0.189396,0.713789,-0.188331,0.674565,0.047125,-0.791800,1.360119,0.101900,0.066074,-0.124476,0.228664,-0.366230,0.129826,0.904271,-0.176958,0.183760,0.212926,0.000000,1,0.007279,-2.495039,20.182240,69.030699,0.905401,64.819822,0.000000
9.875000,2.500000,1,-0.774235,1.490817,0.334546,0.265629,0.275487,-0.132414,0.914338,0.276121,0.014287,0.043018,-0.122946,0.358258,0.761454,0.526045,-0.416323,-0.889211,0.189684,0.713024,-0.189856,0.674945,0.041190,-0.791800,1.360119,0.101900,0.065502,-0.124523,0.227417,-0.366284,0.130500,0.903933,-0.178075,0.196651,0.199269,0.000000,1,0.007296,-2.609569,20.436232,68.940567,0.946873,64.669214,0.000000
9.908333,2.533333,1,-0.773720,1.490532,0.333498,0.266235,0.275537,-0.131284,0.914310,0.276033,0.014880,0.041978,-0.122724,0.358818,0.761934,0.525018,-0.418589,-0.888131,0.189756,0.711988,-0.191211,0.675656,0.036037,-0.791800,1.360119,0.101900,0.064951,-0.124575,0.226351,-0.366565,0.131077,0.903531,-0.179111,0.204457,0.224981,0.000000,1,0.007804,-2.719154,20.652392,68.864169,0.986330,64.540595,0.000000
9.941667,2.566667,1,-0.773293,1.490240,0.332603,0.266808,0.275505,-0.130687,0.914238,0.276003,0.015407,0.041088,-0.122442,0.359313,0.762139,0.524449,-0.419922,-0.887396,0.190248,0.711416,-0.191694,0.676122,0.031021,-0.791800,1.360119,0.101900,0.064458,-0.124577,0.225442,-0.366744,0.131640,0.903272,-0.179635,0.201021,0.247555,0.000000,1,0.008053,-2.816196,20.838404,68.791686,1.021028,64.425852,0.000000
9.975000,2.600000,1,-0.772978,1.489990,0.331843,0.267219,0.275255,-0.130353,0.914241,0.276009,0.015817,0.040333,-0.122036,0.359567,0.762290,0.524149,-0.420751,-0.886867,0.190880,0.711347,-0.191959,0.676120,0.025796,-0.791800,1.360119,0.101900,0.064074,-0.124544,0.224673,-0.366658,0.132119,0.903175,-0.179947,0.222237,0.252516,0.000000,1,0.008284,-2.891727,20.997228,68.725494,1.047658,64.324985,0.000000
10.008333,2.633333,1,-0.772745,1.489824,0.331174,0.267674,0.274586,-0.130241,0.914325,0.275997,0.016110,0.039666,-0.121235,0.359676,0.762414,0.524081,-0.421282,-0.886343,0.192137,0.711923,-0.191945,0.675517,0.021846,-0.791800,1.360119,0.101900,0.063805,-0.124529,0.223997,-0.366192,0.132776,0.903240,-0.180087,0.211191,0.263602,0.000000,1,0.008540,-2.946070,21.136481,68.670156,1.066347,64.237459,0.000000
10.041667,2.666667,1,-0.772550,1.489737,0.330536,0.268396,0.273874,-0.130018,0.914359,0.275945,0.016324,0.039031,-0.120276,0.360003,0.762542,0.523890,-0.422145,-0.885576,0.193773,0.712378,-0.191874,0.675057,0.020174,-0.791800,1.360119,0.101900,0.063616,-0.124551,0.223352,-0.365778,0.133702,0.903227,-0.180309,0.236720,0.249465,0.000000,1,0.008635,-2.986358,21.267737,68.623960,1.079771,64.158081,0.000000
10.075000,2.700000,1,-0.772359,1.489725,0.329887,0.268619,0.273149,-0.129558,0.914575,0.275836,0.016491,0.038384,-0.119528,0.359876,0.762938,0.523572,-0.423170,-0.884937,0.194458,0.712876,-0.192723,0.674289,0.020310,-0.791800,1.360119,0.101900,0.063478,-0.124627,0.222693,-0.365190,0.134166,0.903293,-0.180827,0.228524,0.229936,0.000000,1,0.008596,-3.018670,21.399598,68.585417,1.090203,64.082901,0.000000
10.108333,2.733333,1,-0.772163,1.489802,0.329245,0.268588,0.272939,-0.129059,0.914718,0.275653,0.016608,0.037744,-0.119355,0.359751,0.763287,0.523189,-0.424056,-0.884562,0.194231,0.712810,-0.193705,0.674078,0.020257,-0.791800,1.360119,0.101900,0.063394,-0.124775,0.222040,-0.364997,0.134216,0.903258,-0.181350,0.233051,0.220874,0.000000,1,0.008718,-3.042551,21.527566,68.558824,1.097487,64.015760,0.000000
10.141667,2.766667,1,-0.772003,1.489959,0.328620,0.269301,0.273125,-0.128565,0.914522,0.275427,0.016648,0.037121,-0.119206,0.360471,0.763336,0.522656,-0.425242,-0.883864,0.194816,0.711983,-0.193784,0.674928,0.019930,-0.791800,1.360119,0.101900,0.063387,-0.124961,0.221402,-0.365424,0.134836,0.902917,-0.181727,0.079642,0.201574,0.000000,1,0.008710,-3.052913,21.650981,68.540148,1.099801,63.954741,0.000000
10.175000,2.800000,1,-0.771860,1.490147,0.328002,0.270327,0.273215,-0.128112,0.914256,0.275188,0.016656,0.036505,-0.118831,0.361428,0.763304,0.522127,-0.426525,-0.882981,0.196014,0.711185,-0.193507,0.675848,0.019829,-0.791800,1.360119,0.101900,0.063415,-0.125160,0.220773,-0.365865,0.135785,0.902534,-0.182037,0.045777,0.206865,0.000000,1,0.008649,-3.057346,21.772381,68.524320,1.099990,63.896288,0.000000
10.208333,2.833333,1,-0.771718,1.490334,0.327423,0.270821,0.272894,-0.127861,0.914241,0.274949,0.016662,0.035927,-0.118325,0.361725,0.763402,0.521892,-0.427256,-0.882429,0.196904,0.711225,-0.193568,0.675789,0.018760,-0.791800,1.360119,0.101900,0.063442,-0.125361,0.220181,-0.365740,0.136364,0.902452,-0.182264,0.039015,0.197895,0.000000,1,0.008780,-3.061499,21.885996,68.511330,1.100153,63.842505,0.000000
10.241667,2.866667,1,-0.771620,1.490506,0.326933,0.270791,0.272290,-0.127934,0.914419,0.274750,0.016642,0.035438,-0.117796,0.361429,0.763526,0.522035,-0.427207,-0.882325,0.197477,0.712025,-0.193697,0.674909,0.015843,-0.791800,1.360119,0.101900,0.063490,-0.125527,0.219682,-0.365165,0.136538,0.902657,-0.182271,0.028657,0.205422,0.000000,1,0.009030,-3.060446,21.982164,68.500067,1.098495,63.796290,0.000000
10.275000,2.900000,1,-0.771575,1.490638,0.326583,0.270706,0.271915,-0.128135,0.914528,0.274615,0.016602,0.035088,-0.117497,0.361186,0.763532,0.522263,-0.426872,-0.882405,0.197842,0.712652,-0.193573,0.674282,0.011322,-0.791800,1.360119,0.101900,0.063549,-0.125636,0.219326,-0.364781,0.136580,0.902834,-0.182131,0.016853,0.200934,0.000000,1,0.009524,-3.055038,22.051051,68.491401,1.095336,63.761646,0.000000
10.308333,2.933333,1,-0.771556,1.490716,0.326354,0.270791,0.271491,-0.128356,0.914598,0.274540,0.016573,0.034859,-0.117079,0.361074,0.763493,0.522490,-0.426593,-0.882384,0.198537,0.713287,-0.193260,0.673700,0.007273,-0.791800,1.360119,0.101900,0.063591,-0.125694,0.219094,-0.364409,0.136800,0.902986,-0.181955,0.017850,0.205684,0.000000,1,0.009998,-3.050794,22.096092,68.484275,1.092708,63.736762,0.000000
10.341667,2.966667,1,-0.771508,1.490728,0.326207,0.270845,0.271004,-0.128390,0.914722,0.274501,0.016605,0.034714,-0.116618,0.360904,0.763587,0.522574,-0.426634,-0.882237,0.199102,0.713885,-0.193329,0.673047,0.004636,-0.791800,1.360119,0.101900,0.063566,-0.125726,0.218945,-0.363972,0.137014,0.903126,-0.181976,0.012130,0.198988,0.000000,1,0.010417,-3.057497,22.124814,68.478517,1.094193,63.718829,0.000000
10.375000,3.000000,1,-0.771367,1.490653,0.326103,0.270728,0.270924,-0.128099,0.914821,0.274475,0.016765,0.034611,-0.116600,0.360762,0.763805,0.522358,-0.427093,-0.882088,0.198775,0.713829,-0.193986,0.672917,0.005740,-0.791800,1.360119,0.101900,0.063412,-0.125754,0.218835,-0.363866,0.136935,0.903118,-0.182287,0.007700,0.206190,0.000000,1,0.010769,-3.087176,22.145107,68.473367,1.104199,63.704624,0.000000
10.408333,3.033333,1,-0.771157,1.490487,0.325996,0.270621,0.271139,-0.127665,0.914849,0.274481,0.017033,0.034507,-0.116841,0.360760,0.764025,0.521983,-0.427764,-0.881919,0.198083,0.713313,-0.194772,0.673238,0.008635,-0.791800,1.360119,0.101900,0.063147,-0.125755,0.218721,-0.364042,0.136770,0.902988,-0.182702,0.009673,0.192196,0.000000,1,0.010735,-3.136514,22.166822,68.462282,1.121501,63.687152,0.000000
10.441667,3.066667,1,-0.770970,1.490236,0.325867,0.270693,0.271495,-0.127192,0.914788,0.274567,0.017335,0.034380,-0.117129,0.360981,0.764183,0.521534,-0.428567,-0.881657,0.197511,0.712532,-0.195390,0.673885,0.010151,-0.791800,1.360119,0.101900,0.062845,-0.125678,0.218589,-0.364410,0.136726,0.902762,-0.183115,0.011140,0.191635,0.000000,1,0.010264,-3.191278,22.195657,68.436889,1.140857,63.659941,0.000000
10.475000,3.100000,1,-0.770830,1.489912,0.325721,0.271002,0.271871,-0.126711,0.914652,0.274742,0.017643,0.034236,-0.117330,0.361423,0.764279,0.521042,-0.429499,-0.881254,0.197287,0.711631,-0.195778,0.674724,0.011474,-0.791800,1.360119,0.101900,0.062533,-0.125512,0.218445,-0.364877,0.136900,0.902468,-0.183505,0.008467,0.186732,0.000000,1,0.009743,-3.246337,22.230943,68.396517,1.160348,63.622874,0.000000
10.508333,3.133333,1,-0.770719,1.489507,0.325556,0.271351,0.272208,-0.126336,0.914500,0.274997,0.017978,0.034073,-0.117478,0.361885,0.764313,0.520638,-0.430270,-0.880888,0.197242,0.710834,-0.195951,0.675513,0.013539,-0.791800,1.360119,0.101900,0.062190,-0.125265,0.218286,-0.365319,0.137124,0.902198,-0.183789,0.017486,0.213418,0.000000,1,0.009270,-3.305337,22.272704,68.342008,1.181278,63.576410,0.000000
10.541667,3.166667,1,-0.770617,1.489015,0.325342,0.271413,0.272440,-0.126159,0.914437,0.275327,0.018357,0.033861,-0.117658,0.362043,0.764337,0.520452,-0.430573,-0.880796,0.196990,0.710406,-0.196110,0.675917,0.016358,-0.791800,1.360119,0.101900,0.061800,-0.124944,0.218081,-0.365561,0.137108,0.902074,-0.183927,0.026762,0.236748,0.000000,1,0.008724,-3.371620,22.327236,68.271445,1.204839,63.517302,0.000000
10.575000,3.200000,1,-0.770464,1.488444,0.324962,0.271592,0.272283,-0.125926,0.914463,0.275689,0.018827,0.033484,-0.117439,0.362132,0.764464,0.520253,-0.431089,-0.880487,0.197244,0.710372,-0.196394,0.675870,0.021100,-0.791800,1.360119,0.101900,0.061323,-0.124585,0.217709,-0.365481,0.137333,0.902026,-0.184154,0.022076,0.236865,0.000000,1,0.008070,-3.454121,22.417860,68.180288,1.234249,63.434839,0.000000
10.608333,3.233333,1,-0.770282,1.487824,0.324374,0.271838,0.271647,-0.125508,0.914637,0.276071,0.019351,0.032900,-0.116760,0.362065,0.764803,0.519953,-0.432031,-0.879874,0.197917,0.710774,-0.197114,0.675238,0.026196,-0.791800,1.360119,0.101900,0.060797,-0.124195,0.217131,-0.364982,0.137788,0.902064,-0.184616,0.020270,0.215221,0.000000,1,0.007714,-3.546320,22.552966,68.066922,1.267048,63.325208,0.000000
10.641667,3.266667,1,-0.770191,1.487168,0.323637,0.272273,0.270890,-0.125194,0.914774,0.276536,0.019826,0.032164,-0.115890,0.362115,0.765064,0.519730,-0.432901,-0.879184,0.199077,0.711322,-0.197508,0.674545,0.029744,-0.791800,1.360119,0.101900,0.060322,-0.123710,0.216408,-0.364432,0.138460,0.902112,-0.184966,0.021335,0.203514,0.000000,1,0.007670,-3.628573,22.722461,67.927682,1.296060,63.190177,0.000000
10.675000,3.300000,1,-0.770171,1.486475,0.322825,0.272978,0.270397,-0.125057,0.914729,0.277072,0.020268,0.031354,-0.115134,0.362526,0.765085,0.519581,-0.433559,-0.878525,0.200549,0.711569,-0.197221,0.674369,0.032015,-0.791800,1.360119,0.101900,0.059878,-0.123148,0.215617,-0.364213,0.139296,0.902049,-0.185075,0.027652,0.221381,0.000000,1,0.007981,-3.703855,22.909870,67.770937,1.322328,63.040143,0.000000
10.708333,3.333333,1,-0.770092,1.485800,0.322059,0.273431,0.270049,-0.125091,0.914692,0.277559,0.020745,0.030590,-0.114620,0.362776,0.765036,0.519592,-0.433774,-0.878176,0.201613,0.711850,-0.196836,0.674185,0.030724,-0.791800,1.360119,0.101900,0.059400,-0.122639,0.214868,-0.364041,0.139841,0.902044,-0.185029,0.032830,0.262456,0.000000,1,0.008154,-3.785941,23.086446,67.624485,1.350701,62.899944,0.000000
10.741667,3.366667,1,-0.769842,1.485140,0.321390,0.273329,0.269640,-0.125098,0.914842,0.277931,0.021349,0.029925,-0.114299,0.362502,0.765165,0.519664,-0.433770,-0.878125,0.201843,0.712390,-0.197084,0.673542,0.029163,-0.791800,1.360119,0.101900,0.058798,-0.122259,0.214206,-0.363625,0.139882,0.902194,-0.185086,0.044337,0.264618,0.000000,1,0.008416,-3.892141,23.239157,67.502217,1.387364,62.781461,0.000000
10.775000,3.400000,1,-0.769429,1.484470,0.320776,0.272535,0.268908,-0.124510,0.915375,0.278214,0.022089,0.029317,-0.113998,0.361460,0.765897,0.519377,-0.434503,-0.877990,0.200847,0.713168,-0.199188,0.672097,0.029952,-0.791800,1.360119,0.101900,0.058065,-0.121978,0.213589,-0.362690,0.139388,0.902488,-0.185854,0.062786,0.246320,0.000000,1,0.008893,-4.023754,23.377737,67.396367,1.432814,62.677112,0.000000
10.808333,3.433333,1,-0.768958,1.483848,0.320250,0.271759,0.268264,-0.123317,0.915956,0.278424,0.022845,0.028797,-0.113769,0.360470,0.766944,0.518571,-0.436282,-0.877449,0.199350,0.713409,-0.202292,0.670914,0.028238,-0.791800,1.360119,0.101900,0.057316,-0.121777,0.213055,-0.361859,0.138893,0.902619,-0.187205,0.059586,0.201277,0.000000,1,0.009131,-4.159306,23.495574,67.308790,1.479331,62.590010,0.000000
10.841667,3.466667,1,-0.768563,1.483267,0.319825,0.271836,0.268159,-0.122123,0.916123,0.278649,0.023514,0.028378,-0.113644,0.360485,0.767626,0.517576,-0.438399,-0.876544,0.198685,0.712676,-0.204330,0.671075,0.024625,-0.791800,1.360119,0.101900,0.056650,-0.121563,0.212627,-0.361819,0.139023,0.902370,-0.188384,0.205113,0.211893,0.000000,1,0.009001,-4.278774,23.592450,67.228776,1.519873,62.514471,0.000000
10.875000,3.500000,1,-0.768342,1.482688,0.319456,0.272867,0.268417,-0.121266,0.915855,0.278975,0.024043,0.028013,-0.113419,0.361520,0.767774,0.516685,-0.440345,-0.875400,0.199424,0.711388,-0.204680,0.672334,0.021637,-0.791800,1.360119,0.101900,0.056116,-0.121243,0.212263,-0.362429,0.139927,0.901842,-0.189069,0.198598,0.203999,0.000000,1,0.008633,-4.371407,23.680664,67.140008,1.550743,62.437555,0.000000
10.908333,3.533333,1,-0.768292,1.482110,0.319043,0.274155,0.268422,-0.120934,0.915513,0.279405,0.024435,0.027601,-0.112851,0.362674,0.767620,0.516229,-0.441545,-0.874391,0.201191,0.710678,-0.203952,0.673305,0.021380,-0.791800,1.360119,0.101900,0.055714,-0.120810,0.211864,-0.362877,0.141149,0.901436,-0.189235,0.180376,0.228392,0.000000,1,0.008419,-4.437664,23.781243,67.033261,1.572157,62.347054,0.000000
10.941667,3.566667,1,-0.768346,1.481570,0.318523,0.275061,0.268452,-0.120943,0.915231,0.279865,0.024722,0.027081,-0.112475,0.363499,0.767367,0.516107,-0.441966,-0.873856,0.202589,0.710317,-0.203005,0.673972,0.022525,-0.791800,1.360119,0.101900,0.055419,-0.120334,0.211364,-0.363210,0.141995,0.901196,-0.189109,0.189711,0.224355,0.000000,1,0.008558,-4.484368,23.905027,66.913281,1.586499,62.241703,0.000000
10.975000,3.600000,1,-0.768428,1.481060,0.317885,0.275542,0.268535,-0.120950,0.915061,0.280318,0.024971,0.026443,-0.112336,0.363967,0.767214,0.516035,-0.442178,-0.873591,0.203268,0.710045,-0.202473,0.674419,0.024629,-0.791800,1.360119,0.101900,0.055167,-0.119855,0.210747,-0.363450,0.142421,0.901048,-0.189033,0.198487,0.199798,0.000000,1,0.009018,-4.524326,24.053390,66.783776,1.598309,62.123092,0.000000
11.008333,3.633333,1,-0.768519,1.480536,0.317217,0.275687,0.268382,-0.120824,0.915079,0.280787,0.025221,0.025775,-0.112135,0.364028,0.767285,0.515929,-0.442487,-0.873370,0.203546,0.710088,-0.202602,0.674334,0.025626,-0.791800,1.360119,0.101900,0.054913,-0.119358,0.210100,-0.363360,0.142612,0.901028,-0.189157,0.096614,0.176715,0.000000,1,0.009398,-4.564178,24.208807,66.648599,1.609956,61.999461,0.000000
11.041667,3.666667,1,-0.768633,1.479970,0.316584,0.275667,0.267772,-0.120771,0.915270,0.281304,0.025477,0.025141,-0.111597,0.363737,0.767477,0.515965,-0.442653,-0.873167,0.204054,0.710798,-0.202951,0.673481,0.025714,-0.791800,1.360119,0.101900,0.054650,-0.118816,0.209491,-0.362786,0.142800,0.901202,-0.189288,0.085000,0.210805,0.000000,1,0.009612,-4.604454,24.358521,66.509070,1.621638,61.875967,0.000000
11.075000,3.700000,1,-0.768752,1.479313,0.316024,0.276214,0.267217,-0.120817,0.915262,0.281897,0.025782,0.024580,-0.110856,0.363979,0.767448,0.515998,-0.442915,-0.872701,0.205473,0.711304,-0.202531,0.673073,0.026144,-0.791800,1.360119,0.101900,0.054330,-0.118205,0.208957,-0.362452,0.143504,0.901234,-0.189242,0.094087,0.242454,0.000000,1,0.009805,-4.652308,24.495410,66.363937,1.635882,61.754469,0.000000
11.108333,3.733333,1,-0.768793,1.478521,0.315543,0.277192,0.267309,-0.120714,0.914953,0.282551,0.026232,0.024100,-0.110503,0.364896,0.767221,0.515763,-0.443555,-0.872053,0.206839,0.710764,-0.201678,0.673900,0.027813,-0.791800,1.360119,0.101900,0.053860,-0.117547,0.208503,-0.362870,0.144400,0.900929,-0.189210,0.088619,0.233449,0.000000,1,0.010091,-4.724861,24.617864,66.214974,1.658621,61.636538,0.000000
11.141667,3.766667,1,-0.768635,1.477592,0.315086,0.277263,0.267784,-0.119998,0.914887,0.283194,0.026922,0.023647,-0.110900,0.365168,0.767484,0.515094,-0.444758,-0.871647,0.205964,0.709659,-0.202661,0.674769,0.031408,-0.791800,1.360119,0.101900,0.053150,-0.116915,0.208065,-0.363355,0.144319,0.900613,-0.189846,0.113998,0.216171,0.000000,1,0.010637,-4.840414,24.735489,66.066311,1.696077,61.521108,0.000000
11.175000,3.800000,1,-0.768321,1.476659,0.314530,0.276890,0.267760,-0.119254,0.915104,0.283748,0.027740,0.023096,-0.111046,0.364819,0.768009,0.514526,-0.445863,-0.871345,0.204850,0.709299,-0.204339,0.674641,0.033928,-0.791800,1.360119,0.101900,0.052321,-0.116373,0.207520,-0.363226,0.143989,0.900552,-0.190629,0.116963,0.193619,0.000000,1,0.011525,-4.979994,24.871155,65.919850,1.741464,61.401175,0.000000
11.208333,3.833333,1,-0.768035,1.475816,0.313878,0.277447,0.267560,-0.118744,0.915060,0.284245,0.028482,0.022449,-0.110621,0.365226,0.768198,0.514047,-0.447036,-0.870584,0.205529,0.708977,-0.204731,0.674860,0.033103,-0.791800,1.360119,0.101900,0.051574,-0.115876,0.206877,-0.363241,0.144591,0.900353,-0.191084,0.127446,0.193398,0.000000,1,0.012147,-5.106625,25.025124,65.773209,1.781975,61.275194,0.000000
11.241667,3.866667,1,-0.767866,1.475074,0.313203,0.278478,0.267497,-0.118297,0.914823,0.284732,0.029071,0.021776,-0.110107,0.366120,0.768188,0.513536,-0.448314,-0.869610,0.206865,0.708360,-0.204474,0.675586,0.030530,-0.791800,1.360119,0.101900,0.050981,-0.115380,0.206215,-0.363543,0.145596,0.900002,-0.191402,0.124034,0.162453,0.000000,1,0.012305,-5.205883,25.183509,65.627598,1.812728,61.148457,0.000000
11.275000,3.900000,1,-0.767773,1.474436,0.312513,0.279121,0.267661,-0.118202,0.914591,0.285181,0.029536,0.021089,-0.109968,0.366768,0.768027,0.513345,-0.448768,-0.869191,0.207640,0.707860,-0.203916,0.676278,0.028314,-0.791800,1.360119,0.101900,0.050515,-0.114913,0.205541,-0.363914,0.146151,0.899764,-0.191394,0.114533,0.171416,0.000000,1,0.012395,-5.283476,25.343404,65.487576,1.835741,61.024346,0.000000
11.308333,3.933333,1,-0.767735,1.473888,0.311791,0.279558,0.268049,-0.118272,0.914335,0.285592,0.029904,0.020369,-0.110122,0.367333,0.767770,0.513292,-0.448809,-0.869083,0.208002,0.707278,-0.203195,0.677104,0.027216,-0.791800,1.360119,0.101900,0.050148,-0.114478,0.204834,-0.364422,0.146432,0.899549,-0.191222,0.103003,0.184558,0.000000,1,0.012627,-5.344291,25.508658,65.351500,1.852779,60.900712,0.000000
11.341667,3.966667,1,-0.767706,1.473426,0.311029,0.279838,0.268076,-0.118157,0.914256,0.285938,0.030213,0.019607,-0.110022,0.367596,0.767752,0.513153,-0.449138,-0.868835,0.208327,0.707061,-0.203094,0.677361,0.026742,-0.791800,1.360119,0.101900,0.049846,-0.114100,0.204085,-0.364544,0.146690,0.899442,-0.191296,0.083911,0.090939,0.000000,1,0.012921,-5.395523,25.680069,65.221723,1.866338,60.778554,0.000000
11.375000,4.000000,1,-0.767645,1.473025,0.310261,0.279715,0.267539,-0.118057,0.914464,0.286217,0.030511,0.018841,-0.109595,0.367245,0.767980,0.513155,-0.449322,-0.868681,0.208573,0.707688,-0.203607,0.676551,0.026056,-0.791800,1.360119,0.101900,0.049559,-0.113789,0.203327,-0.364005,0.146756,0.899611,-0.191477,0.069396,0.642491,0.000000,1,0.013105,-5.445919,25.850458,65.101292,1.879437,60.661938,0.000000
11.408333,4.033333,1,-0.767596,1.472633,0.309517,0.279887,0.267213,-0.117962,0.914519,0.286496,0.030794,0.018097,-0.109227,0.367252,0.768070,0.513093,-0.449610,-0.868410,0.209082,0.707955,-0.203723,0.676237,0.025292,-0.791800,1.360119,0.101900,0.049286,-0.113478,0.202592,-0.363761,0.147030,0.899641,-0.191588,0.038216,1.236650,0.000000,1,0.013266,-5.493480,26.015964,64.982922,1.891508,60.548339,0.000000
11.441667,4.066667,1,-0.767601,1.472222,0.308781,0.280644,0.267259,-0.117991,0.914270,0.286824,0.031045,0.017363,-0.108931,0.367952,0.767837,0.513003,-0.449923,-0.867968,0.210239,0.707643,-0.202878,0.676818,0.025277,-0.791800,1.360119,0.101900,0.049042,-0.113118,0.201871,-0.364059,0.147731,0.899433,-0.191459,0.147360,1.844668,0.000000,1,0.013607,-5.534536,26.180953,64.858475,1.901383,60.432021,0.000000
11.475000,4.100000,1,-0.767577,1.471754,0.307984,0.281517,0.267370,-0.118170,0.913946,0.287178,0.031355,0.016566,-0.108642,0.368784,0.767470,0.513015,-0.450024,-0.867579,0.211624,0.707317,-0.201627,0.677532,0.027747,-0.791800,1.360119,0.101900,0.048740,-0.112731,0.201087,-0.364452,0.148515,0.899209,-0.191158,0.152166,2.581222,0.000000,1,0.014581,-5.585503,26.359695,64.722940,1.914603,60.305760,0.000000
11.508333,4.133333,1,-0.767443,1.471184,0.307097,0.282261,0.267456,-0.117954,0.913719,0.287547,0.031813,0.015682,-0.108390,0.369488,0.767367,0.512717,-0.450746,-0.866981,0.212536,0.706787,-0.201200,0.678212,0.031874,-0.791800,1.360119,0.101900,0.048291,-0.112331,0.200211,-0.364789,0.149193,0.898937,-0.191265,0.136915,3.497518,0.000000,1,0.015978,-5.662504,26.557769,64.573863,1.936546,60.166639,0.000000
11.541667,4.166667,1,-0.767262,1.470514,0.306188,0.283337,0.267743,-0.117303,0.913386,0.287968,0.032371,0.014776,-0.108170,0.370577,0.767364,0.511981,-0.452349,-0.865922,0.213446,0.705582,-0.201095,0.679496,0.034319,-0.791800,1.360119,0.101900,0.047742,-0.111884,0.199313,-0.365436,0.150126,0.898419,-0.191731,0.122997,4.411154,0.000000,1,0.016988,-5.756031,26.762396,64.412698,1.963948,60.019690,0.000000
11.575000,4.200000,1,-0.767134,1.469854,0.305271,0.284742,0.267994,-0.116916,0.912925,0.288411,0.032880,0.013861,-0.107771,0.371946,0.767130,0.511423,-0.453663,-0.864826,0.215094,0.704486,-0.200205,0.680895,0.034114,-0.791800,1.360119,0.101900,0.047239,-0.111410,0.198409,-0.366154,0.151377,0.897881,-0.191900,0.136941,5.341118,0.000000,1,0.017521,-5.840571,26.969399,64.247405,1.988145,59.870263,0.000000
11.608333,4.233333,1,-0.767088,1.469283,0.304307,0.286192,0.267936,-0.116945,0.912485,0.288834,0.033271,0.012899,-0.107074,0.373220,0.766727,0.511245,-0.454328,-0.863895,0.217420,0.704046,-0.198672,0.681798,0.033637,-0.791800,1.360119,0.101900,0.046858,-0.110948,0.197461,-0.366588,0.152768,0.897513,-0.191692,0.201517,6.392644,0.000000,1,0.018054,-5.904420,27.185109,64.082164,2.005204,59.718343,0.000000
11.641667,4.266667,1,-0.767054,1.468748,0.303280,0.286999,0.267811,-0.117089,0.912249,0.289235,0.033630,0.011873,-0.106603,0.373887,0.766455,0.511265,-0.454488,-0.863438,0.218897,0.704007,-0.197634,0.682140,0.034752,-0.791800,1.360119,0.101900,0.046511,-0.110502,0.196450,-0.366740,0.153570,0.897363,-0.191462,0.231183,7.691398,0.000000,1,0.018911,-5.963130,27.413031,63.913975,2.020370,59.561375,0.000000
11.675000,4.300000,1,-0.766957,1.468160,0.302251,0.287042,0.267674,-0.117269,0.912253,0.289640,0.034073,0.010846,-0.106461,0.373865,0.766377,0.511427,-0.454217,-0.863495,0.219232,0.704288,-0.197334,0.681937,0.035680,-0.791800,1.360119,0.101900,0.046082,-0.110056,0.195435,-0.366622,0.153654,0.897432,-0.191296,0.260036,8.662905,0.000000,1,0.019651,-6.036130,27.641747,63.742851,2.040110,59.403324,0.000000
11.708333,4.333333,1,-0.766818,1.467519,0.301395,0.287442,0.267817,-0.117453,0.912061,0.290063,0.034578,0.009994,-0.106411,0.374289,0.766125,0.511504,-0.454080,-0.863410,0.219852,0.704096,-0.196543,0.682363,0.032341,-0.791800,1.360119,0.101900,0.045582,-0.109607,0.194592,-0.366885,0.153980,0.897322,-0.191046,0.387751,9.730118,0.000000,1,0.019054,-6.119795,27.835431,63.584276,2.063133,59.263877,0.000000
11.741667,4.366667,1,-0.766725,1.466895,0.300759,0.287943,0.268101,-0.117753,0.911781,0.290501,0.035035,0.009359,-0.106441,0.374866,0.765744,0.511646,-0.453777,-0.863382,0.220584,0.703777,-0.195388,0.683023,0.026874,-0.791800,1.360119,0.101900,0.045123,-0.109155,0.193969,-0.367311,0.154353,0.897168,-0.190651,0.438181,10.231899,0.000000,1,0.017844,-6.194093,27.984290,63.445406,2.082822,59.149573,0.000000
11.775000,4.400000,1,-0.766737,1.466379,0.300233,0.287917,0.268204,-0.118107,0.911713,0.290917,0.035341,0.008833,-0.106545,0.374891,0.765526,0.511933,-0.453146,-0.863681,0.220713,0.703911,-0.194763,0.683065,0.022112,-0.791800,1.360119,0.101900,0.044812,-0.108723,0.193459,-0.367389,0.154287,0.897223,-0.190294,0.479695,10.739801,0.000000,1,0.017022,-6.242285,28.109166,63.323166,2.093744,59.051701,0.000000
11.808333,4.433333,1,-0.766809,1.466001,0.299669,0.288326,0.268504,-0.118088,0.911498,0.291259,0.035517,0.008269,-0.106632,0.375392,0.765344,0.511819,-0.453342,-0.863493,0.221045,0.703378,-0.194245,0.683760,0.020487,-0.791800,1.360119,0.101900,0.044635,-0.108355,0.192912,-0.367808,0.154574,0.897017,-0.190222,0.446362,11.263840,0.000000,1,0.017046,-6.269029,28.238850,63.210514,2.097511,58.957224,0.000000
11.841667,4.466667,1,-0.766869,1.465726,0.298981,0.289657,0.268665,-0.117634,0.911088,0.291511,0.035641,0.007581,-0.106185,0.376653,0.765185,0.511223,-0.454751,-0.862351,0.222605,0.702371,-0.193566,0.684987,0.022307,-0.791800,1.360119,0.101900,0.044520,-0.108066,0.192236,-0.368418,0.155787,0.896503,-0.190474,0.429182,11.786038,0.000000,1,0.017823,-6.288265,28.391021,63.099867,2.098764,58.856621,0.000000
11.875000,4.500000,1,-0.766909,1.465496,0.298226,0.290935,0.268522,-0.117197,0.910779,0.291714,0.035756,0.006826,-0.105490,0.377732,0.765107,0.510687,-0.456140,-0.861155,0.224383,0.701767,-0.193034,0.685756,0.023709,-0.791800,1.360119,0.101900,0.044420,-0.107821,0.191492,-0.368727,0.157052,0.896096,-0.190754,0.445586,12.275100,0.000000,1,0.018475,-6.306805,28.555356,62.989717,2.099793,58.752547,0.000000
11.908333,4.533333,1,-0.766932,1.465284,0.297495,0.291875,0.268358,-0.117244,0.910520,0.291893,0.035873,0.006095,-0.104925,0.378501,0.764857,0.510609,-0.456539,-0.860514,0.226027,0.701657,-0.192031,0.686150,0.022824,-0.791800,1.360119,0.101900,0.044318,-0.107603,0.190770,-0.368889,0.157996,0.895895,-0.190605,0.481575,12.863621,0.000000,1,0.018554,-6.326201,28.713870,62.885331,2.101106,58.653544,0.000000
11.941667,4.566667,1,-0.766920,1.465065,0.296832,0.292623,0.268206,-0.117698,0.910266,0.292056,0.036021,0.005433,-0.104456,0.379106,0.764429,0.510897,-0.456146,-0.860289,0.227670,0.701890,-0.190525,0.686331,0.020942,-0.791800,1.360119,0.101900,0.044183,-0.107405,0.190114,-0.368988,0.158745,0.895833,-0.190080,0.499985,13.360886,0.000000,1,0.018377,-6.351153,28.858045,62.789139,2.104233,58.563611,0.000000
11.975000,4.600000,1,-0.766842,1.464831,0.296272,0.292892,0.268118,-0.118150,0.910147,0.292193,0.036230,0.004874,-0.104255,0.379310,0.764121,0.511247,-0.455515,-0.860400,0.228515,0.702219,-0.189501,0.686279,0.018367,-0.791800,1.360119,0.101900,0.043986,-0.107244,0.189558,-0.368985,0.159022,0.895885,-0.189611,0.479246,14.449058,0.000000,1,0.017936,-6.387180,28.980316,62.705983,2.110930,58.487666,0.000000
12.008333,4.633333,1,-0.766723,1.464580,0.295762,0.293085,0.268204,-0.118383,0.910029,0.292319,0.036481,0.004366,-0.104246,0.379523,0.763913,0.511402,-0.455201,-0.860461,0.228907,0.702206,-0.188861,0.686468,0.017415,-0.791800,1.360119,0.101900,0.043745,-0.107100,0.189049,-0.369124,0.159171,0.895857,-0.189346,0.496624,14.890279,0.000000,1,0.017874,-6.430679,29.091789,62.628715,2.120083,58.418349,0.000000
12.041667,4.666667,1,-0.766662,1.464315,0.295276,0.293667,0.268171,-0.118448,0.909843,0.292491,0.036695,0.003881,-0.103958,0.380030,0.763719,0.511374,-0.455378,-0.860107,0.229886,0.702078,-0.188147,0.686795,0.016721,-0.791800,1.360119,0.101900,0.043539,-0.106908,0.188568,-0.369288,0.159731,0.895719,-0.189209,0.539918,14.913508,0.000000,1,0.018017,-6.466712,29.199716,62.547570,2.126968,58.348116,0.000000
12.075000,4.700000,1,-0.766728,1.464032,0.294811,0.294729,0.267903,-0.118695,0.909546,0.292754,0.036817,0.003416,-0.103245,0.380863,0.763345,0.511457,-0.455504,-0.859481,0.231967,0.702192,-0.186710,0.687070,0.016439,-0.791800,1.360119,0.101900,0.043418,-0.106623,0.188117,-0.369390,0.160822,0.895556,-0.188858,0.528975,14.855250,0.000000,1,0.018249,-6.484876,29.305840,62.456563,2.128286,58.273212,0.000000
12.108333,4.733333,1,-0.766838,1.463719,0.294348,0.296186,0.267593,-0.118923,0.909134,0.293067,0.036923,0.002952,-0.102318,0.382031,0.762878,0.511469,-0.455862,-0.858554,0.234682,0.702199,-0.184904,0.687551,0.017084,-0.791800,1.360119,0.101900,0.043310,-0.106287,0.187670,-0.369585,0.162301,0.895288,-0.188479,0.515996,15.131835,0.000000,1,0.018659,-6.499145,29.413256,62.358480,2.128461,58.194252,0.000000
12.141667,4.766667,1,-0.766863,1.463355,0.293880,0.297729,0.267656,-0.118733,0.908636,0.293370,0.037127,0.002485,-0.101689,0.383441,0.762523,0.511069,-0.456936,-0.857387,0.236849,0.701419,-0.183563,0.688706,0.017804,-0.791800,1.360119,0.101900,0.043105,-0.105965,0.187215,-0.370169,0.163743,0.894790,-0.188452,0.540608,15.566996,0.000000,1,0.019105,-6.530628,29.521579,62.259429,2.134159,58.114754,0.000000
12.175000,4.800000,1,-0.766782,1.462933,0.293420,0.298963,0.268118,-0.118153,0.908171,0.293655,0.037450,0.002026,-0.101557,0.384750,0.762371,0.510337,-0.458484,-0.856281,0.237856,0.699985,-0.183047,0.690301,0.018888,-0.791800,1.360119,0.101900,0.042782,-0.105669,0.186763,-0.371030,0.164765,0.894172,-0.188799,0.529491,16.076290,0.000000,1,0.019489,-6.583241,29.628080,62.161532,2.146579,58.036732,0.000000
12.208333,4.833333,1,-0.766695,1.462481,0.292950,0.300209,0.268926,-0.117369,0.907622,0.293961,0.037797,0.001558,-0.101728,0.386224,0.762238,0.509387,-0.460352,-0.855129,0.238392,0.697969,-0.182712,0.692427,0.019732,-0.791800,1.360119,0.101900,0.042435,-0.105353,0.186302,-0.372223,0.165687,0.893400,-0.189301,0.507921,16.396445,0.000000,1,0.019965,-6.639495,29.737214,62.059101,2.160171,57.955668,0.000000
12.241667,4.866667,1,-0.766654,1.462004,0.292486,0.301282,0.270259,-0.116655,0.906962,0.294315,0.038121,0.001095,-0.102449,0.387777,0.761976,0.508453,-0.461959,-0.854314,0.238206,0.695404,-0.182208,0.695136,0.020006,-0.791800,1.360119,0.101900,0.042106,-0.104989,0.185850,-0.373846,0.166266,0.892531,-0.189690,0.494142,16.562081,0.000000,1,0.020362,-6.690825,29.846751,61.950257,2.172217,57.871225,0.000000
12.275000,4.900000,1,-0.766639,1.461522,0.292004,0.302114,0.271380,-0.116226,0.906406,0.294688,0.038429,0.000613,-0.103086,0.389021,0.761679,0.507820,-0.462984,-0.853797,0.238070,0.693387,-0.181562,0.697316,0.020467,-0.791800,1.360119,0.101900,0.041794,-0.104603,0.185382,-0.375182,0.166682,0.891857,-0.189857,0.512452,16.629135,0.000000,1,0.020845,-6.738785,29.960633,61.836844,2.183167,57.783154,0.000000
12.308333,4.933333,1,-0.766607,1.460992,0.291511,0.303050,0.271986,-0.115730,0.905975,0.295089,0.038778,0.000121,-0.103214,0.390128,0.761521,0.507182,-0.464227,-0.852992,0.238532,0.691925,-0.181134,0.698878,0.021736,-0.791800,1.360119,0.101900,0.041439,-0.104191,0.184904,-0.376076,0.167373,0.891291,-0.190141,0.610420,16.705667,0.000000,1,0.021440,-6.793344,30.077751,61.717137,2.196179,57.691029,0.000000
12.341667,4.966667,1,-0.766573,1.460381,0.291085,0.304187,0.272281,-0.115320,0.905558,0.295554,0.039177,-0.000303,-0.102974,0.391276,0.761335,0.506624,-0.465458,-0.852004,0.239664,0.690839,-0.180471,0.700123,0.022367,-0.791800,1.360119,0.101900,0.041029,-0.103722,0.184495,-0.376743,0.168357,0.890779,-0.190351,0.682436,18.279890,0.000000,1,0.021628,-6.855069,30.183405,61.593551,2.211414,57.600722,0.000000
12.375000,5.000000,1,-0.766556,1.459738,0.290807,0.304661,0.272597,-0.115329,0.905302,0.296055,0.039581,-0.000580,-0.103047,0.391843,0.761106,0.506516,-0.465646,-0.851781,0.240090,0.690268,-0.179801,0.700858,0.021028,-0.791800,1.360119,0.101900,0.040606,-0.103227,0.184235,-0.377198,0.168699,0.890546,-0.190237,0.739549,19.492079,0.000000,1,0.020992,-6.916604,30.260255,61.479326,2.226441,57.524407,0.000000
12.408333,5.033333,1,-0.766532,1.459151,0.290698,0.304556,0.273136,-0.115287,0.905180,0.296509,0.039954,-0.000687,-0.103576,0.391990,0.761018,0.506426,-0.465608,-0.852001,0.239381,0.689597,-0.179753,0.701530,0.017908,-0.791800,1.360119,0.101900,0.040212,-0.102788,0.184142,-0.377666,0.168419,0.890403,-0.190225,0.770923,20.566551,0.000000,1,0.019682,-6.973396,30.300728,61.390119,2.239712,57.472406,0.000000
12.441667,5.066667,1,-0.766498,1.458688,0.290682,0.304484,0.273658,-0.115006,0.905083,0.296858,0.040261,-0.000702,-0.104077,0.392157,0.761058,0.506134,-0.465993,-0.852024,0.238549,0.688765,-0.180084,0.702262,0.013940,-0.791800,1.360119,0.101900,0.039887,-0.102456,0.184137,-0.378135,0.168180,0.890202,-0.190444,0.882272,20.778131,0.000000,1,0.018545,-7.020655,30.318469,61.327446,2.249757,57.441079,0.000000
12.475000,5.100000,1,-0.766497,1.458346,0.290641,0.304486,0.273722,-0.114749,0.905095,0.297130,0.040468,-0.000743,-0.104134,0.392186,0.761184,0.505910,-0.466423,-0.851861,0.238290,0.688501,-0.180491,0.702417,0.010343,-0.791800,1.360119,0.101900,0.039666,-0.102194,0.184106,-0.378203,0.168165,0.890124,-0.190688,0.803911,20.391402,0.000000,1,0.018278,-7.052361,30.338243,61.275819,2.254883,57.414547,0.000000
12.508333,5.133333,1,-0.766526,1.458114,0.290528,0.304500,0.273643,-0.114534,0.905141,0.297333,0.040585,-0.000856,-0.104058,0.392162,0.761321,0.505738,-0.466803,-0.851673,0.238219,0.688442,-0.180877,0.702375,0.007787,-0.791800,1.360119,0.101900,0.039541,-0.101991,0.184001,-0.378139,0.168209,0.890096,-0.190907,0.740792,19.954735,0.000000,1,0.018409,-7.069879,30.370109,61.229157,2.255608,57.386530,0.000000
12.541667,5.166667,1,-0.766555,1.457951,0.290406,0.304827,0.273664,-0.114398,0.905042,0.297479,0.040662,-0.000979,-0.103932,0.392464,0.761295,0.505570,-0.467195,-0.851354,0.238591,0.688196,-0.180742,0.702651,0.006170,-0.791800,1.360119,0.101900,0.039460,-0.101842,0.183886,-0.378272,0.168514,0.889963,-0.190993,0.772317,19.859507,0.000000,1,0.018251,-7.081585,30.401791,61.190735,2.254570,57.362623,0.000000
12.575000,5.200000,1,-0.766566,1.457771,0.290320,0.305630,0.273727,-0.114427,0.904749,0.297630,0.040762,-0.001064,-0.103632,0.393211,0.761022,0.505461,-0.467540,-0.850832,0.239774,0.687835,-0.179789,0.703249,0.006001,-0.791800,1.360119,0.101900,0.039355,-0.101692,0.183806,-0.378601,0.169252,0.889715,-0.190847,0.860709,19.983142,0.000000,1,0.018126,-7.097056,30.426213,61.155054,2.254847,57.342245,0.000000
12.608333,5.233333,1,-0.766550,1.457516,0.290252,0.306586,0.273929,-0.114559,0.904347,0.297822,0.040929,-0.001132,-0.103386,0.394159,0.760608,0.505396,-0.467772,-0.850318,0.241140,0.687315,-0.178426,0.704104,0.007921,-0.791800,1.360119,0.101900,0.039179,-0.101504,0.183745,-0.379107,0.170087,0.889402,-0.190559,0.945530,20.160921,0.000000,1,0.018389,-7.123191,30.448523,61.113676,2.258640,57.319493,0.000000
12.641667,5.266667,1,-0.766525,1.457179,0.290216,0.306823,0.274343,-0.114591,0.904137,0.298076,0.041152,-0.001166,-0.103652,0.394557,0.760409,0.505331,-0.467794,-0.850309,0.241127,0.686723,-0.177932,0.704807,0.010182,-0.791800,1.360119,0.101900,0.038944,-0.101262,0.183718,-0.379572,0.170171,0.889212,-0.190443,0.875310,20.240342,0.000000,1,0.018610,-7.157462,30.466413,61.065412,2.265143,57.294464,0.000000
12.675000,5.300000,1,-0.766531,1.456801,0.290193,0.306616,0.274853,-0.114579,0.904054,0.298382,0.041375,-0.001190,-0.104202,0.394600,0.760342,0.505286,-0.467657,-0.850615,0.240314,0.686144,-0.177955,0.705364,0.011387,-0.791800,1.360119,0.101900,0.038704,-0.100967,0.183705,-0.379978,0.169804,0.889114,-0.190418,0.820704,20.223840,0.000000,1,0.018843,-7.190679,30.483684,61.010522,2.271456,57.266047,0.000000
12.708333,5.333333,1,-0.766499,1.456404,0.290227,0.306366,0.275853,-0.114383,0.903859,0.298680,0.041639,-0.001154,-0.105210,0.394821,0.760259,0.505028,-0.467755,-0.850983,0.238817,0.684825,-0.178126,0.706601,0.011982,-0.791800,1.360119,0.101900,0.038422,-0.100688,0.183750,-0.380831,0.169233,0.888837,-0.190517,0.855008,20.206017,0.000000,1,0.018559,-7.231004,30.489017,60.962031,2.279969,57.244597,0.000000
12.741667,5.366667,1,-0.766371,1.456055,0.290334,0.305866,0.276785,-0.114357,0.903747,0.298882,0.041950,-0.001045,-0.106268,0.394791,0.760173,0.504960,-0.467445,-0.851621,0.237143,0.683807,-0.178311,0.707540,0.011603,-0.791800,1.360119,0.101900,0.038096,-0.100511,0.183859,-0.381532,0.168447,0.888691,-0.190492,0.950531,20.217182,0.000000,1,0.017813,-7.281248,30.476548,60.934228,2.291424,57.239347,0.000000
12.775000,5.400000,1,-0.766162,1.455742,0.290455,0.305731,0.277376,-0.114572,0.903584,0.299007,0.042304,-0.000921,-0.106857,0.394935,0.759934,0.505083,-0.466946,-0.852062,0.236541,0.683256,-0.177835,0.708192,0.011858,-0.791800,1.360119,0.101900,0.037732,-0.100413,0.183977,-0.382032,0.168116,0.888597,-0.190223,0.962070,20.249084,0.000000,1,0.017550,-7.340376,30.458428,60.918781,2.305605,57.242160,0.000000
12.808333,5.433333,1,-0.765924,1.455340,0.290603,0.305903,0.278573,-0.114498,0.903167,0.299186,0.042734,-0.000770,-0.107854,0.395624,0.759600,0.504833,-0.467022,-0.852282,0.235596,0.681604,-0.177250,0.709929,0.014693,-0.791800,1.360119,0.101900,0.037287,-0.100269,0.184123,-0.383207,0.167878,0.888158,-0.190118,0.863929,20.226969,0.000000,1,0.017777,-7.411320,30.436851,60.896555,2.323637,57.242439,0.000000
12.841667,5.466667,1,-0.765757,1.454843,0.290662,0.307226,0.280245,-0.113954,0.902269,0.299483,0.043166,-0.000708,-0.108766,0.397554,0.759052,0.503945,-0.468419,-0.851522,0.235572,0.678560,-0.175981,0.713152,0.015818,-0.791800,1.360119,0.101900,0.036837,-0.100001,0.184187,-0.385224,0.168577,0.887124,-0.190253,0.800824,20.200329,0.000000,1,0.018917,-7.479953,30.437415,60.847566,2.341259,57.221806,0.000000
12.875000,5.500000,1,-0.765655,1.454301,0.290576,0.309012,0.281320,-0.113505,0.901381,0.299854,0.043575,-0.000792,-0.108937,0.399633,0.758469,0.503141,-0.469963,-0.850304,0.236893,0.676164,-0.174285,0.715840,0.016760,-0.791800,1.360119,0.101900,0.036411,-0.099648,0.184111,-0.386839,0.169914,0.886154,-0.190305,0.853242,20.254663,0.000000,1,0.020352,-7.543061,30.470283,60.772784,2.357351,57.177692,0.000000
12.908333,5.533333,1,-0.765562,1.453748,0.290412,0.310988,0.281681,-0.113522,0.900586,0.300238,0.043983,-0.000954,-0.108382,0.401565,0.757758,0.502793,-0.470905,-0.849037,0.239553,0.674947,-0.171889,0.717566,0.017513,-0.791800,1.360119,0.101900,0.035987,-0.099278,0.183958,-0.387840,0.171662,0.885452,-0.189965,1.011027,20.356718,0.000000,1,0.021165,-7.605733,30.519868,60.687742,2.373286,57.123129,0.000000
12.941667,5.566667,1,-0.765441,1.453213,0.290216,0.312829,0.281831,-0.113969,0.899845,0.300592,0.044404,-0.001148,-0.107697,0.403284,0.756903,0.502853,-0.471080,-0.848087,0.242553,0.674357,-0.169001,0.718806,0.017480,-0.791800,1.360119,0.101900,0.035553,-0.098936,0.183771,-0.388588,0.173346,0.884950,-0.189249,1.163112,20.579540,0.000000,1,0.021495,-7.671021,30.575164,60.603502,2.389889,57.067332,0.000000
12.975000,5.600000,1,-0.765297,1.452672,0.290064,0.313982,0.282208,-0.114503,0.899257,0.300936,0.044847,-0.001297,-0.107522,0.404488,0.756144,0.503064,-0.470731,-0.847761,0.244364,0.673796,-0.166631,0.719884,0.017409,-0.791800,1.360119,0.101900,0.035097,-0.098608,0.183628,-0.389313,0.174300,0.884601,-0.188512,1.204748,20.699929,0.000000,1,0.021369,-7.740152,30.621274,60.524583,2.407536,57.017239,0.000000
13.008333,5.633333,1,-0.765143,1.452057,0.290063,0.314604,0.282996,-0.114837,0.898749,0.301335,0.045339,-0.001295,-0.107951,0.405400,0.755547,0.503137,-0.470400,-0.847813,0.244819,0.672760,-0.165009,0.721226,0.019019,-0.791800,1.360119,0.101900,0.034582,-0.098237,0.183636,-0.390248,0.174617,0.884237,-0.187992,1.111352,20.758474,0.000000,1,0.020792,-7.816239,30.639006,60.451603,2.427234,56.979052,0.000000
13.041667,5.666667,1,-0.764928,1.451394,0.290274,0.314518,0.284880,-0.114606,0.898213,0.301736,0.045908,-0.001081,-0.109679,0.406165,0.755180,0.502697,-0.470533,-0.848349,0.242701,0.670157,-0.164652,0.723726,0.021834,-0.791800,1.360119,0.101900,0.033985,-0.097883,0.183853,-0.391981,0.173907,0.883612,-0.187983,0.985254,20.758997,0.000000,1,0.019587,-7.904822,30.614099,60.398291,2.450548,56.964265,0.000000
13.075000,5.700000,1,-0.764549,1.450742,0.290670,0.313488,0.288230,-0.113949,0.897588,0.302031,0.046599,-0.000679,-0.113142,0.406736,0.754927,0.501847,-0.470697,-0.849753,0.237410,0.665677,-0.165431,0.727672,0.025567,-0.791800,1.360119,0.101900,0.033265,-0.097653,0.184247,-0.394772,0.171816,0.882704,-0.188329,0.905360,20.712564,0.000000,1,0.018244,-8.016168,30.548037,60.377063,2.480482,56.978891,0.000000
13.108333,5.733333,1,-0.763963,1.450073,0.291218,0.311925,0.292915,-0.112666,0.896777,0.302216,0.047464,-0.000123,-0.118040,0.407425,0.754792,0.500361,-0.471411,-0.851521,0.229527,0.659151,-0.167289,0.733167,0.031334,-0.791800,1.360119,0.101900,0.032372,-0.097553,0.184780,-0.398645,0.168785,0.881366,-0.189178,0.892439,20.633779,0.000000,1,0.017404,-8.159207,30.447827,60.383893,2.519847,57.018717,0.000000
13.141667,5.766667,1,-0.763255,1.449322,0.291852,0.309733,0.297822,-0.111045,0.896123,0.302394,0.048475,0.000520,-0.123418,0.407646,0.754947,0.498645,-0.472242,-0.853524,0.220193,0.652279,-0.170355,0.738587,0.036339,-0.791800,1.360119,0.101900,0.031331,-0.097473,0.185394,-0.402520,0.165090,0.880039,-0.190407,0.847760,20.566249,0.000000,1,0.017305,-8.326876,30.330327,60.397043,2.566766,57.067185,0.000000
13.175000,5.800000,1,-0.762614,1.448404,0.292525,0.307706,0.303148,-0.109630,0.895209,0.302746,0.049532,0.001202,-0.129099,0.408204,0.754781,0.496999,-0.472651,-0.855648,0.210872,0.644854,-0.172723,0.744533,0.039194,-0.791800,1.360119,0.101900,0.030233,-0.097225,0.186057,-0.406834,0.161407,0.878534,-0.191341,0.784331,20.484442,0.000000,1,0.017684,-8.497805,30.211576,60.386164,2.615055,57.103386,0.000000
13.208333,5.833333,1,-0.762063,1.447293,0.293213,0.305297,0.309109,-0.108677,0.894111,0.303305,0.050633,0.001899,-0.135517,0.408707,0.754246,0.495688,-0.471857,-0.858515,0.200756,0.636968,-0.174504,0.750879,0.042548,-0.791800,1.360119,0.101900,0.029078,-0.096774,0.186745,-0.411599,0.157142,0.876993,-0.191771,0.777338,20.379983,0.000000,1,0.018466,-8.670385,30.098092,60.343518,2.664157,57.121340,0.000000
13.241667,5.866667,1,-0.761300,1.446092,0.293810,0.302766,0.316125,-0.106864,0.892736,0.303809,0.051959,0.002506,-0.142938,0.409568,0.753851,0.493488,-0.472076,-0.861119,0.188727,0.626948,-0.177446,0.758583,0.046293,-0.791800,1.360119,0.101900,0.027705,-0.096384,0.187333,-0.417326,0.152426,0.874871,-0.192890,0.751178,20.392543,0.000000,1,0.019544,-8.881514,30.003046,60.293445,2.724721,57.130164,0.000000
13.275000,5.900000,1,-0.760253,1.444930,0.294212,0.300501,0.323030,-0.104041,0.891362,0.304109,0.053490,0.002923,-0.150144,0.410612,0.753909,0.490383,-0.473962,-0.862711,0.176325,0.616107,-0.181843,0.766385,0.048453,-0.791800,1.360119,0.101900,0.026146,-0.096197,0.187710,-0.423064,0.148018,0.872411,-0.194955,0.771571,20.496745,0.000000,1,0.020956,-9.131790,29.941209,60.248384,2.796659,57.131886,0.000000
13.308333,5.933333,1,-0.759430,1.443875,0.294529,0.298933,0.327793,-0.101833,0.890405,0.304458,0.054779,0.003251,-0.155118,0.411326,0.754056,0.488004,-0.475580,-0.863574,0.167521,0.608357,-0.185326,0.771723,0.041231,-0.791800,1.360119,0.101900,0.024830,-0.095941,0.188010,-0.427025,0.144977,0.870616,-0.196621,0.721022,20.694215,0.000000,1,0.020965,-9.339570,29.897987,60.192138,2.855694,57.121623,0.000000
13.341667,5.966667,1,-0.759310,1.442944,0.294798,0.298252,0.329033,-0.101446,0.890220,0.305131,0.055432,0.003523,-0.156534,0.411269,0.754068,0.487583,-0.475520,-0.864096,0.164980,0.606586,-0.186242,0.772896,0.029289,-0.791800,1.360119,0.101900,0.024129,-0.095325,0.188299,-0.427960,0.143925,0.870267,-0.196906,0.789640,20.787053,0.000000,1,0.021002,-9.431979,29.874095,60.098084,2.880304,57.084361,0.000000
13.375000,6.000000,1,-0.759679,1.442184,0.294841,0.299715,0.326995,-0.101870,0.890431,0.305961,0.055595,0.003562,-0.154055,0.411671,0.754062,0.488042,-0.476163,-0.862868,0.169491,0.609188,-0.184684,0.771221,0.025396,-0.791800,1.360119,0.101900,0.023918,-0.094510,0.188384,-0.426545,0.145985,0.870688,-0.196597,0.912637,20.723402,0.000000,1,0.022567,-9.437900,29.899905,59.970458,2.879002,57.013348,0.000000
13.408333,6.033333,1,-0.760017,1.441644,0.294641,0.301981,0.323886,-0.102124,0.890773,0.306594,0.055651,0.003359,-0.150259,0.412311,0.754246,0.488401,-0.477774,-0.860656,0.176081,0.612841,-0.182929,0.768741,0.020024,-0.791800,1.360119,0.101900,0.023832,-0.093869,0.188219,-0.424408,0.149167,0.871215,-0.196499,1.000412,20.668953,0.000000,1,0.023130,-9.431745,29.967267,59.850810,2.873561,56.933760,0.000000
13.441667,6.066667,1,-0.760215,1.441258,0.294361,0.304063,0.321595,-0.102100,0.890897,0.307020,0.055729,0.003077,-0.147279,0.413152,0.754363,0.488416,-0.479517,-0.858584,0.181376,0.615190,-0.181511,0.767200,0.015502,-0.791800,1.360119,0.101900,0.023740,-0.093430,0.187962,-0.422977,0.151907,0.871421,-0.196574,1.111652,20.710667,0.000000,1,0.022858,-9.434734,30.042796,59.753906,2.870329,56.863803,0.000000
13.475000,6.100000,1,-0.760570,1.440901,0.294102,0.306761,0.319325,-0.102361,0.890759,0.307517,0.055663,0.002814,-0.144044,0.414555,0.754121,0.488567,-0.481107,-0.856305,0.187823,0.617449,-0.178893,0.765999,0.016978,-0.791800,1.360119,0.101900,0.023786,-0.092914,0.187733,-0.421765,0.155217,0.871492,-0.196277,1.149791,20.787719,0.000000,1,0.023002,-9.412166,30.116071,59.652148,2.859508,56.791808,0.000000
13.508333,6.133333,1,-0.761105,1.440555,0.293840,0.310579,0.316551,-0.102960,0.890357,0.308114,0.055447,0.002546,-0.139858,0.416738,0.753492,0.488895,-0.482843,-0.853326,0.196718,0.620188,-0.174622,0.764770,0.020668,-0.791800,1.360119,0.101900,0.023976,-0.092290,0.187512,-0.420453,0.159750,0.871468,-0.195560,1.120069,20.827012,0.000000,1,0.023551,-9.361945,30.193188,59.538799,2.840565,56.712378,0.000000
13.541667,6.166667,1,-0.761521,1.440208,0.293602,0.313706,0.314235,-0.103285,0.890043,0.308639,0.055326,0.002304,-0.136390,0.418506,0.753065,0.489022,-0.484510,-0.850692,0.203896,0.622371,-0.171419,0.763721,0.017748,-0.791800,1.360119,0.101900,0.024076,-0.091744,0.187308,-0.419340,0.163482,0.871407,-0.195134,1.014623,20.855596,0.000000,1,0.023334,-9.329403,30.263430,59.435845,2.826632,56.640804,0.000000
13.575000,6.200000,1,-0.761772,1.439875,0.293380,0.315821,0.311856,-0.103561,0.890100,0.309055,0.055328,0.002079,-0.133316,0.419338,0.752988,0.489276,-0.485671,-0.848647,0.209573,0.625029,-0.169529,0.761970,0.014165,-0.791800,1.360119,0.101900,0.024057,-0.091316,0.187110,-0.417828,0.166277,0.871656,-0.194905,0.910228,20.903094,0.000000,1,0.023023,-9.320350,30.326591,59.348024,2.819376,56.579649,0.000000
13.608333,6.233333,1,-0.762062,1.439519,0.293255,0.317747,0.309235,-0.103988,0.890279,0.309514,0.055311,0.001951,-0.130109,0.419894,0.752951,0.489720,-0.486492,-0.846734,0.215330,0.628206,-0.167726,0.759753,0.014293,-0.791800,1.360119,0.101900,0.024052,-0.090849,0.187012,-0.416025,0.168973,0.872071,-0.194585,0.821811,20.952634,0.000000,1,0.022670,-9.307031,30.371932,59.263807,2.810859,56.525766,0.000000
13.641667,6.266667,1,-0.762465,1.439100,0.293273,0.319805,0.306869,-0.104528,0.890298,0.310091,0.055242,0.001966,-0.127072,0.420682,0.752722,0.490193,-0.487127,-0.844872,0.221132,0.631044,-0.165474,0.757893,0.017457,-0.791800,1.360119,0.101900,0.024088,-0.090271,0.187065,-0.414500,0.171705,0.872372,-0.194096,0.818029,20.990558,0.000000,1,0.022344,-9.281642,30.392865,59.177245,2.798898,56.477899,0.000000
13.675000,6.300000,1,-0.762924,1.438699,0.293244,0.322106,0.304359,-0.105119,0.890260,0.310686,0.055117,0.001932,-0.123797,0.421625,0.752419,0.490685,-0.487806,-0.842793,0.227475,0.634009,-0.162921,0.755969,0.018278,-0.791800,1.360119,0.101900,0.024179,-0.089669,0.187073,-0.412922,0.174717,0.872647,-0.193538,0.831314,20.985444,0.000000,1,0.022824,-9.246849,30.423908,59.084587,2.784197,56.423676,0.000000
13.708333,6.333333,1,-0.763408,1.438423,0.293053,0.324327,0.301697,-0.105743,0.890286,0.311197,0.054898,0.001735,-0.120422,0.422429,0.752157,0.491235,-0.488374,-0.840711,0.233871,0.637233,-0.160484,0.753777,0.017689,-0.791800,1.360119,0.101900,0.024375,-0.089135,0.186918,-0.411173,0.177703,0.872994,-0.192975,0.882864,21.005681,0.000000,1,0.023512,-9.199008,30.483673,58.990991,2.765578,56.360165,0.000000
13.741667,6.366667,1,-0.763829,1.438238,0.292802,0.325570,0.300023,-0.106176,0.890346,0.311597,0.054676,0.001479,-0.118368,0.422796,0.752014,0.491638,-0.488563,-0.839527,0.237696,0.639346,-0.159073,0.752285,0.015726,-0.791800,1.360119,0.101900,0.024582,-0.088707,0.186696,-0.410021,0.179434,0.873264,-0.192602,1.152841,21.035206,0.000000,1,0.023504,-9.153772,30.551110,58.908190,2.747559,56.300057,0.000000
13.775000,6.400000,1,-0.764091,1.438034,0.292621,0.325668,0.299267,-0.106589,0.890516,0.311917,0.054592,0.001295,-0.117644,0.422547,0.751978,0.492080,-0.488034,-0.839488,0.238922,0.640646,-0.158623,0.751273,0.011342,-0.791800,1.360119,0.101900,0.024654,-0.088373,0.186536,-0.409338,0.179773,0.873584,-0.192288,1.303086,21.056865,0.000000,1,0.022927,-9.133132,30.601818,58.841161,2.736576,56.253525,0.000000
13.808333,6.433333,1,-0.764215,1.437746,0.292455,0.325502,0.298753,-0.106813,0.890722,0.312220,0.054668,0.001128,-0.117257,0.422170,0.752060,0.492372,-0.487642,-0.839591,0.239360,0.641581,-0.158686,0.750462,0.010632,-0.791800,1.360119,0.101900,0.024566,-0.088064,0.186385,-0.408798,0.179784,0.873862,-0.192164,1.270906,21.134928,0.000000,1,0.023188,-9.139402,30.649739,58.774066,2.733467,56.208107,0.000000
13.841667,6.466667,1,-0.764322,1.437426,0.292221,0.325197,0.297867,-0.106729,0.891140,0.312539,0.054777,0.000893,-0.116598,0.421500,0.752466,0.492481,-0.487735,-0.839442,0.239690,0.642859,-0.159601,0.749173,0.012323,-0.791800,1.360119,0.101900,0.024447,-0.087737,0.186167,-0.407873,0.179796,0.874237,-0.192415,1.263718,21.177007,0.000000,1,0.024007,-9.150826,30.711974,58.696905,2.731979,56.153222,0.000000
13.875000,6.500000,1,-0.764478,1.437083,0.292017,0.324671,0.296638,-0.106757,0.891739,0.312905,0.054861,0.000688,-0.115730,0.420479,0.752981,0.492772,-0.487566,-0.839419,0.240115,0.644772,-0.160748,0.747282,0.012857,-0.791800,1.360119,0.101900,0.024349,-0.087363,0.185982,-0.406550,0.179710,0.874822,-0.192634,1.265221,21.162484,0.000000,1,0.024167,-9.156779,30.770344,58.615888,2.728992,56.097466,0.000000
13.908333,6.533333,1,-0.764634,1.436643,0.291923,0.324660,0.294929,-0.107511,0.892219,0.313351,0.055003,0.000593,-0.114200,0.419709,0.753065,0.493655,-0.486526,-0.839370,0.242383,0.647647,-0.160298,0.744888,0.014301,-0.791800,1.360119,0.101900,0.024186,-0.086921,0.185910,-0.404936,0.180260,0.875568,-0.192131,1.296180,21.139970,0.000000,1,0.024048,-9.170045,30.810152,58.532350,2.728198,56.046073,0.000000
13.941667,6.566667,1,-0.764768,1.436124,0.291812,0.326297,0.292431,-0.108876,0.892278,0.313845,0.055209,0.000481,-0.111230,0.420066,0.752502,0.494886,-0.485431,-0.838254,0.248368,0.651358,-0.157264,0.742294,0.016409,-0.791800,1.360119,0.101900,0.023955,-0.086433,0.185821,-0.403124,0.182624,0.876184,-0.190894,1.389295,21.129808,0.000000,1,0.024754,-9.192624,30.856109,58.437794,2.730161,55.987245,0.000000
13.975000,6.600000,1,-0.764857,1.435583,0.291618,0.328728,0.290339,-0.109998,0.891931,0.314329,0.055465,0.000287,-0.108271,0.421315,0.751689,0.495717,-0.485084,-0.836482,0.254934,0.654018,-0.153517,0.740738,0.017440,-0.791800,1.360119,0.101900,0.023678,-0.085952,0.185649,-0.401963,0.185609,0.876346,-0.189718,1.517503,21.123770,0.000000,1,0.025625,-9.223712,30.918619,58.334981,2.734534,55.919353,0.000000
14.008333,6.633333,1,-0.764877,1.435057,0.291403,0.330523,0.289699,-0.110382,0.891429,0.314760,0.055768,0.000072,-0.106898,0.422639,0.751070,0.495825,-0.485461,-0.835157,0.258534,0.654440,-0.151067,0.740869,0.017079,-0.791800,1.360119,0.101900,0.023358,-0.085525,0.185450,-0.401960,0.187518,0.876061,-0.189161,1.574205,21.228362,0.000000,1,0.025829,-9.263803,30.983646,58.236690,2.741322,55.853293,0.000000
14.041667,6.666667,1,-0.764907,1.434671,0.291169,0.332203,0.288898,-0.110631,0.891033,0.315085,0.055979,-0.000162,-0.105433,0.423788,0.750607,0.495860,-0.486014,-0.833754,0.262001,0.655029,-0.149054,0.740756,0.013566,-0.791800,1.360119,0.101900,0.023137,-0.085198,0.185229,-0.401771,0.189374,0.875832,-0.188775,1.527378,21.386700,0.000000,1,0.025431,-9.291551,31.047418,58.155257,2.744321,55.796352,0.000000
14.075000,6.700000,1,-0.765088,1.434451,0.290920,0.334605,0.285840,-0.111803,0.890974,0.315368,0.055970,-0.000413,-0.101621,0.424579,0.750024,0.496860,-0.485606,-0.831606,0.269476,0.659021,-0.145725,0.737872,0.011362,-0.791800,1.360119,0.101900,0.023139,-0.084899,0.184997,-0.399699,0.192656,0.876300,-0.187674,1.513484,21.465589,0.000000,1,0.025062,-9.284388,31.111018,58.084523,2.737275,55.744671,0.000000
14.108333,6.733333,1,-0.765307,1.434156,0.290840,0.336508,0.283304,-0.112937,0.890924,0.315735,0.055973,-0.000494,-0.098499,0.425157,0.749467,0.497834,-0.484917,-0.829976,0.275671,0.662465,-0.142805,0.735355,0.011264,-0.791800,1.360119,0.101900,0.023118,-0.084529,0.184939,-0.397947,0.195291,0.876742,-0.186611,1.488050,21.545149,0.000000,1,0.024385,-9.276875,31.144307,58.017755,2.730239,55.704033,0.000000
14.141667,6.766667,1,-0.765336,1.433687,0.290991,0.337134,0.283580,-0.113272,0.890557,0.316128,0.056231,-0.000343,-0.098467,0.425843,0.748992,0.497968,-0.484663,-0.829812,0.276610,0.662086,-0.141370,0.735973,0.014817,-0.791800,1.360119,0.101900,0.022832,-0.084161,0.185104,-0.398405,0.195785,0.876521,-0.186151,1.515304,21.575361,0.000000,1,0.023450,-9.309889,31.134204,57.963378,2.734721,55.683123,0.000000
14.175000,6.800000,1,-0.765224,1.433165,0.291250,0.337153,0.284781,-0.113606,0.890124,0.316479,0.056632,-0.000082,-0.099535,0.426399,0.748462,0.498078,-0.484023,-0.830468,0.275763,0.660701,-0.140205,0.737439,0.017802,-0.791800,1.360119,0.101900,0.022403,-0.083850,0.185372,-0.399522,0.195392,0.876205,-0.185660,1.534299,21.567761,0.000000,1,0.022824,-9.367153,31.101349,57.922745,2.746011,55.676282,0.000000
14.208333,6.833333,1,-0.765022,1.432625,0.291527,0.336951,0.286539,-0.113865,0.889603,0.316790,0.057115,0.000198,-0.101200,0.427006,0.747888,0.498084,-0.483341,-0.831449,0.273997,0.658596,-0.139156,0.739518,0.019176,-0.791800,1.360119,0.101900,0.021894,-0.083585,0.185653,-0.401085,0.194605,0.875762,-0.185201,1.493806,21.552095,0.000000,1,0.022721,-9.438600,31.063523,57.887937,2.761322,55.673972,0.000000
14.241667,6.866667,1,-0.764683,1.432049,0.291832,0.336699,0.289444,-0.113333,0.888826,0.317048,0.057730,0.000508,-0.103918,0.428076,0.747444,0.497272,-0.483843,-0.832336,0.270395,0.654397,-0.138942,0.743276,0.022061,-0.791800,1.360119,0.101900,0.021255,-0.083382,0.185955,-0.403720,0.193399,0.874782,-0.185371,1.445179,21.519796,0.000000,1,0.022648,-9.532685,31.018647,57.860496,2.783032,55.677716,0.000000
14.275000,6.900000,1,-0.764369,1.431464,0.292192,0.336409,0.292013,-0.112771,0.888167,0.317328,0.058328,0.000872,-0.106352,0.428962,0.747116,0.496485,-0.484383,-0.833107,0.267032,0.650623,-0.138987,0.746574,0.022634,-0.791800,1.360119,0.101900,0.020629,-0.083160,0.186313,-0.406031,0.192271,0.873909,-0.185618,1.467692,21.503594,0.000000,1,0.022360,-9.623297,30.963965,57.835239,2.803859,55.685308,0.000000
14.308333,6.933333,1,-0.764231,1.430893,0.292538,0.337166,0.293396,-0.112641,0.887440,0.317704,0.058778,0.001221,-0.107256,0.430258,0.746534,0.496045,-0.484870,-0.832925,0.266715,0.648334,-0.137634,0.748813,0.020461,-0.791800,1.360119,0.101900,0.020147,-0.082833,0.186668,-0.407577,0.192525,0.873170,-0.185443,1.440857,21.468039,0.000000,1,0.022542,-9.687122,30.915148,57.797995,2.817357,55.684434,0.000000
14.341667,6.966667,1,-0.764221,1.430310,0.292840,0.338883,0.294350,-0.112773,0.886453,0.318164,0.059134,0.001524,-0.107348,0.432224,0.745602,0.495717,-0.485481,-0.832013,0.268445,0.646419,-0.134892,0.750963,0.019684,-0.791800,1.360119,0.101900,0.019755,-0.082413,0.186985,-0.409038,0.193829,0.872309,-0.184921,1.417919,21.441746,0.000000,1,0.023119,-9.733295,30.878730,57.745490,2.826076,55.671584,0.000000
14.375000,7.000000,1,-0.764263,1.429743,0.293039,0.340593,0.294494,-0.113379,0.885672,0.318645,0.059440,0.001723,-0.106716,0.433825,0.744639,0.495904,-0.485383,-0.831130,0.271342,0.645946,-0.131750,0.751928,0.018091,-0.791800,1.360119,0.101900,0.019416,-0.081965,0.187202,-0.409731,0.195390,0.871821,-0.184043,1.404461,21.396871,0.000000,1,0.023897,-9.770732,30.863692,57.680867,2.832409,55.645896,0.000000
14.408333,7.033333,1,-0.764269,1.429263,0.293154,0.341386,0.294086,-0.113952,0.885429,0.319031,0.059722,0.001839,-0.105996,0.434356,0.744166,0.496302,-0.484898,-0.830743,0.273386,0.646583,-0.130038,0.751679,0.014792,-0.791800,1.360119,0.101900,0.019107,-0.081602,0.187332,-0.409602,0.196267,0.871817,-0.183414,1.446722,21.340170,0.000000,1,0.024000,-9.807015,30.861160,57.622850,2.838258,55.619906,0.000000
14.441667,7.066667,1,-0.764233,1.428905,0.293269,0.340644,0.294202,-0.114012,0.885668,0.319297,0.059965,0.001955,-0.106430,0.433744,0.744352,0.496467,-0.484387,-0.831418,0.272236,0.646766,-0.130775,0.751393,0.011336,-0.791800,1.360119,0.101900,0.018846,-0.081359,0.187455,-0.409459,0.195524,0.872042,-0.183454,1.478839,21.347019,0.000000,1,0.023335,-9.840128,30.853066,57.584681,2.842995,55.605832,0.000000
14.475000,7.100000,1,-0.764225,1.428683,0.293371,0.339689,0.294052,-0.114037,0.886082,0.319470,0.060104,0.002057,-0.106719,0.432820,0.744707,0.496678,-0.483844,-0.832140,0.270996,0.647379,-0.131955,0.750659,0.007325,-0.791800,1.360119,0.101900,0.018694,-0.081201,0.187562,-0.408998,0.194669,0.872420,-0.183596,1.552103,21.280983,0.000000,1,0.022736,-9.858880,30.842485,57.562603,2.843617,55.600622,0.000000
14.508333,7.133333,1,-0.764216,1.428564,0.293450,0.339459,0.293542,-0.114190,0.886319,0.319560,0.060182,0.002136,-0.106363,0.432387,0.744848,0.496920,-0.483515,-0.832240,0.271275,0.648280,-0.132223,0.749834,0.004297,-0.791800,1.360119,0.101900,0.018608,-0.081120,0.187644,-0.408442,0.194621,0.872701,-0.183551,1.621928,21.215124,0.000000,1,0.022353,-9.870156,30.832167,57.552952,2.842151,55.601602,0.000000
14.541667,7.166667,1,-0.764195,1.428518,0.293506,0.339128,0.293202,-0.114221,0.886554,0.319585,0.060226,0.002192,-0.106205,0.431939,0.745042,0.497054,-0.483316,-0.832400,0.271139,0.648903,-0.132733,0.749204,0.002265,-0.791800,1.360119,0.101900,0.018561,-0.081102,0.187700,-0.408013,0.194421,0.872932,-0.183618,1.646974,21.184981,0.000000,1,0.074676,-9.870156,30.832167,57.552952,2.842151,55.601602,0.000000
14.575000,7.200000,1,-0.764283,1.428550,0.293551,0.337656,0.292784,-0.114401,0.887231,0.319612,0.060136,0.002236,-0.106485,0.430434,0.745560,0.497523,-0.482264,-0.833535,0.269520,0.650196,-0.134396,0.747785,0.003107,-0.791800,1.360119,0.101900,0.018647,-0.081072,0.187749,-0.407125,0.193163,0.873604,-0.183722,1.706992,21.137862,0.000000,1,0.021681,-9.862454,30.814680,57.555086,2.835467,55.610462,0.000000
14.608333,7.233333,1,-0.764543,1.428660,0.293580,0.335105,0.291641,-0.114901,0.888509,0.319681,0.059862,0.002262,-0.106592,0.427639,0.746466,0.498549,-0.480173,-0.835466,0.267264,0.653135,-0.137147,0.744718,0.008522,-0.791800,1.360119,0.101900,0.018916,-0.080990,0.187790,-0.405191,0.191122,0.874940,-0.183774,1.735406,21.044216,0.000000,1,0.021745,-9.817556,30.810537,57.554121,2.818636,55.613132,0.000000
14.641667,7.266667,1,-0.765015,1.428871,0.293438,0.333207,0.288062,-0.116294,0.890207,0.319795,0.059360,0.002114,-0.104222,0.424345,0.747340,0.500552,-0.477171,-0.836617,0.269034,0.659712,-0.138759,0.738597,0.016081,-0.791800,1.360119,0.101900,0.019416,-0.080839,0.187668,-0.401183,0.190502,0.877045,-0.183174,1.815198,20.803667,0.000000,1,0.022886,-9.734840,30.841069,57.535613,2.791580,55.595797,0.000000
14.675000,7.300000,1,-0.765481,1.429154,0.293061,0.332356,0.283462,-0.118050,0.891770,0.319848,0.058821,0.001731,-0.100472,0.421534,0.747928,0.502809,-0.474176,-0.836836,0.273612,0.667427,-0.138983,0.731591,0.019881,-0.791800,1.360119,0.101900,0.019963,-0.080732,0.187309,-0.396566,0.191211,0.879194,-0.182188,1.770108,20.563088,0.000000,1,0.024481,-9.648107,30.915491,57.503994,2.763604,55.558552,0.000000
14.708333,7.333333,1,-0.765630,1.429407,0.292742,0.330765,0.281688,-0.118627,0.892846,0.319733,0.058554,0.001410,-0.099587,0.419319,0.748620,0.503808,-0.472520,-0.837839,0.273407,0.670804,-0.140698,0.728166,0.013003,-0.791800,1.360119,0.101900,0.020248,-0.080811,0.186992,-0.394364,0.190291,0.880403,-0.182091,1.708831,20.578539,0.000000,1,0.023766,-9.609125,30.972860,57.496123,2.748860,55.539304,0.000000
14.741667,7.366667,1,-0.765574,1.429593,0.292630,0.328624,0.281454,-0.118634,0.893709,0.319551,0.058487,0.001299,-0.100329,0.417295,0.749381,0.504210,-0.471414,-0.839423,0.270440,0.671957,-0.143275,0.726599,0.006715,-0.791800,1.360119,0.101900,0.020329,-0.080982,0.186872,-0.393426,0.188342,0.881170,-0.182433,1.726421,20.629813,0.000000,1,0.022305,-9.604171,30.987057,57.514054,2.743640,55.546572,0.000000
14.775000,7.400000,1,-0.765543,1.429714,0.292707,0.326888,0.280972,-0.118845,0.894469,0.319436,0.058438,0.001376,-0.100667,0.415525,0.749959,0.504745,-0.470198,-0.840735,0.268476,0.673417,-0.145144,0.724875,0.004406,-0.791800,1.360119,0.101900,0.020381,-0.081098,0.186944,-0.392388,0.186856,0.881927,-0.182544,1.852523,20.605095,0.000000,1,0.021156,-9.600065,30.966613,57.540133,2.738932,55.568144,0.000000
14.808333,7.433333,1,-0.765493,1.429764,0.292928,0.325535,0.281249,-0.118976,0.894858,0.319368,0.058446,0.001597,-0.101516,0.414437,0.750245,0.505043,-0.469252,-0.841956,0.266293,0.673668,-0.146347,0.724399,0.006959,-0.791800,1.360119,0.101900,0.020370,-0.081181,0.187160,-0.392188,0.185479,0.882299,-0.182578,1.977059,20.495659,0.000000,1,0.020363,-9.603672,30.919727,57.571975,2.736647,55.600408,0.000000
14.841667,7.466667,1,-0.765331,1.429778,0.293180,0.324417,0.282851,-0.118702,0.894795,0.319260,0.058564,0.001851,-0.103450,0.414151,0.750316,0.504781,-0.468988,-0.843178,0.262870,0.671802,-0.147351,0.725926,0.008989,-0.791800,1.360119,0.101900,0.020249,-0.081311,0.187402,-0.393312,0.183887,0.882086,-0.182799,2.077109,20.334510,0.000000,1,0.020171,-9.626034,30.865498,57.610081,2.739799,55.638121,0.000000
14.875000,7.500000,1,-0.765171,1.429762,0.293388,0.323981,0.284826,-0.118217,0.894391,0.319178,0.058700,0.002061,-0.105416,0.414640,0.750179,0.504176,-0.469389,-0.843863,0.259941,0.669025,-0.147762,0.728404,0.007911,-0.791800,1.360119,0.101900,0.020111,-0.081415,0.187601,-0.395018,0.182818,0.881488,-0.183079,2.096860,20.244257,0.000000,1,0.020541,-9.650594,30.820964,57.639670,2.743894,55.668353,0.000000
14.908333,7.533333,1,-0.765073,1.429649,0.293578,0.324171,0.286393,-0.117659,0.893895,0.319210,0.058844,0.002252,-0.106738,0.415508,0.749993,0.503459,-0.470272,-0.843882,0.258277,0.666480,-0.147764,0.730732,0.007235,-0.791800,1.360119,0.101900,0.019960,-0.081403,0.187788,-0.396557,0.182480,0.880801,-0.183392,2.068449,20.231958,0.000000,1,0.021142,-9.673339,30.785522,57.649362,2.747906,55.685329,0.000000
14.941667,7.566667,1,-0.764918,1.429404,0.293852,0.323925,0.288461,-0.116812,0.893430,0.319314,0.059112,0.002529,-0.108703,0.416208,0.749964,0.502502,-0.471351,-0.844203,0.255244,0.663230,-0.148525,0.733530,0.011963,-0.791800,1.360119,0.101900,0.019677,-0.081332,0.188060,-0.398423,0.181568,0.880024,-0.183984,2.086286,20.251080,0.000000,1,0.021173,-9.713967,30.737562,57.652590,2.757162,55.702727,0.000000
14.975000,7.600000,1,-0.764640,1.429071,0.294095,0.323565,0.290367,-0.116093,0.893037,0.319414,0.059532,0.002776,-0.110574,0.416734,0.749942,0.501691,-0.472160,-0.844637,0.252296,0.660318,-0.149278,0.736000,0.014927,-0.791800,1.360119,0.101900,0.019244,-0.081271,0.188297,-0.400096,0.180599,0.879359,-0.184487,2.145069,20.264166,0.000000,1,0.021759,-9.779251,30.696585,57.649164,2.773456,55.714794,0.000000
15.008333,7.633333,1,-0.764279,1.428731,0.294273,0.322887,0.292274,-0.115424,0.892747,0.319470,0.060023,0.002958,-0.112586,0.416976,0.749988,0.500973,-0.472701,-0.845338,0.248911,0.657556,-0.150314,0.738259,0.015810,-0.791800,1.360119,0.101900,0.018744,-0.081255,0.188464,-0.401662,0.179328,0.878800,-0.184985,2.128489,20.268328,0.000000,1,0.022236,-9.857196,30.667194,57.643951,2.793331,55.722608,0.000000
15.041667,7.666667,1,-0.763958,1.428387,0.294505,0.321688,0.294397,-0.114794,0.892563,0.319553,0.060484,0.003194,-0.115025,0.416848,0.750112,0.500340,-0.472859,-0.846517,0.244568,0.654725,-0.151797,0.740468,0.015741,-0.791800,1.360119,0.101900,0.018271,-0.081213,0.188687,-0.403253,0.177490,0.878338,-0.185490,2.155608,20.255433,0.000000,1,0.021899,-9.929525,30.628245,57.640562,2.811691,55.734103,0.000000
15.075000,7.700000,1,-0.763720,1.428010,0.294749,0.321644,0.296095,-0.114300,0.892081,0.319712,0.060898,0.003442,-0.116568,0.417565,0.749909,0.499689,-0.473447,-0.846791,0.242474,0.652092,-0.151902,0.742766,0.015234,-0.791800,1.360119,0.101900,0.017840,-0.081094,0.188928,-0.404833,0.176887,0.877678,-0.185749,2.187643,20.222761,0.000000,1,0.022015,-9.992051,30.590034,57.627809,2.827468,55.740330,0.000000
15.108333,7.733333,1,-0.763460,1.427602,0.294923,0.322595,0.297739,-0.113569,0.891283,0.319882,0.061349,0.003620,-0.117621,0.419149,0.749533,0.498679,-0.474969,-0.846154,0.241719,0.648951,-0.151268,0.745642,0.015423,-0.791800,1.360119,0.101900,0.017374,-0.080960,0.189100,-0.406703,0.177248,0.876665,-0.186103,2.196404,20.212955,0.000000,1,0.022667,-10.060123,30.566484,57.605224,2.844869,55.737133,0.000000
15.141667,7.766667,1,-0.763114,1.427153,0.295051,0.323515,0.299883,-0.112586,0.890355,0.320034,0.061895,0.003752,-0.119137,0.420927,0.749154,0.497388,-0.476823,-0.845537,0.240223,0.644944,-0.150852,0.749193,0.017449,-0.791800,1.360119,0.101900,0.016817,-0.080848,0.189221,-0.409034,0.177417,0.875432,-0.186636,2.207545,20.252461,0.000000,1,0.023234,-10.143918,30.552397,57.577944,2.866655,55.728898,0.000000
15.175000,7.800000,1,-0.762790,1.426667,0.295122,0.324642,0.301270,-0.112107,0.889537,0.320227,0.062446,0.003828,-0.119882,0.422554,0.748647,0.496593,-0.478047,-0.844859,0.240177,0.642233,-0.149687,0.751752,0.017663,-0.791800,1.360119,0.101900,0.016253,-0.080690,0.189288,-0.410717,0.178026,0.874496,-0.186748,2.193333,20.298059,0.000000,1,0.023908,-10.227335,30.551582,57.538236,2.888398,55.710291,0.000000
15.208333,7.833333,1,-0.762585,1.426166,0.295123,0.325361,0.301467,-0.111805,0.889246,0.320504,0.062910,0.003833,-0.119740,0.423285,0.748524,0.496190,-0.478916,-0.844188,0.240803,0.641452,-0.149251,0.752505,0.016211,-0.791800,1.360119,0.101900,0.015774,-0.080441,0.189292,-0.411150,0.178647,0.874131,-0.186911,2.193058,20.346322,0.000000,1,0.024673,-10.294521,30.568082,57.481036,2.905688,55.677316,0.000000
15.241667,7.866667,1,-0.762431,1.425705,0.295062,0.325389,0.301446,-0.111458,0.889286,0.320779,0.063312,0.003774,-0.119710,0.423299,0.748715,0.495897,-0.479513,-0.843916,0.240568,0.641225,-0.149810,0.752587,0.014720,-0.791800,1.360119,0.101900,0.015359,-0.080184,0.189236,-0.411149,0.178687,0.874051,-0.187252,2.233182,20.394035,0.000000,1,0.025103,-10.351677,30.596870,57.419354,2.920053,55.638371,0.000000
15.275000,7.900000,1,-0.762287,1.425356,0.294957,0.326003,0.301186,-0.111413,0.889154,0.320970,0.063638,0.003671,-0.119203,0.423733,0.748618,0.495794,-0.479957,-0.843342,0.241693,0.641300,-0.149276,0.752629,0.011742,-0.791800,1.360119,0.101900,0.015027,-0.080006,0.189133,-0.411114,0.179357,0.873932,-0.187241,2.257784,20.435305,0.000000,1,0.024955,-10.399091,30.629921,57.368614,2.931411,55.603899,0.000000
15.308333,7.933333,1,-0.762207,1.425109,0.294890,0.326855,0.300589,-0.111624,0.889018,0.321120,0.063851,0.003605,-0.118289,0.424230,0.748402,0.495915,-0.480152,-0.842651,0.243709,0.641924,-0.148194,0.752311,0.008056,-0.791800,1.360119,0.101900,0.014808,-0.079864,0.189069,-0.410838,0.180360,0.873908,-0.186992,2.280873,20.501734,0.000000,1,0.024297,-10.429636,30.652594,57.331420,2.937870,55.579451,0.000000
15.341667,7.966667,1,-0.762230,1.424953,0.294851,0.327021,0.299579,-0.111944,0.889257,0.321257,0.063927,0.003567,-0.117309,0.423929,0.748468,0.496304,-0.479841,-0.842397,0.245192,0.643474,-0.147932,0.751037,0.004854,-0.791800,1.360119,0.101900,0.014725,-0.079729,0.189036,-0.409946,0.180851,0.874268,-0.186794,2.366765,20.516135,0.000000,1,0.023755,-10.438571,30.667884,57.303113,2.938230,55.561589,0.000000
15.375000,8.000000,1,-0.762308,1.424937,0.294671,0.326706,0.298002,-0.112492,0.889833,0.321315,0.063876,0.003386,-0.116033,0.422944,0.748730,0.497048,-0.478958,-0.842462,0.246693,0.646160,-0.148122,0.748691,0.005903,-0.791800,1.360119,0.101900,0.014779,-0.079656,0.188861,-0.408357,0.181073,0.875024,-0.186521,2.497354,20.467508,0.000000,1,0.024184,-10.429642,30.706440,57.277137,2.933561,55.537882,0.000000
15.408333,8.033333,1,-0.762343,1.425105,0.294161,0.325515,0.296391,-0.113243,0.890712,0.321200,0.063753,0.002875,-0.115116,0.421160,0.749170,0.498113,-0.477263,-0.843307,0.247088,0.649379,-0.149015,0.745722,0.016150,-0.791800,1.360119,0.101900,0.014926,-0.079731,0.188349,-0.406436,0.180472,0.876114,-0.186181,2.606163,20.437554,0.000000,1,0.025946,-10.414398,30.801842,57.247819,2.927064,55.495666,0.000000
15.441667,8.066667,1,-0.762389,1.425434,0.293313,0.324986,0.294151,-0.114046,0.891545,0.320959,0.063527,0.002026,-0.113340,0.419689,0.749544,0.499199,-0.475909,-0.843478,0.249109,0.653207,-0.149324,0.742309,0.027326,-0.791800,1.360119,0.101900,0.015194,-0.079903,0.187496,-0.404152,0.180710,0.877207,-0.185777,2.744655,20.629294,0.000000,1,0.028288,-10.386785,30.957938,57.207314,2.917187,55.429740,0.000000
15.475000,8.100000,1,-0.762532,1.425785,0.292354,0.326509,0.291545,-0.114544,0.891781,0.320760,0.063211,0.001065,-0.110326,0.419891,0.749524,0.499733,-0.476190,-0.841774,0.254282,0.656474,-0.147917,0.739704,0.030941,-0.791800,1.360119,0.101900,0.015554,-0.080023,0.186536,-0.402224,0.183019,0.877690,-0.185419,2.735089,20.953574,0.000000,1,0.029584,-10.343541,31.137897,57.151326,2.903195,55.348768,0.000000
15.508333,8.133333,1,-0.762712,1.426043,0.291531,0.327483,0.289419,-0.115077,0.892048,0.320657,0.062921,0.000239,-0.107985,0.419815,0.749518,0.500317,-0.476044,-0.840661,0.258208,0.659326,-0.146875,0.737372,0.026425,-0.791800,1.360119,0.101900,0.015878,-0.080055,0.185718,-0.400556,0.184647,0.878192,-0.185039,2.664879,21.332807,0.000000,1,0.029168,-10.301404,31.295987,57.092168,2.889655,55.272864,0.000000
15.541667,8.166667,1,-0.762854,1.426239,0.290787,0.327895,0.288012,-0.115565,0.892289,0.320581,0.062697,-0.000507,-0.106539,0.419558,0.749510,0.500854,-0.475589,-0.840190,0.260570,0.661392,-0.146232,0.735647,0.023472,-0.791800,1.360119,0.101900,0.016131,-0.080070,0.184978,-0.399371,0.185501,0.878625,-0.184688,2.604088,21.680598,0.000000,1,0.029006,-10.269015,31.440159,57.034401,2.878841,55.202144,0.000000
15.575000,8.200000,1,-0.762958,1.426444,0.289984,0.329164,0.287313,-0.115656,0.892035,0.320475,0.062499,-0.001311,-0.105349,0.420383,0.749243,0.500814,-0.476173,-0.839037,0.263204,0.661889,-0.144926,0.735458,0.025064,-0.791800,1.360119,0.101900,0.016361,-0.080112,0.184176,-0.399144,0.186936,0.878463,-0.184504,2.623889,21.936411,0.000000,1,0.029719,-10.241742,31.594936,56.974325,2.869440,55.127425,0.000000
15.608333,8.233333,1,-0.763045,1.426607,0.289218,0.329986,0.286864,-0.115803,0.891857,0.320392,0.062340,-0.002079,-0.104581,0.420920,0.749019,0.500860,-0.476404,-0.838347,0.264977,0.662266,-0.143932,0.735314,0.023634,-0.791800,1.360119,0.101900,0.016551,-0.080136,0.183412,-0.398998,0.187863,0.878375,-0.184299,2.740135,22.161926,0.000000,1,0.029865,-10.219884,31.743772,56.912887,2.861569,55.054053,0.000000
15.641667,8.266667,1,-0.763119,1.426700,0.288563,0.329252,0.286131,-0.116434,0.892281,0.320358,0.062232,-0.002734,-0.104248,0.419937,0.749111,0.501616,-0.475028,-0.839087,0.265107,0.663976,-0.144069,0.733744,0.019964,-0.791800,1.360119,0.101900,0.016684,-0.080122,0.182760,-0.398052,0.187403,0.878989,-0.183885,2.837047,22.385714,0.000000,1,0.029505,-10.204660,31.873190,56.853268,2.855554,54.987605,0.000000
15.675000,8.300000,1,-0.763155,1.426798,0.287985,0.328271,0.285505,-0.117097,0.892756,0.320299,0.062150,-0.003313,-0.104121,0.418782,0.749233,0.502424,-0.473459,-0.840073,0.264791,0.665657,-0.144384,0.732157,0.017625,-0.791800,1.360119,0.101900,0.016788,-0.080139,0.182182,-0.397122,0.186673,0.879653,-0.183461,2.901665,22.567257,0.000000,1,0.029033,-10.194367,31.986398,56.804337,2.850799,54.931703,0.000000
15.708333,8.333333,1,-0.763193,1.426994,0.287406,0.328242,0.285296,-0.117236,0.892815,0.320161,0.062008,-0.003892,-0.103946,0.418663,0.749223,0.502574,-0.473229,-0.840117,0.265061,0.666043,-0.144281,0.731826,0.018369,-0.791800,1.360119,0.101900,0.016958,-0.080231,0.181600,-0.396914,0.186713,0.879760,-0.183357,2.980732,22.686848,0.000000,1,0.028764,-10.176666,32.095632,56.769237,2.843869,54.884217,0.000000
15.741667,8.366667,1,-0.763329,1.427306,0.286812,0.328710,0.285131,-0.116913,0.892738,0.319991,0.061718,-0.004488,-0.103591,0.419007,0.749299,0.502248,-0.474031,-0.839478,0.265651,0.665858,-0.144359,0.731980,0.020531,-0.791800,1.360119,0.101900,0.017277,-0.080346,0.181006,-0.396925,0.187218,0.879591,-0.183627,3.019725,22.801857,0.000000,1,0.028638,-10.136057,32.205338,56.741877,2.830617,54.840433,0.000000
15.775000,8.400000,1,-0.763531,1.427712,0.286261,0.328447,0.284441,-0.116764,0.893074,0.319785,0.061318,-0.005043,-0.103090,0.418463,0.749662,0.502263,-0.474208,-0.839334,0.265792,0.666777,-0.145241,0.730968,0.021423,-0.791800,1.360119,0.101900,0.017707,-0.080493,0.180456,-0.396199,0.187204,0.879864,-0.183904,3.019189,22.923636,0.000000,1,0.028071,-10.078573,32.304298,56.727357,2.812704,54.806301,0.000000
15.808333,8.433333,1,-0.763664,1.428106,0.285832,0.327202,0.283894,-0.116809,0.893699,0.319548,0.060979,-0.005474,-0.103152,0.417103,0.750194,0.502587,-0.473531,-0.840126,0.264492,0.668026,-0.146863,0.729502,0.017922,-0.791800,1.360119,0.101900,0.018074,-0.080683,0.180024,-0.395269,0.186208,0.880449,-0.184116,3.274781,22.982946,0.000000,1,0.027106,-10.031445,32.377960,56.728241,2.797668,54.787644,0.000000
15.841667,8.466667,1,-0.763737,1.428403,0.285588,0.325219,0.283798,-0.116669,0.894471,0.319352,0.060745,-0.005719,-0.103948,0.415282,0.750941,0.502816,-0.472742,-0.841505,0.261503,0.668835,-0.149434,0.728237,0.011727,-0.791800,1.360119,0.101900,0.018327,-0.080848,0.179776,-0.394517,0.184365,0.881081,-0.184557,3.408313,23.003319,0.000000,1,0.025995,-9.999704,32.417150,56.738756,2.787021,54.784086,0.000000
15.875000,8.500000,1,-0.763893,1.428760,0.285385,0.323037,0.282963,-0.116521,0.895546,0.319160,0.060407,-0.005924,-0.104170,0.412952,0.751956,0.503171,-0.471935,-0.842760,0.258909,0.670692,-0.152579,0.725874,0.013199,-0.791800,1.360119,0.101900,0.018682,-0.081008,0.179572,-0.393010,0.182582,0.882006,-0.185131,3.321458,22.989439,0.000000,1,0.025460,-9.951098,32.447521,56.756146,2.771843,54.786315,0.000000
15.908333,8.533333,1,-0.764158,1.429418,0.284983,0.322054,0.281690,-0.116291,0.896330,0.318791,0.059803,-0.006330,-0.103466,0.411500,0.752752,0.503316,-0.471935,-0.842897,0.258462,0.672592,-0.154681,0.723667,0.024463,-0.791800,1.360119,0.101900,0.019319,-0.081316,0.179166,-0.391499,0.182084,0.882667,-0.185668,3.224443,22.913343,0.000000,1,0.025896,-9.864693,32.507853,56.787942,2.746171,54.786769,0.000000
15.941667,8.566667,1,-0.764460,1.430391,0.284405,0.322088,0.280491,-0.116101,0.896719,0.318192,0.058983,-0.006914,-0.102376,0.410993,0.753178,0.503315,-0.472386,-0.842324,0.259503,0.674020,-0.155517,0.722157,0.035141,-0.791800,1.360119,0.101900,0.020192,-0.081829,0.178578,-0.390398,0.182523,0.882993,-0.186007,3.165004,22.863960,0.000000,1,0.026307,-9.749288,32.592108,56.842884,2.712395,54.791860,0.000000
15.975000,8.600000,1,-0.764749,1.431438,0.283895,0.321645,0.279311,-0.116031,0.897255,0.317527,0.058127,-0.007428,-0.101515,0.410069,0.753682,0.503490,-0.472385,-0.842199,0.259910,0.675686,-0.156683,0.720347,0.035989,-0.791800,1.360119,0.101900,0.021102,-0.082411,0.178055,-0.389152,0.182502,0.883487,-0.186294,3.154529,22.869424,0.000000,1,0.025418,-9.629152,32.660262,56.915384,2.677459,54.810503,0.000000
16.008333,8.633333,1,-0.764962,1.432321,0.283544,0.320997,0.278395,-0.115982,0.897778,0.316948,0.057430,-0.007783,-0.100982,0.409077,0.754165,0.503680,-0.472218,-0.842335,0.259774,0.677097,-0.157924,0.718749,0.029203,-0.791800,1.360119,0.101900,0.021843,-0.082927,0.177691,-0.388081,0.182197,0.883965,-0.186554,3.223050,22.878694,0.000000,1,0.024461,-9.531513,32.701834,56.986370,2.649179,54.836056,0.000000
16.041667,8.666667,1,-0.764939,1.432973,0.283254,0.319802,0.278844,-0.115770,0.898093,0.316411,0.057059,-0.008074,-0.101916,0.408206,0.754539,0.503638,-0.471924,-0.843235,0.257378,0.676824,-0.159433,0.718673,0.021434,-0.791800,1.360119,0.101900,0.022254,-0.083422,0.177381,-0.388103,0.180919,0.884150,-0.186877,3.319211,22.922725,0.000000,1,0.024633,-9.485270,32.735003,57.048333,2.635613,54.859683,0.000000
16.075000,8.700000,1,-0.764696,1.433411,0.282902,0.318354,0.280092,-0.115753,0.898220,0.315913,0.056993,-0.008424,-0.103679,0.407467,0.754663,0.503691,-0.471091,-0.844726,0.253991,0.675743,-0.160530,0.719445,0.018367,-0.791800,1.360119,0.101900,0.022360,-0.083893,0.177004,-0.388780,0.179129,0.884204,-0.186938,3.368662,22.992303,0.000000,1,0.026014,-9.487858,32.784122,57.089711,2.636109,54.868322,0.000000
16.108333,8.733333,1,-0.764483,1.433646,0.282454,0.317941,0.280521,-0.116471,0.898140,0.315595,0.057027,-0.008869,-0.104245,0.407293,0.754271,0.504302,-0.469625,-0.845678,0.253539,0.675845,-0.159584,0.719560,0.016448,-0.791800,1.360119,0.101900,0.022360,-0.084182,0.176538,-0.389022,0.178580,0.884357,-0.186235,3.349914,23.055867,0.000000,1,0.027783,-9.502106,32.860880,57.090488,2.640437,54.847823,0.000000
16.141667,8.766667,1,-0.764398,1.433776,0.281953,0.318343,0.279950,-0.117634,0.898024,0.315437,0.057021,-0.009369,-0.103552,0.407404,0.753647,0.505287,-0.467925,-0.845991,0.255629,0.677241,-0.157415,0.718724,0.015747,-0.791800,1.360119,0.101900,0.022392,-0.084308,0.176030,-0.388595,0.179131,0.884670,-0.185109,3.328940,23.124830,0.000000,1,0.028929,-9.505855,32.955145,57.061863,2.642159,54.806859,0.000000
16.175000,8.800000,1,-0.764424,1.433955,0.281419,0.318575,0.278487,-0.119009,0.898216,0.315306,0.056899,-0.009904,-0.102133,0.406965,0.753199,0.506597,-0.465857,-0.846265,0.258481,0.680007,-0.155479,0.716531,0.016925,-0.791800,1.360119,0.101900,0.022540,-0.084396,0.175492,-0.387273,0.179818,0.885359,-0.183914,3.374874,23.207826,0.000000,1,0.029285,-9.489803,33.056886,57.028096,2.638329,54.760972,0.000000
16.208333,8.833333,1,-0.764526,1.434105,0.280956,0.318690,0.276956,-0.120373,0.898467,0.315246,0.056731,-0.010369,-0.100705,0.406391,0.752807,0.507924,-0.463744,-0.846588,0.261208,0.682886,-0.153720,0.714169,0.014922,-0.791800,1.360119,0.101900,0.022726,-0.084417,0.175032,-0.385850,0.180418,0.886099,-0.182753,3.527062,23.241988,0.000000,1,0.029073,-9.464404,33.147066,56.992133,2.631879,54.717339,0.000000
16.241667,8.866667,1,-0.764586,1.434071,0.280697,0.318508,0.276371,-0.121291,0.898588,0.315306,0.056707,-0.010628,-0.100260,0.405971,0.752503,0.508798,-0.462145,-0.847149,0.262223,0.684339,-0.152624,0.713012,0.008029,-0.791800,1.360119,0.101900,0.022756,-0.084338,0.174778,-0.385219,0.180425,0.886536,-0.181951,3.608851,23.304816,0.000000,1,0.028357,-9.458903,33.202243,56.955064,2.631016,54.683614,0.000000
16.275000,8.900000,1,-0.764523,1.433976,0.280475,0.318363,0.276170,-0.121731,0.898641,0.315343,0.056816,-0.010849,-0.100143,0.405754,0.752352,0.509216,-0.461340,-0.847487,0.262548,0.684954,-0.152124,0.712528,0.007463,-0.791800,1.360119,0.101900,0.022652,-0.084293,0.174556,-0.384972,0.180348,0.886739,-0.181563,3.698985,23.340310,0.000000,1,0.028328,-9.475857,33.249507,56.922148,2.636280,54.654692,0.000000
16.308333,8.933333,1,-0.764394,1.433973,0.280228,0.318055,0.276227,-0.122032,0.898692,0.315267,0.056924,-0.011095,-0.100330,0.405505,0.752263,0.509510,-0.460667,-0.847939,0.262269,0.685202,-0.151930,0.712331,0.008379,-0.791800,1.360119,0.101900,0.022557,-0.084359,0.174302,-0.384914,0.180032,0.886881,-0.181304,3.804542,23.438647,0.000000,1,0.028132,-9.495744,33.297271,56.903889,2.642099,54.633368,0.000000
16.341667,8.966667,1,-0.764263,1.433951,0.280164,0.317475,0.277314,-0.122211,0.898539,0.315205,0.057043,-0.011157,-0.101561,0.405472,0.752049,0.509608,-0.459970,-0.848861,0.260505,0.684139,-0.151785,0.713382,0.004428,-0.791800,1.360119,0.101900,0.022445,-0.084423,0.174231,-0.385726,0.179113,0.886762,-0.181071,3.924963,23.480706,0.000000,1,0.026791,-9.516867,33.308915,56.902420,2.648142,54.631248,0.000000
16.375000,9.000000,1,-0.764069,1.433713,0.280385,0.316581,0.279963,-0.122190,0.898035,0.315280,0.057339,-0.010934,-0.104333,0.405856,0.751618,0.509378,-0.459297,-0.850404,0.256630,0.681027,-0.151630,0.716387,0.011350,-0.791800,1.360119,0.101900,0.022137,-0.084380,0.174448,-0.387895,0.177376,0.886205,-0.180874,3.971237,23.527237,0.000000,1,0.025608,-9.562972,33.269949,56.905640,2.661241,54.646391,0.000000
16.408333,9.033333,1,-0.763674,1.433247,0.280683,0.315687,0.283759,-0.122245,0.897150,0.315416,0.057931,-0.010630,-0.108134,0.406753,0.750818,0.509050,-0.458350,-0.852375,0.251737,0.676440,-0.150840,0.720886,0.020372,-0.791800,1.360119,0.101900,0.021528,-0.084297,0.174736,-0.391130,0.175251,0.885292,-0.180449,4.150411,23.573033,0.000000,1,0.026062,-9.655671,33.219473,56.899821,2.687432,54.660584,0.000000
16.441667,9.066667,1,-0.763104,1.432609,0.280922,0.313914,0.287580,-0.122472,0.896524,0.315584,0.058767,-0.010384,-0.112347,0.406875,0.750170,0.508995,-0.456604,-0.855088,0.245636,0.672244,-0.150754,0.724818,0.026649,-0.791800,1.360119,0.101900,0.020675,-0.084191,0.174961,-0.394088,0.172283,0.884660,-0.179970,4.332091,23.609967,0.000000,1,0.027373,-9.787380,33.183708,56.875841,2.724565,54.661473,0.000000
16.475000,9.100000,1,-0.762618,1.431862,0.281199,0.310995,0.290838,-0.122687,0.896461,0.315890,0.059602,-0.010099,-0.116564,0.405717,0.750025,0.509185,-0.454287,-0.858387,0.238318,0.669218,-0.152248,0.727301,0.028011,-0.791800,1.360119,0.101900,0.019815,-0.083951,0.175233,-0.396135,0.168421,0.884538,-0.179733,4.433810,23.638402,0.000000,1,0.027793,-9.914902,33.146244,56.834326,2.760565,54.653686,0.000000
16.508333,9.133333,1,-0.762487,1.431251,0.281403,0.308967,0.291664,-0.123047,0.896845,0.316300,0.060073,-0.009892,-0.118205,0.404271,0.750205,0.509691,-0.452485,-0.860319,0.234750,0.669171,-0.153560,0.727069,0.019720,-0.791800,1.360119,0.101900,0.019315,-0.083582,0.175447,-0.396213,0.166216,0.884957,-0.179552,4.358918,23.628433,0.000000,1,0.028004,-9.980090,33.125926,56.778865,2.779091,54.632967,0.000000
16.541667,9.166667,1,-0.762686,1.430988,0.281470,0.308223,0.289695,-0.123542,0.897671,0.316631,0.060071,-0.009828,-0.116770,0.402727,0.750710,0.510500,-0.451510,-0.860527,0.235863,0.672422,-0.154402,0.723885,0.010104,-0.791800,1.360119,0.101900,0.019296,-0.083256,0.175532,-0.394116,0.166165,0.885926,-0.179433,4.235197,23.620602,0.000000,1,0.027633,-9.970742,33.127033,56.734319,2.776478,54.610890,0.000000
16.575000,9.200000,1,-0.762975,1.431071,0.281508,0.308033,0.287106,-0.123384,0.898589,0.316738,0.059790,-0.009793,-0.114534,0.401397,0.751589,0.510761,-0.452011,-0.859711,0.237872,0.675817,-0.156007,0.720370,0.009088,-0.791800,1.360119,0.101900,0.019569,-0.083136,0.175584,-0.391644,0.166859,0.886785,-0.179960,4.066579,23.543737,0.000000,1,0.026090,-9.922265,33.122769,56.728892,2.762434,54.610277,0.000000
16.608333,9.233333,1,-0.763249,1.431391,0.281580,0.308719,0.284368,-0.122637,0.899326,0.316648,0.059378,-0.009726,-0.111776,0.400784,0.752570,0.510409,-0.453978,-0.857833,0.240888,0.678641,-0.157711,0.717338,0.012819,-0.791800,1.360119,0.101900,0.019983,-0.083207,0.175661,-0.389343,0.168443,0.887294,-0.180964,3.912090,23.436892,0.000000,1,0.024474,-9.857842,33.102469,56.761132,2.743601,54.633610,0.000000
16.641667,9.266667,1,-0.763537,1.431709,0.281770,0.309095,0.281723,-0.121990,0.900117,0.316568,0.058954,-0.009539,-0.109239,0.399934,0.753554,0.510172,-0.455583,-0.856262,0.243435,0.681508,-0.159555,0.714206,0.014076,-0.791800,1.360119,0.101900,0.020403,-0.083276,0.175858,-0.387022,0.169701,0.887879,-0.181896,3.705159,23.294051,0.000000,1,0.023412,-9.791051,33.058496,56.804830,2.724189,54.669494,0.000000
16.675000,9.300000,1,-0.763767,1.431880,0.282073,0.306882,0.280618,-0.121510,0.901284,0.316573,0.058665,-0.009239,-0.109233,0.397454,0.754800,0.510270,-0.455385,-0.857134,0.240719,0.683474,-0.163310,0.711473,0.012525,-0.791800,1.360119,0.101900,0.020682,-0.083275,0.176169,-0.385259,0.167987,0.888781,-0.182821,3.390486,23.133829,0.000000,1,0.023074,-9.743356,32.996081,56.843856,2.710337,54.708242,0.000000
16.708333,9.333333,1,-0.763939,1.431962,0.282330,0.302891,0.280441,-0.121111,0.902741,0.316612,0.058475,-0.008984,-0.110850,0.393797,0.756268,0.510583,-0.454035,-0.859580,0.234467,0.684970,-0.168459,0.708828,0.009590,-0.791800,1.360119,0.101900,0.020860,-0.083242,0.176432,-0.383762,0.164277,0.889923,-0.183786,2.961086,22.894490,0.000000,1,0.023685,-9.711146,32.944897,56.870110,2.701012,54.737045,0.000000
16.741667,9.366667,1,-0.764157,1.431991,0.282515,0.300511,0.279359,-0.121189,0.903861,0.316721,0.058282,-0.008802,-0.110937,0.391181,0.757222,0.511161,-0.452815,-0.860917,0.231905,0.687332,-0.171384,0.705835,0.008617,-0.791800,1.360119,0.101900,0.021041,-0.083134,0.176628,-0.381950,0.162388,0.890968,-0.184174,2.730180,22.707704,0.000000,1,0.024522,-9.676472,32.911206,56.877980,2.691229,54.751009,0.000000
16.775000,9.400000,1,-0.764361,1.431933,0.282842,0.299338,0.277888,-0.121723,0.904632,0.316893,0.058150,-0.008477,-0.110139,0.389475,0.757662,0.511984,-0.451484,-0.861614,0.231914,0.690029,-0.172364,0.702959,0.011722,-0.791800,1.360119,0.101900,0.021151,-0.082977,0.176968,-0.380170,0.161764,0.891879,-0.183996,2.537069,22.640157,0.000000,1,0.023813,-9.650083,32.852075,56.889373,2.683790,54.774150,0.000000
16.808333,9.433333,1,-0.764368,1.431797,0.283403,0.297010,0.277841,-0.121667,0.905421,0.317009,0.058221,-0.007917,-0.111131,0.387367,0.758385,0.512297,-0.450403,-0.863134,0.228333,0.690940,-0.174997,0.701411,0.017291,-0.791800,1.360119,0.101900,0.021055,-0.082902,0.177532,-0.379343,0.159578,0.892547,-0.184372,2.594622,22.584045,0.000000,1,0.022108,-9.657748,32.745310,56.928063,2.685641,54.825567,0.000000
16.841667,9.466667,1,-0.764249,1.431643,0.284004,0.294422,0.278130,-0.121040,0.906261,0.317063,0.058402,-0.007314,-0.112542,0.385174,0.759409,0.512125,-0.450124,-0.864522,0.223583,0.691129,-0.178737,0.700282,0.018958,-0.791800,1.360119,0.101900,0.020850,-0.082897,0.178130,-0.378757,0.157044,0.893054,-0.185297,2.792191,22.456634,0.000000,1,0.021587,-9.685092,32.627994,56.977653,2.692936,54.885754,0.000000
16.875000,9.500000,1,-0.764131,1.431487,0.284531,0.293163,0.278590,-0.120142,0.906647,0.317120,0.058585,-0.006785,-0.113517,0.384247,0.760154,0.511502,-0.450959,-0.864878,0.220505,0.690403,-0.181440,0.700302,0.016870,-0.791800,1.360119,0.101900,0.020647,-0.082884,0.178654,-0.378785,0.155714,0.893069,-0.186288,2.898183,22.248155,0.000000,1,0.021939,-9.712614,32.525404,57.019219,2.700432,54.937290,0.000000
16.908333,9.533333,1,-0.764050,1.431278,0.285055,0.292299,0.279761,-0.118687,0.906757,0.317241,0.058769,-0.006260,-0.114955,0.383988,0.760905,0.510257,-0.452847,-0.864796,0.216926,0.688231,-0.184382,0.701670,0.017097,-0.791800,1.360119,0.101900,0.020437,-0.082808,0.179178,-0.379623,0.154529,0.892627,-0.187684,2.945902,22.080075,0.000000,1,0.022134,-9.738776,32.426370,57.050287,2.707734,54.982138,0.000000
16.941667,9.566667,1,-0.764116,1.431050,0.285584,0.291024,0.279899,-0.117558,0.907271,0.317467,0.058849,-0.005731,-0.115649,0.382902,0.761865,0.509483,-0.454105,-0.864879,0.213946,0.687750,-0.187627,0.701282,0.017393,-0.791800,1.360119,0.101900,0.020328,-0.082622,0.179716,-0.379352,0.153297,0.892688,-0.188944,3.008622,22.012686,0.000000,1,0.022242,-9.744936,32.330299,57.068592,2.709633,55.019100,0.000000
16.975000,9.600000,1,-0.764340,1.430836,0.286037,0.290400,0.278070,-0.117852,0.907995,0.317775,0.058794,-0.005281,-0.114285,0.381526,0.762370,0.510067,-0.453542,-0.864925,0.214953,0.690514,-0.188539,0.698315,0.016464,-0.791800,1.360119,0.101900,0.020349,-0.082341,0.180187,-0.377429,0.153318,0.893494,-0.188972,3.097370,21.825276,0.000000,1,0.022835,-9.727207,32.252269,57.069773,2.705001,55.041494,0.000000
17.008333,9.633333,1,-0.764562,1.430550,0.286451,0.290406,0.275443,-0.119005,0.908644,0.318140,0.058785,-0.004869,-0.111925,0.380363,0.762423,0.511379,-0.451929,-0.864918,0.218351,0.694629,-0.187631,0.694467,0.016507,-0.791800,1.360119,0.101900,0.020323,-0.082003,0.180621,-0.374953,0.154186,0.894554,-0.188174,3.250919,21.498108,0.000000,1,0.023455,-9.715327,32.184962,57.056816,2.702051,55.053404,0.000000
17.041667,9.666667,1,-0.764823,1.430160,0.286784,0.290858,0.272529,-0.120358,0.909200,0.318611,0.058807,-0.004539,-0.109108,0.379472,0.762303,0.512826,-0.450210,-0.864664,0.222860,0.699051,-0.186021,0.690452,0.017266,-0.791800,1.360119,0.101900,0.020262,-0.081557,0.180979,-0.372354,0.155571,0.895614,-0.187153,3.559478,21.180692,0.000000,1,0.024714,-9.705923,32.138951,57.018046,2.699903,55.045667,0.000000
17.075000,9.700000,1,-0.765036,1.429726,0.286900,0.291722,0.270620,-0.121295,0.909368,0.319085,0.058897,-0.004425,-0.107010,0.379398,0.762030,0.513729,-0.449263,-0.864152,0.226725,0.701754,-0.184281,0.688172,0.014894,-0.791800,1.360119,0.101900,0.020142,-0.081096,0.181119,-0.370841,0.157014,0.896155,-0.186358,3.794212,20.962079,0.000000,1,0.026507,-9.707483,32.137232,56.954232,2.700759,55.012178,0.000000
17.108333,9.733333,1,-0.765037,1.429235,0.286911,0.292967,0.270580,-0.121343,0.908973,0.319479,0.059192,-0.004413,-0.106421,0.380496,0.761659,0.513589,-0.449801,-0.863345,0.228724,0.701374,-0.182898,0.688929,0.014758,-0.791800,1.360119,0.101900,0.019824,-0.080721,0.181145,-0.371222,0.158204,0.895831,-0.186151,3.810686,20.950167,0.000000,1,0.027357,-9.744593,32.154570,56.886209,2.711201,54.971559,0.000000
17.141667,9.766667,1,-0.764962,1.428730,0.286991,0.294679,0.270046,-0.121722,0.908528,0.319837,0.059555,-0.004332,-0.105180,0.381794,0.761094,0.513719,-0.450061,-0.862290,0.232166,0.701662,-0.180653,0.689227,0.015480,-0.791800,1.360119,0.101900,0.019439,-0.080390,0.181235,-0.371292,0.159998,0.895594,-0.185619,3.669478,21.048471,0.000000,1,0.026927,-9.793549,32.157536,56.828448,2.724582,54.940832,0.000000
17.175000,9.800000,1,-0.764985,1.428267,0.287208,0.296567,0.267882,-0.122816,0.908407,0.320222,0.059812,-0.004114,-0.102398,0.382523,0.760493,0.514627,-0.449347,-0.861080,0.237968,0.704402,-0.177669,0.687205,0.015362,-0.791800,1.360119,0.101900,0.019153,-0.080035,0.181467,-0.369881,0.162493,0.895947,-0.184560,3.592912,21.059824,0.000000,1,0.025890,-9.824643,32.133514,56.783451,2.732744,54.924550,0.000000
17.208333,9.833333,1,-0.765112,1.427760,0.287709,0.298115,0.265201,-0.124035,0.908521,0.320707,0.060011,-0.003614,-0.099304,0.382718,0.760043,0.515752,-0.448277,-0.859998,0.243825,0.707977,-0.175053,0.684196,0.021717,-0.791800,1.360119,0.101900,0.018909,-0.079595,0.181988,-0.367872,0.164838,0.896566,-0.183485,3.776212,20.907213,0.000000,1,0.024331,-9.843256,32.057317,56.753500,2.737269,54.931176,0.000000
17.241667,9.866667,1,-0.765235,1.427204,0.288470,0.298990,0.263467,-0.124982,0.908609,0.321229,0.060240,-0.002854,-0.097357,0.382732,0.759693,0.516629,-0.447233,-0.859481,0.247537,0.710434,-0.173223,0.682112,0.028516,-0.791800,1.360119,0.101900,0.018625,-0.079136,0.182770,-0.366525,0.166234,0.897031,-0.182648,4.302460,20.606229,0.000000,1,0.022769,-9.865306,31.931146,56.743326,2.742507,54.962631,0.000000
17.275000,9.900000,1,-0.765201,1.426635,0.289370,0.298779,0.264586,-0.124789,0.908379,0.321669,0.060600,-0.001952,-0.098454,0.383042,0.759578,0.516358,-0.447362,-0.859854,0.246007,0.709005,-0.173305,0.683577,0.031966,-0.791800,1.360119,0.101900,0.018210,-0.078777,0.183683,-0.367503,0.165661,0.896721,-0.182728,4.481234,20.341907,0.000000,1,0.021499,-9.910372,31.774356,56.756328,2.753788,55.015246,0.000000
17.308333,9.933333,1,-0.765009,1.426074,0.290300,0.297882,0.267243,-0.124180,0.907980,0.322007,0.061080,-0.001019,-0.101237,0.383423,0.759503,0.515648,-0.447717,-0.860906,0.241643,0.705640,-0.174188,0.686827,0.033087,-0.791800,1.360119,0.101900,0.017679,-0.078527,0.184617,-0.369693,0.163927,0.896059,-0.183121,4.672018,20.177915,0.000000,1,0.020861,-9.977465,31.607817,56.784396,2.770944,55.078690,0.000000
17.341667,9.966667,1,-0.764792,1.425549,0.291174,0.297464,0.269033,-0.124194,0.907586,0.322301,0.061561,-0.000142,-0.103027,0.383849,0.759152,0.515494,-0.447303,-0.861770,0.239317,0.703583,-0.173853,0.689018,0.031265,-0.791800,1.360119,0.101900,0.017153,-0.078317,0.185492,-0.371220,0.162928,0.895647,-0.182939,4.841461,20.015845,0.000000,1,0.020794,-10.045625,31.450626,56.813138,2.788389,55.139649,0.000000
17.375000,10.000000,1,-0.764662,1.424956,0.292149,0.298204,0.269931,-0.124577,0.907024,0.322702,0.062011,0.000835,-0.103502,0.384916,0.758485,0.515584,-0.446921,-0.861805,0.239903,0.702447,-0.172026,0.690634,0.034453,-0.791800,1.360119,0.101900,0.016648,-0.078006,0.186475,-0.372297,0.163319,0.895249,-0.182350,5.144266,19.767335,0.000000,1,0.020489,-10.105740,31.278242,56.835915,2.803781,55.201701,0.000000
17.408333,10.033333,1,-0.764704,1.424252,0.293339,0.298808,0.269856,-0.125660,0.906698,0.323296,0.062389,0.002026,-0.103163,0.385429,0.757712,0.516405,-0.445367,-0.862096,0.241739,0.703048,-0.169541,0.690637,0.041506,-0.791800,1.360119,0.101900,0.016195,-0.077512,0.187686,-0.372402,0.163896,0.895331,-0.181211,5.759733,19.249107,0.000000,1,0.020026,-10.148663,31.072190,56.851376,2.814635,55.269423,0.000000
17.441667,10.066667,1,-0.764807,1.423494,0.294646,0.297963,0.270149,-0.126455,0.906778,0.323972,0.062749,0.003332,-0.103799,0.384808,0.757428,0.517158,-0.443547,-0.863305,0.240771,0.703533,-0.168942,0.690289,0.045416,-0.791800,1.360119,0.101900,0.015753,-0.076944,0.189017,-0.372370,0.162984,0.895654,-0.180502,6.528398,18.519623,0.000000,1,0.019663,-10.186026,30.847421,56.865243,2.823970,55.341595,0.000000
17.475000,10.100000,1,-0.764809,1.422741,0.295879,0.297892,0.271493,-0.126309,0.906420,0.324583,0.063188,0.004567,-0.105037,0.385344,0.757179,0.516872,-0.443621,-0.863680,0.239284,0.701779,-0.168706,0.692131,0.043367,-0.791800,1.360119,0.101900,0.015238,-0.076440,0.190270,-0.373603,0.162466,0.895237,-0.180487,7.084771,17.951113,0.000000,1,0.019599,-10.237744,30.635139,56.878784,2.837116,55.410016,0.000000
17.508333,10.133333,1,-0.764664,1.422054,0.296937,0.300159,0.273113,-0.125712,0.905268,0.325050,0.063706,0.005627,-0.105482,0.388097,0.756430,0.515818,-0.445611,-0.862235,0.240795,0.698485,-0.166626,0.695956,0.038092,-0.791800,1.360119,0.101900,0.014657,-0.076071,0.191338,-0.375892,0.164077,0.893969,-0.180565,7.525457,17.526450,0.000000,1,0.019716,-10.306064,30.451825,56.894307,2.854624,55.471122,0.000000
17.541667,10.166667,1,-0.764436,1.421404,0.297965,0.303672,0.275833,-0.124296,0.903466,0.325438,0.064269,0.006659,-0.106363,0.392453,0.755475,0.513737,-0.449522,-0.859716,0.242526,0.692746,-0.164110,0.702261,0.037126,-0.791800,1.360119,0.101900,0.014039,-0.075783,0.192370,-0.379647,0.166510,0.891814,-0.181136,7.799853,17.238400,0.000000,1,0.019400,-10.383396,30.271269,56.917416,2.874460,55.535456,0.000000
17.575000,10.200000,1,-0.764313,1.420705,0.299062,0.308076,0.278626,-0.122399,0.901374,0.325929,0.064775,0.007758,-0.106915,0.397638,0.754478,0.511093,-0.454706,-0.856244,0.245131,0.686191,-0.161335,0.709305,0.039179,-0.791800,1.360119,0.101900,0.013467,-0.075392,0.193478,-0.383782,0.169772,0.889242,-0.182039,8.070546,16.941734,0.000000,1,0.019269,-10.448813,30.082319,56.931884,2.891175,55.597548,0.000000
17.608333,10.233333,1,-0.764255,1.419844,0.300361,0.313341,0.281479,-0.120138,0.898974,0.326590,0.065327,0.009059,-0.107138,0.403620,0.753371,0.507981,-0.460953,-0.851883,0.248633,0.678911,-0.158092,0.716999,0.046800,-0.791800,1.360119,0.101900,0.012835,-0.074849,0.194796,-0.388272,0.173836,0.886273,-0.183157,8.446410,16.631636,0.000000,1,0.019163,-10.515966,29.862726,56.937077,2.908525,55.663781,0.000000
17.641667,10.266667,1,-0.764201,1.418763,0.301936,0.317828,0.284768,-0.118192,0.896618,0.327430,0.066004,0.010637,-0.108098,0.409100,0.752162,0.505177,-0.466222,-0.848396,0.250722,0.671505,-0.154866,0.724637,0.057342,-0.791800,1.360119,0.101900,0.012057,-0.074151,0.196397,-0.392896,0.177012,0.883427,-0.184001,8.955918,16.180635,0.000000,1,0.019174,-10.597126,29.599803,56.935139,2.929791,55.739181,0.000000
17.675000,10.300000,1,-0.764217,1.417501,0.303672,0.320672,0.287173,-0.117440,0.894935,0.328458,0.066732,0.012373,-0.108993,0.412720,0.751014,0.503747,-0.468720,-0.846608,0.252103,0.666675,-0.151802,0.729727,0.064369,-0.791800,1.360119,0.101900,0.011212,-0.073280,0.198166,-0.396113,0.178909,0.881604,-0.184012,9.739214,15.592542,0.000000,1,0.019754,-10.680437,29.316780,56.915329,2.951736,55.811162,0.000000
17.708333,10.333333,1,-0.764208,1.416151,0.305490,0.322527,0.288506,-0.116975,0.893900,0.329542,0.067533,0.014194,-0.109364,0.414976,0.750308,0.502865,-0.470333,-0.845373,0.253240,0.663840,-0.149844,0.732710,0.067944,-0.791800,1.360119,0.101900,0.010288,-0.072363,0.200019,-0.397990,0.180226,0.880488,-0.184021,10.945573,13.873427,0.000000,1,0.019870,-10.772855,29.022909,56.889792,2.975970,55.883466,0.000000
17.741667,10.366667,1,-0.764027,1.414809,0.307304,0.323914,0.290213,-0.115619,0.893022,0.330516,0.068466,0.016012,-0.110282,0.416976,0.750140,0.501258,-0.473157,-0.843997,0.252570,0.660057,-0.149744,0.736140,0.067918,-0.791800,1.360119,0.101900,0.009240,-0.071562,0.201859,-0.400083,0.180990,0.879193,-0.184923,11.875377,13.118958,0.000000,1,0.019322,-10.888380,28.727065,56.874650,3.006025,55.962119,0.000000
17.775000,10.400000,1,-0.763721,1.413522,0.309065,0.325871,0.293106,-0.113512,0.891634,0.331371,0.069466,0.017778,-0.112012,0.420011,0.749860,0.498753,-0.477398,-0.842082,0.250978,0.653897,-0.149672,0.741631,0.066067,-0.791800,1.360119,0.101900,0.008132,-0.070880,0.203636,-0.403489,0.181909,0.877150,-0.186314,12.481417,12.731711,0.000000,1,0.018803,-11.017260,28.437464,56.869146,3.039291,56.044200,0.000000
17.808333,10.433333,1,-0.763498,1.412401,0.310721,0.328459,0.295754,-0.112229,0.889971,0.332142,0.070302,0.019439,-0.113239,0.423508,0.748966,0.496858,-0.480617,-0.840175,0.251222,0.648344,-0.147546,0.746913,0.060371,-0.791800,1.360119,0.101900,0.007198,-0.070266,0.205309,-0.406859,0.183493,0.875152,-0.186830,13.052403,12.328104,0.000000,1,0.018072,-11.122577,28.163444,56.870679,3.065873,56.125130,0.000000
17.841667,10.466667,1,-0.763350,1.411337,0.312351,0.331177,0.298859,-0.111123,0.888063,0.332912,0.071043,0.021071,-0.114819,0.427327,0.747777,0.495014,-0.483556,-0.838450,0.251348,0.642189,-0.144706,0.752764,0.058544,-0.791800,1.360119,0.101900,0.006358,-0.069645,0.206958,-0.410693,0.185044,0.872978,-0.187082,13.793223,11.947416,0.000000,1,0.017758,-11.212959,27.894954,56.871169,3.088311,56.203745,0.000000
17.875000,10.500000,1,-0.763168,1.410256,0.313885,0.333299,0.301872,-0.109700,0.886426,0.333675,0.071823,0.022610,-0.116581,0.430568,0.746968,0.493009,-0.486701,-0.836917,0.250383,0.636132,-0.143106,0.758193,0.056579,-0.791800,1.360119,0.101900,0.005484,-0.069027,0.208511,-0.414248,0.186068,0.870937,-0.187739,14.549180,11.499573,0.000000,1,0.017985,-11.309133,27.646037,56.861440,3.112273,56.271308,0.000000
17.908333,10.533333,1,-0.762910,1.409179,0.315361,0.334246,0.304069,-0.108523,0.885463,0.334390,0.072661,0.024089,-0.118133,0.432393,0.746646,0.491529,-0.488888,-0.836156,0.248660,0.631836,-0.142871,0.761821,0.055352,-0.791800,1.360119,0.101900,0.004555,-0.068458,0.210000,-0.416642,0.186249,0.869604,-0.188441,15.101824,10.843326,0.000000,1,0.017971,-11.415457,27.407871,56.850476,3.138806,56.335228,0.000000
17.941667,10.566667,1,-0.762633,1.408118,0.316874,0.334878,0.306103,-0.107756,0.884616,0.335079,0.073505,0.025607,-0.119679,0.433866,0.746243,0.490468,-0.490237,-0.835866,0.246975,0.628167,-0.142404,0.764936,0.056061,-0.791800,1.360119,0.101900,0.003622,-0.067916,0.211525,-0.418769,0.186179,0.868517,-0.188809,15.341673,10.309257,0.000000,1,0.017624,-11.522818,27.162158,56.845033,3.165438,56.404402,0.000000
17.975000,10.600000,1,-0.762365,1.407052,0.318440,0.336233,0.308413,-0.107007,0.883390,0.335778,0.074345,0.027178,-0.121150,0.436109,0.745496,0.489251,-0.491911,-0.835139,0.246100,0.623801,-0.140884,0.768781,0.057387,-0.791800,1.360119,0.101900,0.002691,-0.067368,0.213104,-0.421393,0.186700,0.867091,-0.189008,16.122258,9.918948,0.000000,1,0.017380,-11.628637,26.907785,56.841261,3.191560,56.477111,0.000000
18.008333,10.633333,1,-0.762115,1.406008,0.319995,0.337343,0.310577,-0.106307,0.882293,0.336471,0.075156,0.028738,-0.122600,0.438068,0.744841,0.488137,-0.493384,-0.834583,0.245040,0.619755,-0.139637,0.772273,0.056703,-0.791800,1.360119,0.101900,0.001788,-0.066823,0.214672,-0.423799,0.187038,0.865800,-0.189214,16.869709,9.321585,0.000000,1,0.017197,-11.729972,26.655907,56.836775,3.216395,56.548739,0.000000
18.041667,10.666667,1,-0.761874,1.405088,0.321422,0.337603,0.311880,-0.105930,0.881778,0.337070,0.075888,0.030168,-0.123654,0.438883,0.744556,0.487573,-0.493964,-0.834590,0.243841,0.617513,-0.139309,0.774126,0.051435,-0.791800,1.360119,0.101900,0.000975,-0.066359,0.216109,-0.425110,0.186854,0.865166,-0.189355,17.593725,8.816992,0.000000,1,0.016828,-11.821728,26.423631,56.837495,3.238454,56.617216,0.000000
18.075000,10.700000,1,-0.761602,1.404294,0.322686,0.338207,0.313119,-0.105394,0.881172,0.337548,0.076569,0.031437,-0.124497,0.439975,0.744262,0.486824,-0.495006,-0.834200,0.243063,0.615097,-0.138850,0.776129,0.045532,-0.791800,1.360119,0.101900,0.000224,-0.066004,0.217379,-0.426479,0.187021,0.864400,-0.189608,18.502716,8.303243,0.000000,1,0.016578,-11.909570,26.215370,56.844664,3.259270,56.681938,0.000000
18.108333,10.733333,1,-0.761323,1.403575,0.323810,0.339350,0.314163,-0.104889,0.880421,0.337961,0.077213,0.032565,-0.124927,0.441463,0.743824,0.486035,-0.496327,-0.833350,0.243285,0.612747,-0.137761,0.778179,0.040883,-0.791800,1.360119,0.101900,-0.000480,-0.065701,0.218506,-0.427847,0.187762,0.863526,-0.189775,19.268239,7.898380,0.000000,1,0.016588,-11.993533,26.030555,56.850756,3.279017,56.739106,0.000000
18.141667,10.766667,1,-0.761056,1.402939,0.324884,0.340385,0.315164,-0.104667,0.879690,0.338315,0.077798,0.033643,-0.125366,0.442837,0.743277,0.485508,-0.497131,-0.832767,0.243639,0.610701,-0.136355,0.780033,0.038300,-0.791800,1.360119,0.101900,-0.001121,-0.065451,0.219581,-0.429132,0.188411,0.862766,-0.189687,19.935892,7.678302,0.000000,1,0.016286,-12.070374,25.851582,56.863462,3.296792,56.798008,0.000000
18.175000,10.800000,1,-0.760825,1.402376,0.326045,0.340837,0.316226,-0.104788,0.879119,0.338632,0.078309,0.034808,-0.126117,0.443718,0.742719,0.485362,-0.497035,-0.832897,0.243389,0.609055,-0.135075,0.781541,0.039324,-0.791800,1.360119,0.101900,-0.001689,-0.065238,0.220743,-0.430270,0.188480,0.862260,-0.189343,20.236914,7.330589,0.000000,1,0.015586,-12.136826,25.653053,56.891289,3.311723,56.870714,0.000000
18.208333,10.833333,1,-0.760692,1.401809,0.327365,0.341031,0.316756,-0.105224,0.878801,0.339013,0.078742,0.036130,-0.126505,0.444132,0.742243,0.485612,-0.496356,-0.833253,0.243556,0.608514,-0.133857,0.782172,0.043274,-0.791800,1.360119,0.101900,-0.002188,-0.064968,0.222069,-0.430817,0.188479,0.862105,-0.188808,21.248650,7.293854,0.000000,1,0.015055,-12.189254,25.427250,56.924150,3.323070,56.954190,0.000000
18.241667,10.866667,1,-0.760619,1.401124,0.328801,0.341222,0.316963,-0.105741,0.878591,0.339525,0.079198,0.037568,-0.126604,0.444398,0.741826,0.485980,-0.495590,-0.833550,0.244100,0.608500,-0.132669,0.782386,0.047786,-0.791800,1.360119,0.101900,-0.002722,-0.064577,0.223518,-0.431060,0.188580,0.862085,-0.188241,22.071568,7.582380,0.000000,1,0.015171,-12.240723,25.188109,56.943561,3.334529,57.034680,0.000000
18.275000,10.900000,1,-0.760502,1.400350,0.330234,0.341348,0.317778,-0.105999,0.878216,0.340082,0.079742,0.039003,-0.127278,0.444877,0.741380,0.486046,-0.495120,-0.833935,0.243738,0.607443,-0.131689,0.783372,0.048972,-0.791800,1.360119,0.101900,-0.003346,-0.064145,0.224964,-0.431854,0.188422,0.861807,-0.187849,22.777011,7.651344,0.000000,1,0.015438,-12.303707,24.954595,56.950683,3.349259,57.107241,0.000000
18.308333,10.933333,1,-0.760259,1.399587,0.331510,0.342001,0.319331,-0.105834,0.877418,0.340552,0.080382,0.040283,-0.128381,0.446157,0.740749,0.485544,-0.495531,-0.833889,0.243061,0.604776,-0.130382,0.785650,0.045199,-0.791800,1.360119,0.101900,-0.004055,-0.063795,0.226246,-0.433524,0.188523,0.860984,-0.187679,23.499991,7.312955,0.000000,1,0.015651,-12.383699,24.747668,56.954305,3.368465,57.170246,0.000000
18.341667,10.966667,1,-0.759911,1.398846,0.332609,0.342974,0.321115,-0.105731,0.876399,0.340942,0.081094,0.041387,-0.129549,0.447826,0.739896,0.484998,-0.495987,-0.833727,0.242685,0.601665,-0.128457,0.788351,0.041105,-0.791800,1.360119,0.101900,-0.004825,-0.063518,0.227345,-0.435513,0.188849,0.859977,-0.187363,23.852213,7.116867,0.000000,1,0.015990,-12.476979,24.571185,56.953135,3.391167,57.221797,0.000000
18.375000,11.000000,1,-0.759578,1.398130,0.333565,0.342973,0.322160,-0.106301,0.875947,0.341319,0.081781,0.042349,-0.130485,0.448296,0.739242,0.485310,-0.494895,-0.834515,0.242205,0.600532,-0.127010,0.789449,0.037214,-0.791800,1.360119,0.101900,-0.005565,-0.063242,0.228301,-0.436470,0.188487,0.859726,-0.186648,24.193730,7.008067,0.000000,1,0.016262,-12.566840,24.421584,56.942486,3.413010,57.260281,0.000000
18.408333,11.033333,1,-0.759294,1.397320,0.334556,0.343316,0.323776,-0.106424,0.875201,0.341801,0.082485,0.043344,-0.131782,0.449326,0.738529,0.485091,-0.494640,-0.834935,0.241279,0.598082,-0.125584,0.791534,0.039311,-0.791800,1.360119,0.101900,-0.006329,-0.062865,0.229297,-0.438086,0.188267,0.859043,-0.186231,24.617411,7.008412,0.000000,1,0.016528,-12.655633,24.273294,56.916107,3.434766,57.290182,0.000000
18.441667,11.066667,1,-0.759050,1.396394,0.335645,0.344371,0.326051,-0.105999,0.873993,0.342401,0.083225,0.044437,-0.133355,0.451289,0.737652,0.484174,-0.495585,-0.834667,0.240265,0.593941,-0.123829,0.794922,0.043518,-0.791800,1.360119,0.101900,-0.007140,-0.062379,0.230398,-0.440569,0.188513,0.857738,-0.186140,25.031671,7.026308,0.000000,1,0.016755,-12.745606,24.115343,56.875746,3.456960,57.315774,0.000000
18.475000,11.100000,1,-0.758868,1.395396,0.336840,0.343630,0.327261,-0.106514,0.873769,0.343095,0.083959,0.045636,-0.134767,0.451168,0.737226,0.484543,-0.494111,-0.836042,0.238513,0.592830,-0.123330,0.795828,0.047029,-0.791800,1.360119,0.101900,-0.007952,-0.061806,0.231609,-0.441432,0.187395,0.857663,-0.185567,25.643976,7.024532,0.000000,1,0.016811,-12.830932,23.944393,56.827343,3.477901,57.341119,0.000000
18.508333,11.133333,1,-0.758706,1.394327,0.338149,0.342129,0.327666,-0.107372,0.874102,0.343860,0.084718,0.046948,-0.135795,0.450009,0.737138,0.485467,-0.491762,-0.837932,0.236729,0.593495,-0.123627,0.795286,0.050923,-0.791800,1.360119,0.101900,-0.008798,-0.061171,0.232937,-0.441284,0.185821,0.858226,-0.184899,27.079135,6.988983,0.000000,1,0.016861,-12.917300,23.758119,56.774038,3.499010,57.368645,0.000000
18.541667,11.166667,1,-0.758488,1.393154,0.339432,0.341667,0.328191,-0.107578,0.874060,0.344672,0.085584,0.048236,-0.136471,0.449831,0.737010,0.485638,-0.491063,-0.838618,0.235749,0.593063,-0.123616,0.795610,0.052569,-0.791800,1.360119,0.101900,-0.009754,-0.060493,0.234240,-0.441612,0.185203,0.858236,-0.184689,28.079879,6.854242,0.000000,1,0.017401,-13.017587,23.582735,56.705194,3.523725,57.384933,0.000000
18.575000,11.200000,1,-0.758147,1.391949,0.340593,0.341810,0.329213,-0.107258,0.873659,0.345437,0.086569,0.049402,-0.137325,0.450414,0.736800,0.485175,-0.491495,-0.838660,0.234698,0.591248,-0.123465,0.796983,0.051229,-0.791800,1.360119,0.101900,-0.010820,-0.059861,0.235414,-0.442619,0.185002,0.857731,-0.184825,29.245828,6.785431,0.000000,1,0.017862,-13.136500,23.430564,56.628649,3.553045,57.390442,0.000000
18.608333,11.233333,1,-0.757775,1.390764,0.341665,0.342728,0.330767,-0.106778,0.872771,0.346166,0.087569,0.050480,-0.138312,0.451930,0.736230,0.484350,-0.492550,-0.838200,0.234126,0.588171,-0.122329,0.799431,0.049221,-0.791800,1.360119,0.101900,-0.011896,-0.059260,0.236498,-0.444385,0.185360,0.856721,-0.184914,29.727757,6.800417,0.000000,1,0.018076,-13.258360,23.294398,56.549233,3.582786,57.389716,0.000000
18.641667,11.266667,1,-0.757494,1.389655,0.342665,0.342446,0.331148,-0.107172,0.872689,0.346888,0.088450,0.051486,-0.138777,0.451849,0.735982,0.484669,-0.491674,-0.838828,0.233719,0.588002,-0.121857,0.799628,0.045591,-0.791800,1.360119,0.101900,-0.012851,-0.058654,0.237512,-0.444634,0.184958,0.856765,-0.184513,30.687155,6.810039,0.000000,1,0.018031,-13.362760,23.170607,56.469050,3.607610,57.384692,0.000000
18.675000,11.300000,1,-0.757312,1.388592,0.343634,0.341264,0.330497,-0.107863,0.873313,0.347634,0.089225,0.052458,-0.138717,0.450503,0.736225,0.485570,-0.489959,-0.839962,0.233247,0.589992,-0.122539,0.798057,0.043503,-0.791800,1.360119,0.101900,-0.013701,-0.058016,0.238500,-0.443615,0.184043,0.857575,-0.184119,32.142605,6.776590,0.000000,1,0.018032,-13.450543,23.053692,56.386094,3.627824,57.375973,0.000000
18.708333,11.333333,1,-0.757144,1.387547,0.344585,0.340666,0.330277,-0.108029,0.873609,0.348374,0.089978,0.053412,-0.138785,0.449870,0.736413,0.485852,-0.489373,-0.840446,0.232734,0.590705,-0.123131,0.797437,0.042684,-0.791800,1.360119,0.101900,-0.014527,-0.057383,0.239469,-0.443205,0.183548,0.857900,-0.184084,32.560352,6.772036,0.000000,1,0.018064,-13.534957,22.940333,56.302844,3.646861,57.366042,0.000000
18.741667,11.366667,1,-0.756931,1.386544,0.345479,0.340822,0.330743,-0.107692,0.873414,0.349051,0.090742,0.054310,-0.139134,0.450216,0.736391,0.485464,-0.489932,-0.840264,0.232213,0.589702,-0.123260,0.798159,0.040797,-0.791800,1.360119,0.101900,-0.015359,-0.056808,0.240379,-0.443700,0.183546,0.857595,-0.184318,33.203798,6.940382,0.000000,1,0.018046,-13.622878,22.834281,56.224341,3.666423,57.356519,0.000000
18.775000,11.400000,1,-0.756727,1.385586,0.346386,0.340989,0.331356,-0.107494,0.873141,0.349700,0.091472,0.055221,-0.139611,0.450639,0.736239,0.485166,-0.490245,-0.840224,0.231696,0.588568,-0.123077,0.799024,0.040061,-0.791800,1.360119,0.101900,-0.016156,-0.056262,0.241301,-0.444331,0.183502,0.857261,-0.184393,33.790672,6.820113,0.000000,1,0.017843,-13.706502,22.723833,56.152306,3.684548,57.351758,0.000000
18.808333,11.433333,1,-0.756614,1.384641,0.347366,0.341004,0.332130,-0.107617,0.872825,0.350392,0.092121,0.056204,-0.140297,0.451000,0.735905,0.485139,-0.489915,-0.840580,0.231104,0.587484,-0.122480,0.799913,0.040966,-0.791800,1.360119,0.101900,-0.016876,-0.055672,0.242299,-0.445053,0.183255,0.856991,-0.184150,34.916609,6.689703,0.000000,1,0.017659,-13.776490,22.602390,56.080970,3.698991,57.350565,0.000000
18.841667,11.466667,1,-0.756549,1.383645,0.348385,0.340442,0.332884,-0.108093,0.872699,0.351155,0.092762,0.057225,-0.141222,0.450836,0.735582,0.485513,-0.488667,-0.841605,0.230013,0.586933,-0.122048,0.800384,0.042808,-0.791800,1.360119,0.101900,-0.017594,-0.055013,0.243342,-0.445554,0.182461,0.857007,-0.183654,35.591232,6.658423,0.000000,1,0.017891,-13.842728,22.479412,56.000349,3.712440,57.344898,0.000000
18.875000,11.500000,1,-0.756494,1.382572,0.349435,0.339450,0.333299,-0.108669,0.872856,0.351985,0.093440,0.058277,-0.142034,0.450135,0.735464,0.486105,-0.487058,-0.842893,0.228704,0.587156,-0.122161,0.800203,0.045072,-0.791800,1.360119,0.101900,-0.018355,-0.054292,0.244418,-0.445592,0.181371,0.857320,-0.183180,36.463347,6.662607,0.000000,1,0.018277,-13.911677,22.357446,55.908091,3.726543,57.332816,0.000000
18.908333,11.533333,1,-0.756433,1.381412,0.350564,0.339694,0.334327,-0.108403,0.872400,0.352881,0.094175,0.059408,-0.142848,0.450813,0.735181,0.485666,-0.487446,-0.842900,0.227850,0.585309,-0.121794,0.801611,0.048570,-0.791800,1.360119,0.101900,-0.019178,-0.053513,0.245574,-0.446637,0.181263,0.856785,-0.183243,37.316073,6.651152,0.000000,1,0.018596,-13.986081,22.228116,55.806918,3.741934,57.318325,0.000000
18.941667,11.566667,1,-0.756330,1.380198,0.351686,0.340622,0.335116,-0.107849,0.871804,0.353796,0.094976,0.060533,-0.143144,0.451994,0.734902,0.484902,-0.488760,-0.842111,0.227952,0.583310,-0.121143,0.803165,0.049690,-0.791800,1.360119,0.101900,-0.020069,-0.052719,0.246723,-0.447697,0.181889,0.856040,-0.183521,38.029072,6.611191,0.000000,1,0.018950,-14.069007,22.103941,55.698107,3.759287,57.298344,0.000000
18.975000,11.600000,1,-0.756146,1.378915,0.352795,0.340548,0.335604,-0.107706,0.871663,0.354717,0.095884,0.061646,-0.143616,0.452146,0.734841,0.484713,-0.488856,-0.842245,0.227253,0.582504,-0.121235,0.803736,0.051180,-0.791800,1.360119,0.101900,-0.021065,-0.051924,0.247857,-0.448130,0.181658,0.855846,-0.183596,38.055259,6.193250,0.000000,1,0.019384,-14.166476,21.986031,55.581409,3.780098,57.272489,0.000000
19.008333,11.633333,1,-0.755871,1.377547,0.353950,0.340493,0.337098,-0.107392,0.871146,0.355651,0.096915,0.062806,-0.144981,0.452763,0.734527,0.484207,-0.489049,-0.842610,0.225478,0.580042,-0.121098,0.805535,0.054350,-0.791800,1.360119,0.101900,-0.022187,-0.051125,0.249034,-0.449509,0.181111,0.855220,-0.183680,37.980559,6.167029,0.000000,1,0.019776,-14.280482,21.864546,55.458792,3.804829,57.244811,0.000000
19.041667,11.666667,1,-0.755546,1.376103,0.355168,0.340441,0.338759,-0.107315,0.870532,0.356616,0.098030,0.064030,-0.146494,0.453459,0.734019,0.483870,-0.488819,-0.843198,0.223772,0.577482,-0.120490,0.807463,0.057500,-0.791800,1.360119,0.101900,-0.023397,-0.050304,0.250273,-0.451038,0.180506,0.854581,-0.183503,39.099902,6.227457,0.000000,1,0.020150,-14.404677,21.737094,55.330064,3.831849,57.215838,0.000000
19.075000,11.700000,1,-0.755216,1.374619,0.356394,0.339897,0.339912,-0.107569,0.870264,0.357610,0.099174,0.065262,-0.147769,0.453489,0.733670,0.483984,-0.487847,-0.844192,0.222136,0.576147,-0.120214,0.808458,0.058593,-0.791800,1.360119,0.101900,-0.024637,-0.049457,0.251521,-0.451922,0.179600,0.854379,-0.183157,41.227177,6.322382,0.000000,1,0.020535,-14.531222,21.612811,55.194090,3.859144,57.182090,0.000000
19.108333,11.733333,1,-0.754859,1.373047,0.357656,0.339706,0.341481,-0.107240,0.869764,0.358658,0.100392,0.066531,-0.149262,0.454018,0.733377,0.483473,-0.487949,-0.844672,0.220081,0.573601,-0.120242,0.810261,0.061408,-0.791800,1.360119,0.101900,-0.025956,-0.048563,0.252806,-0.453326,0.178900,0.853760,-0.183262,42.673033,6.282152,0.000000,1,0.021156,-14.665602,21.489567,55.046480,3.888140,57.141944,0.000000
19.141667,11.766667,1,-0.754458,1.371445,0.358953,0.339677,0.343344,-0.106606,0.869120,0.359705,0.101663,0.067835,-0.150947,0.454823,0.733093,0.482624,-0.488577,-0.844925,0.217700,0.570308,-0.120420,0.812556,0.063023,-0.791800,1.360119,0.101900,-0.027329,-0.047674,0.254125,-0.455066,0.178261,0.852896,-0.183592,43.853811,6.275961,0.000000,1,0.021418,-14.806524,21.362958,54.897000,3.918309,57.101887,0.000000
19.175000,11.800000,1,-0.754013,1.369890,0.360191,0.338499,0.344354,-0.106310,0.869216,0.360685,0.102941,0.069080,-0.152377,0.454217,0.733312,0.482411,-0.488121,-0.845942,0.214758,0.569092,-0.121932,0.813183,0.061078,-0.791800,1.360119,0.101900,-0.028703,-0.046848,0.255380,-0.455617,0.176812,0.852836,-0.183906,44.966410,6.274002,0.000000,1,0.021398,-14.950111,21.244242,54.752473,3.948533,57.062101,0.000000
19.208333,11.833333,1,-0.753617,1.368364,0.361396,0.337319,0.345096,-0.106201,0.869394,0.361674,0.104163,0.070292,-0.153567,0.453491,0.733520,0.482402,-0.487411,-0.846986,0.212240,0.568420,-0.123269,0.813451,0.059551,-0.791800,1.360119,0.101900,-0.030020,-0.046009,0.256605,-0.455914,0.175448,0.852922,-0.184077,46.082574,6.239718,0.000000,1,0.021552,-15.084822,21.132608,54.605496,3.976139,57.018732,0.000000
19.241667,11.866667,1,-0.753315,1.366810,0.362613,0.336716,0.346146,-0.106371,0.869189,0.362741,0.105326,0.071515,-0.154776,0.453422,0.733264,0.482470,-0.486535,-0.847913,0.210541,0.567198,-0.123264,0.814305,0.059886,-0.791800,1.360119,0.101900,-0.031284,-0.045090,0.257848,-0.456684,0.174523,0.852752,-0.183835,47.307827,6.274706,0.000000,1,0.022035,-15.207882,21.025884,54.447351,4.000619,56.967735,0.000000
19.275000,11.900000,1,-0.753091,1.365274,0.363801,0.337005,0.346908,-0.106417,0.868768,0.363839,0.106417,0.072708,-0.155332,0.454022,0.732871,0.482323,-0.486473,-0.848010,0.210294,0.565913,-0.122457,0.815320,0.058643,-0.791800,1.360119,0.101900,-0.032477,-0.044133,0.259065,-0.457489,0.174540,0.852363,-0.183624,48.516554,6.310152,0.000000,1,0.022333,-15.319129,20.927387,54.283736,4.021801,56.911124,0.000000
19.308333,11.933333,1,-0.752901,1.363786,0.365000,0.335949,0.347526,-0.106684,0.868897,0.364921,0.107452,0.073911,-0.156355,0.453353,0.732868,0.482627,-0.485249,-0.849171,0.208427,0.565636,-0.123084,0.815418,0.057631,-0.791800,1.360119,0.101900,-0.033612,-0.043190,0.260295,-0.457702,0.173327,0.852538,-0.183426,49.132869,6.340243,0.000000,1,0.022246,-15.422627,20.826196,54.124828,4.040551,56.857639,0.000000
19.341667,11.966667,1,-0.752727,1.362331,0.366092,0.335203,0.348469,-0.106759,0.868798,0.365984,0.108455,0.075008,-0.157531,0.453108,0.732748,0.482657,-0.484452,-0.850089,0.206530,0.564575,-0.123471,0.816094,0.054809,-0.791800,1.360119,0.101900,-0.034712,-0.042258,0.261417,-0.458327,0.172304,0.852434,-0.183315,50.057841,6.421996,0.000000,1,0.022534,-15.521990,20.743656,53.962576,4.057874,56.796653,0.000000
19.375000,12.000000,1,-0.752550,1.360923,0.367079,0.332844,0.348564,-0.107719,0.869549,0.367009,0.109433,0.075998,-0.158662,0.451041,0.732984,0.483863,-0.481406,-0.852453,0.203891,0.566201,-0.124877,0.814753,0.051857,-0.791800,1.360119,0.101900,-0.035780,-0.041355,0.262432,-0.457598,0.170020,0.853411,-0.182720,51.040361,6.412651,0.000000,1,0.022747,-15.619025,20.677980,53.800130,4.074171,56.730418,0.000000
19.408333,12.033333,1,-0.752373,1.359537,0.367969,0.331764,0.349014,-0.108119,0.869731,0.368015,0.110399,0.076892,-0.159544,0.450277,0.732967,0.484310,-0.479980,-0.853644,0.202266,0.566288,-0.125390,0.814614,0.049687,-0.791800,1.360119,0.101900,-0.036832,-0.040464,0.263351,-0.457644,0.168839,0.853685,-0.182420,52.129020,6.397994,0.000000,1,0.023127,-15.714707,20.629179,53.634399,4.089756,56.657313,0.000000
19.441667,12.066667,1,-0.752072,1.358143,0.368670,0.333552,0.350556,-0.106655,0.868607,0.368951,0.111471,0.077599,-0.160137,0.452561,0.732628,0.482494,-0.483111,-0.851921,0.202073,0.562034,-0.124777,0.817648,0.047674,-0.791800,1.360119,0.101900,-0.037980,-0.039636,0.264074,-0.459716,0.170043,0.852136,-0.183334,53.136090,6.323576,0.000000,1,0.023914,-15.827083,20.612219,53.462283,4.108966,56.571518,0.000000
19.475000,12.100000,1,-0.751683,1.356818,0.369175,0.334827,0.351853,-0.105131,0.867778,0.369779,0.112574,0.078111,-0.160738,0.454276,0.732577,0.480758,-0.486070,-0.850423,0.201288,0.558346,-0.125010,0.820136,0.044137,-0.791800,1.360119,0.101900,-0.039145,-0.038906,0.264595,-0.461389,0.170846,0.850835,-0.184421,54.015179,6.286862,0.000000,1,0.024372,-15.947419,20.622709,53.294095,4.129515,56.479775,0.000000
19.508333,12.133333,1,-0.751226,1.355506,0.369729,0.332920,0.352507,-0.105052,0.868255,0.370555,0.113722,0.078672,-0.162172,0.452859,0.733036,0.480912,-0.484847,-0.851934,0.197816,0.558171,-0.127283,0.819905,0.044851,-0.791800,1.360119,0.101900,-0.040355,-0.038232,0.265160,-0.461359,0.168822,0.851198,-0.184685,54.698312,6.309025,0.000000,1,0.024336,-16.075204,20.622288,53.134520,4.151355,56.395991,0.000000
19.541667,12.166667,1,-0.750720,1.354228,0.370222,0.332176,0.352716,-0.104590,0.868511,0.371274,0.114891,0.079173,-0.162691,0.452284,0.733469,0.480618,-0.485076,-0.852202,0.196093,0.557872,-0.128892,0.819857,0.043820,-0.791800,1.360119,0.101900,-0.041579,-0.037613,0.265661,-0.461316,0.168056,0.851257,-0.185217,55.439446,6.279011,0.000000,1,0.024602,-16.207305,20.628912,52.979175,4.173808,56.312463,0.000000
19.575000,12.200000,1,-0.750351,1.352841,0.370744,0.331780,0.353051,-0.104171,0.868577,0.372162,0.116014,0.079701,-0.163169,0.452076,0.733716,0.480275,-0.485423,-0.852300,0.194803,0.557242,-0.129926,0.820122,0.045800,-0.791800,1.360119,0.101900,-0.042769,-0.036824,0.266201,-0.461505,0.167577,0.851159,-0.185634,56.352717,6.277105,0.000000,1,0.025733,-16.326422,20.645327,52.798018,4.193345,56.212069,0.000000
19.608333,12.233333,1,-0.750088,1.351363,0.371333,0.330969,0.353748,-0.104254,0.868593,0.373189,0.117108,0.080296,-0.164154,0.451662,0.733694,0.480363,-0.484610,-0.853163,0.193047,0.556595,-0.130506,0.820470,0.048400,-0.791800,1.360119,0.101900,-0.043940,-0.035900,0.266817,-0.461879,0.166574,0.851169,-0.185562,57.203935,6.240135,0.000000,1,0.026710,-16.435593,20.662458,52.597885,4.210472,56.101163,0.000000
19.641667,12.266667,1,-0.749724,1.349934,0.371963,0.330245,0.354493,-0.104162,0.868575,0.374114,0.118251,0.080932,-0.165144,0.451346,0.733721,0.480279,-0.484119,-0.853856,0.191204,0.555707,-0.131239,0.820954,0.048086,-0.791800,1.360119,0.101900,-0.045156,-0.035082,0.267467,-0.462331,0.165640,0.851088,-0.185641,58.235600,6.237997,0.000000,1,0.026393,-16.554661,20.666289,52.413665,4.229176,56.002804,0.000000
19.675000,12.300000,1,-0.749305,1.348513,0.372692,0.328904,0.355346,-0.104121,0.868741,0.375002,0.119434,0.081668,-0.166505,0.450525,0.733887,0.480326,-0.483126,-0.855039,0.188406,0.554981,-0.132628,0.821222,0.049552,-0.791800,1.360119,0.101900,-0.046412,-0.034311,0.268212,-0.462674,0.164085,0.851180,-0.185745,59.100767,6.213337,0.000000,1,0.026232,-16.679734,20.651132,52.239140,4.248769,55.915261,0.000000
19.708333,12.333333,1,-0.748922,1.347092,0.373465,0.328987,0.356474,-0.103418,0.868331,0.375911,0.120587,0.082447,-0.167483,0.451101,0.733840,0.479517,-0.484027,-0.854880,0.186810,0.552674,-0.133144,0.822693,0.049860,-0.791800,1.360119,0.101900,-0.047641,-0.033520,0.269003,-0.463770,0.163799,0.850531,-0.186236,60.009836,6.198673,0.000000,1,0.026439,-16.799280,20.630643,52.064120,4.266773,55.828888,0.000000
19.741667,12.366667,1,-0.748516,1.345683,0.374303,0.327649,0.356848,-0.103480,0.868676,0.376796,0.121750,0.083292,-0.168411,0.450070,0.734119,0.479734,-0.482986,-0.855957,0.184560,0.552770,-0.134585,0.822394,0.050655,-0.791800,1.360119,0.101900,-0.048881,-0.032756,0.269857,-0.463666,0.162407,0.850837,-0.186317,61.044713,6.144912,0.000000,1,0.026399,-16.920481,20.598133,51.895420,4.284759,55.749376,0.000000
19.775000,12.400000,1,-0.748152,1.344242,0.375232,0.326497,0.357124,-0.103809,0.868957,0.377734,0.122899,0.084228,-0.169170,0.449162,0.734221,0.480161,-0.481654,-0.857058,0.182924,0.553118,-0.135398,0.822027,0.052610,-0.791800,1.360119,0.101900,-0.050113,-0.031946,0.270806,-0.463527,0.161217,0.851181,-0.186123,61.979384,6.161132,0.000000,1,0.026709,-17.037044,20.555218,51.722869,4.301498,55.670690,0.000000
19.808333,12.433333,1,-0.747774,1.342815,0.376163,0.325426,0.357786,-0.104032,0.869059,0.378652,0.124050,0.085166,-0.170239,0.448501,0.734213,0.480414,-0.480443,-0.858157,0.180948,0.552747,-0.136100,0.822160,0.052354,-0.791800,1.360119,0.101900,-0.051346,-0.031156,0.271756,-0.463778,0.159977,0.851315,-0.185956,62.876804,6.124300,0.000000,1,0.026865,-17.154033,20.511715,51.552592,4.318000,55.593313,0.000000
19.841667,12.466667,1,-0.747368,1.341483,0.376968,0.323292,0.358101,-0.104603,0.869658,0.379477,0.125167,0.085977,-0.171468,0.446731,0.734488,0.481203,-0.478084,-0.860077,0.178054,0.553676,-0.137749,0.821260,0.048246,-0.791800,1.360119,0.101900,-0.052536,-0.030448,0.272574,-0.463338,0.157839,0.852017,-0.185664,63.765477,6.131137,0.000000,1,0.026800,-17.269773,20.482044,51.391809,4.333731,55.516909,0.000000
19.875000,12.500000,1,-0.746969,1.340241,0.377618,0.323012,0.358231,-0.104502,0.869720,0.380232,0.126226,0.086633,-0.171710,0.446538,0.734589,0.481143,-0.478034,-0.860235,0.177426,0.553535,-0.138210,0.821278,0.043713,-0.791800,1.360119,0.101900,-0.053659,-0.029797,0.273237,-0.463368,0.157533,0.852032,-0.185783,64.557102,6.117370,0.000000,1,0.026943,-17.380435,20.472102,51.236657,4.347940,55.437670,0.000000
19.908333,12.533333,1,-0.746535,1.339018,0.378181,0.323010,0.358608,-0.103901,0.869638,0.380951,0.127302,0.087204,-0.172050,0.446702,0.734785,0.480569,-0.478904,-0.859941,0.176503,0.552520,-0.139020,0.821825,0.042452,-0.791800,1.360119,0.101900,-0.054793,-0.029177,0.273810,-0.463733,0.157416,0.851739,-0.186310,65.265009,6.105262,0.000000,1,0.027389,-17.494283,20.475209,51.080936,4.362670,55.354358,0.000000
19.941667,12.566667,1,-0.746169,1.337772,0.378654,0.322000,0.358965,-0.103966,0.869857,0.381729,0.128340,0.087683,-0.172819,0.445957,0.734951,0.480732,-0.478061,-0.860768,0.174744,0.552488,-0.140038,0.821673,0.041457,-0.791800,1.360119,0.101900,-0.055889,-0.028490,0.274298,-0.463724,0.156339,0.851937,-0.186338,65.717822,6.099182,0.000000,1,0.028329,-17.600365,20.499398,50.911365,4.375671,55.257376,0.000000
19.975000,12.600000,1,-0.745902,1.336505,0.379002,0.321650,0.359170,-0.104561,0.869830,0.382582,0.129312,0.088036,-0.173157,0.445739,0.734661,0.481255,-0.476820,-0.861485,0.174605,0.552753,-0.139421,0.821600,0.040237,-0.791800,1.360119,0.101900,-0.056921,-0.027716,0.274667,-0.463782,0.155928,0.852104,-0.185773,66.521857,6.092703,0.000000,1,0.029540,-17.694763,20.551352,50.724442,4.386048,55.142876,0.000000
20.008333,12.633333,1,-0.745588,1.335303,0.379158,0.321883,0.359002,-0.105058,0.869754,0.383354,0.130284,0.088197,-0.172901,0.445875,0.734371,0.481664,-0.476209,-0.861625,0.175577,0.553255,-0.138390,0.821436,0.037545,-0.791800,1.360119,0.101900,-0.057940,-0.027011,0.274839,-0.463691,0.156196,0.852212,-0.185278,67.197426,6.090614,0.000000,1,0.030233,-17.792122,20.629744,50.540013,4.396639,55.022169,0.000000
20.041667,12.666667,1,-0.745237,1.334205,0.379134,0.322145,0.359182,-0.104828,0.869610,0.384019,0.131226,0.088179,-0.172947,0.446189,0.734347,0.481394,-0.476699,-0.861354,0.175579,0.552686,-0.138351,0.821826,0.034585,-0.791800,1.360119,0.101900,-0.058917,-0.026400,0.274828,-0.463952,0.156388,0.852001,-0.185435,67.957783,6.086022,0.000000,1,0.030662,-17.889638,20.728468,50.365227,4.406740,54.900872,0.000000
20.075000,12.700000,1,-0.745019,1.333045,0.379143,0.322630,0.360095,-0.104074,0.869143,0.384815,0.132097,0.088192,-0.173552,0.447028,0.734272,0.480511,-0.477978,-0.860816,0.174734,0.550485,-0.138550,0.823268,0.035406,-0.791800,1.360119,0.101900,-0.059833,-0.025656,0.274858,-0.464984,0.156556,0.851295,-0.185951,68.873022,6.087302,0.000000,1,0.031641,-17.972583,20.832401,50.173135,4.413692,54.768637,0.000000
20.108333,12.733333,1,-0.744933,1.331787,0.379176,0.322458,0.360397,-0.103953,0.869097,0.385768,0.132923,0.088228,-0.173901,0.447008,0.734285,0.480383,-0.477981,-0.860946,0.174085,0.550006,-0.138831,0.823541,0.037846,-0.791800,1.360119,0.101900,-0.060713,-0.024754,0.274923,-0.465210,0.156294,0.851199,-0.186046,69.571662,6.073927,0.000000,1,0.033101,-18.042955,20.946632,49.956968,4.417970,54.620396,0.000000
20.141667,12.766667,1,-0.744859,1.330488,0.379161,0.323009,0.360732,-0.103262,0.868835,0.386761,0.133764,0.088217,-0.173958,0.447649,0.734363,0.479646,-0.479356,-0.860213,0.173929,0.548724,-0.139100,0.824350,0.039052,-0.791800,1.360119,0.101900,-0.061609,-0.023810,0.274942,-0.465725,0.156717,0.850721,-0.186585,70.303830,6.041411,0.000000,1,0.034292,-18.113529,21.074239,49.729400,4.422031,54.462299,0.000000
20.175000,12.800000,1,-0.744719,1.329218,0.379115,0.323115,0.360527,-0.102851,0.868930,0.387691,0.134641,0.088173,-0.173728,0.447649,0.734630,0.479320,-0.480142,-0.859784,0.173883,0.548707,-0.139724,0.824256,0.038352,-0.791800,1.360119,0.101900,-0.062536,-0.022929,0.274924,-0.465580,0.156893,0.850676,-0.187005,71.096007,5.984033,0.000000,1,0.034641,-18.190818,21.203100,49.508278,4.426967,54.307519,0.000000
20.208333,12.833333,1,-0.744547,1.327891,0.379122,0.322081,0.359588,-0.103450,0.869631,0.388647,0.135577,0.088184,-0.173343,0.446306,0.734982,0.480172,-0.478775,-0.860563,0.173798,0.551106,-0.140492,0.822523,0.040151,-0.791800,1.360119,0.101900,-0.063525,-0.022029,0.274960,-0.464344,0.156217,0.851536,-0.186727,72.065150,5.948571,0.000000,1,0.035385,-18.274250,21.327858,49.281351,4.432930,54.150979,0.000000
20.241667,12.866667,1,-0.744427,1.326441,0.379156,0.321121,0.359158,-0.103885,0.870112,0.389733,0.136545,0.088222,-0.173383,0.445255,0.735213,0.480778,-0.477581,-0.861349,0.173190,0.552549,-0.141200,0.821433,0.043644,-0.791800,1.360119,0.101900,-0.064555,-0.021003,0.275029,-0.463611,0.155443,0.852124,-0.186516,72.963307,5.935045,0.000000,1,0.037101,-18.356112,21.462433,49.030617,4.438510,53.978937,0.000000
20.275000,12.900000,1,-0.744247,1.324969,0.379113,0.320755,0.359283,-0.103578,0.870232,0.390800,0.137575,0.088183,-0.173659,0.444982,0.735456,0.480559,-0.477811,-0.861411,0.172244,0.552311,-0.142107,0.821437,0.044521,-0.791800,1.360119,0.101900,-0.065643,-0.019994,0.275018,-0.463612,0.155061,0.852119,-0.186850,73.762862,5.938346,0.000000,1,0.038280,-18.446233,21.611569,48.773816,4.445370,53.799793,0.000000
20.308333,12.933333,1,-0.743964,1.323534,0.378948,0.319246,0.358342,-0.103672,0.871163,0.391775,0.138666,0.088024,-0.173485,0.443208,0.736238,0.481064,-0.476962,-0.862135,0.170970,0.554575,-0.144288,0.819529,0.044159,-0.791800,1.360119,0.101900,-0.066782,-0.019072,0.274879,-0.462227,0.153944,0.853011,-0.187136,74.695847,5.940185,0.000000,1,0.039095,-18.547444,21.775203,48.521710,4.453894,53.619459,0.000000
20.341667,12.966667,1,-0.743728,1.322025,0.378855,0.317751,0.358158,-0.103438,0.871813,0.392838,0.139764,0.087936,-0.173984,0.441786,0.736919,0.481151,-0.476447,-0.862865,0.168706,0.555410,-0.146639,0.818545,0.045903,-0.791800,1.360119,0.101900,-0.067935,-0.018068,0.274817,-0.461560,0.152595,0.853509,-0.187615,75.724771,5.933785,0.000000,1,0.040223,-18.645329,21.936243,48.256930,4.461424,53.433161,0.000000
20.375000,13.000000,1,-0.743528,1.320432,0.378865,0.317436,0.358830,-0.102699,0.871739,0.393990,0.140882,0.087951,-0.174730,0.441800,0.737184,0.480461,-0.477254,-0.862767,0.166919,0.553984,-0.147940,0.819277,0.048174,-0.791800,1.360119,0.101900,-0.069118,-0.016983,0.274863,-0.462098,0.152085,0.853164,-0.188274,76.621312,5.911373,0.000000,1,0.041336,-18.741655,22.090300,47.979924,4.468288,53.242369,0.000000
20.408333,13.033333,1,-0.743321,1.318717,0.378931,0.317474,0.359354,-0.102101,0.871579,0.395235,0.142078,0.088022,-0.175184,0.442065,0.737311,0.479856,-0.478097,-0.862492,0.165925,0.552721,-0.148633,0.820005,0.051837,-0.791800,1.360119,0.101900,-0.070385,-0.015813,0.274967,-0.462613,0.151957,0.852799,-0.188767,77.629033,5.911970,0.000000,1,0.043076,-18.843241,22.248157,47.683564,4.475954,53.040337,0.000000
20.441667,13.066667,1,-0.743124,1.316973,0.378978,0.316513,0.359140,-0.102163,0.872010,0.396510,0.143285,0.088074,-0.175419,0.441108,0.737664,0.480107,-0.477450,-0.863074,0.164758,0.553559,-0.149841,0.819220,0.052686,-0.791800,1.360119,0.101900,-0.071664,-0.014613,0.275053,-0.462089,0.151117,0.853206,-0.188883,78.524258,5.933452,0.000000,1,0.044380,-18.944336,22.414097,47.378738,4.482937,52.831679,0.000000
20.475000,13.100000,1,-0.742935,1.315221,0.378963,0.316496,0.359486,-0.101768,0.871919,0.397795,0.144491,0.088064,-0.175739,0.441246,0.737761,0.479715,-0.477979,-0.862918,0.164038,0.552742,-0.150351,0.819677,0.052877,-0.791800,1.360119,0.101900,-0.072941,-0.013398,0.275078,-0.462416,0.150993,0.852977,-0.189214,79.672072,5.896941,0.000000,1,0.045696,-19.044451,22.592711,47.067351,4.489073,52.616183,0.000000
20.508333,13.133333,1,-0.742704,1.313495,0.378861,0.315464,0.359425,-0.101825,0.872312,0.399034,0.145714,0.087967,-0.176142,0.440294,0.738083,0.479946,-0.477251,-0.863589,0.162621,0.553372,-0.151585,0.819025,0.052314,-0.791800,1.360119,0.101900,-0.074229,-0.012225,0.275013,-0.462011,0.150036,0.853343,-0.189319,80.764455,5.912264,0.000000,1,0.046717,-19.148177,22.783280,46.756847,4.495166,52.398183,0.000000
20.541667,13.166667,1,-0.742514,1.311849,0.378662,0.313115,0.358372,-0.102727,0.873485,0.400233,0.146859,0.087772,-0.176239,0.437723,0.738717,0.481285,-0.474610,-0.865354,0.160958,0.556779,-0.153526,0.816350,0.050074,-0.791800,1.360119,0.101900,-0.075434,-0.011081,0.274851,-0.460219,0.148147,0.854721,-0.188951,81.737539,5.912443,0.000000,1,0.047440,-19.243370,22.984378,46.451777,4.498714,52.180381,0.000000
20.575000,13.200000,1,-0.742345,1.310221,0.378348,0.312946,0.357778,-0.102674,0.873795,0.401430,0.147977,0.087463,-0.175781,0.437305,0.739015,0.481375,-0.474758,-0.865227,0.161206,0.557747,-0.154084,0.815584,0.050004,-0.791800,1.360119,0.101900,-0.076608,-0.009930,0.274576,-0.459611,0.148186,0.855003,-0.189124,82.754912,5.955958,0.000000,1,0.048919,-19.335065,23.204423,46.141195,4.500966,51.954709,0.000000
20.608333,13.233333,1,-0.742069,1.308521,0.378032,0.312807,0.357874,-0.101991,0.873885,0.402619,0.149223,0.087152,-0.175931,0.437220,0.739401,0.480805,-0.475750,-0.864856,0.160268,0.557174,-0.155330,0.815739,0.052517,-0.791800,1.360119,0.101900,-0.077909,-0.008794,0.274294,-0.459671,0.148035,0.854848,-0.189797,83.740659,5.966899,0.000000,1,0.050470,-19.442241,23.429882,45.822036,4.505795,51.723529,0.000000
20.641667,13.266667,1,-0.741802,1.306811,0.377891,0.312507,0.359137,-0.101212,0.873565,0.403823,0.150467,0.087017,-0.177199,0.437513,0.739467,0.479971,-0.476457,-0.864899,0.157921,0.554791,-0.156421,0.817153,0.052092,-0.791800,1.360119,0.101900,-0.079215,-0.007654,0.274188,-0.460765,0.147344,0.854245,-0.190395,84.800167,5.966846,0.000000,1,0.050566,-19.547664,23.628463,45.509102,4.509576,51.503240,0.000000
20.675000,13.300000,1,-0.741635,1.305167,0.377804,0.312961,0.360444,-0.100357,0.872963,0.405035,0.151592,0.086935,-0.178172,0.438499,0.739317,0.478939,-0.477744,-0.864433,0.156578,0.551919,-0.156671,0.819048,0.049663,-0.791800,1.360119,0.101900,-0.080404,-0.006503,0.274139,-0.462154,0.147352,0.853369,-0.190950,85.766648,5.996146,0.000000,1,0.050704,-19.637734,23.815502,45.204789,4.509624,51.290725,0.000000
20.708333,13.333333,1,-0.741445,1.303552,0.377644,0.314031,0.361380,-0.099135,0.872331,0.406210,0.152716,0.086780,-0.178540,0.439870,0.739306,0.477561,-0.480118,-0.863196,0.156139,0.549058,-0.156899,0.820925,0.049005,-0.791800,1.360119,0.101900,-0.081588,-0.005384,0.274016,-0.463415,0.148075,0.852361,-0.191836,86.705141,5.919042,0.000000,1,0.051667,-19.728930,24.011635,44.902066,4.509311,51.076913,0.000000
20.741667,13.366667,1,-0.741162,1.301897,0.377452,0.314974,0.362805,-0.098160,0.871510,0.407360,0.153940,0.086593,-0.179401,0.441348,0.739016,0.476322,-0.481865,-0.862376,0.155286,0.545662,-0.156659,0.823232,0.050691,-0.791800,1.360119,0.101900,-0.082869,-0.004294,0.273857,-0.465082,0.148510,0.851246,-0.192415,87.823044,5.852632,0.000000,1,0.053061,-19.832638,24.215334,44.594016,4.510984,50.858689,0.000000
20.775000,13.400000,1,-0.740917,1.300271,0.377201,0.314779,0.363976,-0.098110,0.871097,0.408509,0.155118,0.086347,-0.180539,0.441697,0.738674,0.476098,-0.481472,-0.862850,0.153864,0.543876,-0.156468,0.824449,0.049913,-0.791800,1.360119,0.101900,-0.084101,-0.003198,0.273639,-0.466107,0.147935,0.850812,-0.192297,88.784249,5.864103,0.000000,1,0.054184,-19.930246,24.428234,44.284397,4.510969,50.637395,0.000000
20.808333,13.433333,1,-0.740934,1.298892,0.376677,0.312302,0.361865,-0.098770,0.872792,0.409618,0.155939,0.085826,-0.179744,0.438537,0.739877,0.477451,-0.479466,-0.864159,0.152782,0.548861,-0.159453,0.820565,0.044252,-0.791800,1.360119,0.101900,-0.084967,-0.002105,0.273158,-0.463295,0.146283,0.852617,-0.192362,89.529869,5.923702,0.000000,1,0.054800,-19.986937,24.669102,43.989726,4.502342,50.416533,0.000000
20.841667,13.466667,1,-0.740967,1.297464,0.376331,0.312529,0.361844,-0.097895,0.872818,0.410777,0.156776,0.085481,-0.179627,0.438726,0.740292,0.476677,-0.481026,-0.863375,0.152308,0.548147,-0.160597,0.820819,0.044103,-0.791800,1.360119,0.101900,-0.085856,-0.000974,0.272855,-0.463374,0.146521,0.852346,-0.193188,90.529680,5.947051,0.000000,1,0.055218,-20.042880,24.887038,43.694257,4.493268,50.201590,0.000000
20.875000,13.500000,1,-0.740930,1.295835,0.376227,0.315133,0.364825,-0.096556,0.870788,0.412054,0.157787,0.085380,-0.181148,0.442386,0.739097,0.474570,-0.483938,-0.861780,0.152115,0.541231,-0.158156,0.825866,0.048964,-0.791800,1.360119,0.101900,-0.086935,0.000249,0.272797,-0.467055,0.148015,0.849977,-0.193622,91.481167,5.936290,0.000000,1,0.056831,-20.114099,25.085198,43.378239,4.487077,49.981213,0.000000
20.908333,13.533333,1,-0.741143,1.294323,0.376005,0.315129,0.365009,-0.096497,0.870718,0.413388,0.158529,0.085158,-0.181315,0.442465,0.739061,0.474488,-0.483973,-0.861801,0.151882,0.540900,-0.158173,0.826080,0.046288,-0.791800,1.360119,0.101900,-0.087745,0.001552,0.272631,-0.467226,0.147951,0.849888,-0.193649,92.326946,5.909478,0.000000,1,0.057971,-20.150881,25.299705,43.062288,4.473966,49.756357,0.000000
20.941667,13.566667,1,-0.741604,1.293103,0.375483,0.312395,0.361510,-0.097245,0.873077,0.414637,0.158900,0.084632,-0.179389,0.438452,0.740812,0.476212,-0.482084,-0.862873,0.151805,0.548259,-0.161964,0.820475,0.042142,-0.791800,1.360119,0.101900,-0.088169,0.002810,0.272171,-0.463035,0.146518,0.852370,-0.193897,93.092768,5.894447,0.000000,1,0.058404,-20.147715,25.540437,42.769453,4.452622,49.536930,0.000000
20.975000,13.600000,1,-0.741895,1.291929,0.374894,0.311545,0.360122,-0.097560,0.873919,0.415747,0.159381,0.084041,-0.178521,0.437071,0.741415,0.476868,-0.481454,-0.863167,0.152134,0.551062,-0.163131,0.818364,0.040382,-0.791800,1.360119,0.101900,-0.088692,0.003927,0.271633,-0.461451,0.146171,0.853278,-0.193942,93.847529,5.912526,0.000000,1,0.058728,-20.163336,25.782055,42.489766,4.434260,49.325054,0.000000
21.008333,13.633333,1,-0.742093,1.290765,0.374228,0.309779,0.359260,-0.098641,0.874779,0.416790,0.159930,0.083374,-0.178530,0.435109,0.741692,0.478226,-0.478854,-0.864753,0.151333,0.554034,-0.163960,0.816189,0.040647,-0.791800,1.360119,0.101900,-0.089277,0.004981,0.271013,-0.460028,0.144767,0.854435,-0.193281,94.585903,5.902877,0.000000,1,0.059812,-20.189661,26.032278,42.212005,4.417612,49.112567,0.000000
21.041667,13.666667,1,-0.742313,1.289605,0.373621,0.308431,0.358844,-0.099337,0.875348,0.417846,0.160459,0.082767,-0.178753,0.433718,0.741884,0.479108,-0.477006,-0.865942,0.150367,0.555827,-0.164689,0.814821,0.039834,-0.791800,1.360119,0.101900,-0.089845,0.006043,0.270454,-0.459170,0.143617,0.855185,-0.192862,95.353434,5.879171,0.000000,1,0.060417,-20.212977,26.273621,41.936070,4.400244,48.903689,0.000000
21.075000,13.700000,1,-0.742573,1.288337,0.373130,0.310646,0.359962,-0.098067,0.874248,0.419013,0.161019,0.082274,-0.178775,0.436197,0.741479,0.477473,-0.480119,-0.864034,0.151428,0.552110,-0.163504,0.817583,0.041543,-0.791800,1.360119,0.101900,-0.090454,0.007206,0.270014,-0.460987,0.145364,0.853744,-0.193602,96.144475,5.818196,0.000000,1,0.062000,-20.235177,26.510084,41.643286,4.382793,48.687277,0.000000
21.108333,13.733333,1,-0.742832,1.287061,0.372650,0.312609,0.360262,-0.097239,0.873516,0.420185,0.161586,0.081793,-0.178174,0.438086,0.741202,0.476397,-0.482600,-0.862324,0.153279,0.550101,-0.162253,0.819184,0.041635,-0.791800,1.360119,0.101900,-0.091070,0.008374,0.269587,-0.461947,0.147138,0.852812,-0.194079,96.901018,5.833000,0.000000,1,0.063054,-20.257724,26.746252,41.348592,4.365213,48.470278,0.000000
21.141667,13.766667,1,-0.742958,1.285948,0.372012,0.312594,0.359193,-0.097906,0.873888,0.421146,0.162161,0.081155,-0.177220,0.437597,0.741232,0.477155,-0.481831,-0.862468,0.154881,0.552264,-0.161663,0.817845,0.038672,-0.791800,1.360119,0.101900,-0.091678,0.009341,0.268989,-0.460930,0.147468,0.853412,-0.193606,97.726013,5.838611,0.000000,1,0.062831,-20.290090,26.985979,41.082170,4.348723,48.268232,0.000000
21.175000,13.800000,1,-0.742973,1.284867,0.371176,0.310253,0.357496,-0.099430,0.875245,0.422013,0.162809,0.080321,-0.176734,0.434748,0.741749,0.479132,-0.478396,-0.864461,0.154418,0.557121,-0.162854,0.814306,0.040994,-0.791800,1.360119,0.101900,-0.092346,0.010224,0.268187,-0.458527,0.145791,0.855192,-0.192731,98.626366,5.743684,0.000000,1,0.064597,-20.334663,27.251033,40.815312,4.334258,48.060190,0.000000
21.208333,13.833333,1,-0.742962,1.283659,0.370261,0.307280,0.356143,-0.100526,0.876719,0.422965,0.163555,0.079407,-0.176839,0.431484,0.742563,0.480781,-0.475156,-0.866626,0.152271,0.561414,-0.165342,0.810849,0.045467,-0.791800,1.360119,0.101900,-0.093113,0.011190,0.267308,-0.456240,0.143408,0.856912,-0.192304,99.632737,5.752919,0.000000,1,0.067738,-20.387026,27.543417,40.519041,4.321448,47.829991,0.000000
21.241667,13.866667,1,-0.742915,1.282435,0.369338,0.306237,0.356109,-0.100397,0.877112,0.423909,0.164338,0.078487,-0.177272,0.430534,0.742969,0.480846,-0.474724,-0.867150,0.150626,0.561863,-0.166855,0.810228,0.045987,-0.791800,1.360119,0.101900,-0.093918,0.012147,0.266421,-0.455861,0.142435,0.857213,-0.192584,100.450376,5.850938,0.000000,1,0.069089,-20.443832,27.838494,40.219411,4.309226,47.597955,0.000000
21.275000,13.900000,1,-0.742879,1.281230,0.368315,0.305611,0.356569,-0.100155,0.877171,0.424844,0.165102,0.077467,-0.177964,0.430178,0.743130,0.480660,-0.474590,-0.867498,0.149039,0.561274,-0.167825,0.810436,0.047443,-0.791800,1.360119,0.101900,-0.094699,0.013103,0.265433,-0.456085,0.141693,0.857161,-0.192834,101.368326,5.875729,0.000000,1,0.070933,-20.498658,28.149121,39.914907,4.296464,47.360003,0.000000
21.308333,13.933333,1,-0.742996,1.279904,0.367169,0.307032,0.357210,-0.099561,0.876482,0.425966,0.165818,0.076321,-0.177908,0.431734,0.742786,0.479816,-0.476251,-0.866419,0.150010,0.559182,-0.166764,0.812099,0.052682,-0.791800,1.360119,0.101900,-0.095439,0.014255,0.264334,-0.457174,0.142835,0.856329,-0.193109,102.317872,5.868742,0.000000,1,0.075251,-20.540160,28.499913,39.568852,4.281679,47.090104,0.000000
21.341667,13.966667,1,-0.743189,1.278451,0.366102,0.309956,0.357775,-0.097994,0.875398,0.427236,0.166551,0.075253,-0.177120,0.434599,0.742528,0.477917,-0.480447,-0.863686,0.152371,0.555781,-0.165438,0.814701,0.054412,-0.791800,1.360119,0.101900,-0.096206,0.015550,0.263321,-0.458723,0.145443,0.854829,-0.194132,103.335557,5.886578,0.000000,1,0.078021,-20.577160,28.856619,39.195744,4.266063,46.804841,0.000000
21.375000,14.000000,1,-0.743311,1.276955,0.365181,0.311183,0.358127,-0.096595,0.874974,0.428498,0.167363,0.074334,-0.176895,0.435848,0.742778,0.476471,-0.483367,-0.862023,0.152551,0.553626,-0.166023,0.816048,0.052816,-0.791800,1.360119,0.101900,-0.097058,0.016822,0.262452,-0.459499,0.146513,0.853971,-0.195264,104.310081,5.871976,0.000000,1,0.078668,-20.623362,29.192841,38.825452,4.251459,46.527075,0.000000
21.408333,14.033333,1,-0.743296,1.275496,0.364258,0.308275,0.356757,-0.097271,0.876487,0.429648,0.168263,0.073413,-0.176956,0.432634,0.743814,0.477761,-0.480863,-0.863844,0.150146,0.557616,-0.169146,0.812683,0.051789,-0.791800,1.360119,0.101900,-0.097990,0.017979,0.261573,-0.457230,0.144206,0.855585,-0.195244,105.392991,5.858097,0.000000,1,0.079243,-20.683806,29.521303,38.468254,4.238557,46.259268,0.000000
21.441667,14.066667,1,-0.743195,1.274011,0.363354,0.305252,0.354713,-0.098181,0.878271,0.430769,0.169246,0.072512,-0.176463,0.429015,0.744985,0.479380,-0.478112,-0.865672,0.148397,0.562850,-0.172283,0.808405,0.052255,-0.791800,1.360119,0.101900,-0.099006,0.019099,0.260708,-0.454288,0.142011,0.857546,-0.195116,106.434122,5.867014,0.000000,1,0.080658,-20.754721,29.847628,38.110042,4.226978,45.992316,0.000000
21.475000,14.100000,1,-0.743036,1.272489,0.362538,0.305083,0.354398,-0.097505,0.878532,0.431883,0.170298,0.071700,-0.176258,0.428719,0.745517,0.478892,-0.479192,-0.865175,0.147812,0.562914,-0.173726,0.808051,0.052020,-0.791800,1.360119,0.101900,-0.100091,0.020204,0.259928,-0.453956,0.141969,0.857561,-0.195850,107.232543,5.863414,0.000000,1,0.081750,-20.833064,30.162809,37.751788,4.216218,45.728846,0.000000
21.508333,14.133333,1,-0.742805,1.270965,0.361716,0.305981,0.355087,-0.096188,0.878087,0.432957,0.171409,0.070883,-0.176480,0.429824,0.745713,0.477512,-0.481675,-0.863885,0.147284,0.560463,-0.174468,0.809594,0.052428,-0.791800,1.360119,0.101900,-0.101233,0.021265,0.259139,-0.454932,0.142613,0.856697,-0.196899,108.087744,5.870028,0.000000,1,0.083133,-20.919451,30.477823,37.394734,4.206341,45.466868,0.000000
21.541667,14.166667,1,-0.742537,1.269419,0.360921,0.308530,0.356145,-0.094510,0.876948,0.434026,0.172561,0.070094,-0.176302,0.432573,0.745457,0.475492,-0.485650,-0.861444,0.148519,0.556391,-0.173576,0.812589,0.052760,-0.791800,1.360119,0.101900,-0.102418,0.022318,0.258376,-0.456817,0.144704,0.855087,-0.198003,109.192599,5.848784,0.000000,1,0.084622,-21.010166,30.790733,37.035282,4.196807,45.204832,0.000000
21.575000,14.200000,1,-0.742225,1.267962,0.360127,0.308884,0.356096,-0.094040,0.876894,0.434996,0.173696,0.069306,-0.176101,0.432866,0.745619,0.475046,-0.486640,-0.860862,0.148653,0.555950,-0.173918,0.812818,0.050652,-0.791800,1.360119,0.101900,-0.103579,0.023274,0.257608,-0.456902,0.145064,0.854884,-0.198419,110.246975,5.863407,0.000000,1,0.084759,-21.102477,31.092371,36.694477,4.186915,44.956256,0.000000
21.608333,14.233333,1,-0.741840,1.266558,0.359253,0.307262,0.355559,-0.094382,0.877644,0.435881,0.174857,0.068439,-0.176340,0.431174,0.746130,0.475693,-0.485241,-0.861924,0.147068,0.557791,-0.175610,0.811191,0.050942,-0.791800,1.360119,0.101900,-0.104759,0.024147,0.256755,-0.455849,0.143702,0.855680,-0.198403,111.243600,6.028414,0.000000,1,0.085961,-21.200946,31.399091,36.361382,4.177603,44.711370,0.000000
21.641667,14.266667,1,-0.741447,1.265099,0.358308,0.306929,0.355591,-0.093520,0.877840,0.436804,0.176058,0.067501,-0.176519,0.430885,0.746689,0.475011,-0.486412,-0.861489,0.145742,0.557252,-0.177405,0.811171,0.053451,-0.791800,1.360119,0.101900,-0.105978,0.025061,0.255832,-0.455788,0.143393,0.855559,-0.199286,112.263051,5.965724,0.000000,1,0.088823,-21.301894,31.724832,36.010800,4.168629,44.453225,0.000000
21.675000,14.300000,1,-0.741095,1.263608,0.357450,0.307940,0.355879,-0.091917,0.877539,0.437777,0.177246,0.066649,-0.176333,0.431911,0.747139,0.473437,-0.489528,-0.859767,0.145476,0.555127,-0.178620,0.812360,0.052676,-0.791800,1.360119,0.101900,-0.107190,0.026021,0.254999,-0.456437,0.144283,0.854742,-0.200658,113.205247,5.978915,0.000000,1,0.090231,-21.398664,32.043028,35.655014,4.158762,44.194663,0.000000
21.708333,14.333333,1,-0.740822,1.262119,0.356572,0.308706,0.355899,-0.091297,0.877326,0.438797,0.178370,0.065776,-0.176011,0.432603,0.747228,0.472784,-0.490990,-0.858841,0.146014,0.554269,-0.178660,0.812937,0.052518,-0.791800,1.360119,0.101900,-0.108340,0.027032,0.254150,-0.456729,0.145013,0.854347,-0.201150,114.195748,5.977554,0.000000,1,0.092224,-21.485904,32.368307,35.291505,4.147177,43.930810,0.000000
21.741667,14.366667,1,-0.740649,1.260637,0.355513,0.309344,0.355663,-0.091099,0.877218,0.439870,0.179411,0.064722,-0.175517,0.433069,0.747220,0.472555,-0.491772,-0.858226,0.146998,0.554183,-0.178287,0.813078,0.054885,-0.791800,1.360119,0.101900,-0.109405,0.028112,0.253127,-0.456730,0.145700,0.854197,-0.201290,115.306945,5.963013,0.000000,1,0.095749,-21.561588,32.727170,34.908919,4.133646,43.649416,0.000000
21.775000,14.400000,1,-0.740529,1.259133,0.354380,0.310189,0.355783,-0.090340,0.876949,0.440992,0.180423,0.063592,-0.175251,0.433875,0.747322,0.471752,-0.493475,-0.857175,0.147425,0.553026,-0.178405,0.813839,0.056593,-0.791800,1.360119,0.101900,-0.110440,0.029247,0.252033,-0.457145,0.146474,0.853701,-0.201890,116.328032,5.945351,0.000000,1,0.098800,-21.631792,33.104525,34.510776,4.119015,43.356132,0.000000
21.808333,14.433333,1,-0.740452,1.257637,0.353096,0.310832,0.355650,-0.090032,0.876807,0.442133,0.181398,0.062312,-0.174847,0.434390,0.747334,0.471409,-0.494405,-0.856502,0.148213,0.552696,-0.178159,0.814117,0.059200,-0.791800,1.360119,0.101900,-0.111435,0.030414,0.250791,-0.457245,0.147133,0.853479,-0.202120,117.465853,5.912359,0.000000,1,0.072687,-21.701189,33.516269,34.086851,4.073861,43.050849,0.000000
21.841667,14.466667,1,-0.740369,1.256173,0.351652,0.311392,0.355387,-0.090125,0.876706,0.443243,0.182361,0.060871,-0.174362,0.434775,0.747202,0.471443,-0.494679,-0.856142,0.149376,0.552910,-0.177425,0.814132,0.061742,-0.791800,1.360119,0.101900,-0.112411,0.031560,0.249387,-0.457186,0.147750,0.853434,-0.201991,118.721968,5.862825,0.000000,1,0.074455,-21.769994,33.946264,33.662088,4.030417,42.741357,0.000000
21.875000,14.500000,1,-0.740278,1.254711,0.350129,0.312166,0.355205,-0.089900,0.876527,0.444347,0.183329,0.059352,-0.173856,0.435386,0.747144,0.471158,-0.495570,-0.855433,0.150480,0.552657,-0.176900,0.814418,0.063383,-0.791800,1.360119,0.101900,-0.113388,0.032705,0.247905,-0.457283,0.148547,0.853211,-0.202129,119.973322,5.848644,0.000000,1,0.076294,-21.839044,34.390372,33.229110,3.988689,42.424841,0.000000
21.908333,14.533333,1,-0.740179,1.253201,0.348561,0.313298,0.355140,-0.089330,0.876208,0.445483,0.184334,0.057787,-0.173295,0.436368,0.747116,0.470499,-0.497199,-0.854276,0.151678,0.551794,-0.176427,0.815105,0.065375,-0.791800,1.360119,0.101900,-0.114402,0.033883,0.246378,-0.457618,0.149652,0.852743,-0.202531,121.294039,5.860437,0.000000,1,0.078233,-21.910088,34.849686,32.779387,3.948764,42.096672,0.000000
21.941667,14.566667,1,-0.740096,1.251659,0.347047,0.314189,0.354858,-0.088976,0.876039,0.446655,0.185344,0.056276,-0.172648,0.437038,0.747124,0.470102,-0.498394,-0.853356,0.152926,0.551541,-0.176004,0.815368,0.064870,-0.791800,1.360119,0.101900,-0.115426,0.035093,0.244907,-0.457664,0.150596,0.852490,-0.202793,122.848871,5.910057,0.000000,1,0.080198,-21.979535,35.306451,32.322466,3.909802,41.766078,0.000000
21.975000,14.600000,1,-0.739996,1.250104,0.345440,0.314586,0.354322,-0.088757,0.876136,0.447828,0.186377,0.054672,-0.171991,0.437153,0.747307,0.469945,-0.499141,-0.852760,0.153815,0.552014,-0.176098,0.815027,0.067179,-0.791800,1.360119,0.101900,-0.116469,0.036309,0.243342,-0.457305,0.151155,0.852526,-0.203035,124.475733,5.919616,0.000000,1,0.082276,-22.050989,35.782090,31.852234,3.872160,41.425155,0.000000
22.008333,14.633333,1,-0.739873,1.248619,0.343768,0.315503,0.354205,-0.088262,0.875903,0.448929,0.187386,0.053004,-0.171480,0.437920,0.747323,0.469393,-0.500529,-0.851765,0.154810,0.551387,-0.175793,0.815518,0.067173,-0.791800,1.360119,0.101900,-0.117483,0.037459,0.241710,-0.457517,0.152072,0.852161,-0.203404,125.704692,5.903397,0.000000,1,0.084340,-22.122306,36.260288,31.389812,3.835213,41.089068,0.000000
22.041667,14.666667,1,-0.739800,1.247147,0.342101,0.317379,0.354943,-0.087625,0.874990,0.450051,0.188347,0.051341,-0.171310,0.439927,0.746800,0.468408,-0.502493,-0.850343,0.156262,0.548887,-0.174115,0.817562,0.066742,-0.791800,1.360119,0.101900,-0.118449,0.038631,0.240085,-0.458850,0.153614,0.851114,-0.203631,126.951806,5.793575,0.000000,1,0.086453,-22.187044,36.739778,30.923610,3.798141,40.751755,0.000000
22.075000,14.700000,1,-0.739834,1.245577,0.340496,0.321039,0.357161,-0.086089,0.872903,0.451316,0.189282,0.049737,-0.171677,0.444192,0.745640,0.466091,-0.506571,-0.847588,0.158048,0.542558,-0.170905,0.822449,0.067386,-0.791800,1.360119,0.101900,-0.119400,0.039944,0.238530,-0.462181,0.156368,0.848664,-0.204225,128.268670,5.635971,0.000000,1,0.088713,-22.242442,37.228172,30.430166,3.760612,40.398889,0.000000
22.108333,14.733333,1,-0.739878,1.244011,0.338812,0.324762,0.358992,-0.084498,0.870927,0.452583,0.190207,0.048056,-0.171671,0.448340,0.744604,0.463774,-0.510887,-0.844589,0.160203,0.536722,-0.167811,0.826903,0.068985,-0.791800,1.360119,0.101900,-0.120338,0.041264,0.236898,-0.465175,0.159312,0.846310,-0.204916,129.632132,5.661406,0.000000,1,0.091059,-22.296260,37.731930,29.926140,3.723300,40.038359,0.000000
22.141667,14.766667,1,-0.739849,1.242564,0.337019,0.326218,0.358708,-0.084091,0.870539,0.453710,0.191120,0.046265,-0.170770,0.449515,0.744442,0.463228,-0.512515,-0.843220,0.162199,0.536166,-0.166712,0.827486,0.069136,-0.791800,1.360119,0.101900,-0.121253,0.042454,0.235148,-0.465410,0.160794,0.845846,-0.205141,131.234603,5.669130,0.000000,1,0.093364,-22.354379,38.237928,29.438972,3.686741,39.688019,0.000000
22.175000,14.800000,1,-0.739801,1.241108,0.335366,0.327830,0.359126,-0.082956,0.869870,0.454834,0.192051,0.044615,-0.170432,0.451140,0.744357,0.461906,-0.515191,-0.841424,0.163045,0.533870,-0.166230,0.829066,0.066094,-0.791800,1.360119,0.101900,-0.122191,0.043629,0.233538,-0.466369,0.162203,0.844857,-0.205932,132.553499,5.718716,0.000000,1,0.095641,-22.414065,38.722833,28.958456,3.650780,39.347184,0.000000
22.208333,14.833333,1,-0.739797,1.239606,0.333840,0.329572,0.360412,-0.081334,0.868833,0.456022,0.192974,0.043091,-0.170816,0.453268,0.744165,0.459988,-0.518465,-0.839465,0.162765,0.529762,-0.165918,0.831759,0.064234,-0.791800,1.360119,0.101900,-0.123128,0.044860,0.232058,-0.468190,0.163453,0.843338,-0.207030,133.969358,5.698140,0.000000,1,0.097972,-22.469551,39.196390,28.471481,3.614745,39.006434,0.000000
22.241667,14.866667,1,-0.739814,1.238200,0.332309,0.330986,0.361155,-0.080153,0.868096,0.457145,0.193823,0.041562,-0.170859,0.454861,0.744041,0.458597,-0.520992,-0.837864,0.162945,0.526996,-0.165580,0.833582,0.062358,-0.791800,1.360119,0.101900,-0.123987,0.046032,0.230572,-0.469386,0.164567,0.842258,-0.207838,135.352605,5.706364,0.000000,1,0.099683,-22.522200,39.662251,27.995954,3.556025,38.685469,0.000000
22.275000,14.900000,1,-0.739743,1.237012,0.330744,0.332701,0.361892,-0.078958,0.867243,0.458042,0.194611,0.039999,-0.170760,0.456722,0.743820,0.457141,-0.523726,-0.836041,0.163543,0.524082,-0.164854,0.835561,0.058999,-0.791800,1.360119,0.101900,-0.124772,0.046984,0.229040,-0.470676,0.165969,0.841070,-0.208612,136.535014,5.706946,0.000000,1,0.101720,-22.628179,40.119539,27.519133,3.087248,38.483251,0.000000
22.308333,14.933333,1,-0.739589,1.235999,0.329277,0.334572,0.363395,-0.077822,0.865996,0.458749,0.195360,0.038536,-0.171281,0.459065,0.743225,0.455564,-0.526249,-0.834431,0.163667,0.519915,-0.163441,0.838436,0.053688,-0.791800,1.360119,0.101900,-0.125509,0.047742,0.227597,-0.472730,0.167261,0.839521,-0.209175,137.732743,5.695978,0.000000,1,0.103616,-22.682355,40.514285,27.148888,3.062113,38.223331,0.000000
22.341667,14.966667,1,-0.739364,1.235055,0.327883,0.337100,0.365138,-0.076451,0.864403,0.459359,0.196122,0.037146,-0.171725,0.462104,0.742428,0.453619,-0.529480,-0.832269,0.164252,0.514850,-0.161379,0.841954,0.050949,-0.791800,1.360119,0.101900,-0.126258,0.048398,0.226221,-0.475233,0.169101,0.837576,-0.209820,138.759303,5.690888,0.000000,1,0.105411,-22.741111,40.885196,26.803263,3.043415,37.981742,0.000000
22.375000,15.000000,1,-0.739102,1.234143,0.326596,0.339940,0.367136,-0.075103,0.862561,0.459922,0.196893,0.035864,-0.172260,0.465536,0.741401,0.451583,-0.532798,-0.829995,0.165030,0.509222,-0.158697,0.845877,0.047967,-0.791800,1.360119,0.101900,-0.127015,0.049000,0.224948,-0.478077,0.171151,0.835407,-0.210344,139.880436,5.677283,0.000000,1,0.107127,-22.802230,41.232787,26.475282,3.026407,37.753886,0.000000
22.408333,15.033333,1,-0.738827,1.233282,0.325411,0.343051,0.369114,-0.073562,0.860616,0.460438,0.197643,0.034683,-0.172657,0.469202,0.740368,0.449327,-0.536590,-0.827356,0.165990,0.503312,-0.155910,0.849923,0.044715,-0.791800,1.360119,0.101900,-0.127753,0.049548,0.223774,-0.480998,0.173468,0.833082,-0.211010,140.934670,5.670388,0.000000,1,0.108749,-22.862735,41.555818,26.167894,3.010866,37.541349,0.000000
22.441667,15.066667,1,-0.738558,1.232526,0.324278,0.345577,0.370416,-0.072228,0.859157,0.460873,0.198325,0.033555,-0.172707,0.472042,0.739673,0.447474,-0.539879,-0.825018,0.166959,0.498919,-0.153888,0.852877,0.041637,-0.791800,1.360119,0.101900,-0.128420,0.050017,0.222651,-0.483088,0.175453,0.831285,-0.211676,141.752774,5.678357,0.000000,1,0.110246,-22.919004,41.855499,25.888753,2.996931,37.347870,0.000000
22.475000,15.100000,1,-0.738342,1.231867,0.323200,0.347736,0.371200,-0.071191,0.858034,0.461262,0.198905,0.032481,-0.172454,0.474322,0.739141,0.446036,-0.542623,-0.822965,0.168193,0.495769,-0.152141,0.855024,0.038456,-0.791800,1.360119,0.101900,-0.128985,0.050444,0.221582,-0.484566,0.177258,0.829908,-0.212199,142.566486,5.675019,0.000000,1,0.111633,-22.966203,42.134282,25.633656,2.983650,37.170645,0.000000
22.508333,15.133333,1,-0.738237,1.231310,0.322169,0.350627,0.371832,-0.069698,0.856705,0.461637,0.199335,0.031452,-0.171742,0.477187,0.738631,0.444095,-0.546568,-0.819952,0.170125,0.492139,-0.150143,0.857471,0.035298,-0.791800,1.360119,0.101900,-0.129400,0.050860,0.220563,-0.486159,0.179816,0.828202,-0.213066,143.375358,5.672293,0.000000,1,0.112921,-22.998096,42.394599,25.400210,2.970040,37.007843,0.000000
22.541667,15.166667,1,-0.738182,1.230825,0.321255,0.352588,0.372550,-0.068350,0.855696,0.461986,0.199681,0.030539,-0.171519,0.479260,0.738340,0.442430,-0.549673,-0.817733,0.170799,0.488924,-0.149131,0.859484,0.031094,-0.791800,1.360119,0.101900,-0.129734,0.051248,0.219662,-0.487518,0.181462,0.826821,-0.213927,143.984207,5.666704,0.000000,1,0.114078,-23.021836,42.626247,25.191721,2.957271,36.862769,0.000000
22.575000,15.200000,1,-0.738183,1.230468,0.320383,0.350676,0.371001,-0.069419,0.857068,0.462266,0.199904,0.029668,-0.170975,0.476858,0.739076,0.444004,-0.547256,-0.819368,0.170726,0.493244,-0.150933,0.856697,0.028266,-0.791800,1.360119,0.101900,-0.129943,0.051571,0.218802,-0.485411,0.180146,0.828465,-0.213471,144.490877,5.670667,0.000000,1,0.115084,-23.035512,42.833949,25.014744,2.945654,36.738111,0.000000
22.608333,15.233333,1,-0.738208,1.230288,0.319554,0.345022,0.366347,-0.072911,0.861066,0.462420,0.200001,0.028838,-0.169301,0.469726,0.741054,0.448926,-0.539605,-0.824406,0.170822,0.506306,-0.155647,0.848191,0.025471,-0.791800,1.360119,0.101900,-0.130020,0.051773,0.217981,-0.479102,0.176272,0.833385,-0.211797,144.899247,5.666327,0.000000,1,0.115868,-23.040934,43.009057,24.883483,2.936533,36.642660,0.000000
22.641667,15.266667,1,-0.738194,1.230178,0.318871,0.338904,0.361275,-0.076538,0.865313,0.462495,0.200085,0.028156,-0.167459,0.461992,0.743190,0.454081,-0.531536,-0.829666,0.170657,0.520208,-0.160747,0.838776,0.020753,-0.791800,1.360119,0.101900,-0.130085,0.051887,0.217302,-0.472246,0.172099,0.838584,-0.210102,145.237752,5.643022,0.000000,1,0.116462,-23.047898,43.146416,24.786523,2.930230,36.571132,0.000000
22.675000,15.300000,1,-0.738128,1.230038,0.318385,0.335065,0.358080,-0.078960,0.867914,0.462564,0.200227,0.027672,-0.166290,0.457134,0.744409,0.457418,-0.526232,-0.833046,0.170627,0.528978,-0.163593,0.832718,0.015283,-0.791800,1.360119,0.101900,-0.130215,0.051980,0.216818,-0.467926,0.169483,0.841838,-0.208879,145.508786,5.647644,0.000000,1,0.116945,-23.060835,43.251261,24.705482,2.925839,36.512962,0.000000
22.708333,15.333333,1,-0.738061,1.229882,0.318097,0.334020,0.357001,-0.080028,0.868663,0.462647,0.200377,0.027384,-0.165784,0.455721,0.744593,0.458710,-0.524202,-0.834207,0.171204,0.532001,-0.163807,0.830748,0.010035,-0.791800,1.360119,0.101900,-0.130359,0.052073,0.216531,-0.466546,0.168833,0.842906,-0.208182,145.695914,5.653457,0.000000,1,0.117313,-23.073681,43.323438,24.640884,2.922604,36.468307,0.000000
22.741667,15.366667,1,-0.738040,1.229760,0.317982,0.334627,0.357324,-0.080039,0.868296,0.462731,0.200469,0.027270,-0.165805,0.456409,0.744263,0.458554,-0.524474,-0.833919,0.171772,0.531220,-0.162838,0.831438,0.005082,-0.791800,1.360119,0.101900,-0.130452,0.052159,0.216418,-0.467049,0.169299,0.842573,-0.208025,145.780030,5.655086,0.000000,1,0.117533,-23.080128,43.361431,24.599917,2.920284,36.441090,0.000000
22.775000,15.400000,1,-0.738037,1.229719,0.318014,0.336024,0.358393,-0.079510,0.867364,0.462762,0.200496,0.027302,-0.166144,0.458137,0.743676,0.457661,-0.525886,-0.832936,0.172227,0.528468,-0.161315,0.833486,0.001567,-0.791800,1.360119,0.101900,-0.130481,0.052186,0.216452,-0.468525,0.170276,0.841526,-0.208147,145.833795,5.651196,0.000000,1,0.117559,-23.081610,43.361552,24.593481,2.919928,36.437660,0.000000
22.808333,15.433333,1,-0.738007,1.229806,0.318193,0.337281,0.359459,-0.078869,0.866493,0.462676,0.200466,0.027481,-0.166543,0.459737,0.743192,0.456695,-0.527385,-0.831957,0.172372,0.525692,-0.160142,0.835465,0.006026,-0.791800,1.360119,0.101900,-0.130453,0.052090,0.216626,-0.469954,0.171123,0.840494,-0.208398,145.750236,5.638976,0.000000,1,0.117322,-23.081644,43.315610,24.635297,2.923056,36.466573,0.000000
22.841667,15.466667,1,-0.737975,1.230037,0.318471,0.338056,0.359899,-0.078462,0.866045,0.462473,0.200349,0.027759,-0.166595,0.460627,0.742977,0.456129,-0.528384,-0.831264,0.172658,0.524312,-0.159538,0.836448,0.010887,-0.791800,1.360119,0.101900,-0.130334,0.051877,0.216895,-0.470633,0.171719,0.839943,-0.208598,145.554710,5.636084,0.000000,1,0.116844,-23.077104,43.230349,24.723384,2.929159,36.525782,0.000000
22.875000,15.500000,1,-0.738018,1.230370,0.318840,0.338233,0.359483,-0.078546,0.866142,0.462235,0.200111,0.028127,-0.166143,0.460599,0.743025,0.456245,-0.528474,-0.831053,0.173395,0.524952,-0.159378,0.836076,0.014964,-0.791800,1.360119,0.101900,-0.130095,0.051629,0.217256,-0.470303,0.172023,0.840075,-0.208559,145.210830,5.640332,0.000000,1,0.116206,-23.061074,43.116660,24.841230,2.936077,36.604843,0.000000
22.908333,15.533333,1,-0.738169,1.230704,0.319468,0.340116,0.360146,-0.078086,0.865170,0.462064,0.199782,0.028752,-0.165903,0.462581,0.742370,0.455393,-0.530188,-0.829626,0.174989,0.522652,-0.157273,0.837914,0.021816,-0.791800,1.360119,0.101900,-0.129778,0.051436,0.217881,-0.471563,0.173595,0.839034,-0.208600,144.777097,5.628961,0.000000,1,0.115425,-23.032483,42.961001,24.979296,2.942814,36.700654,0.000000
22.941667,15.566667,1,-0.738436,1.230917,0.320669,0.346343,0.365004,-0.075358,0.860895,0.462062,0.199428,0.029950,-0.167503,0.470322,0.739807,0.451028,-0.537033,-0.824907,0.176418,0.509786,-0.150742,0.846992,0.037460,-0.791800,1.360119,0.101900,-0.129466,0.051376,0.219089,-0.478236,0.177926,0.834125,-0.209445,144.203562,5.624377,0.000000,1,0.114436,-22.993401,42.726187,25.139024,2.949550,36.819524,0.000000
22.975000,15.600000,1,-0.738691,1.231303,0.322102,0.349800,0.368924,-0.073988,0.857940,0.461916,0.198978,0.031380,-0.169488,0.475167,0.737805,0.448480,-0.540280,-0.822851,0.176108,0.500711,-0.146165,0.853185,0.045188,-0.791800,1.360119,0.101900,-0.129057,0.051162,0.220522,-0.483072,0.179920,0.830878,-0.209550,143.468627,5.612062,0.000000,1,0.098397,-22.951564,42.430956,25.353084,2.943375,36.994404,0.000000
23.008333,15.633333,1,-0.738823,1.231984,0.323511,0.347711,0.368715,-0.075272,0.858767,0.461460,0.198447,0.032786,-0.170225,0.473209,0.737964,0.450007,-0.537035,-0.825282,0.174655,0.503074,-0.147135,0.851626,0.047117,-0.791800,1.360119,0.101900,-0.128549,0.050646,0.221916,-0.482146,0.177985,0.832051,-0.208679,142.399982,5.608995,0.000000,1,0.093184,-22.914339,42.090330,25.644428,2.938077,37.219294,0.000000
23.041667,15.666667,1,-0.738898,1.232777,0.325142,0.343848,0.366501,-0.077240,0.861092,0.460882,0.197893,0.034415,-0.169948,0.468766,0.739143,0.452818,-0.532147,-0.828726,0.173299,0.510063,-0.150429,0.846881,0.054451,-0.791800,1.360119,0.101900,-0.128019,0.049995,0.223525,-0.478743,0.175025,0.834868,-0.207765,141.298311,5.599919,0.000000,1,0.088972,-22.879440,41.693378,25.985494,2.933855,37.481547,0.000000
23.075000,15.700000,1,-0.738946,1.233625,0.326876,0.340439,0.363275,-0.079152,0.863636,0.460244,0.197326,0.036147,-0.168563,0.464277,0.740539,0.455671,-0.527901,-0.831404,0.173459,0.518364,-0.153623,0.841248,0.057934,-0.791800,1.360119,0.101900,-0.127476,0.049278,0.225234,-0.474553,0.172835,0.837903,-0.206993,139.931274,5.607410,0.000000,1,0.086062,-22.845422,41.270396,26.349026,2.930840,37.760287,0.000000
23.108333,15.733333,1,-0.738954,1.234479,0.328584,0.337445,0.360389,-0.080913,0.865854,0.459577,0.196788,0.037854,-0.167300,0.460311,0.741713,0.458242,-0.524050,-0.833789,0.173692,0.525749,-0.156255,0.836165,0.057287,-0.791800,1.360119,0.101900,-0.126959,0.048533,0.226915,-0.470822,0.170928,0.840582,-0.206234,138.709160,5.608630,0.000000,1,0.084267,-22.815437,40.850784,26.711432,2.929585,38.036849,0.000000
23.141667,15.766667,1,-0.739006,1.235286,0.330248,0.334265,0.357809,-0.083094,0.867949,0.458974,0.196243,0.039515,-0.166391,0.456318,0.742591,0.461136,-0.519335,-0.836725,0.173729,0.533017,-0.158254,0.831173,0.055493,-0.791800,1.360119,0.101900,-0.126437,0.047854,0.228554,-0.467301,0.168736,0.843279,-0.205035,137.561405,5.616790,0.000000,1,0.083363,-22.781876,40.448345,27.053863,2.929214,38.298222,0.000000
23.175000,15.800000,1,-0.739142,1.236053,0.331820,0.331758,0.354956,-0.085163,0.869879,0.458452,0.195657,0.041084,-0.164941,0.452806,0.743373,0.463852,-0.515271,-0.839002,0.174845,0.540258,-0.159616,0.826223,0.052625,-0.791800,1.360119,0.101900,-0.125876,0.047265,0.230108,-0.463755,0.167275,0.845804,-0.203877,136.388775,5.604476,0.000000,1,0.082866,-22.740417,40.071657,27.371478,2.929063,38.540069,0.000000
23.208333,15.833333,1,-0.739248,1.236940,0.333267,0.329902,0.352722,-0.087156,0.871295,0.457817,0.195023,0.042529,-0.163756,0.450154,0.743733,0.466269,-0.511554,-0.840990,0.176205,0.546129,-0.159909,0.822297,0.051011,-0.791800,1.360119,0.101900,-0.125256,0.046573,0.231533,-0.461004,0.166226,0.847823,-0.202585,135.425243,5.588477,0.000000,1,0.080701,-22.698663,39.699883,27.704815,2.929641,38.788913,0.000000
23.241667,15.866667,1,-0.739181,1.238115,0.334419,0.330489,0.352222,-0.088911,0.871098,0.456845,0.194357,0.043680,-0.163041,0.450465,0.742773,0.467748,-0.509260,-0.841749,0.179203,0.547972,-0.156587,0.821710,0.049422,-0.791800,1.360119,0.101900,-0.124575,0.045566,0.232645,-0.460691,0.166916,0.848266,-0.200869,134.457793,5.578393,0.000000,1,0.077538,-22.667798,39.332827,28.086676,2.932140,39.062805,0.000000
23.275000,15.900000,1,-0.738977,1.239490,0.335164,0.332396,0.352950,-0.089849,0.869981,0.455629,0.193685,0.044425,-0.162844,0.452505,0.741364,0.468081,-0.508765,-0.841412,0.182165,0.546661,-0.152279,0.823391,0.047289,-0.791800,1.360119,0.101900,-0.123860,0.044344,0.233337,-0.461985,0.168462,0.847568,-0.199547,133.638561,5.568470,0.000000,1,0.076296,-22.646651,39.003590,28.484604,2.936792,39.337234,0.000000
23.308333,15.933333,1,-0.738742,1.240967,0.335658,0.334021,0.353960,-0.090049,0.868927,0.454311,0.192979,0.044920,-0.163027,0.454415,0.740342,0.467785,-0.509199,-0.840806,0.183745,0.544478,-0.149369,0.825368,0.047273,-0.791800,1.360119,0.101900,-0.123097,0.043037,0.233775,-0.463464,0.169660,0.846664,-0.198939,132.865118,5.554302,0.000000,1,0.075416,-22.626313,38.703200,28.884083,2.942604,39.606216,0.000000
23.341667,15.966667,1,-0.738492,1.242539,0.336009,0.336976,0.355551,-0.089294,0.867213,0.452907,0.192229,0.045271,-0.163144,0.457770,0.739163,0.466335,-0.511831,-0.838760,0.185769,0.540030,-0.145956,0.828893,0.048883,-0.791800,1.360119,0.101900,-0.122280,0.041657,0.234065,-0.465954,0.171942,0.844831,-0.198958,132.295845,5.533716,0.000000,1,0.074081,-22.604790,38.415866,29.290958,2.949243,39.876330,0.000000
23.375000,16.000000,1,-0.738222,1.244169,0.336105,0.341139,0.358027,-0.087669,0.864728,0.451443,0.191462,0.045368,-0.163521,0.462602,0.737691,0.463759,-0.516377,-0.835512,0.187816,0.532932,-0.141855,0.834183,0.049675,-0.791800,1.360119,0.101900,-0.121434,0.040234,0.234098,-0.469695,0.175090,0.841984,-0.199483,131.658251,5.526834,0.000000,1,0.073928,-22.584001,38.164722,29.688473,2.957047,40.133602,0.000000
23.408333,16.033333,1,-0.738030,1.245861,0.335876,0.345283,0.360106,-0.086214,0.862364,0.449975,0.190600,0.045139,-0.163548,0.467238,0.736249,0.461388,-0.520746,-0.832225,0.190331,0.526561,-0.137620,0.838925,0.051534,-0.791800,1.360119,0.101900,-0.120481,0.038834,0.233810,-0.473054,0.178350,0.839317,-0.199898,130.951577,5.516229,0.000000,1,0.074737,-22.553257,37.965549,30.065269,2.964575,40.368412,0.000000
23.441667,16.066667,1,-0.737929,1.247731,0.335365,0.348797,0.361245,-0.085155,0.860576,0.448418,0.189560,0.044627,-0.163013,0.470891,0.735139,0.459629,-0.524336,-0.829305,0.193196,0.522259,-0.134005,0.842192,0.058245,-0.791800,1.360119,0.101900,-0.119337,0.037373,0.233240,-0.475318,0.181320,0.837332,-0.200176,130.595118,5.514994,0.000000,1,0.074674,-22.507203,37.796343,30.450076,2.970742,40.601098,0.000000
23.475000,16.100000,1,-0.737894,1.249809,0.334533,0.351474,0.361487,-0.084896,0.859410,0.446732,0.188347,0.043793,-0.162041,0.473398,0.734222,0.458864,-0.526374,-0.827235,0.196502,0.520395,-0.130677,0.843868,0.067156,-0.791800,1.360119,0.101900,-0.118001,0.035814,0.232348,-0.476447,0.183782,0.836206,-0.199956,130.400782,5.511066,0.000000,1,0.075026,-22.447865,37.659433,30.847192,2.975737,40.833519,0.000000
23.508333,16.133333,1,-0.737851,1.252142,0.333218,0.349262,0.358156,-0.087580,0.861435,0.444835,0.186991,0.042475,-0.160029,0.469939,0.734811,0.462169,-0.521581,-0.829622,0.199201,0.528807,-0.131114,0.838554,0.080336,-0.791800,1.360119,0.101900,-0.116494,0.034084,0.230966,-0.472541,0.182747,0.839048,-0.198258,130.232081,5.497705,0.000000,1,0.077037,-22.382051,37.575134,31.256142,2.980453,41.061076,0.000000
23.541667,16.166667,1,-0.737787,1.254759,0.331386,0.339327,0.349163,-0.093883,0.868406,0.442695,0.185486,0.040640,-0.156357,0.457044,0.738159,0.470940,-0.507536,-0.838182,0.199648,0.552333,-0.138652,0.822012,0.095865,-0.791800,1.360119,0.101900,-0.114807,0.032155,0.229058,-0.460687,0.176219,0.847719,-0.195160,130.062791,5.495483,0.000000,1,0.080041,-22.310152,37.546874,31.679628,2.984910,41.284500,0.000000
23.575000,16.200000,1,-0.737866,1.257235,0.329848,0.333872,0.342758,-0.097868,0.872622,0.440755,0.183950,0.039098,-0.153025,0.449310,0.740103,0.476394,-0.499265,-0.842672,0.201589,0.567650,-0.142338,0.810872,0.087472,-0.791800,1.360119,0.101900,-0.113110,0.030407,0.227456,-0.452797,0.173119,0.853055,-0.193135,129.933366,5.608044,0.000000,1,0.076924,-22.225092,37.497770,32.083526,2.988492,41.502056,0.000000
23.608333,16.233333,1,-0.737995,1.259609,0.328719,0.334760,0.340153,-0.099675,0.873096,0.438931,0.182429,0.037963,-0.150289,0.448951,0.739711,0.478209,-0.497458,-0.842418,0.207044,0.572529,-0.139518,0.807926,0.078956,-0.791800,1.360119,0.101900,-0.111449,0.028747,0.226267,-0.450626,0.174799,0.854198,-0.191644,129.773115,5.603944,0.000000,1,0.072399,-22.135565,37.397852,32.493165,2.992110,41.734105,0.000000
23.641667,16.266667,1,-0.738232,1.262063,0.327498,0.336431,0.338923,-0.100553,0.872831,0.437106,0.180776,0.036736,-0.148441,0.449902,0.739082,0.478865,-0.497308,-0.841408,0.211464,0.574273,-0.136554,0.807195,0.082535,-0.791800,1.360119,0.101900,-0.109653,0.027099,0.224991,-0.450020,0.176777,0.854317,-0.190722,129.688491,5.611016,0.000000,1,0.072009,-22.030672,37.310485,32.903199,2.994131,41.963592,0.000000
23.675000,16.300000,1,-0.738493,1.264653,0.326094,0.338356,0.337798,-0.101049,0.872466,0.435187,0.179024,0.035325,-0.146575,0.451127,0.738534,0.479132,-0.497896,-0.839959,0.215797,0.575463,-0.133835,0.806803,0.088729,-0.791800,1.360119,0.101900,-0.107746,0.025375,0.223529,-0.449607,0.178969,0.854213,-0.190116,129.778101,5.606064,0.000000,1,0.072328,-21.917824,37.243840,33.320238,2.995485,42.192349,0.000000
23.708333,16.333333,1,-0.738638,1.267409,0.324526,0.341016,0.337043,-0.101074,0.871719,0.433063,0.177266,0.033752,-0.144717,0.453173,0.737859,0.478806,-0.499605,-0.837746,0.220402,0.575419,-0.130759,0.807338,0.095215,-0.791800,1.360119,0.101900,-0.105817,0.023458,0.221893,-0.449797,0.181742,0.853598,-0.189796,129.764270,5.608093,0.000000,1,0.072223,-21.812169,37.186839,33.759604,2.998261,42.431267,0.000000
23.741667,16.366667,1,-0.738710,1.270340,0.322932,0.343352,0.336714,-0.101193,0.870915,0.430756,0.175461,0.032152,-0.143384,0.455119,0.737093,0.478540,-0.500881,-0.835971,0.224212,0.574944,-0.127731,0.808161,0.100127,-0.791800,1.360119,0.101900,-0.103828,0.021363,0.220221,-0.450271,0.184063,0.852946,-0.189366,129.697170,5.598625,0.000000,1,0.070839,-21.707901,37.117415,34.231655,3.001618,42.690753,0.000000
23.775000,16.400000,1,-0.738829,1.273391,0.321435,0.345299,0.336358,-0.101621,0.870233,0.428381,0.173546,0.030650,-0.142198,0.456708,0.736296,0.478608,-0.501428,-0.834681,0.227768,0.574908,-0.124705,0.808659,0.102009,-0.791800,1.360119,0.101900,-0.101730,0.019200,0.218646,-0.450582,0.186019,0.852506,-0.188696,129.772861,5.601126,0.000000,1,0.068467,-21.592863,37.024920,34.728816,3.003905,42.968891,0.000000
23.808333,16.433333,1,-0.739021,1.276475,0.320066,0.347219,0.335251,-0.102094,0.869840,0.426026,0.171551,0.029274,-0.140351,0.457936,0.735735,0.478842,-0.502023,-0.833146,0.232036,0.576059,-0.122009,0.808251,0.101400,-0.791800,1.360119,0.101900,-0.099557,0.017052,0.217201,-0.450184,0.188202,0.852368,-0.188103,129.692728,5.577693,0.000000,1,0.066060,-21.466227,36.915352,35.234112,3.005149,43.255101,0.000000
23.841667,16.466667,1,-0.739263,1.279468,0.318920,0.348307,0.333402,-0.102679,0.870047,0.423773,0.169568,0.028121,-0.138208,0.458087,0.735653,0.479447,-0.502058,-0.832036,0.235910,0.578791,-0.120574,0.806513,0.096433,-0.791800,1.360119,0.101900,-0.097410,0.014992,0.215984,-0.448814,0.189841,0.852828,-0.187644,129.618763,5.529868,0.000000,1,0.062965,-21.334614,36.784691,35.732453,3.006454,43.542207,0.000000
23.875000,16.500000,1,-0.739523,1.282392,0.318210,0.348152,0.331468,-0.103656,0.870732,0.421590,0.167608,0.027404,-0.136539,0.457088,0.735820,0.480621,-0.500722,-0.832121,0.238436,0.582480,-0.120149,0.803916,0.090599,-0.791800,1.360119,0.101900,-0.095304,0.012972,0.215205,-0.446937,0.190324,0.853845,-0.187011,129.594502,5.686605,0.000000,1,0.057685,-21.200601,36.591171,36.249508,3.007960,43.853582,0.000000
23.908333,16.533333,1,-0.739787,1.285278,0.318026,0.347966,0.330217,-0.104644,0.871164,0.419444,0.165663,0.027212,-0.135497,0.456367,0.735758,0.481694,-0.499222,-0.832494,0.240272,0.585148,-0.119400,0.802088,0.087095,-0.791800,1.360119,0.101900,-0.093233,0.010953,0.214953,-0.445685,0.190549,0.854612,-0.186265,129.573100,5.689019,0.000000,1,0.051636,-21.064507,36.313979,36.801112,3.009614,44.202542,0.000000
23.941667,16.566667,1,-0.740040,1.288064,0.318272,0.347659,0.329831,-0.104807,0.871413,0.417372,0.163782,0.027452,-0.135287,0.455920,0.735906,0.481952,-0.498840,-0.832702,0.240346,0.585982,-0.119720,0.801431,0.084252,-0.791800,1.360119,0.101900,-0.091246,0.008977,0.215132,-0.445219,0.190384,0.854903,-0.186214,129.572841,5.693334,0.000000,1,0.046845,-20.930634,35.974674,37.368257,3.012317,44.574031,0.000000
23.975000,16.600000,1,-0.740367,1.290677,0.318710,0.347377,0.329504,-0.105255,0.871595,0.415485,0.161943,0.027882,-0.135118,0.455523,0.735866,0.482434,-0.498001,-0.833113,0.240662,0.586915,-0.119512,0.800779,0.080099,-0.791800,1.360119,0.101900,-0.089317,0.007170,0.215512,-0.444809,0.190218,0.855228,-0.185869,129.584627,5.691947,0.000000,1,0.044583,-20.792014,35.625528,37.910506,3.015231,44.934228,0.000000
24.008333,16.633333,1,-0.740823,1.293086,0.319076,0.347930,0.329495,-0.106674,0.871205,0.413838,0.160126,0.028239,-0.134860,0.456022,0.734886,0.483527,-0.496028,-0.833674,0.242784,0.587676,-0.116491,0.800666,0.074364,-0.791800,1.360119,0.101900,-0.087421,0.005606,0.215833,-0.444949,0.190718,0.855363,-0.184392,129.556257,5.678704,0.000000,1,0.044765,-20.644016,35.317592,38.395719,3.017637,45.253955,0.000000
24.041667,16.666667,1,-0.741362,1.295337,0.319252,0.348710,0.329509,-0.108118,0.870710,0.412365,0.158339,0.028405,-0.134523,0.456735,0.733801,0.484595,-0.494143,-0.834075,0.245237,0.588310,-0.113122,0.800684,0.069633,-0.791800,1.360119,0.101900,-0.085560,0.004227,0.215973,-0.445186,0.191426,0.855413,-0.182850,129.533604,5.671676,0.000000,1,0.045871,-20.490878,35.065266,38.825614,3.019909,45.530822,0.000000
24.075000,16.700000,1,-0.741837,1.297603,0.319321,0.349824,0.329038,-0.109125,0.870315,0.410842,0.156595,0.028464,-0.133603,0.457529,0.733000,0.485313,-0.493243,-0.833723,0.248227,0.589214,-0.110278,0.800416,0.069502,-0.791800,1.360119,0.101900,-0.083734,0.002801,0.216003,-0.445096,0.192621,0.855425,-0.181756,129.503435,5.657494,0.000000,1,0.045331,-20.343781,34.831231,39.249551,3.023278,45.800323,0.000000
24.108333,16.733333,1,-0.742159,1.299899,0.319310,0.351435,0.329312,-0.109744,0.869485,0.409202,0.154956,0.028447,-0.133132,0.459099,0.731987,0.485489,-0.493153,-0.832984,0.250873,0.588502,-0.107058,0.801376,0.069548,-0.791800,1.360119,0.101900,-0.082004,0.001259,0.215944,-0.445875,0.194045,0.854889,-0.180849,129.461807,5.644862,0.000000,1,0.044389,-20.212978,34.606101,39.678048,3.029405,46.070466,0.000000
24.141667,16.766667,1,-0.742445,1.302103,0.319193,0.354980,0.331121,-0.109474,0.867389,0.407613,0.153403,0.028323,-0.133180,0.463084,0.730253,0.484300,-0.495433,-0.830670,0.254033,0.583977,-0.102013,0.805335,0.066759,-0.791800,1.360119,0.101900,-0.080359,-0.000230,0.215779,-0.448753,0.196805,0.852874,-0.180264,129.471034,5.649443,0.000000,1,0.044589,-20.089164,34.410654,40.079209,3.037024,46.319049,0.000000
24.175000,16.800000,1,-0.742809,1.304189,0.318972,0.361685,0.335064,-0.107026,0.863401,0.406165,0.151859,0.028095,-0.133746,0.470845,0.727819,0.480309,-0.502831,-0.825103,0.257617,0.573209,-0.095217,0.813858,0.063875,-0.791800,1.360119,0.101900,-0.078727,-0.001573,0.215519,-0.454731,0.201886,0.848361,-0.180956,129.446616,5.668819,0.000000,1,0.045251,-19.959546,34.250327,40.442155,3.043898,46.538786,0.000000
24.208333,16.833333,1,-0.743101,1.306352,0.318485,0.368036,0.339133,-0.104118,0.859475,0.404610,0.150329,0.027601,-0.134582,0.478342,0.725645,0.475936,-0.510744,-0.819475,0.260003,0.561969,-0.089347,0.822319,0.067099,-0.791800,1.360119,0.101900,-0.077094,-0.003006,0.214987,-0.460717,0.206601,0.843738,-0.182105,129.428397,5.670816,0.000000,1,0.046253,-19.835321,34.129995,40.798227,3.051517,46.745486,0.000000
24.241667,16.866667,1,-0.743170,1.308812,0.317696,0.369130,0.339321,-0.104386,0.858899,0.402682,0.148802,0.026807,-0.134264,0.479408,0.725014,0.475915,-0.510956,-0.818825,0.261628,0.561355,-0.087345,0.822953,0.077543,-0.791800,1.360119,0.101900,-0.075433,-0.004792,0.214131,-0.461251,0.207571,0.843311,-0.181627,129.361318,5.647582,0.000000,1,0.046776,-19.726553,34.031041,41.193581,3.061250,46.968528,0.000000
24.275000,16.900000,1,-0.743044,1.311587,0.316661,0.363518,0.333467,-0.109172,0.862981,0.400384,0.147244,0.025770,-0.131493,0.471785,0.726483,0.482028,-0.500718,-0.824443,0.263772,0.576298,-0.090137,0.812254,0.088912,-0.791800,1.360119,0.101900,-0.073711,-0.006928,0.213011,-0.453803,0.204120,0.848781,-0.178795,129.312262,5.623412,0.000000,1,0.047339,-19.628834,33.943816,41.633978,3.072491,47.213217,0.000000
24.308333,16.933333,1,-0.742933,1.314099,0.315800,0.359529,0.328399,-0.113299,0.866058,0.398305,0.145830,0.024907,-0.128709,0.465964,0.727357,0.487097,-0.492341,-0.828534,0.266705,0.588640,-0.091228,0.803231,0.079727,-0.791800,1.360119,0.101900,-0.072151,-0.008865,0.212073,-0.447645,0.201959,0.853104,-0.176183,129.266261,5.628018,0.000000,1,0.045669,-19.538011,33.855681,42.036153,3.085593,47.437834,0.000000
24.341667,16.966667,1,-0.742842,1.316233,0.315282,0.359573,0.327187,-0.114565,0.866332,0.396543,0.144623,0.024387,-0.127598,0.465468,0.727031,0.488348,-0.490469,-0.828875,0.269085,0.591303,-0.089710,0.801445,0.065942,-0.791800,1.360119,0.101900,-0.070828,-0.010520,0.211489,-0.446500,0.202384,0.853823,-0.175116,129.230265,5.621476,0.000000,1,0.043158,-19.458122,33.745376,42.394632,3.101250,47.644749,0.000000
24.375000,17.000000,1,-0.742707,1.318198,0.315024,0.360635,0.327500,-0.114731,0.865750,0.394891,0.143551,0.024128,-0.127407,0.466561,0.726442,0.488233,-0.490793,-0.828231,0.270473,0.590459,-0.087900,0.802267,0.059590,-0.791800,1.360119,0.101900,-0.069655,-0.012090,0.211168,-0.447142,0.203283,0.853352,-0.174731,129.212544,5.624876,0.000000,1,0.040835,-19.389418,33.604407,42.745664,3.118988,47.855543,0.000000
24.408333,17.033333,1,-0.742606,1.319943,0.314940,0.361364,0.327828,-0.115096,0.865273,0.393436,0.142582,0.024043,-0.127377,0.467364,0.725856,0.488344,-0.490590,-0.827997,0.271555,0.589872,-0.086182,0.802884,0.052517,-0.791800,1.360119,0.101900,-0.068602,-0.013481,0.211027,-0.447683,0.203858,0.853040,-0.174200,129.194125,5.633352,0.000000,1,0.039733,-19.324446,33.454815,43.068531,3.137586,48.053618,0.000000
24.441667,17.066667,1,-0.742582,1.321471,0.314852,0.362066,0.327988,-0.115473,0.864869,0.392201,0.141683,0.023952,-0.127207,0.468066,0.725329,0.488498,-0.490376,-0.827726,0.272765,0.589561,-0.084568,0.803284,0.045920,-0.791800,1.360119,0.101900,-0.067630,-0.014656,0.210893,-0.448056,0.204463,0.852803,-0.173689,129.186140,5.614069,0.000000,1,0.040324,-19.258334,33.329201,43.345876,3.156135,48.221580,0.000000
24.475000,17.100000,1,-0.742480,1.322917,0.314703,0.363177,0.328349,-0.115853,0.864215,0.390983,0.140896,0.023802,-0.127037,0.469226,0.724580,0.488542,-0.490378,-0.827192,0.274376,0.588757,-0.082309,0.804108,0.043710,-0.791800,1.360119,0.101900,-0.066770,-0.015816,0.210697,-0.448754,0.205389,0.852338,-0.173076,129.187875,5.599835,0.000000,1,0.040646,-19.205361,33.220852,43.606201,3.176877,48.376562,0.000000
24.508333,17.133333,1,-0.742171,1.324365,0.314553,0.364003,0.328346,-0.116496,0.863782,0.389640,0.140273,0.023654,-0.126665,0.469968,0.723909,0.488920,-0.489827,-0.826923,0.276165,0.588809,-0.080175,0.804286,0.044643,-0.791800,1.360119,0.101900,-0.066065,-0.017110,0.210488,-0.449011,0.206161,0.852172,-0.172306,129.190174,5.614954,0.000000,1,0.040033,-19.178005,33.107819,43.877253,3.201931,48.539051,0.000000
24.541667,17.166667,1,-0.741640,1.325937,0.314366,0.364386,0.327747,-0.116520,0.863845,0.388064,0.139753,0.023471,-0.125958,0.470043,0.723952,0.488965,-0.490095,-0.826386,0.277295,0.589563,-0.079944,0.803756,0.050086,-0.791800,1.360119,0.101900,-0.065450,-0.018640,0.210226,-0.448582,0.206725,0.852261,-0.172311,129.152816,5.618848,0.000000,1,0.039193,-19.173733,32.985266,44.178870,3.230747,48.720824,0.000000
24.575000,17.200000,1,-0.741006,1.327574,0.314111,0.365486,0.327657,-0.115271,0.863582,0.386374,0.139276,0.023222,-0.125392,0.470982,0.724277,0.487725,-0.492803,-0.824611,0.277782,0.588381,-0.080601,0.804556,0.053222,-0.791800,1.360119,0.101900,-0.064869,-0.020282,0.209889,-0.448898,0.207821,0.851612,-0.173371,129.128094,5.545500,0.000000,1,0.038949,-19.179975,32.867809,44.490924,3.261311,48.907264,0.000000
24.608333,17.233333,1,-0.740444,1.329248,0.313809,0.366464,0.327709,-0.114699,0.863224,0.384697,0.138721,0.022924,-0.125006,0.471879,0.724215,0.487048,-0.494315,-0.823431,0.278593,0.587480,-0.080228,0.805252,0.053747,-0.791800,1.360119,0.101900,-0.064208,-0.021903,0.209508,-0.449290,0.208741,0.851101,-0.173763,129.077856,5.523935,0.000000,1,0.038503,-19.175833,32.759486,44.800070,3.289773,49.089939,0.000000
24.641667,17.266667,1,-0.740108,1.331009,0.313435,0.367043,0.327182,-0.115025,0.863134,0.383086,0.137934,0.022552,-0.124276,0.472164,0.723989,0.487295,-0.494198,-0.822950,0.280218,0.588236,-0.079209,0.804801,0.054945,-0.791800,1.360119,0.101900,-0.063317,-0.023441,0.209065,-0.448985,0.209461,0.851154,-0.173426,129.064819,5.513530,0.000000,1,0.037933,-19.139190,32.665108,45.104339,3.311740,49.266275,0.000000
24.675000,17.300000,1,-0.740028,1.332805,0.312846,0.367782,0.326155,-0.115954,0.863084,0.381600,0.136923,0.021961,-0.123024,0.472372,0.723527,0.488097,-0.493253,-0.822529,0.283104,0.590076,-0.077252,0.803643,0.056750,-0.791800,1.360119,0.101900,-0.062203,-0.024827,0.208421,-0.448252,0.210489,0.851465,-0.172545,129.085185,5.513215,0.000000,1,0.039103,-19.068278,32.616122,45.380136,3.326953,49.415623,0.000000
24.708333,17.333333,1,-0.740123,1.334566,0.311974,0.368888,0.324911,-0.117038,0.862935,0.380245,0.135796,0.021085,-0.121414,0.472813,0.722907,0.488991,-0.492294,-0.821802,0.286860,0.592177,-0.074672,0.802341,0.059031,-0.791800,1.360119,0.101900,-0.060971,-0.026057,0.207504,-0.447437,0.211935,0.851750,-0.171482,129.092396,5.535401,0.000000,1,0.041616,-18.976380,32.628880,45.613317,3.337997,49.526429,0.000000
24.741667,17.366667,1,-0.740281,1.336296,0.310909,0.370687,0.323820,-0.117595,0.862498,0.378953,0.134641,0.020016,-0.119636,0.473940,0.722268,0.489282,-0.492581,-0.820186,0.290962,0.593385,-0.071969,0.801695,0.061100,-0.791800,1.360119,0.101900,-0.059708,-0.027212,0.206401,-0.447009,0.213997,0.851597,-0.170796,129.093979,5.532827,0.000000,1,0.043470,-18.877641,32.683792,45.818108,3.347387,49.611520,0.000000
24.775000,17.400000,1,-0.740461,1.337945,0.309744,0.372588,0.322949,-0.117992,0.861952,0.377737,0.133516,0.018847,-0.118009,0.475256,0.721604,0.489380,-0.493162,-0.818447,0.294850,0.594109,-0.069277,0.801396,0.060816,-0.791800,1.360119,0.101900,-0.058476,-0.028286,0.205200,-0.446824,0.216085,0.851283,-0.170215,129.103389,5.531685,0.000000,1,0.044735,-18.779031,32.766822,45.996390,3.356442,49.675625,0.000000
24.808333,17.433333,1,-0.740685,1.339433,0.308595,0.375346,0.322669,-0.118304,0.860816,0.376676,0.132454,0.017693,-0.116533,0.477605,0.720456,0.489139,-0.494327,-0.816119,0.299317,0.593492,-0.065273,0.802188,0.056806,-0.791800,1.360119,0.101900,-0.057316,-0.029209,0.204023,-0.447479,0.218789,0.850395,-0.169479,129.066166,5.528796,0.000000,1,0.045326,-18.681304,32.863400,46.143477,3.365325,49.720037,0.000000
24.841667,17.466667,1,-0.740877,1.340736,0.307644,0.377956,0.322095,-0.118962,0.859798,0.375745,0.131527,0.016738,-0.114857,0.479692,0.719257,0.489257,-0.494870,-0.813996,0.304161,0.593611,-0.061046,0.802433,0.048740,-0.791800,1.360119,0.101900,-0.056304,-0.030024,0.203047,-0.447801,0.221446,0.849738,-0.168470,129.061373,5.529479,0.000000,1,0.044240,-18.594878,32.939130,46.276243,3.375941,49.762744,0.000000
24.875000,17.500000,1,-0.740925,1.341835,0.307002,0.378598,0.320365,-0.120386,0.859964,0.374892,0.130834,0.016093,-0.113017,0.479500,0.718763,0.490597,-0.493083,-0.813630,0.308017,0.596863,-0.058788,0.800187,0.038210,-0.791800,1.360119,0.101900,-0.055542,-0.030793,0.202377,-0.446368,0.222608,0.850435,-0.167216,129.055412,5.535602,0.000000,1,0.042236,-18.535273,32.971181,46.408573,3.391348,49.817181,0.000000
24.908333,17.533333,1,-0.740954,1.342776,0.306576,0.378781,0.318492,-0.121890,0.860367,0.374156,0.130249,0.015665,-0.111252,0.478835,0.718444,0.492115,-0.490891,-0.813657,0.311428,0.600572,-0.057078,0.797531,0.030991,-0.791800,1.360119,0.101900,-0.054901,-0.031466,0.201926,-0.444647,0.223384,0.851374,-0.165983,129.068515,5.539405,0.000000,1,0.041073,-18.484582,32.975766,46.533745,3.407953,49.875306,0.000000
24.941667,17.566667,1,-0.741005,1.343663,0.306227,0.379718,0.317688,-0.122701,0.860135,0.373476,0.129678,0.015315,-0.110113,0.479320,0.717875,0.492731,-0.490183,-0.812996,0.314257,0.601879,-0.054938,0.796695,0.028647,-0.791800,1.360119,0.101900,-0.054281,-0.032090,0.201555,-0.444191,0.224527,0.851475,-0.165142,129.079849,5.544191,0.000000,1,0.040555,-18.433360,32.971039,46.655343,3.423715,49.934197,0.000000
24.975000,17.600000,1,-0.741017,1.344577,0.305969,0.380415,0.317715,-0.122820,0.859800,0.372751,0.129121,0.015055,-0.109828,0.479958,0.717524,0.492685,-0.490399,-0.812451,0.315328,0.601600,-0.053805,0.796983,0.028499,-0.791800,1.360119,0.101900,-0.053675,-0.032765,0.201272,-0.444446,0.225177,0.851217,-0.164898,129.080736,5.527975,0.000000,1,0.039378,-18.385647,32.946801,46.791549,3.439288,50.006180,0.000000
25.008333,17.633333,1,-0.741070,1.345456,0.305918,0.380532,0.317405,-0.122975,0.859841,0.372081,0.128550,0.015002,-0.109498,0.479925,0.717490,0.492839,-0.490239,-0.812316,0.315925,0.602113,-0.053563,0.796612,0.026467,-0.791800,1.360119,0.101900,-0.053065,-0.033398,0.201198,-0.444193,0.225390,0.851318,-0.164772,129.078404,5.527475,0.000000,1,0.037670,-18.333481,32.888406,46.937997,3.453204,50.092548,0.000000
25.041667,17.666667,1,-0.741291,1.346214,0.306065,0.380526,0.317043,-0.123598,0.859888,0.371610,0.127916,0.015146,-0.109173,0.479760,0.717252,0.493417,-0.489242,-0.812563,0.316834,0.603055,-0.052740,0.795954,0.024077,-0.791800,1.360119,0.101900,-0.052410,-0.033841,0.201335,-0.443837,0.225494,0.851584,-0.164212,129.077593,5.530088,0.000000,1,0.036768,-18.264150,32.807109,47.072178,3.463108,50.178198,0.000000
25.075000,17.700000,1,-0.741669,1.346907,0.306258,0.380190,0.316962,-0.124489,0.859938,0.371285,0.127195,0.015333,-0.109248,0.479428,0.716898,0.494238,-0.487587,-0.813390,0.317263,0.603884,-0.051756,0.795391,0.024402,-0.791800,1.360119,0.101900,-0.051678,-0.034138,0.201529,-0.443626,0.225186,0.851931,-0.163402,129.079236,5.518925,0.000000,1,0.036773,-18.176779,32.726432,47.190568,3.468727,50.255139,0.000000
25.108333,17.733333,1,-0.742102,1.347628,0.306274,0.380317,0.316927,-0.125244,0.859785,0.370970,0.126415,0.015343,-0.109158,0.479530,0.716425,0.494844,-0.486427,-0.813726,0.318179,0.604349,-0.050359,0.795127,0.025215,-0.791800,1.360119,0.101900,-0.050882,-0.034409,0.201549,-0.443616,0.225305,0.852051,-0.162639,129.095060,5.513223,0.000000,1,0.037754,-18.081422,32.678221,47.293979,3.472016,50.315687,0.000000
25.141667,17.766667,1,-0.742487,1.348387,0.306032,0.381649,0.317279,-0.125460,0.859033,0.370594,0.125653,0.015095,-0.108882,0.480883,0.715662,0.494697,-0.486840,-0.812790,0.319937,0.603352,-0.048054,0.796026,0.026550,-0.791800,1.360119,0.101900,-0.050092,-0.034725,0.201307,-0.444383,0.226447,0.851443,-0.162142,129.083700,5.517438,0.000000,1,0.039276,-17.991042,32.674287,47.382490,3.475655,50.357029,0.000000
25.175000,17.800000,1,-0.742766,1.349154,0.305614,0.383139,0.318144,-0.125230,0.858083,0.370146,0.124973,0.014673,-0.108997,0.482605,0.714923,0.494062,-0.488044,-0.811638,0.321025,0.601228,-0.045990,0.797753,0.027522,-0.791800,1.360119,0.101900,-0.049373,-0.035106,0.200883,-0.445693,0.227575,0.850488,-0.161979,129.255069,5.497715,0.000000,1,0.040400,-17.914777,32.700317,47.461746,3.481539,50.386069,0.000000
25.208333,17.833333,1,-0.742946,1.349899,0.305092,0.383367,0.317998,-0.125547,0.857989,0.369657,0.124387,0.014147,-0.108763,0.482745,0.714697,0.494303,-0.487671,-0.811564,0.321779,0.601544,-0.045244,0.797558,0.027809,-0.791800,1.360119,0.101900,-0.048742,-0.035527,0.200350,-0.445624,0.227835,0.850518,-0.161647,129.263969,5.503956,0.000000,1,0.041229,-17.852836,32.745376,47.532572,3.489757,50.406135,0.000000
25.241667,17.866667,1,-0.743086,1.350580,0.304534,0.383512,0.317195,-0.125545,0.858221,0.369194,0.123871,0.013587,-0.107979,0.482516,0.714903,0.494401,-0.487817,-0.811101,0.322723,0.602694,-0.045492,0.796675,0.026743,-0.791800,1.360119,0.101900,-0.048182,-0.035924,0.199782,-0.444926,0.228241,0.850756,-0.161745,128.936637,5.515299,0.000000,1,0.041852,-17.799285,32.801251,47.591140,3.499141,50.417281,0.000000
25.275000,17.900000,1,-0.743150,1.351217,0.304021,0.384184,0.316708,-0.124766,0.858214,0.368720,0.123443,0.013072,-0.107246,0.482896,0.715244,0.493695,-0.489526,-0.809803,0.323393,0.602648,-0.046152,0.796671,0.024606,-0.791800,1.360119,0.101900,-0.047710,-0.036339,0.199255,-0.444718,0.229056,0.850507,-0.162471,129.041936,5.512170,0.000000,1,0.041650,-17.757882,32.850689,47.649979,3.510368,50.430724,0.000000
25.308333,17.933333,1,-0.743145,1.351823,0.303647,0.384212,0.316509,-0.123858,0.858407,0.368231,0.123085,0.012697,-0.107058,0.482827,0.715821,0.492968,-0.491043,-0.809134,0.322768,0.602372,-0.047721,0.796787,0.021382,-0.791800,1.360119,0.101900,-0.047312,-0.036783,0.198863,-0.444566,0.229166,0.850380,-0.163393,129.004816,5.497027,0.000000,1,0.040544,-17.726616,32.874921,47.720095,3.522961,50.457140,0.000000
25.341667,17.966667,1,-0.743138,1.352399,0.303444,0.383584,0.316824,-0.122978,0.858698,0.367765,0.122747,0.012493,-0.107622,0.482400,0.716473,0.492315,-0.492087,-0.809294,0.320770,0.601627,-0.049831,0.797221,0.018316,-0.791800,1.360119,0.101900,-0.046940,-0.037214,0.198644,-0.444673,0.228480,0.850330,-0.164324,129.008106,5.486069,0.000000,1,0.039222,-17.696674,32.869525,47.800812,3.535143,50.497131,0.000000
25.375000,18.000000,1,-0.743202,1.352927,0.303392,0.383328,0.317498,-0.122367,0.858651,0.367382,0.122378,0.012440,-0.108341,0.482469,0.716706,0.491751,-0.492886,-0.809424,0.319211,0.600339,-0.050810,0.798130,0.016033,-0.791800,1.360119,0.101900,-0.046549,-0.037572,0.198580,-0.445230,0.228022,0.850055,-0.164871,129.062913,5.487772,0.000000,1,0.038239,-17.659140,32.841192,47.883415,3.545166,50.544137,0.000000
25.408333,18.033333,1,-0.743441,1.353406,0.303400,0.383686,0.317792,-0.122331,0.858387,0.367144,0.121899,0.012445,-0.108445,0.482921,0.716489,0.491600,-0.493138,-0.809193,0.319408,0.599710,-0.050233,0.798639,0.016053,-0.791800,1.360119,0.101900,-0.046057,-0.037784,0.198588,-0.445624,0.228264,0.849797,-0.164800,129.042034,5.486643,0.000000,1,0.038164,-17.600660,32.809796,47.953306,3.550314,50.584992,0.000000
25.441667,18.066667,1,-0.743878,1.353862,0.303386,0.384258,0.317868,-0.122604,0.858064,0.367042,0.121276,0.012425,-0.108259,0.483470,0.716080,0.491697,-0.493028,-0.808869,0.320397,0.599509,-0.048982,0.798867,0.018960,-0.791800,1.360119,0.101900,-0.045429,-0.037849,0.198585,-0.445879,0.228776,0.849600,-0.164419,129.016613,5.488494,0.000000,1,0.038725,-17.516924,32.789719,48.005656,3.549623,50.613310,0.000000
25.475000,18.100000,1,-0.744423,1.354348,0.303340,0.384480,0.317761,-0.123296,0.857905,0.366981,0.120548,0.012372,-0.108064,0.483624,0.715630,0.492244,-0.492036,-0.809053,0.321455,0.600004,-0.047607,0.798579,0.021949,-0.791800,1.360119,0.101900,-0.044698,-0.037867,0.198556,-0.445836,0.229010,0.849696,-0.163713,129.003556,5.487125,0.000000,1,0.038887,-17.417511,32.776350,48.053644,3.544919,50.637441,0.000000
25.508333,18.133333,1,-0.744949,1.354882,0.303259,0.384525,0.317305,-0.124185,0.857925,0.366872,0.119808,0.012283,-0.107632,0.483466,0.715249,0.493047,-0.490641,-0.809375,0.322776,0.601230,-0.046331,0.797732,0.022620,-0.791800,1.360119,0.101900,-0.043950,-0.037929,0.198488,-0.445403,0.229190,0.850031,-0.162896,128.975002,5.487751,0.000000,1,0.038694,-17.318268,32.766159,48.106767,3.539507,50.663565,0.000000
25.541667,18.166667,1,-0.745391,1.355399,0.303120,0.385459,0.316863,-0.124356,0.857645,0.366724,0.119145,0.012138,-0.106820,0.484106,0.714922,0.493069,-0.490945,-0.808436,0.324660,0.601588,-0.045048,0.797535,0.020824,-0.791800,1.360119,0.101900,-0.043275,-0.038031,0.198359,-0.445299,0.230221,0.849858,-0.162628,128.956379,5.485245,0.000000,1,0.038953,-17.231235,32.765681,48.156618,3.536134,50.685678,0.000000
25.575000,18.200000,1,-0.745731,1.355836,0.302961,0.386656,0.316771,-0.124417,0.857131,0.366578,0.118613,0.011974,-0.106206,0.485138,0.714439,0.492888,-0.491564,-0.807325,0.326482,0.601227,-0.043405,0.797898,0.017272,-0.791800,1.360119,0.101900,-0.042730,-0.038136,0.198207,-0.445612,0.231387,0.849427,-0.162371,128.942720,5.470265,0.000000,1,0.039364,-17.161734,32.772193,48.196844,3.536071,50.701213,0.000000
25.608333,18.233333,1,-0.746046,1.356189,0.302796,0.387766,0.316786,-0.124963,0.856545,0.366485,0.118150,0.011806,-0.105726,0.486143,0.713674,0.493109,-0.491331,-0.806634,0.328536,0.601043,-0.041017,0.798164,0.015039,-0.791800,1.360119,0.101900,-0.042257,-0.038192,0.198051,-0.445982,0.232425,0.849089,-0.161633,128.995418,5.479218,0.000000,1,0.039884,-17.099653,32.785359,48.223673,3.537180,50.708143,0.000000
25.641667,18.266667,1,-0.746285,1.356482,0.302585,0.388206,0.316471,-0.125641,0.856362,0.366394,0.117785,0.011591,-0.105246,0.486400,0.713208,0.493631,-0.490503,-0.806507,0.330080,0.601740,-0.039486,0.797715,0.012996,-0.791800,1.360119,0.101900,-0.041880,-0.038249,0.197845,-0.445819,0.232937,0.849168,-0.160932,128.952901,5.478681,0.000000,1,0.040509,-17.050915,32.809761,48.240323,3.540663,50.707083,0.000000
25.675000,18.300000,1,-0.746378,1.356765,0.302252,0.388222,0.315490,-0.126196,0.856635,0.366222,0.117544,0.011257,-0.104358,0.485979,0.713200,0.494246,-0.489660,-0.806425,0.331531,0.603562,-0.039090,0.796357,0.013402,-0.791800,1.360119,0.101900,-0.041619,-0.038385,0.197509,-0.444897,0.233271,0.849637,-0.160528,128.954621,5.484372,0.000000,1,0.041338,-17.022596,32.853959,48.252345,3.547955,50.698867,0.000000
25.708333,18.333333,1,-0.746326,1.357035,0.301785,0.388527,0.314575,-0.126338,0.856813,0.365971,0.117428,0.010790,-0.103401,0.485844,0.713292,0.494448,-0.489659,-0.805845,0.332939,0.604898,-0.038954,0.795350,0.016258,-0.791800,1.360119,0.101900,-0.041472,-0.038598,0.197033,-0.444143,0.233865,0.849879,-0.160470,128.938612,5.486921,0.000000,1,0.042403,-17.014691,32.920440,48.258134,3.559102,50.682037,0.000000
25.741667,18.366667,1,-0.746147,1.357233,0.301273,0.389702,0.314499,-0.125653,0.856408,0.365702,0.117457,0.010279,-0.102813,0.486859,0.713239,0.493648,-0.491482,-0.804289,0.334013,0.604066,-0.038560,0.796001,0.017344,-0.791800,1.360119,0.101900,-0.041468,-0.038834,0.196505,-0.444483,0.235017,0.849292,-0.160951,128.921073,5.483123,0.000000,1,0.043250,-17.027575,32.997671,48.254604,3.574280,50.658033,0.000000
25.775000,18.400000,1,-0.745817,1.357327,0.300829,0.391334,0.314869,-0.124711,0.855665,0.365426,0.117669,0.009840,-0.102424,0.488483,0.713001,0.492466,-0.493972,-0.802323,0.335066,0.602194,-0.037723,0.797458,0.016824,-0.791800,1.360119,0.101900,-0.041649,-0.039093,0.196041,-0.445398,0.236459,0.848301,-0.161536,128.798386,5.469124,0.000000,1,0.043371,-17.065746,33.065610,48.248599,3.594427,50.635828,0.000000
25.808333,18.433333,1,-0.745350,1.357372,0.300510,0.392074,0.315216,-0.124014,0.855300,0.365107,0.118018,0.009526,-0.102407,0.489297,0.712990,0.491677,-0.495533,-0.801337,0.335122,0.600906,-0.037683,0.798431,0.017025,-0.791800,1.360119,0.101900,-0.041968,-0.039410,0.195696,-0.445986,0.237058,0.847728,-0.162041,128.823360,5.470343,0.000000,1,0.042707,-17.124474,33.110011,48.254025,3.618390,50.626434,0.000000
25.841667,18.466667,1,-0.744882,1.357406,0.300333,0.391718,0.315039,-0.123743,0.855567,0.364797,0.118372,0.009355,-0.102407,0.488897,0.713348,0.491555,-0.495773,-0.801433,0.334535,0.601166,-0.038706,0.798186,0.015036,-0.791800,1.360119,0.101900,-0.042298,-0.039727,0.195492,-0.445709,0.236784,0.847882,-0.162399,128.845677,5.473876,0.000000,1,0.041709,-17.183581,33.128661,48.270718,3.641880,50.629985,0.000000
25.875000,18.500000,1,-0.744571,1.357438,0.300276,0.391507,0.314555,-0.123626,0.855859,0.364584,0.118602,0.009302,-0.102068,0.488491,0.713658,0.491580,-0.495862,-0.801359,0.334581,0.601921,-0.039451,0.797580,0.009540,-0.791800,1.360119,0.101900,-0.042514,-0.039948,0.195417,-0.445192,0.236748,0.848120,-0.162624,128.829809,5.477128,0.000000,1,0.040863,-17.221728,33.128716,48.289361,3.660439,50.639285,0.000000
25.908333,18.533333,1,-0.744420,1.357520,0.300302,0.392080,0.314196,-0.123559,0.855738,0.364428,0.118673,0.009329,-0.101492,0.488844,0.713580,0.491462,-0.496329,-0.800622,0.335652,0.602167,-0.038993,0.797417,0.005206,-0.791800,1.360119,0.101900,-0.042577,-0.040110,0.195432,-0.445051,0.237414,0.848005,-0.162642,128.837263,5.472418,0.000000,1,0.040001,-17.235793,33.113985,48.314723,3.673317,50.655755,0.000000
25.941667,18.566667,1,-0.744391,1.357750,0.300324,0.393074,0.313660,-0.123688,0.855460,0.364227,0.118559,0.009351,-0.100570,0.489496,0.713274,0.491446,-0.496732,-0.799529,0.337654,0.602615,-0.037749,0.797139,0.006976,-0.791800,1.360119,0.101900,-0.042451,-0.040305,0.195445,-0.444881,0.238534,0.847823,-0.162417,128.832651,5.479902,0.000000,1,0.039073,-17.226394,33.092499,48.357441,3.680514,50.682882,0.000000
25.975000,18.600000,1,-0.744430,1.358172,0.300269,0.393774,0.312806,-0.124070,0.855395,0.363913,0.118274,0.009295,-0.099492,0.489744,0.713044,0.491753,-0.496560,-0.798735,0.339782,0.603832,-0.036660,0.796268,0.012830,-0.791800,1.360119,0.101900,-0.042147,-0.040598,0.195381,-0.444310,0.239478,0.847928,-0.162040,128.838473,5.493109,0.000000,1,0.038347,-17.198489,33.073559,48.421162,3.683120,50.720183,0.000000
26.008333,18.633333,1,-0.744474,1.358719,0.300159,0.393946,0.312042,-0.124524,0.855529,0.363502,0.117911,0.009183,-0.098729,0.489558,0.712958,0.492216,-0.495952,-0.798526,0.341157,0.605192,-0.036113,0.795260,0.016779,-0.791800,1.360119,0.101900,-0.041758,-0.040980,0.195257,-0.443644,0.239890,0.848230,-0.161675,128.820695,5.484759,0.000000,1,0.037851,-17.163956,33.056492,48.500101,3.683911,50.764906,0.000000
26.041667,18.666667,1,-0.744521,1.359275,0.300039,0.394156,0.311319,-0.124930,0.855636,0.363086,0.117540,0.009062,-0.097987,0.489425,0.712869,0.492624,-0.495440,-0.798268,0.342502,0.606439,-0.035569,0.794334,0.017123,-0.791800,1.360119,0.101900,-0.041359,-0.041367,0.195124,-0.443031,0.240324,0.848491,-0.161342,128.842808,5.494672,0.000000,1,0.037714,-17.128442,33.040673,48.579547,3.684400,50.809484,0.000000
26.075000,18.700000,1,-0.744660,1.359754,0.299985,0.394559,0.310566,-0.125444,0.855649,0.362787,0.117141,0.009006,-0.097132,0.489452,0.712649,0.493085,-0.494865,-0.797876,0.344242,0.607711,-0.034606,0.793404,0.015058,-0.791800,1.360119,0.101900,-0.040942,-0.041639,0.195064,-0.442451,0.240950,0.848705,-0.160873,128.854499,5.494001,0.000000,1,0.037646,-17.084070,33.020432,48.646909,3.683054,50.848623,0.000000
26.108333,18.733333,1,-0.744916,1.360169,0.299986,0.394949,0.309835,-0.126083,0.855640,0.362608,0.116687,0.009003,-0.096300,0.489479,0.712354,0.493649,-0.494075,-0.797579,0.346061,0.609031,-0.033443,0.792441,0.014634,-0.791800,1.360119,0.101900,-0.040479,-0.041792,0.195067,-0.441884,0.241555,0.848941,-0.160279,128.865474,5.508191,0.000000,1,0.037672,-17.027080,32.997394,48.702044,3.678975,50.881773,0.000000
26.141667,18.766667,1,-0.745182,1.360601,0.299926,0.395543,0.309384,-0.126504,0.855467,0.362424,0.116215,0.008940,-0.095632,0.489811,0.712011,0.493944,-0.493748,-0.797069,0.347697,0.609703,-0.032209,0.791975,0.015308,-0.791800,1.360119,0.101900,-0.039995,-0.041945,0.195010,-0.441651,0.242261,0.848947,-0.159822,128.860789,5.504015,0.000000,1,0.037930,-16.967967,32.984910,48.753383,3.674243,50.910058,0.000000
26.175000,18.800000,1,-0.745361,1.361109,0.299716,0.396503,0.309447,-0.126519,0.854997,0.362124,0.115768,0.008727,-0.095262,0.490701,0.711587,0.493743,-0.494286,-0.796172,0.348985,0.609191,-0.030861,0.792423,0.017358,-0.791800,1.360119,0.101900,-0.039525,-0.042205,0.194796,-0.442031,0.243152,0.848532,-0.159625,128.857189,5.524557,0.000000,1,0.038398,-16.917053,32.993344,48.808256,3.670996,50.934806,0.000000
26.208333,18.833333,1,-0.745433,1.361655,0.299392,0.397228,0.309656,-0.126317,0.854615,0.361729,0.115386,0.008401,-0.095128,0.491443,0.711339,0.493388,-0.495038,-0.795432,0.349608,0.608432,-0.030105,0.793034,0.019181,-0.791800,1.360119,0.101900,-0.039110,-0.042557,0.194460,-0.442472,0.243773,0.848116,-0.159663,128.847157,5.508798,0.000000,1,0.038902,-16.879003,33.018280,48.864613,3.670352,50.956190,0.000000
26.241667,18.866667,1,-0.745444,1.362133,0.299087,0.397542,0.309206,-0.126292,0.854636,0.361353,0.115093,0.008095,-0.094585,0.491523,0.711367,0.493372,-0.495275,-0.794919,0.350437,0.608956,-0.029979,0.792638,0.016993,-0.791800,1.360119,0.101900,-0.038785,-0.042896,0.194143,-0.442159,0.244222,0.848144,-0.159697,128.848083,5.537013,0.000000,1,0.039050,-16.852408,33.042894,48.914792,3.672192,50.974588,0.000000
26.275000,18.900000,1,-0.745435,1.362516,0.298843,0.397748,0.308414,-0.126441,0.854804,0.361040,0.114872,0.007850,-0.093783,0.491354,0.711447,0.493577,-0.495173,-0.794470,0.351599,0.610147,-0.029905,0.791724,0.013635,-0.791800,1.360119,0.101900,-0.038538,-0.043179,0.193887,-0.441487,0.244682,0.848374,-0.159629,128.853460,5.520933,0.000000,1,0.039088,-16.833077,33.062297,48.956074,3.675624,50.989804,0.000000
26.308333,18.933333,1,-0.745421,1.362852,0.298634,0.398159,0.307884,-0.126436,0.854805,0.360762,0.114683,0.007641,-0.093126,0.491485,0.711449,0.493569,-0.495435,-0.793838,0.352654,0.610758,-0.029665,0.791262,0.011879,-0.791800,1.360119,0.101900,-0.038327,-0.043432,0.193668,-0.441131,0.245249,0.848394,-0.159638,128.844763,5.532489,0.000000,1,0.039058,-16.816784,33.078191,48.993155,3.679610,51.003817,0.000000
26.341667,18.966667,1,-0.745454,1.363167,0.298480,0.398640,0.307457,-0.126462,0.854730,0.360529,0.114468,0.007487,-0.092529,0.491726,0.711370,0.493555,-0.495683,-0.793199,0.353743,0.611203,-0.029218,0.790935,0.010573,-0.791800,1.360119,0.101900,-0.038094,-0.043643,0.193508,-0.440893,0.245849,0.848353,-0.159587,128.834908,5.548411,0.000000,1,0.038757,-16.795088,33.086287,49.029284,3.682234,51.019352,0.000000
26.375000,19.000000,1,-0.745557,1.363424,0.298436,0.398842,0.307052,-0.126881,0.854720,0.360385,0.114232,0.007441,-0.092076,0.491727,0.711172,0.493923,-0.495124,-0.793081,0.354788,0.611977,-0.028488,0.790362,0.008403,-0.791800,1.360119,0.101900,-0.037849,-0.043770,0.193462,-0.440572,0.246168,0.848501,-0.159195,128.826454,5.558201,0.000000,1,0.038316,-16.766672,33.079569,49.061993,3.683252,51.036916,0.000000
26.408333,19.033333,1,-0.745703,1.363591,0.298499,0.398829,0.307055,-0.127383,0.854650,0.360340,0.114015,0.007502,-0.092082,0.491720,0.710886,0.494341,-0.494295,-0.793398,0.355235,0.612283,-0.027676,0.790154,0.006918,-0.791800,1.360119,0.101900,-0.037631,-0.043807,0.193529,-0.440558,0.246146,0.848608,-0.158700,128.809630,5.543146,0.000000,1,0.038087,-16.736677,33.059639,49.087622,3.683826,51.054204,0.000000
26.441667,19.066667,1,-0.745812,1.363702,0.298614,0.398753,0.307222,-0.127674,0.854581,0.360318,0.113860,0.007615,-0.092265,0.491729,0.710696,0.494572,-0.493771,-0.793720,0.355246,0.612241,-0.027202,0.790203,0.005793,-0.791800,1.360119,0.101900,-0.037479,-0.043827,0.193646,-0.440680,0.246013,0.848638,-0.158402,128.816341,5.540177,0.000000,1,0.037957,-16.714365,33.032933,49.110937,3.685891,51.072168,0.000000
26.475000,19.100000,1,-0.745800,1.363781,0.298740,0.398545,0.307331,-0.127695,0.854637,0.360249,0.113820,0.007742,-0.092456,0.491591,0.710735,0.494617,-0.493612,-0.793984,0.354875,0.612183,-0.027386,0.790242,0.004490,-0.791800,1.360119,0.101900,-0.037440,-0.043903,0.193769,-0.440712,0.245778,0.848690,-0.158403,128.817483,5.543957,0.000000,1,0.037830,-16.710033,33.002936,49.137321,3.691649,51.092891,0.000000
26.508333,19.133333,1,-0.745680,1.363811,0.298889,0.398143,0.307540,-0.127538,0.854772,0.360154,0.113897,0.007891,-0.092821,0.491323,0.710927,0.494540,-0.493629,-0.794373,0.353979,0.611952,-0.028065,0.790396,0.005792,-0.791800,1.360119,0.101900,-0.037516,-0.044011,0.193909,-0.440776,0.245330,0.848750,-0.158600,128.811820,5.539907,0.000000,1,0.037796,-16.722822,32.969369,49.164070,3.700986,51.115005,0.000000
26.541667,19.166667,1,-0.745542,1.363775,0.299048,0.397797,0.307910,-0.127233,0.854845,0.360100,0.114026,0.008053,-0.093308,0.491177,0.711129,0.494302,-0.493918,-0.794686,0.352872,0.611364,-0.028821,0.790825,0.006409,-0.791800,1.360119,0.101900,-0.037648,-0.044082,0.194062,-0.441013,0.244883,0.848697,-0.158911,128.795614,5.524326,0.000000,1,0.038072,-16.741377,32.937644,49.182130,3.711506,51.132127,0.000000
26.575000,19.200000,1,-0.745458,1.363684,0.299183,0.397703,0.308042,-0.126855,0.854898,0.360123,0.114146,0.008189,-0.093469,0.491149,0.711345,0.493988,-0.494479,-0.794606,0.352267,0.610978,-0.029497,0.791098,0.005491,-0.791800,1.360119,0.101900,-0.037773,-0.044075,0.194195,-0.441114,0.244756,0.848612,-0.159283,128.800219,5.529895,0.000000,1,0.038651,-16.755654,32.915688,49.185649,3.721002,51.138932,0.000000
26.608333,19.233333,1,-0.745405,1.363574,0.299271,0.397686,0.307878,-0.126773,0.854977,0.360179,0.114254,0.008278,-0.093330,0.491061,0.711451,0.493950,-0.494607,-0.794503,0.352320,0.611181,-0.029746,0.790932,0.004522,-0.791800,1.360119,0.101900,-0.037887,-0.044031,0.194283,-0.440959,0.244796,0.848661,-0.159391,128.800815,5.534873,0.000000,1,0.039162,-16.766990,32.904798,49.179638,3.729639,51.137778,0.000000
26.641667,19.266667,1,-0.745360,1.363462,0.299289,0.397684,0.307903,-0.126800,0.854965,0.360242,0.114358,0.008296,-0.093352,0.491070,0.711429,0.493968,-0.494561,-0.794532,0.352319,0.611162,-0.029691,0.790949,0.003668,-0.791800,1.360119,0.101900,-0.037995,-0.043975,0.194301,-0.440980,0.244786,0.848658,-0.159361,128.787506,5.524558,0.000000,1,0.039737,-16.777529,32.907769,49.165889,3.737832,51.128930,0.000000
26.675000,19.300000,1,-0.745285,1.363372,0.299209,0.397942,0.307973,-0.126661,0.854840,0.360268,0.114472,0.008218,-0.093302,0.491332,0.711380,0.493787,-0.494938,-0.794225,0.352481,0.610857,-0.029534,0.791190,0.004229,-0.791800,1.360119,0.101900,-0.038108,-0.043950,0.194220,-0.441135,0.245009,0.848498,-0.159441,128.798415,5.511664,0.000000,1,0.040321,-16.791296,32.926827,49.148377,3.746402,51.113994,0.000000
26.708333,19.333333,1,-0.745113,1.363344,0.299048,0.398553,0.307928,-0.126323,0.854622,0.360186,0.114628,0.008059,-0.092990,0.491857,0.711338,0.493384,-0.495849,-0.793402,0.353054,0.610450,-0.029297,0.791513,0.007118,-0.791800,1.360119,0.101900,-0.038253,-0.044030,0.194051,-0.441306,0.245610,0.848192,-0.159672,128.767231,5.529287,0.000000,1,0.040491,-16.815344,32.954820,49.138760,3.756783,51.101163,0.000000
26.741667,19.366667,1,-0.744813,1.363354,0.298880,0.398498,0.307778,-0.126186,0.854722,0.359997,0.114863,0.007894,-0.092881,0.491740,0.711487,0.493306,-0.496044,-0.793309,0.352990,0.610615,-0.029681,0.791371,0.010326,-0.791800,1.360119,0.101900,-0.038471,-0.044221,0.193865,-0.441152,0.245611,0.848240,-0.159839,128.779818,5.534508,0.000000,1,0.040250,-16.854869,32.978374,49.142083,3.770166,51.096724,0.000000
26.775000,19.400000,1,-0.744467,1.363355,0.298758,0.397488,0.307490,-0.126271,0.855283,0.359787,0.115141,0.007776,-0.093070,0.490706,0.711947,0.493636,-0.495322,-0.794226,0.351938,0.611546,-0.031062,0.790599,0.011027,-0.791800,1.360119,0.101900,-0.038732,-0.044438,0.193724,-0.440544,0.244747,0.848779,-0.159981,128.780514,5.523851,0.000000,1,0.039957,-16.901129,32.992544,49.151007,3.784815,51.097944,0.000000
26.808333,19.433333,1,-0.744221,1.363358,0.298680,0.396802,0.307147,-0.126252,0.855727,0.359636,0.115337,0.007701,-0.093067,0.489938,0.712349,0.493820,-0.494960,-0.794739,0.351290,0.612350,-0.032205,0.789931,0.007746,-0.791800,1.360119,0.101900,-0.038916,-0.044594,0.193633,-0.439996,0.244212,0.849181,-0.160174,128.759528,5.522585,0.000000,1,0.039687,-16.933645,33.000802,49.158561,3.796301,51.099873,0.000000
26.841667,19.466667,1,-0.744133,1.363396,0.298627,0.396685,0.306913,-0.126225,0.855869,0.359553,0.115384,0.007649,-0.092910,0.489728,0.712486,0.493859,-0.494942,-0.794737,0.351320,0.612735,-0.032538,0.789619,0.003274,-0.791800,1.360119,0.101900,-0.038957,-0.044677,0.193574,-0.439740,0.244180,0.849307,-0.160256,128.776848,5.525280,0.000000,1,0.039414,-16.942910,33.005976,49.165039,3.802487,51.101752,0.000000
26.875000,19.500000,1,-0.744166,1.363496,0.298588,0.396843,0.306824,-0.126300,0.855817,0.359492,0.115298,0.007610,-0.092759,0.489830,0.712406,0.493902,-0.494913,-0.794590,0.351692,0.612845,-0.032254,0.789544,0.003370,-0.791800,1.360119,0.101900,-0.038867,-0.044730,0.193534,-0.439708,0.244358,0.849290,-0.160166,128.771960,5.543841,0.000000,1,0.039020,-16.932685,33.007260,49.176143,3.804121,51.106840,0.000000
26.908333,19.533333,1,-0.744271,1.363655,0.298572,0.397122,0.306956,-0.126471,0.855615,0.359429,0.115119,0.007593,-0.092753,0.490141,0.712151,0.493963,-0.494794,-0.794477,0.352115,0.612629,-0.031524,0.789742,0.005734,-0.791800,1.360119,0.101900,-0.038683,-0.044782,0.193520,-0.439919,0.244576,0.849162,-0.159928,128.756378,5.520502,0.000000,1,0.038521,-16.909616,33.002148,49.194797,3.802667,51.117422,0.000000
26.941667,19.566667,1,-0.744437,1.363835,0.298593,0.397360,0.307255,-0.126690,0.855364,0.359384,0.114878,0.007611,-0.092916,0.490490,0.711831,0.494048,-0.494567,-0.794506,0.352370,0.612209,-0.030673,0.790101,0.007378,-0.791800,1.360119,0.101900,-0.038441,-0.044814,0.193545,-0.440272,0.244698,0.849002,-0.159623,128.766542,5.526698,0.000000,1,0.038125,-16.877172,32.990032,49.217143,3.798988,51.131639,0.000000
26.975000,19.600000,1,-0.744666,1.363997,0.298636,0.397491,0.307464,-0.126976,0.855186,0.359393,0.114597,0.007651,-0.093044,0.490702,0.711545,0.494224,-0.494170,-0.794640,0.352623,0.612012,-0.029908,0.790283,0.008510,-0.791800,1.360119,0.101900,-0.038162,-0.044792,0.193595,-0.440503,0.244747,0.848931,-0.159286,128.768477,5.527057,0.000000,1,0.038134,-16.837011,32.976693,49.234778,3.793569,51.143525,0.000000
27.008333,19.633333,1,-0.744921,1.364150,0.298668,0.397558,0.307577,-0.127307,0.855066,0.359425,0.114301,0.007680,-0.093115,0.490814,0.711291,0.494467,-0.493665,-0.794823,0.352918,0.612014,-0.029210,0.790307,0.008975,-0.791800,1.360119,0.101900,-0.037870,-0.044746,0.193637,-0.440621,0.244766,0.848931,-0.158930,128.769994,5.533589,0.000000,1,0.038264,-16.793815,32.966531,49.248438,3.787404,51.152380,0.000000
27.041667,19.666667,1,-0.745145,1.364315,0.298665,0.397560,0.307584,-0.127593,0.855020,0.359427,0.114023,0.007674,-0.093120,0.490820,0.711122,0.494702,-0.493198,-0.794997,0.353180,0.612177,-0.028732,0.790199,0.008340,-0.791800,1.360119,0.101900,-0.037592,-0.044728,0.193642,-0.440620,0.244760,0.848986,-0.158646,128.776979,5.543359,0.000000,1,0.038345,-16.754371,32.961415,49.262584,3.781923,51.160186,0.000000
27.075000,19.700000,1,-0.745295,1.364506,0.298590,0.397942,0.307671,-0.127703,0.854794,0.359365,0.113789,0.007597,-0.093027,0.491203,0.710873,0.494698,-0.493240,-0.794725,0.353733,0.611944,-0.027988,0.790406,0.007618,-0.791800,1.360119,0.101900,-0.037353,-0.044772,0.193570,-0.440826,0.245093,0.848819,-0.158455,128.774087,5.549880,0.000000,1,0.038577,-16.723769,32.966479,49.278214,3.778246,51.166200,0.000000
27.108333,19.733333,1,-0.745379,1.364713,0.298433,0.398903,0.307881,-0.127539,0.854295,0.359249,0.113598,0.007438,-0.092790,0.492157,0.710504,0.494324,-0.494067,-0.793773,0.354715,0.611104,-0.026851,0.791095,0.008213,-0.791800,1.360119,0.101900,-0.037150,-0.044867,0.193412,-0.441347,0.245937,0.848312,-0.158412,128.774866,5.554310,0.000000,1,0.038993,-16.701424,32.984270,49.292686,3.776298,51.168363,0.000000
27.141667,19.766667,1,-0.745403,1.364896,0.298247,0.399741,0.308103,-0.127308,0.853858,0.359117,0.113471,0.007252,-0.092618,0.493006,0.710219,0.493919,-0.494932,-0.792904,0.355452,0.610260,-0.025979,0.791775,0.007852,-0.791800,1.360119,0.101900,-0.037010,-0.044980,0.193222,-0.441839,0.246662,0.847837,-0.158455,128.787422,5.550606,0.000000,1,0.039309,-16.688662,33.007694,49.303844,3.776440,51.167459,0.000000
27.175000,19.800000,1,-0.745306,1.364986,0.298100,0.399238,0.308111,-0.127291,0.854093,0.358985,0.113496,0.007105,-0.092848,0.492558,0.710435,0.494011,-0.494664,-0.793392,0.354734,0.610460,-0.026679,0.791597,0.005940,-0.791800,1.360119,0.101900,-0.037022,-0.045102,0.193067,-0.441679,0.246182,0.848040,-0.158563,128.817348,5.551337,0.000000,1,0.039497,-16.696897,33.027067,49.310439,3.781261,51.165584,0.000000
27.208333,19.833333,1,-0.745161,1.365012,0.297940,0.398279,0.307647,-0.127478,0.854679,0.358876,0.113598,0.006947,-0.092857,0.491493,0.710871,0.494444,-0.493806,-0.794249,0.354012,0.611694,-0.027920,0.790602,0.006530,-0.791800,1.360119,0.101900,-0.037112,-0.045207,0.192899,-0.440923,0.245424,0.848642,-0.158620,128.839751,5.547939,0.000000,1,0.040000,-16.715084,33.051855,49.308196,3.788315,51.157815,0.000000
27.241667,19.866667,1,-0.745030,1.364991,0.297750,0.397875,0.307261,-0.127558,0.854994,0.358813,0.113717,0.006759,-0.092690,0.490958,0.711115,0.494657,-0.493447,-0.794529,0.353885,0.612501,-0.028551,0.789954,0.006942,-0.791800,1.360119,0.101900,-0.037221,-0.045264,0.192703,-0.440426,0.245169,0.848965,-0.158671,128.860159,5.537494,0.000000,1,0.040628,-16.733903,33.085910,49.294376,3.795513,51.141569,0.000000
27.275000,19.900000,1,-0.744912,1.364926,0.297574,0.397777,0.307327,-0.127442,0.855034,0.358793,0.113852,0.006585,-0.092793,0.490899,0.711201,0.494571,-0.493578,-0.794583,0.353579,0.612375,-0.028836,0.790041,0.006631,-0.791800,1.360119,0.101900,-0.037348,-0.045280,0.192523,-0.440458,0.245055,0.848958,-0.158794,128.885581,5.529325,0.000000,1,0.040914,-16.753105,33.120718,49.273841,3.802707,51.121695,0.000000
27.308333,19.933333,1,-0.744841,1.364831,0.297415,0.397841,0.307616,-0.127132,0.854946,0.358825,0.113968,0.006426,-0.093025,0.491084,0.711262,0.494256,-0.494115,-0.794457,0.353112,0.611725,-0.029096,0.790535,0.005975,-0.791800,1.360119,0.101900,-0.037460,-0.045244,0.192362,-0.440756,0.245025,0.848764,-0.159046,128.920617,5.524690,0.000000,1,0.041153,-16.767565,33.155838,49.246931,3.808723,51.098415,0.000000
27.341667,19.966667,1,-0.744814,1.364707,0.297296,0.398089,0.307836,-0.126712,0.854813,0.358907,0.114065,0.006308,-0.093113,0.491403,0.711334,0.493819,-0.494945,-0.794053,0.352860,0.611029,-0.029331,0.791065,0.005208,-0.791800,1.360119,0.101900,-0.037558,-0.045160,0.192246,-0.441056,0.245194,0.848496,-0.159385,128.914988,5.507404,0.000000,1,0.041188,-16.777470,33.186216,49.216593,3.813551,51.074626,0.000000
27.375000,20.000000,1,-0.744798,1.364558,0.297247,0.398421,0.307866,-0.126395,0.854695,0.359016,0.114168,0.006259,-0.092994,0.491712,0.711370,0.493482,-0.495656,-0.793549,0.352996,0.610644,-0.029390,0.791360,0.004740,-0.791800,1.360119,0.101900,-0.037666,-0.045054,0.192200,-0.441203,0.245505,0.848284,-0.159633,128.944041,5.509067,0.000000,1,0.040938,-16.786990,33.205539,49.187977,3.818054,51.054768,0.000000
27.408333,20.033333,1,-0.744780,1.364424,0.297246,0.398582,0.307747,-0.126279,0.854680,0.359112,0.114263,0.006259,-0.092815,0.491802,0.711408,0.493370,-0.495943,-0.793268,0.353222,0.610682,-0.029433,0.791329,0.004044,-0.791800,1.360119,0.101900,-0.037766,-0.044964,0.192202,-0.441148,0.245700,0.848236,-0.159736,128.930814,5.510631,0.000000,1,0.040509,-16.795969,33.214344,49.166816,3.822126,51.041696,0.000000
27.441667,20.066667,1,-0.744730,1.364347,0.297224,0.398673,0.307777,-0.126148,0.854646,0.359144,0.114349,0.006238,-0.092802,0.491897,0.711437,0.493237,-0.496210,-0.793112,0.353198,0.610516,-0.029509,0.791454,0.002828,-0.791800,1.360119,0.101900,-0.037853,-0.044935,0.192180,-0.441210,0.245779,0.848160,-0.159845,128.969520,5.498276,0.000000,1,0.040280,-16.806303,33.222737,49.154599,3.826183,51.033525,0.000000
27.475000,20.100000,1,-0.744636,1.364339,0.297144,0.398807,0.308144,-0.125959,0.854479,0.359092,0.114430,0.006159,-0.093073,0.492180,0.711374,0.492994,-0.496588,-0.793024,0.352865,0.609790,-0.029431,0.792016,0.003726,-0.791800,1.360119,0.101900,-0.037928,-0.044986,0.192095,-0.441602,0.245786,0.847934,-0.159954,128.947263,5.511315,0.000000,1,0.040220,-16.819439,33.236187,49.150979,3.830593,51.028637,0.000000
27.508333,20.133333,1,-0.744533,1.364395,0.297052,0.398992,0.308449,-0.125805,0.854305,0.358985,0.114480,0.006068,-0.093264,0.492481,0.711290,0.492779,-0.496942,-0.792879,0.352693,0.609155,-0.029263,0.792511,0.004464,-0.791800,1.360119,0.101900,-0.037969,-0.045089,0.191996,-0.441951,0.245862,0.847716,-0.160028,128.930881,5.532289,0.000000,1,0.039897,-16.830533,33.247402,49.157125,3.834342,51.029491,0.000000
27.541667,20.166667,1,-0.744464,1.364507,0.296980,0.399258,0.308454,-0.125741,0.854189,0.358854,0.114468,0.005997,-0.093151,0.492722,0.711215,0.492668,-0.497202,-0.792581,0.352995,0.608990,-0.029007,0.792647,0.004508,-0.791800,1.360119,0.101900,-0.037947,-0.045215,0.191917,-0.442047,0.246113,0.847590,-0.160042,128.958021,5.540412,0.000000,1,0.039399,-16.834115,33.251880,49.172536,3.836287,51.036903,0.000000
27.575000,20.200000,1,-0.744418,1.364677,0.296936,0.399649,0.308375,-0.125718,0.854038,0.358690,0.114404,0.005953,-0.092907,0.493036,0.711091,0.492578,-0.497471,-0.792149,0.353587,0.608922,-0.028564,0.792715,0.005424,-0.791800,1.360119,0.101900,-0.037872,-0.045371,0.191865,-0.442104,0.246511,0.847452,-0.160005,128.910604,5.556230,0.000000,1,0.038798,-16.831594,33.247751,49.198700,3.836768,51.052145,0.000000
27.608333,20.233333,1,-0.744371,1.364896,0.296921,0.400102,0.308254,-0.125783,0.853860,0.358487,0.114309,0.005938,-0.092597,0.493389,0.710903,0.492554,-0.497632,-0.791690,0.354386,0.608944,-0.027916,0.792722,0.006743,-0.791800,1.360119,0.101900,-0.037765,-0.045568,0.191841,-0.442141,0.246981,0.847320,-0.159876,128.966275,5.523987,0.000000,1,0.038179,-16.826406,33.234647,49.236005,3.836593,51.075540,0.000000
27.641667,20.266667,1,-0.744362,1.365152,0.296923,0.400632,0.308044,-0.125913,0.853668,0.358277,0.114163,0.005940,-0.092173,0.493771,0.710675,0.492581,-0.497736,-0.791154,0.355435,0.609105,-0.027108,0.792626,0.007683,-0.791800,1.360119,0.101900,-0.037607,-0.045769,0.191835,-0.442119,0.247553,0.847201,-0.159682,129.002512,5.513107,0.000000,1,0.037760,-16.814256,33.216741,49.278877,3.834917,51.102945,0.000000
27.675000,20.300000,1,-0.744440,1.365451,0.296950,0.401285,0.307718,-0.126116,0.853448,0.358085,0.113920,0.005966,-0.091591,0.494212,0.710388,0.492661,-0.497793,-0.790491,0.356828,0.609431,-0.026080,0.792410,0.009312,-0.791800,1.360119,0.101900,-0.037355,-0.045949,0.191858,-0.442029,0.248278,0.847088,-0.159409,129.014584,5.519614,0.000000,1,0.037280,-16.787952,33.193358,49.326242,3.830165,51.133844,0.000000
27.708333,20.333333,1,-0.744629,1.365792,0.297050,0.402281,0.307307,-0.126449,0.853079,0.357928,0.113563,0.006063,-0.090779,0.494922,0.709910,0.492787,-0.497840,-0.789526,0.358893,0.609812,-0.024426,0.792169,0.012063,-0.791800,1.360119,0.101900,-0.036993,-0.046092,0.191959,-0.441969,0.249356,0.846887,-0.158958,129.033159,5.543096,0.000000,1,0.036472,-16.744111,33.156200,49.380857,3.821567,51.171819,0.000000
27.741667,20.366667,1,-0.744928,1.366190,0.297270,0.403674,0.306869,-0.127086,0.852483,0.357791,0.113082,0.006279,-0.089766,0.495979,0.709095,0.493084,-0.497621,-0.788330,0.361812,0.610242,-0.021747,0.791917,0.016346,-0.791800,1.360119,0.101900,-0.036512,-0.046216,0.192183,-0.442010,0.250814,0.846589,-0.158136,128.994077,5.131218,0.000000,1,0.035173,-16.681919,33.095080,49.450185,3.808864,51.223468,0.000000
27.775000,20.400000,1,-0.745267,1.366650,0.297648,0.404581,0.306631,-0.127851,0.852025,0.357630,0.112530,0.006652,-0.089148,0.496689,0.708345,0.493558,-0.496906,-0.787777,0.363994,0.610661,-0.019401,0.791654,0.020551,-0.791800,1.360119,0.101900,-0.035965,-0.046370,0.192566,-0.442070,0.251741,0.846448,-0.157246,128.935665,4.945413,0.000000,1,0.033427,-16.610450,33.000890,49.542201,3.794034,51.295518,0.000000
27.808333,20.433333,1,-0.745563,1.367137,0.298180,0.404882,0.306343,-0.128460,0.851893,0.357422,0.111995,0.007180,-0.088755,0.496834,0.707955,0.494042,-0.496091,-0.787712,0.365245,0.611326,-0.018157,0.791171,0.023390,-0.791800,1.360119,0.101900,-0.035437,-0.046582,0.193100,-0.441887,0.252113,0.846547,-0.156630,128.919675,4.749660,0.000000,1,0.031749,-16.542819,32.874328,49.656099,3.780097,51.387520,0.000000
27.841667,20.466667,1,-0.745719,1.367627,0.298872,0.404483,0.306199,-0.128873,0.852072,0.357129,0.111569,0.007869,-0.088802,0.496414,0.707929,0.494493,-0.495182,-0.788297,0.365215,0.611967,-0.018099,0.790676,0.025845,-0.791800,1.360119,0.101900,-0.035019,-0.046895,0.193784,-0.441609,0.251775,0.846851,-0.156316,128.928790,4.509727,0.000000,1,0.030068,-16.493383,32.713553,49.793774,3.770340,51.501173,0.000000
27.875000,20.500000,1,-0.745744,1.368147,0.299704,0.403960,0.306234,-0.129251,0.852251,0.356734,0.111227,0.008699,-0.089064,0.495963,0.707919,0.494913,-0.494257,-0.789062,0.364818,0.612372,-0.018162,0.790361,0.029450,-0.791800,1.360119,0.101900,-0.034683,-0.047324,0.194601,-0.441457,0.251261,0.847135,-0.156033,128.933589,4.208306,0.000000,1,0.028387,-16.459564,32.520509,49.957596,3.764243,51.637181,0.000000
27.908333,20.533333,1,-0.745733,1.368692,0.300585,0.404243,0.306333,-0.129309,0.852072,0.356297,0.110899,0.009580,-0.089027,0.496262,0.707734,0.494885,-0.494327,-0.788855,0.365169,0.612132,-0.017627,0.790559,0.031075,-0.791800,1.360119,0.101900,-0.034360,-0.047798,0.195464,-0.441642,0.251495,0.846992,-0.155908,128.945449,4.032021,0.000000,1,0.027407,-16.429105,32.315325,50.132106,3.759299,51.781827,0.000000
27.941667,20.566667,1,-0.745745,1.369214,0.301505,0.405047,0.306423,-0.129269,0.851664,0.355893,0.110565,0.010499,-0.088752,0.497022,0.707390,0.494663,-0.494863,-0.788062,0.366153,0.611616,-0.016554,0.790981,0.031741,-0.791800,1.360119,0.101900,-0.034036,-0.048242,0.196367,-0.441995,0.252229,0.846612,-0.155786,128.934120,3.890953,0.000000,1,0.026818,-16.396419,32.104652,50.305112,3.754413,51.926829,0.000000
27.975000,20.600000,1,-0.745801,1.369784,0.302543,0.405794,0.306415,-0.129502,0.851276,0.355479,0.110167,0.011536,-0.088413,0.497690,0.706941,0.494694,-0.494922,-0.787443,0.367404,0.611435,-0.015165,0.791149,0.035568,-0.791800,1.360119,0.101900,-0.033650,-0.048700,0.197391,-0.442231,0.252936,0.846345,-0.155419,128.928652,3.870734,0.000000,1,0.025337,-16.354703,31.869553,50.493802,3.747796,52.086304,0.000000
28.008333,20.633333,1,-0.745875,1.370482,0.303643,0.405790,0.306192,-0.130343,0.851230,0.354972,0.109676,0.012634,-0.088212,0.497591,0.706523,0.495426,-0.493543,-0.787847,0.368392,0.612274,-0.013913,0.790524,0.039156,-0.791800,1.360119,0.101900,-0.033169,-0.049249,0.198473,-0.441999,0.252992,0.846596,-0.154618,128.907516,4.082102,0.000000,1,0.023612,-16.303473,31.614497,50.707849,3.739197,52.264188,0.000000
28.041667,20.666667,1,-0.745990,1.371322,0.304740,0.405160,0.306019,-0.131797,0.851368,0.354376,0.109067,0.013728,-0.088332,0.496956,0.705996,0.496792,-0.490791,-0.789260,0.369043,0.613671,-0.012465,0.789464,0.041602,-0.791800,1.360119,0.101900,-0.032564,-0.049880,0.199549,-0.441589,0.252426,0.847215,-0.153319,128.897595,4.626530,0.000000,1,0.022128,-16.238760,31.351576,50.941805,3.727804,52.454301,0.000000
28.075000,20.700000,1,-0.746160,1.372240,0.305937,0.404016,0.305739,-0.133315,0.851776,0.353754,0.108366,0.014921,-0.088585,0.495814,0.705678,0.498337,-0.487626,-0.791174,0.369140,0.615488,-0.011657,0.788060,0.045523,-0.791800,1.360119,0.101900,-0.031870,-0.050539,0.200727,-0.440907,0.251407,0.848099,-0.152065,128.864719,4.643363,0.000000,1,0.020502,-16.161729,31.066064,51.193541,3.713988,52.659572,0.000000
28.108333,20.733333,1,-0.746367,1.373203,0.307358,0.402610,0.305117,-0.134649,0.852454,0.353117,0.107606,0.016338,-0.088648,0.494284,0.705682,0.499838,-0.484607,-0.793088,0.369009,0.617819,-0.011691,0.786234,0.051880,-0.791800,1.360119,0.101900,-0.031123,-0.051223,0.202129,-0.439824,0.250258,0.849175,-0.151091,128.784180,5.029884,0.000000,1,0.018557,-16.076101,30.735856,51.470393,3.698573,52.890044,0.000000
28.141667,20.766667,1,-0.746630,1.374210,0.308932,0.401526,0.304786,-0.135876,0.852889,0.352482,0.106774,0.017908,-0.088830,0.493170,0.705519,0.501134,-0.481947,-0.794736,0.368947,0.619503,-0.011295,0.784913,0.056606,-0.791800,1.360119,0.101900,-0.030310,-0.051913,0.203685,-0.439121,0.249317,0.849987,-0.150120,128.741201,5.721834,0.000000,1,0.017081,-15.979554,30.374942,51.763780,3.681121,53.137424,0.000000
28.175000,20.800000,1,-0.746944,1.375239,0.310664,0.400414,0.304737,-0.137031,0.853245,0.351859,0.105886,0.019634,-0.089276,0.492157,0.705317,0.502333,-0.479383,-0.796483,0.368518,0.620733,-0.010886,0.783947,0.061155,-0.791800,1.360119,0.101900,-0.029447,-0.052597,0.205401,-0.438673,0.248258,0.850693,-0.149183,128.731483,6.623185,0.000000,1,0.015907,-15.873870,29.983870,52.070808,3.662070,53.400177,0.000000
28.208333,20.833333,1,-0.747201,1.376324,0.312518,0.399458,0.304480,-0.138154,0.853604,0.351158,0.105009,0.021483,-0.089467,0.491192,0.705133,0.503501,-0.476964,-0.797961,0.368460,0.622180,-0.010434,0.782805,0.064898,-0.791800,1.360119,0.101900,-0.028595,-0.053366,0.207234,-0.438085,0.247417,0.851399,-0.148279,128.832283,7.580088,0.000000,1,0.014922,-15.771957,29.564372,52.399454,3.644340,53.682368,0.000000
28.241667,20.866667,1,-0.747382,1.377482,0.314432,0.398807,0.304617,-0.139416,0.853654,0.350354,0.104147,0.023394,-0.089875,0.490677,0.704613,0.504657,-0.474487,-0.799376,0.368593,0.622977,-0.009114,0.782187,0.067350,-0.791800,1.360119,0.101900,-0.027753,-0.054244,0.209121,-0.437961,0.246731,0.851862,-0.147122,128.990694,8.631607,0.000000,1,0.014196,-15.675648,29.126466,52.748215,3.628411,53.980582,0.000000
28.275000,20.900000,1,-0.747689,1.378707,0.316417,0.397965,0.304724,-0.140650,0.853806,0.349572,0.103144,0.025372,-0.090342,0.489977,0.704197,0.505834,-0.471941,-0.800944,0.368457,0.623881,-0.008109,0.781477,0.070564,-0.791800,1.360119,0.101900,-0.026775,-0.055095,0.211084,-0.437747,0.245874,0.852407,-0.146032,129.023068,9.928625,0.000000,1,0.013428,-15.557702,28.674060,53.104360,3.607932,54.286729,0.000000
28.308333,20.933333,1,-0.748199,1.380023,0.318326,0.397506,0.304420,-0.142254,0.853863,0.348840,0.101925,0.027274,-0.090269,0.489438,0.703529,0.507296,-0.469004,-0.802157,0.369566,0.625432,-0.006202,0.780254,0.071227,-0.791800,1.360119,0.101900,-0.025582,-0.055882,0.212980,-0.437268,0.245512,0.853008,-0.144563,128.984157,11.305510,0.000000,1,0.012257,-15.406307,28.235171,53.454207,3.580031,54.585579,0.000000
28.341667,20.966667,1,-0.748838,1.381450,0.320073,0.397318,0.303879,-0.144434,0.853777,0.348095,0.100537,0.029011,-0.089862,0.489040,0.702476,0.509208,-0.465265,-0.803304,0.371795,0.627520,-0.003095,0.778594,0.070337,-0.791800,1.360119,0.101900,-0.024214,-0.056660,0.214718,-0.436643,0.245478,0.853684,-0.142505,128.878313,12.811328,0.000000,1,0.010913,-15.230328,27.823513,53.797680,3.546648,54.873314,0.000000
28.375000,21.000000,1,-0.749541,1.382990,0.321711,0.396686,0.303322,-0.146864,0.853854,0.347298,0.099031,0.030638,-0.089637,0.488238,0.701456,0.511418,-0.460833,-0.805003,0.373635,0.629946,-0.000150,0.776639,0.070678,-0.791800,1.360119,0.101900,-0.022721,-0.057476,0.216347,-0.435848,0.245022,0.854590,-0.140277,128.815435,14.335414,0.000000,1,0.009753,-15.038361,27.427288,54.143733,3.509662,55.158138,0.000000
28.408333,21.033333,1,-0.750268,1.384611,0.323276,0.395557,0.302847,-0.149338,0.854117,0.346451,0.097459,0.032192,-0.089706,0.487028,0.700581,0.513754,-0.456020,-0.807231,0.374732,0.632474,0.002278,0.774579,0.071024,-0.791800,1.360119,0.101900,-0.021157,-0.058335,0.217903,-0.434962,0.244068,0.855671,-0.138080,128.799974,15.415873,0.000000,1,0.008885,-14.837608,27.040696,54.492881,3.470791,55.442101,0.000000
28.441667,21.066667,1,-0.750955,1.386341,0.324833,0.394801,0.302069,-0.151392,0.854381,0.345492,0.095853,0.033738,-0.089339,0.486013,0.699895,0.515710,-0.452122,-0.808726,0.376228,0.635046,0.004332,0.772462,0.072801,-0.791800,1.360119,0.101900,-0.019552,-0.059302,0.219445,-0.433930,0.243575,0.856624,-0.136278,128.835197,16.479593,0.000000,1,0.008339,-14.634742,26.648055,54.858814,3.431498,55.737110,0.000000
28.475000,21.100000,1,-0.751586,1.388145,0.326395,0.394361,0.300962,-0.153364,0.854623,0.344440,0.094247,0.035289,-0.088537,0.485134,0.699224,0.517582,-0.448540,-0.809716,0.378380,0.637908,0.006493,0.770085,0.074042,-0.791800,1.360119,0.101900,-0.017942,-0.060362,0.220987,-0.432698,0.243495,0.857543,-0.134546,128.876601,17.744817,0.000000,1,0.008339,-14.433848,26.248676,55.238224,3.392874,56.041752,0.000000
28.508333,21.133333,1,-0.752195,1.390016,0.327888,0.393846,0.299974,-0.155567,0.854810,0.343321,0.092619,0.036773,-0.087875,0.484244,0.698401,0.519636,-0.444513,-0.810935,0.380517,0.640724,0.009027,0.767718,0.074112,-0.791800,1.360119,0.101900,-0.016304,-0.061483,0.222457,-0.431548,0.243300,0.858484,-0.132576,128.895131,19.014447,0.000000,1,0.008074,-14.230712,25.857727,55.621798,3.353938,56.346659,0.000000
28.541667,21.166667,1,-0.752739,1.392046,0.329362,0.393669,0.299040,-0.157600,0.854846,0.342037,0.090948,0.038237,-0.087111,0.483679,0.697521,0.521470,-0.440962,-0.811740,0.382925,0.643206,0.011752,0.765603,0.077002,-0.791800,1.360119,0.101900,-0.014613,-0.062766,0.223900,-0.430564,0.243412,0.859233,-0.130706,128.856938,20.322011,0.000000,1,0.008411,-14.025735,25.459303,56.030509,3.314502,56.667660,0.000000
28.575000,21.200000,1,-0.753268,1.394180,0.330846,0.393675,0.297957,-0.159483,0.854872,0.340660,0.089226,0.039712,-0.086132,0.483210,0.696699,0.523163,-0.437764,-0.812214,0.385579,0.645734,0.014383,0.763427,0.079579,-0.791800,1.360119,0.101900,-0.012865,-0.064138,0.225349,-0.429506,0.243749,0.859928,-0.128973,128.777929,21.474848,0.000000,1,0.009246,-13.814695,25.052484,56.455013,3.273636,57.000126,0.000000
28.608333,21.233333,1,-0.753810,1.396304,0.332371,0.393561,0.296374,-0.161421,0.855112,0.339299,0.087499,0.041226,-0.084759,0.482411,0.696040,0.524999,-0.434384,-0.812618,0.388539,0.649064,0.016687,0.760551,0.080089,-0.791800,1.360119,0.101900,-0.011116,-0.065497,0.226839,-0.427941,0.244139,0.860850,-0.127276,128.750084,22.657653,0.000000,1,0.010404,-13.600338,24.639596,56.877918,3.232270,57.334303,0.000000
28.641667,21.266667,1,-0.754315,1.398426,0.333940,0.393005,0.294685,-0.163309,0.855592,0.337918,0.085802,0.042786,-0.083487,0.481168,0.695617,0.526900,-0.430812,-0.813385,0.390905,0.652700,0.018293,0.757396,0.080623,-0.791800,1.360119,0.101900,-0.009397,-0.066881,0.228372,-0.426132,0.244147,0.861974,-0.125720,128.787056,24.541914,0.000000,1,0.011872,-13.389173,24.217737,57.304126,3.191990,57.673834,0.000000
28.675000,21.300000,1,-0.754852,1.400602,0.335589,0.391909,0.292484,-0.165547,0.856420,0.336513,0.084047,0.044426,-0.081994,0.479213,0.695345,0.529271,-0.426299,-0.814636,0.393240,0.657466,0.019546,0.753231,0.083473,-0.791800,1.360119,0.101900,-0.007620,-0.068290,0.229985,-0.423654,0.243809,0.863541,-0.123979,128.826339,26.016376,0.000000,1,0.013615,-13.168141,23.778649,57.740221,3.149195,58.024665,0.000000
28.708333,21.333333,1,-0.755471,1.402845,0.337249,0.391165,0.289643,-0.168260,0.857196,0.335105,0.082185,0.046074,-0.079770,0.477291,0.694812,0.532040,-0.421141,-0.815483,0.397025,0.663188,0.021746,0.748137,0.085743,-0.791800,1.360119,0.101900,-0.005738,-0.069698,0.231611,-0.420686,0.244011,0.865246,-0.121781,128.833819,27.235238,0.000000,1,0.014687,-12.929163,23.336217,58.179325,3.101672,58.378943,0.000000
28.741667,21.366667,1,-0.756093,1.405133,0.338830,0.390979,0.287258,-0.170949,0.857551,0.333661,0.080295,0.047645,-0.077709,0.476073,0.693917,0.534597,-0.416334,-0.815923,0.401168,0.667943,0.024880,0.743796,0.085503,-0.791800,1.360119,0.101900,-0.003823,-0.071134,0.233158,-0.418329,0.244591,0.866551,-0.119439,128.840236,28.537641,0.000000,1,0.015162,-12.684978,22.906579,58.616297,3.052789,58.729170,0.000000
28.775000,21.400000,1,-0.756612,1.407447,0.340368,0.390289,0.285715,-0.172811,0.858008,0.332135,0.078471,0.049173,-0.076627,0.474775,0.693485,0.536465,-0.412666,-0.816823,0.403122,0.671301,0.026413,0.740714,0.084787,-0.791800,1.360119,0.101900,-0.001968,-0.072653,0.234655,-0.416610,0.244424,0.867636,-0.117900,128.806648,30.053518,0.000000,1,0.016254,-12.451277,22.481828,59.057750,3.006741,59.081489,0.000000
28.808333,21.433333,1,-0.756960,1.409828,0.341861,0.388834,0.284425,-0.174275,0.858801,0.330451,0.076745,0.050659,-0.076113,0.472901,0.693530,0.538133,-0.409240,-0.818411,0.403394,0.674435,0.026445,0.737861,0.084971,-0.791800,1.360119,0.101900,-0.000199,-0.074332,0.236096,-0.414882,0.243452,0.868878,-0.116859,128.793609,31.517676,0.000000,1,0.017759,-12.235236,22.057525,59.514947,2.965417,59.443359,0.000000
28.841667,21.466667,1,-0.757107,1.412266,0.343309,0.387507,0.283259,-0.175319,0.859573,0.328602,0.075145,0.052101,-0.075654,0.471197,0.693745,0.539414,-0.406618,-0.819728,0.403371,0.677136,0.025988,0.735399,0.085175,-0.791800,1.360119,0.101900,0.001454,-0.076180,0.237478,-0.413324,0.242568,0.869955,-0.116200,128.751298,32.918955,0.000000,1,0.019392,-12.041697,21.633920,59.988343,2.930283,59.815065,0.000000
28.875000,21.500000,1,-0.757163,1.414692,0.344707,0.386528,0.282344,-0.176334,0.860107,0.326706,0.073626,0.053494,-0.075266,0.469915,0.693762,0.540563,-0.404253,-0.820781,0.403605,0.679308,0.026058,0.733391,0.084003,-0.791800,1.360119,0.101900,0.003031,-0.078075,0.238806,-0.412116,0.241930,0.870802,-0.115473,128.786922,34.263623,0.000000,1,0.020482,-11.860132,21.218855,60.460147,2.898686,60.184658,0.000000
28.908333,21.533333,1,-0.757354,1.417082,0.345997,0.385447,0.281266,-0.177942,0.860614,0.324921,0.072021,0.054779,-0.074776,0.468474,0.693489,0.542230,-0.400791,-0.822122,0.404329,0.682001,0.026962,0.730855,0.081694,-0.791800,1.360119,0.101900,0.004691,-0.079849,0.240035,-0.410706,0.241240,0.871829,-0.114187,128.795327,35.791282,0.000000,1,0.020100,-11.659829,20.831317,60.907113,2.862021,60.533388,0.000000
28.941667,21.566667,1,-0.757782,1.419493,0.347058,0.384411,0.280472,-0.179739,0.860963,0.323259,0.070217,0.055831,-0.074520,0.467200,0.692993,0.543996,-0.397029,-0.823602,0.405027,0.684340,0.028416,0.728609,0.080053,-0.791800,1.360119,0.101900,0.006550,-0.081473,0.241048,-0.409570,0.240494,0.872767,-0.112661,128.837582,36.973892,0.000000,1,0.018291,-11.422819,20.494807,61.321643,2.814835,60.849213,0.000000
28.975000,21.600000,1,-0.758407,1.421923,0.347944,0.384060,0.279871,-0.181519,0.860942,0.321700,0.068247,0.056706,-0.074133,0.466627,0.692175,0.545580,-0.393695,-0.824458,0.406538,0.686089,0.030795,0.726866,0.079826,-0.791800,1.360119,0.101900,0.008576,-0.082975,0.241898,-0.408844,0.240334,0.873364,-0.111005,128.825896,38.244646,0.000000,1,0.017048,-11.154098,20.198185,61.709965,2.758230,61.138849,0.000000
29.008333,21.633333,1,-0.759161,1.424381,0.348772,0.383845,0.278954,-0.183607,0.860893,0.320196,0.066156,0.057521,-0.073401,0.466036,0.691194,0.547424,-0.389878,-0.825168,0.408770,0.688338,0.033725,0.724606,0.081037,-0.791800,1.360119,0.101900,0.010721,-0.084411,0.242694,-0.407860,0.240404,0.874050,-0.109054,128.761163,39.764735,0.000000,1,0.017101,-10.862178,19.916868,62.086427,2.694362,61.417902,0.000000
29.041667,21.666667,1,-0.760017,1.426866,0.349667,0.383145,0.276652,-0.186318,0.861365,0.318732,0.063968,0.058402,-0.071642,0.464395,0.690393,0.550057,-0.384610,-0.826051,0.411965,0.692971,0.036450,0.720044,0.083282,-0.791800,1.360119,0.101900,0.012958,-0.085806,0.243563,-0.405405,0.240470,0.875458,-0.106740,128.744895,41.241978,0.000000,1,0.018432,-10.550728,19.625272,62.461733,2.624093,61.700542,0.000000
29.075000,21.700000,1,-0.760918,1.429373,0.350654,0.382181,0.273449,-0.189136,0.862201,0.317278,0.061730,0.059375,-0.069192,0.462114,0.689865,0.552947,-0.378925,-0.826865,0.415583,0.698967,0.038599,0.714111,0.085229,-0.791800,1.360119,0.101900,0.015242,-0.087195,0.244527,-0.402020,0.240587,0.877258,-0.104478,128.787555,42.681888,0.000000,1,0.020183,-10.227868,19.316914,62.840841,2.549704,61.991731,0.000000
29.108333,21.733333,1,-0.761743,1.431917,0.351616,0.381277,0.271219,-0.191653,0.862750,0.315748,0.059530,0.060323,-0.067588,0.460321,0.689218,0.555441,-0.373835,-0.827864,0.418196,0.703415,0.040820,0.709606,0.085267,-0.791800,1.360119,0.101900,0.017492,-0.088659,0.245459,-0.399570,0.240439,0.878665,-0.102376,128.791699,44.397513,0.000000,1,0.021290,-9.910199,19.010537,63.226053,2.476110,62.286607,0.000000
29.141667,21.766667,1,-0.762479,1.434550,0.352525,0.380451,0.269771,-0.193850,0.863077,0.314093,0.057348,0.061220,-0.066653,0.458946,0.688521,0.557552,-0.369386,-0.828953,0.419990,0.706593,0.042993,0.706313,0.086451,-0.791800,1.360119,0.101900,0.019734,-0.090246,0.246331,-0.397883,0.240108,0.879739,-0.100478,128.815832,46.074348,0.000000,1,0.022407,-9.595862,18.708726,63.624180,2.402650,62.587868,0.000000
29.175000,21.800000,1,-0.763177,1.437283,0.353381,0.379854,0.268160,-0.195923,0.863374,0.312336,0.055137,0.062063,-0.065469,0.457702,0.687852,0.559537,-0.365263,-0.829688,0.422137,0.709827,0.045147,0.702927,0.088423,-0.791800,1.360119,0.101900,0.022012,-0.091929,0.247145,-0.396124,0.240050,0.880751,-0.098685,128.766099,47.665042,0.000000,1,0.023433,-9.276354,18.412805,64.032744,2.326693,62.893694,0.000000
29.208333,21.833333,1,-0.763843,1.440094,0.354178,0.379140,0.266519,-0.198056,0.863709,0.310497,0.052905,0.062848,-0.064309,0.456341,0.687189,0.561595,-0.360952,-0.830537,0.424172,0.713149,0.047271,0.699417,0.089890,-0.791800,1.360119,0.101900,0.024318,-0.093689,0.247897,-0.394296,0.239892,0.881818,-0.096851,128.735899,49.185813,0.000000,1,0.024314,-8.952124,18.125347,64.447760,2.248370,63.201108,0.000000
29.241667,21.866667,1,-0.764517,1.442963,0.354981,0.379130,0.264525,-0.200256,0.863820,0.308616,0.050631,0.063639,-0.062522,0.455453,0.686296,0.563606,-0.356879,-0.830553,0.427574,0.716649,0.050177,0.695626,0.091655,-0.791800,1.360119,0.101900,0.026668,-0.095489,0.248653,-0.392372,0.240518,0.882720,-0.094871,128.729609,50.906510,0.000000,1,0.025623,-8.618300,17.835925,64.867902,2.166106,63.513012,0.000000
29.275000,21.900000,1,-0.765347,1.445857,0.355807,0.379297,0.261386,-0.202972,0.864068,0.306809,0.048219,0.064450,-0.059628,0.454215,0.685291,0.566135,-0.351870,-0.830104,0.432568,0.721767,0.053640,0.690054,0.093659,-0.791800,1.360119,0.101900,0.029151,-0.097209,0.249440,-0.389426,0.241690,0.883958,-0.092477,128.731697,52.559690,0.000000,1,0.026663,-8.256036,17.547049,65.278300,2.073868,63.820634,0.000000
29.308333,21.933333,1,-0.766337,1.448797,0.356644,0.378527,0.257758,-0.206330,0.864700,0.305062,0.045650,0.065270,-0.056710,0.451922,0.684337,0.569415,-0.345102,-0.830601,0.437044,0.728086,0.056933,0.683117,0.096383,-0.791800,1.360119,0.101900,0.031786,-0.098862,0.250245,-0.385692,0.242129,0.885765,-0.089643,128.745805,54.312001,0.000000,1,0.027725,-7.862561,17.260365,65.680016,1.970495,64.123962,0.000000
29.341667,21.966667,1,-0.767416,1.451827,0.357472,0.377663,0.254173,-0.209500,0.865377,0.303296,0.042956,0.066081,-0.053874,0.449562,0.683507,0.572546,-0.338577,-0.831118,0.441144,0.734240,0.059831,0.676248,0.099641,-0.791800,1.360119,0.101900,0.034548,-0.100525,0.251044,-0.381971,0.242467,0.887546,-0.087002,128.777413,55.837628,0.000000,1,0.029063,-7.444261,16.975581,66.082878,1.857747,64.428329,0.000000
29.375000,22.000000,1,-0.768513,1.454955,0.358201,0.376909,0.250360,-0.212880,0.865992,0.301463,0.040190,0.066792,-0.050784,0.447202,0.682528,0.575836,-0.331667,-0.831470,0.445707,0.740627,0.063153,0.668942,0.101807,-0.791800,1.360119,0.101900,0.037389,-0.102245,0.251743,-0.378068,0.242985,0.889349,-0.084147,128.769336,57.448886,0.000000,1,0.029822,-7.010724,16.708871,66.486803,1.738581,64.727962,0.000000
29.408333,22.033333,1,-0.769506,1.458225,0.358702,0.376253,0.246692,-0.216210,0.866504,0.299452,0.037424,0.067277,-0.047780,0.444994,0.681480,0.579036,-0.324868,-0.831726,0.450213,0.746680,0.066604,0.661841,0.103634,-0.791800,1.360119,0.101900,0.040248,-0.104127,0.252204,-0.374334,0.243548,0.891038,-0.081297,128.737442,59.332892,0.000000,1,0.029958,-6.575751,16.481197,66.898587,1.617391,65.018789,0.000000
29.441667,22.066667,1,-0.770273,1.461634,0.358878,0.375691,0.243842,-0.218464,0.866990,0.297192,0.034758,0.067439,-0.045470,0.443228,0.680892,0.581263,-0.320132,-0.831862,0.453344,0.751248,0.068636,0.656442,0.104956,-0.791800,1.360119,0.101900,0.043033,-0.106242,0.252324,-0.371423,0.243941,0.892317,-0.079427,128.726135,61.826214,0.000000,1,0.029310,-6.157088,16.309926,67.320632,1.500105,65.295560,0.000000
29.475000,22.100000,1,-0.770779,1.465132,0.358804,0.375470,0.241576,-0.220040,0.867321,0.294702,0.032250,0.067354,-0.043534,0.442026,0.680474,0.582815,-0.316864,-0.831667,0.455992,0.754694,0.070120,0.652319,0.106066,-0.791800,1.360119,0.101900,0.045681,-0.108580,0.252177,-0.369191,0.244471,0.893213,-0.078119,128.716688,64.094972,0.000000,1,0.028784,-5.763755,16.182804,67.754406,1.389898,65.563249,0.000000
29.508333,22.133333,1,-0.771120,1.468661,0.358577,0.375953,0.239600,-0.221450,0.867301,0.292088,0.029855,0.067117,-0.041545,0.441584,0.679818,0.584059,-0.314299,-0.830799,0.459336,0.757416,0.072242,0.648924,0.106583,-0.791800,1.360119,0.101900,0.048229,-0.111037,0.251867,-0.367470,0.245575,0.893732,-0.076825,128.738363,66.148496,0.000000,1,0.028547,-5.386291,16.086341,68.190754,1.283679,65.821752,0.000000
29.541667,22.166667,1,-0.771408,1.472169,0.358289,0.376199,0.238066,-0.222582,0.867327,0.289458,0.027518,0.066821,-0.040059,0.441125,0.679330,0.585077,-0.312161,-0.830262,0.461759,0.759579,0.073813,0.646214,0.105927,-0.791800,1.360119,0.101900,0.050722,-0.113509,0.251495,-0.366089,0.246309,0.894184,-0.075802,128.759240,68.216592,0.000000,1,0.028688,-5.013141,16.007154,68.620167,1.177503,66.070873,0.000000
29.575000,22.200000,1,-0.771738,1.475630,0.357974,0.376222,0.236489,-0.223793,0.867437,0.286890,0.025174,0.066497,-0.038633,0.440448,0.678880,0.586205,-0.309743,-0.829956,0.463931,0.761893,0.075260,0.643316,0.104753,-0.791800,1.360119,0.101900,0.053219,-0.115917,0.251098,-0.364591,0.246843,0.894738,-0.074739,128.759821,70.192073,0.000000,1,0.028975,-4.632366,15.942021,69.033826,1.067127,66.307069,0.000000
29.608333,22.233333,1,-0.772222,1.479019,0.357593,0.376393,0.234703,-0.225576,0.867386,0.284473,0.022752,0.066105,-0.036953,0.439813,0.678030,0.587771,-0.306320,-0.829557,0.466909,0.764548,0.077820,0.639852,0.103330,-0.791800,1.360119,0.101900,0.055788,-0.118167,0.250647,-0.362931,0.247581,0.895345,-0.073085,128.765514,72.144840,0.000000,1,0.028858,-4.230051,15.902555,69.416009,0.947468,66.517585,0.000000
29.641667,22.266667,1,-0.772898,1.482407,0.357150,0.376490,0.233087,-0.227748,0.867212,0.282171,0.020178,0.065649,-0.035456,0.439191,0.676897,0.589631,-0.302157,-0.829383,0.469920,0.767095,0.081106,0.636386,0.104498,-0.791800,1.360119,0.101900,0.058504,-0.120289,0.250145,-0.361394,0.248186,0.895965,-0.071023,128.750001,74.216842,0.000000,1,0.029420,-3.793738,15.885871,69.772996,0.813739,66.706615,0.000000
29.675000,22.300000,1,-0.773731,1.485874,0.356614,0.376986,0.231350,-0.230013,0.866864,0.279900,0.017433,0.065099,-0.033675,0.438872,0.675568,0.591494,-0.298002,-0.828747,0.473680,0.769630,0.084947,0.632814,0.108152,-0.791800,1.360119,0.101900,0.061393,-0.122364,0.249556,-0.359874,0.249208,0.896466,-0.068808,128.745538,76.321708,0.000000,1,0.030633,-3.320571,15.894688,70.115111,0.664576,66.878380,0.000000
29.708333,22.333333,1,-0.774685,1.489423,0.355896,0.377663,0.229459,-0.232333,0.866453,0.277635,0.014543,0.064364,-0.031676,0.438647,0.674158,0.593377,-0.293800,-0.827849,0.477858,0.772271,0.089016,0.629026,0.112328,-0.791800,1.360119,0.101900,0.064431,-0.124413,0.248790,-0.358270,0.250454,0.896934,-0.066518,128.738032,78.552128,0.000000,1,0.031704,-2.815001,15.947137,70.438750,0.501363,67.023891,0.000000
29.741667,22.366667,1,-0.775714,1.493005,0.355010,0.378362,0.227352,-0.234955,0.865996,0.275388,0.011574,0.063460,-0.029471,0.438348,0.672571,0.595509,-0.289000,-0.826881,0.482437,0.775207,0.093560,0.624741,0.114935,-0.791800,1.360119,0.101900,0.067553,-0.126429,0.247860,-0.356462,0.251790,0.897468,-0.063935,128.724534,80.827560,0.000000,1,0.032548,-2.287935,16.041349,70.741463,0.327995,67.142474,0.000000
29.775000,22.400000,1,-0.776745,1.496594,0.354054,0.379147,0.225163,-0.237531,0.865522,0.273137,0.008602,0.062486,-0.027156,0.438088,0.670988,0.597592,-0.284293,-0.825748,0.487153,0.778161,0.098075,0.620360,0.115627,-0.791800,1.360119,0.101900,0.070682,-0.128445,0.246859,-0.354608,0.253235,0.897974,-0.061388,128.748138,83.120808,0.000000,1,0.033303,-1.752916,16.156318,71.032710,0.149484,67.247177,0.000000
29.808333,22.433333,1,-0.777754,1.500136,0.353128,0.380031,0.223022,-0.239859,0.865046,0.270909,0.005674,0.061543,-0.024841,0.437937,0.669516,0.599452,-0.280082,-0.824442,0.491782,0.780928,0.102262,0.616193,0.113930,-0.791800,1.360119,0.101900,0.073763,-0.130442,0.245889,-0.352838,0.254762,0.898394,-0.059070,128.741820,85.330724,0.000000,1,0.033618,-1.218760,16.271579,71.315430,-0.030857,67.347551,0.000000
29.841667,22.466667,1,-0.778745,1.503586,0.352219,0.381064,0.220781,-0.242195,0.864516,0.268745,0.002815,0.060618,-0.022369,0.437875,0.667991,0.601293,-0.275893,-0.822905,0.496699,0.783727,0.106576,0.611894,0.111086,-0.791800,1.360119,0.101900,0.076772,-0.132381,0.244938,-0.351025,0.256465,0.898771,-0.056725,128.722025,87.417008,0.000000,1,0.033335,-0.690088,16.390769,71.583031,-0.211266,67.438755,0.000000
29.875000,22.500000,1,-0.779683,1.506958,0.351267,0.381979,0.218686,-0.244483,0.864001,0.266611,0.000047,0.059649,-0.020080,0.437773,0.666502,0.603098,-0.271739,-0.821513,0.501273,0.786351,0.110745,0.607773,0.108828,-0.791800,1.360119,0.101900,0.079690,-0.134292,0.243942,-0.349309,0.258007,0.899140,-0.054431,128.709967,89.568915,0.000000,1,0.032939,-0.171476,16.525201,71.836444,-0.389923,67.516762,0.000000
29.908333,22.533333,1,-0.780639,1.510333,0.350183,0.382819,0.216345,-0.246904,0.863529,0.264484,-0.002736,0.058549,-0.017605,0.437494,0.664991,0.605042,-0.267227,-0.820099,0.505991,0.789292,0.114954,0.603162,0.110126,-0.791800,1.360119,0.101900,0.082626,-0.136186,0.242816,-0.347334,0.259560,0.899600,-0.052033,128.709624,92.060990,0.000000,1,0.033536,0.355913,16.692823,72.072539,-0.574242,67.572766,0.000000
