time_take_s,time_episode_s,tool_tracked,tool_world_x_m,tool_world_y_m,tool_world_z_m,tool_world_qx,tool_world_qy,tool_world_qz,tool_world_qw,tcp_robot_x_m,tcp_robot_y_m,tcp_robot_z_m,tcp_robot_qx,tcp_robot_qy,tcp_robot_qz,tcp_robot_qw,tcp_robot_rot6d_r00,tcp_robot_rot6d_r01,tcp_robot_rot6d_r02,tcp_robot_rot6d_r10,tcp_robot_rot6d_r11,tcp_robot_rot6d_r12,tcp_speed_m_s,box_world_x_m,box_world_y_m,box_world_z_m,tool_in_box_x_m,tool_in_box_y_m,tool_in_box_z_m,tool_in_box_qx,tool_in_box_qy,tool_in_box_qz,tool_in_box_qw,flap_left_deg,flap_right_deg,gripper,ik_reachable,ik_pos_err_mm,q1_deg,q2_deg,q3_deg,q4_deg,q5_deg,q6_deg
5.050000,0.000000,1,-0.796534,1.471872,0.510574,0.000512,-0.196000,0.196481,-0.960718,0.304347,0.005798,0.220735,-0.172263,0.082488,0.772564,0.605529,-0.207320,-0.964040,-0.166271,0.907201,-0.253060,0.336075,0.000000,-0.803193,1.365849,0.101696,0.072000,-0.093195,0.405706,-0.193444,-0.114831,0.940783,-0.253614,0.100389,0.070990,0.000000,1,0.066896,-1.055778,-12.671287,70.703884,0.092667,79.688502,-0.059124
5.083333,0.033333,1,-0.796499,1.471596,0.505825,-0.004130,-0.195603,0.195475,-0.960995,0.304548,0.006047,0.215988,-0.169841,0.086461,0.773284,0.604740,-0.210888,-0.964641,-0.158098,0.905902,-0.253629,0.339137,0.142721,-0.803193,1.365849,0.101696,0.071866,-0.092768,0.400970,-0.195212,-0.110493,0.940689,-0.254533,0.116679,0.092670,0.000000,1,0.025227,-1.090974,-11.818897,70.721675,0.121316,79.360150,-0.056168
5.116667,0.066667,1,-0.796409,1.471323,0.501149,-0.008907,-0.194901,0.194537,-0.961296,0.304712,0.006337,0.211315,-0.167086,0.090418,0.773994,0.604019,-0.214486,-0.965231,-0.149418,0.904800,-0.253970,0.341813,0.140551,-0.803193,1.365849,0.101696,0.071701,-0.092393,0.396303,-0.196768,-0.105900,0.940657,-0.255405,0.104041,0.080438,0.000000,1,0.025201,-1.133349,-10.968546,70.724907,0.151779,79.020711,-0.053360
5.150000,0.100000,1,-0.796288,1.471109,0.496441,-0.013694,-0.193802,0.193805,-0.961610,0.304812,0.006616,0.206611,-0.163969,0.094209,0.774624,0.603486,-0.217837,-0.965845,-0.140321,0.904056,-0.253858,0.343860,0.141416,-0.803193,1.365849,0.101696,0.071566,-0.092075,0.391602,-0.197970,-0.101124,0.940739,-0.256109,0.114262,0.069898,0.000000,1,0.024283,-1.174505,-10.115080,70.728989,0.180875,78.676096,-0.050692
5.183333,0.133333,1,-0.796114,1.470986,0.491701,-0.018684,-0.192720,0.192920,-0.961921,0.304807,0.006884,0.201874,-0.160778,0.098188,0.775321,0.602816,-0.221528,-0.966324,-0.130931,0.903178,-0.253945,0.346093,0.142342,-0.803193,1.365849,0.101696,0.071473,-0.091851,0.386863,-0.199282,-0.096171,0.940754,-0.256942,0.096637,0.070595,0.000000,1,0.023093,-1.214447,-9.261897,70.739963,0.208653,78.331399,-0.048157
5.216667,0.166667,1,-0.795863,1.470953,0.486971,-0.024068,-0.191654,0.191638,-0.962270,0.304683,0.007158,0.197146,-0.157428,0.102526,0.776231,0.601806,-0.226092,-0.966562,-0.120999,0.902000,-0.254636,0.348649,0.142125,-0.803193,1.365849,0.101696,0.071408,-0.091744,0.382127,-0.200796,-0.090864,0.940633,-0.258136,0.108165,0.066907,0.000000,1,0.021776,-1.256146,-8.417271,70.759756,0.236287,77.991825,-0.045749
5.250000,0.200000,1,-0.795539,1.470958,0.482305,-0.029699,-0.190972,0.189977,-0.962578,0.304486,0.007468,0.192483,-0.154312,0.107255,0.777275,0.600439,-0.231321,-0.966515,-0.111086,0.900312,-0.255938,0.352043,0.140321,-0.803193,1.365849,0.101696,0.071327,-0.091721,0.377451,-0.202770,-0.085500,0.940300,-0.259636,0.102593,0.086737,0.000000,1,0.020851,-1.304336,-7.585763,70.780641,0.265623,77.655773,-0.043462
5.283333,0.233333,1,-0.795135,1.470906,0.477849,-0.035369,-0.191459,0.188217,-0.962635,0.304286,0.007873,0.188032,-0.152227,0.112541,0.778143,0.598878,-0.236343,-0.966289,-0.102112,0.897762,-0.257358,0.357477,0.134222,-0.803193,1.365849,0.101696,0.071149,-0.091742,0.372980,-0.205801,-0.080622,0.939671,-0.261084,0.104113,0.079911,0.000000,1,0.020521,-1.368462,-6.786304,70.790980,0.300274,77.326129,-0.041289
5.316667,0.266667,1,-0.794806,1.470822,0.473740,-0.040405,-0.191827,0.187127,-0.962576,0.304155,0.008232,0.183927,-0.150315,0.117211,0.778603,0.597866,-0.239923,-0.966238,-0.093919,0.895764,-0.257636,0.362258,0.123685,-0.803193,1.365849,0.101696,0.070983,-0.091705,0.368861,-0.208424,-0.076268,0.939229,-0.261900,0.110383,0.094927,0.000000,1,0.021238,-1.425315,-6.037663,70.781394,0.331536,77.006720,-0.039224
5.350000,0.300000,1,-0.794576,1.470728,0.469993,-0.044957,-0.191286,0.186160,-0.962670,0.304094,0.008516,0.180182,-0.147805,0.121040,0.779140,0.597029,-0.243421,-0.966119,-0.085792,0.894558,-0.257812,0.365102,0.112668,-0.803193,1.365849,0.101696,0.070857,-0.091604,0.365109,-0.210017,-0.071942,0.938990,-0.262706,0.101293,0.066642,0.000000,1,0.022737,-1.469641,-5.344950,70.755104,0.357482,76.701611,-0.037263
5.383333,0.333333,1,-0.794340,1.470627,0.466508,-0.049041,-0.190732,0.185267,-0.962752,0.304032,0.008806,0.176700,-0.145491,0.124444,0.779633,0.596254,-0.246627,-0.965929,-0.078459,0.893507,-0.257990,0.367541,0.104841,-0.803193,1.365849,0.101696,0.070716,-0.091521,0.361618,-0.211386,-0.068030,0.938765,-0.263454,0.113259,0.060566,0.000000,1,0.023808,-1.515013,-4.698157,70.724713,0.383229,76.412911,-0.035400
5.416667,0.366667,1,-0.794005,1.470520,0.463160,-0.053299,-0.190811,0.184192,-0.962717,0.303917,0.009176,0.173356,-0.143667,0.128288,0.780103,0.595265,-0.250038,-0.965598,-0.071420,0.891875,-0.258403,0.371196,0.100981,-0.803193,1.365849,0.101696,0.070509,-0.091522,0.358258,-0.213399,-0.064241,0.938341,-0.264293,0.102664,0.056975,0.000000,1,0.023961,-1.574289,-4.080060,70.699094,0.413596,76.137610,-0.033630
5.450000,0.400000,1,-0.793627,1.470436,0.459928,-0.057337,-0.191230,0.182997,-0.962629,0.303758,0.009565,0.170128,-0.142248,0.132086,0.780580,0.594150,-0.253503,-0.965141,-0.065113,0.889985,-0.259078,0.375241,0.097656,-0.803193,1.365849,0.101696,0.070292,-0.091577,0.355011,-0.215619,-0.060798,0.937803,-0.265212,0.084465,0.057515,0.000000,1,0.024026,-1.637042,-3.485505,70.677087,0.444694,75.872943,-0.031948
5.483333,0.433333,1,-0.793221,1.470385,0.456948,-0.060692,-0.191518,0.181971,-0.962561,0.303555,0.009954,0.167153,-0.141014,0.135215,0.780995,0.593194,-0.256473,-0.964697,-0.059844,0.888428,-0.259676,0.378502,0.090226,-0.803193,1.365849,0.101696,0.070080,-0.091691,0.352013,-0.217409,-0.057908,0.937347,-0.266009,0.105483,0.055100,0.000000,1,0.025563,-1.700266,-2.940101,70.660991,0.475438,75.631728,-0.030351
5.516667,0.466667,1,-0.792845,1.470347,0.454323,-0.063651,-0.191583,0.181228,-0.962497,0.303360,0.010308,0.164531,-0.139755,0.137891,0.781285,0.592494,-0.258840,-0.964354,-0.054979,0.887271,-0.259875,0.381072,0.079585,-0.803193,1.365849,0.101696,0.069887,-0.091810,0.349370,-0.218816,-0.055279,0.937019,-0.266570,0.098496,0.078527,0.000000,1,0.028387,-1.757913,-2.458710,70.645292,0.503636,75.417812,-0.028833
5.550000,0.500000,1,-0.792594,1.470337,0.451937,-0.066281,-0.191317,0.181005,-0.962415,0.303218,0.010542,0.162148,-0.138345,0.140125,0.781323,0.592249,-0.260202,-0.964248,-0.050206,0.886705,-0.259211,0.382836,0.071973,-0.803193,1.365849,0.101696,0.069785,-0.091859,0.346974,-0.219768,-0.052806,0.936909,-0.266674,0.101856,0.068202,0.000000,1,0.030039,-1.795662,-2.016805,70.622684,0.524010,75.216514,-0.027392
5.583333,0.533333,1,-0.792445,1.470449,0.449852,-0.067647,-0.190723,0.181248,-0.962392,0.303039,0.010618,0.160064,-0.137203,0.141083,0.781200,0.592450,-0.260357,-0.964358,-0.047196,0.886931,-0.258197,0.382999,0.062788,-0.803193,1.365849,0.101696,0.069835,-0.091918,0.344882,-0.219847,-0.051325,0.937043,-0.266428,0.093593,0.062365,0.000000,1,0.032540,-1.807547,-1.634590,70.610268,0.534349,75.045775,-0.026022
5.616667,0.566667,1,-0.792369,1.470814,0.448017,-0.069095,-0.189269,0.181965,-0.962440,0.302702,0.010480,0.158227,-0.135251,0.141732,0.780928,0.593103,-0.259872,-0.964680,-0.043119,0.888002,-0.256282,0.381801,0.056180,-0.803193,1.365849,0.101696,0.070127,-0.092083,0.343040,-0.219189,-0.049396,0.937477,-0.265806,0.089247,0.058047,0.000000,1,0.034979,-1.784904,-1.313606,70.628856,0.531436,74.917269,-0.024721
5.650000,0.600000,1,-0.792427,1.471470,0.446058,-0.070982,-0.186462,0.182991,-0.962657,0.302214,0.010060,0.156263,-0.131892,0.142170,0.780666,0.594098,-0.259304,-0.965087,-0.037001,0.890082,-0.253670,0.378688,0.062003,-0.803193,1.365849,0.101696,0.070736,-0.092305,0.341077,-0.217519,-0.046477,0.938242,-0.265006,0.099139,0.080791,0.000000,1,0.033401,-1.716404,-0.982305,70.670794,0.511119,74.795625,-0.023485
5.683333,0.633333,1,-0.792625,1.472280,0.443528,-0.073892,-0.184445,0.183616,-0.962707,0.301687,0.009444,0.153726,-0.128785,0.143875,0.780443,0.594662,-0.259583,-0.965258,-0.029904,0.891142,-0.251354,0.377739,0.079910,-0.803193,1.365849,0.101696,0.071563,-0.092471,0.338551,-0.217019,-0.042988,0.938682,-0.264446,0.103999,0.086234,0.000000,1,0.026104,-1.615192,-0.544135,70.706027,0.478379,74.622719,-0.022311
5.716667,0.666667,1,-0.792912,1.473050,0.440308,-0.077746,-0.183980,0.183849,-0.962448,0.301244,0.008789,0.150498,-0.126648,0.147118,0.780126,0.594743,-0.260481,-0.965214,-0.022609,0.890685,-0.249274,0.380188,0.099708,-0.803193,1.365849,0.101696,0.072428,-0.092500,0.335342,-0.218330,-0.039341,0.938652,-0.264038,0.097130,0.089853,0.000000,1,0.017687,-1.506618,0.036791,70.707089,0.442753,74.368444,-0.021195
5.750000,0.700000,1,-0.793200,1.473693,0.436503,-0.082489,-0.183738,0.183614,-0.962144,0.300906,0.008215,0.146686,-0.124317,0.151256,0.779983,0.594385,-0.262503,-0.964828,-0.014122,0.889613,-0.247656,0.383739,0.116072,-0.803193,1.365849,0.101696,0.073204,-0.092415,0.331552,-0.220251,-0.034988,0.938386,-0.264001,0.112627,0.078603,0.000000,1,0.014579,-1.411014,0.743188,70.668929,0.411856,74.037956,-0.020135
5.783333,0.733333,1,-0.793376,1.474182,0.432515,-0.088462,-0.183583,0.182769,-0.961804,0.300622,0.007827,0.142693,-0.121519,0.156532,0.780086,0.593461,-0.266074,-0.963945,-0.003799,0.887859,-0.246603,0.388450,0.120665,-0.803193,1.365849,0.101696,0.073794,-0.092320,0.327575,-0.222817,-0.029563,0.937837,-0.264461,0.110268,0.060432,0.000000,1,0.015294,-1.345877,1.494331,70.606709,0.392182,73.674885,-0.019129
5.816667,0.766667,1,-0.793418,1.474570,0.428786,-0.093943,-0.183417,0.181934,-0.961474,0.300338,0.007602,0.138961,-0.118930,0.161363,0.780192,0.592553,-0.269474,-0.962991,0.005656,0.886227,-0.245687,0.392732,0.112490,-0.803193,1.365849,0.101696,0.074219,-0.092288,0.323849,-0.225151,-0.024572,0.937292,-0.264928,0.105285,0.067016,0.000000,1,0.013881,-1.308141,2.199025,70.542381,0.382526,73.330610,-0.018172
5.850000,0.800000,1,-0.793421,1.474955,0.425561,-0.097739,-0.183071,0.181669,-0.961212,0.300033,0.007405,0.135734,-0.116929,0.164606,0.780094,0.592187,-0.271284,-0.962418,0.012524,0.885429,-0.244438,0.395303,0.097421,-0.803193,1.365849,0.101696,0.074605,-0.092316,0.320625,-0.226553,-0.021018,0.937031,-0.264963,0.096440,0.076631,0.000000,1,0.014084,-1.275204,2.806256,70.490395,0.374452,73.034648,-0.017264
5.883333,0.833333,1,-0.793450,1.475363,0.422799,-0.100976,-0.182659,0.181476,-0.960992,0.299726,0.007168,0.132968,-0.115117,0.167320,0.779999,0.591907,-0.272789,-0.961896,0.018493,0.884851,-0.243301,0.397296,0.083777,-0.803193,1.365849,0.101696,0.075014,-0.092365,0.317863,-0.227645,-0.017935,0.936829,-0.264966,0.108449,0.074077,0.000000,1,0.016860,-1.235553,3.324367,70.449967,0.363707,72.782804,-0.016400
5.916667,0.866667,1,-0.793582,1.475779,0.420345,-0.104196,-0.182628,0.181309,-0.960686,0.299474,0.006840,0.130510,-0.113654,0.170189,0.779816,0.591613,-0.274155,-0.961383,0.024113,0.884012,-0.242060,0.399911,0.074776,-0.803193,1.365849,0.101696,0.075485,-0.092355,0.315415,-0.229066,-0.015038,0.936553,-0.264900,0.107623,0.069644,0.000000,1,0.019009,-1.180313,3.787226,70.408262,0.347049,72.553755,-0.015580
5.950000,0.900000,1,-0.793881,1.476275,0.417929,-0.107272,-0.182378,0.181168,-0.960421,0.299258,0.006331,0.128088,-0.112059,0.172831,0.779658,0.591359,-0.275474,-0.960850,0.029675,0.883381,-0.240848,0.402032,0.074536,-0.803193,1.365849,0.101696,0.076117,-0.092261,0.313015,-0.230226,-0.012172,0.936327,-0.264838,0.106230,0.063401,0.000000,1,0.018427,-1.094425,4.246215,70.359889,0.318939,72.322743,-0.014801
5.983333,0.933333,1,-0.794300,1.476873,0.415111,-0.111029,-0.181868,0.180944,-0.960133,0.299034,0.005668,0.125262,-0.109928,0.175967,0.779518,0.591019,-0.277225,-0.960107,0.036617,0.882732,-0.239465,0.404278,0.087340,-0.803193,1.365849,0.101696,0.076913,-0.092106,0.310218,-0.231463,-0.008579,0.936065,-0.264828,0.122988,0.045892,0.000000,1,0.013905,-0.982728,4.784924,70.295417,0.281208,72.049431,-0.014061
6.016667,0.966667,1,-0.794627,1.477499,0.411641,-0.115896,-0.182798,0.180223,-0.959517,0.298732,0.005071,0.121785,-0.108594,0.180738,0.779316,0.590092,-0.279999,-0.958989,0.044047,0.880481,-0.238251,0.409865,0.106220,-0.803193,1.365849,0.101696,0.077690,-0.092001,0.306765,-0.234488,-0.004626,0.935275,-0.265055,0.106969,0.048790,0.000000,1,0.011440,-0.881933,5.448765,70.213147,0.247429,71.714095,-0.013358
6.050000,1.000000,1,-0.794785,1.478152,0.407634,-0.121734,-0.184632,0.179205,-0.958633,0.298306,0.004598,0.117773,-0.107638,0.186784,0.779014,0.588781,-0.283503,-0.957547,0.052246,0.877127,-0.236898,0.417764,0.121877,-0.803193,1.365849,0.101696,0.078402,-0.092016,0.302766,-0.238758,-0.000202,0.934112,-0.265384,0.115050,0.075076,0.000000,1,0.016060,-0.802088,6.213549,70.121040,0.221286,71.331687,-0.012690
6.083333,1.033333,1,-0.794824,1.478815,0.403441,-0.127813,-0.186188,0.178186,-0.957731,0.297801,0.004216,0.113575,-0.106325,0.192919,0.778696,0.587460,-0.287172,-0.955930,0.061075,0.873881,-0.235346,0.425375,0.127354,-0.803193,1.365849,0.101696,0.079056,-0.092121,0.298573,-0.242887,0.004563,0.932945,-0.265704,0.111115,0.018186,0.000000,1,0.019090,-0.737812,7.014107,70.023734,0.200783,70.932496,-0.012056
6.116667,1.066667,1,-0.794812,1.479406,0.399341,-0.133253,-0.186694,0.177430,-0.957031,0.297323,0.003917,0.109471,-0.104356,0.198016,0.778437,0.586460,-0.290350,-0.954372,0.069788,0.871716,-0.233709,0.430687,0.124289,-0.803193,1.365849,0.101696,0.079620,-0.092229,0.294470,-0.245791,0.009222,0.932088,-0.265921,0.099583,0.042285,0.000000,1,0.018484,-0.687203,7.802114,69.915893,0.185217,70.534133,-0.011453
6.150000,1.100000,1,-0.794766,1.479898,0.395397,-0.138582,-0.186290,0.176691,-0.956489,0.296903,0.003702,0.105524,-0.101622,0.202605,0.778309,0.585542,-0.293627,-0.952643,0.079081,0.870286,-0.232183,0.434387,0.119248,-0.803193,1.365849,0.101696,0.080081,-0.092316,0.290523,-0.247837,0.014186,0.931399,-0.266216,0.120445,0.025980,0.000000,1,0.016988,-0.650699,8.565701,69.796805,0.174727,70.141209,-0.010880
6.183333,1.133333,1,-0.794614,1.480359,0.391624,-0.143875,-0.186043,0.175839,-0.955912,0.296445,0.003590,0.101750,-0.099045,0.207233,0.778200,0.584508,-0.297080,-0.950779,0.088105,0.868677,-0.230809,0.438323,0.114111,-0.803193,1.365849,0.101696,0.080449,-0.092480,0.286740,-0.250008,0.019052,0.930624,-0.266593,0.110832,0.034508,0.000000,1,0.014808,-0.631716,9.294725,69.684387,0.170517,69.767260,-0.010336
6.216667,1.166667,1,-0.794358,1.480830,0.388020,-0.147689,-0.186004,0.175095,-0.955475,0.295916,0.003552,0.098145,-0.097313,0.210629,0.778160,0.583637,-0.299795,-0.949320,0.094411,0.867333,-0.230006,0.441397,0.109308,-0.803193,1.365849,0.101696,0.080760,-0.092744,0.283120,-0.251699,0.022500,0.929983,-0.266969,0.102231,0.050651,0.000000,1,0.012629,-0.625516,9.987737,69.584646,0.170825,69.415928,-0.009820
6.250000,1.200000,1,-0.794017,1.481275,0.384774,-0.150283,-0.187273,0.173764,-0.955065,0.295356,0.003594,0.094899,-0.097299,0.213516,0.778404,0.582264,-0.303002,-0.948023,0.097169,0.864924,-0.230759,0.445710,0.098817,-0.803193,1.365849,0.101696,0.080991,-0.093083,0.279851,-0.254020,0.024282,0.929045,-0.267880,0.176136,0.053498,0.000000,1,0.008156,-0.633007,10.608926,69.502231,0.175968,69.103970,-0.009329
6.283333,1.233333,1,-0.793757,1.481680,0.381949,-0.152333,-0.189210,0.172479,-0.954592,0.294877,0.003591,0.092074,-0.098126,0.216214,0.778569,0.580908,-0.305835,-0.946985,0.098405,0.862121,-0.231596,0.450679,0.085980,-0.803193,1.365849,0.101696,0.081228,-0.093359,0.277009,-0.256689,0.025279,0.928041,-0.268721,0.424917,0.077765,0.000000,1,0.004745,-0.632871,11.151655,69.425154,0.178204,68.827470,-0.008862
6.316667,1.266667,1,-0.793758,1.482032,0.379330,-0.155773,-0.189646,0.171875,-0.954059,0.294597,0.003408,0.089452,-0.096985,0.219489,0.778380,0.580123,-0.308103,-0.945687,0.103678,0.860538,-0.230564,0.454218,0.079282,-0.803193,1.365849,0.101696,0.081574,-0.093406,0.274389,-0.258630,0.028178,0.927359,-0.268927,0.286287,0.180799,0.000000,1,0.004622,-0.601546,11.665414,69.324422,0.169018,68.551238,-0.008419
6.350000,1.300000,1,-0.793985,1.482295,0.376853,-0.160193,-0.189825,0.171649,-0.953332,0.294524,0.003097,0.086971,-0.095177,0.223527,0.777854,0.579587,-0.310041,-0.944216,0.111038,0.859118,-0.228231,0.458069,0.075048,-0.803193,1.365849,0.101696,0.081977,-0.093228,0.271926,-0.260770,0.032060,0.926702,-0.268690,0.138092,0.252824,0.000000,1,0.004760,-0.547788,12.163104,69.195488,0.151646,68.267742,-0.007998
6.383333,1.333333,1,-0.794270,1.482503,0.374545,-0.164405,-0.190561,0.171594,-0.952477,0.294530,0.002770,0.084659,-0.093958,0.227629,0.777138,0.579150,-0.311515,-0.942933,0.117625,0.857383,-0.225542,0.462629,0.070035,-0.803193,1.365849,0.101696,0.082367,-0.092981,0.269638,-0.263306,0.035506,0.925991,-0.268235,0.083695,0.262637,0.000000,1,0.004553,-0.491077,12.631229,69.060715,0.133173,67.994011,-0.007598
6.416667,1.366667,1,-0.794423,1.482655,0.372438,-0.167353,-0.191265,0.171697,-0.951804,0.294501,0.002581,0.082550,-0.093274,0.230585,0.776506,0.578938,-0.312262,-0.942113,0.122134,0.856082,-0.223322,0.466101,0.063548,-0.803193,1.365849,0.101696,0.082629,-0.092819,0.267542,-0.265245,0.037831,0.925485,-0.267753,0.162441,0.210946,0.000000,1,0.004819,-0.457875,13.056610,68.941116,0.123139,67.746126,-0.007218
6.450000,1.400000,1,-0.794444,1.482827,0.370463,-0.169879,-0.191605,0.171666,-0.951294,0.294377,0.002483,0.080574,-0.092453,0.233000,0.776077,0.578678,-0.313169,-0.941280,0.126163,0.855114,-0.221686,0.468653,0.059463,-0.803193,1.365849,0.101696,0.082826,-0.092783,0.265570,-0.266676,0.039942,0.925063,-0.267482,0.160455,0.198197,0.000000,1,0.005344,-0.440627,13.449840,68.842678,0.118766,67.522913,-0.006857
6.483333,1.433333,1,-0.794419,1.483015,0.368479,-0.172423,-0.191571,0.171409,-0.950889,0.294212,0.002413,0.078588,-0.091289,0.235263,0.775843,0.578261,-0.314561,-0.940233,0.130434,0.854325,-0.220532,0.470632,0.059810,-0.803193,1.365849,0.101696,0.083008,-0.092793,0.263585,-0.267788,0.042242,0.924644,-0.267469,0.281861,0.095972,0.000000,1,0.004565,-0.428261,13.843232,68.748125,0.116058,67.302672,-0.006514
6.516667,1.466667,1,-0.794308,1.483179,0.366527,-0.175481,-0.192092,0.170814,-0.950331,0.294015,0.002425,0.076637,-0.090395,0.238233,0.775626,0.577475,-0.316703,-0.938880,0.134922,0.852739,-0.219535,0.473962,0.058835,-0.803193,1.365849,0.101696,0.083120,-0.092860,0.261628,-0.269631,0.044761,0.923933,-0.267662,0.311659,0.088734,0.000000,1,0.004243,-0.430097,14.228505,68.658665,0.118353,67.089254,-0.006189
6.550000,1.500000,1,-0.794084,1.483344,0.364662,-0.178758,-0.193320,0.169863,-0.949642,0.293749,0.002526,0.074773,-0.090039,0.241715,0.775454,0.576315,-0.319509,-0.937338,0.138966,0.850283,-0.218871,0.478659,0.056573,-0.803193,1.365849,0.101696,0.083162,-0.093023,0.259750,-0.272209,0.047169,0.922932,-0.268093,0.280043,0.072800,0.000000,1,0.004668,-0.447503,14.593082,68.583506,0.126114,66.892294,-0.005879
6.583333,1.533333,1,-0.793822,1.483551,0.362778,-0.181719,-0.194168,0.168634,-0.949126,0.293427,0.002632,0.072890,-0.089485,0.244743,0.775558,0.574981,-0.322778,-0.935664,0.142645,0.848061,-0.218994,0.482529,0.057400,-0.803193,1.365849,0.101696,0.083218,-0.093241,0.257850,-0.274316,0.049468,0.921962,-0.268867,0.243210,0.093692,0.000000,1,0.003962,-0.465907,14.959191,68.514099,0.134120,66.698715,-0.005585
6.616667,1.566667,1,-0.793547,1.483828,0.360839,-0.183806,-0.194930,0.167426,-0.948781,0.293040,0.002707,0.070952,-0.089242,0.246950,0.775801,0.573746,-0.325704,-0.934302,0.144905,0.846148,-0.219663,0.485573,0.059345,-0.803193,1.365849,0.101696,0.083323,-0.093507,0.255893,-0.275955,0.051024,0.921138,-0.269722,0.253444,0.052624,0.000000,1,0.002842,-0.479131,15.334180,68.449069,0.140169,66.504988,-0.005306
6.650000,1.600000,1,-0.793182,1.484179,0.358841,-0.184958,-0.195804,0.166146,-0.948603,0.292540,0.002811,0.068955,-0.089517,0.248369,0.776220,0.572522,-0.328410,-0.933273,0.145423,0.844340,-0.221062,0.488079,0.061831,-0.803193,1.365849,0.101696,0.083436,-0.093887,0.253870,-0.277277,0.051692,0.920406,-0.270735,0.246590,0.050002,0.000000,1,0.002026,-0.497518,15.716484,68.395513,0.147961,66.315439,-0.005041
6.683333,1.633333,1,-0.792714,1.484563,0.356732,-0.186887,-0.196929,0.164625,-0.948257,0.291953,0.002978,0.066847,-0.089672,0.250595,0.776603,0.571008,-0.331818,-0.931835,0.146904,0.841950,-0.222305,0.491631,0.065840,-0.803193,1.365849,0.101696,0.083517,-0.094360,0.251728,-0.279176,0.052949,0.919427,-0.271865,0.255592,0.055681,0.000000,1,0.001773,-0.527084,16.118513,68.345456,0.159651,66.121206,-0.004789
6.716667,1.666667,1,-0.792247,1.484870,0.354531,-0.190629,-0.199124,0.162772,-0.947373,0.291427,0.003191,0.064648,-0.089978,0.254923,0.776663,0.568957,-0.336383,-0.929651,0.150316,0.837901,-0.222604,0.498366,0.068127,-0.803193,1.365849,0.101696,0.083538,-0.094783,0.249497,-0.282841,0.055362,0.917833,-0.272981,0.257860,0.067790,0.000000,1,0.003022,-0.564906,16.543571,68.276368,0.174211,65.909344,-0.004549
6.750000,1.700000,1,-0.791849,1.485054,0.352333,-0.194883,-0.201915,0.160735,-0.946264,0.291041,0.003424,0.062453,-0.090591,0.259976,0.776608,0.566644,-0.341415,-0.927224,0.153921,0.833018,-0.222654,0.506465,0.067216,-0.803193,1.365849,0.101696,0.083501,-0.095077,0.247277,-0.287266,0.057972,0.915952,-0.274132,0.272909,0.088502,0.000000,1,0.003924,-0.606020,16.975620,68.182538,0.189870,65.683043,-0.004322
6.783333,1.733333,1,-0.791516,1.485166,0.350303,-0.197710,-0.203873,0.159485,-0.945469,0.290752,0.003645,0.060425,-0.091091,0.263381,0.776474,0.565174,-0.344563,-0.925668,0.156253,0.829702,-0.222418,0.511981,0.061815,-0.803193,1.365849,0.101696,0.083442,-0.095286,0.245227,-0.290297,0.059658,0.914695,-0.274777,0.282554,0.079318,0.000000,1,0.003145,-0.645117,17.378816,68.082596,0.204713,65.465549,-0.004106
6.816667,1.766667,1,-0.791250,1.485293,0.348494,-0.200162,-0.203702,0.158835,-0.945099,0.290491,0.003803,0.058618,-0.089848,0.265500,0.776445,0.564420,-0.346715,-0.924192,0.160182,0.828773,-0.221880,0.513716,0.054988,-0.803193,1.365849,0.101696,0.083428,-0.095465,0.243403,-0.291255,0.061946,0.914130,-0.275135,0.224579,0.054058,0.000000,1,0.002150,-0.673144,17.738210,67.992596,0.215510,65.270717,-0.003900
6.850000,1.800000,1,-0.790995,1.485461,0.346857,-0.201916,-0.202423,0.158891,-0.944991,0.290203,0.003924,0.056982,-0.087920,0.266499,0.776330,0.564411,-0.347421,-0.923200,0.164320,0.829477,-0.220837,0.513029,0.049965,-0.803193,1.365849,0.101696,0.083450,-0.095669,0.241751,-0.290901,0.064089,0.914129,-0.275023,0.207368,0.070324,0.000000,1,0.002473,-0.694913,18.061400,67.917919,0.223989,65.098352,-0.003705
6.883333,1.833333,1,-0.790706,1.485666,0.345224,-0.204493,-0.202679,0.158342,-0.944474,0.289867,0.004050,0.055350,-0.087004,0.268921,0.776126,0.563684,-0.349381,-0.921775,0.168120,0.828186,-0.219884,0.515518,0.050111,-0.803193,1.365849,0.101696,0.083482,-0.095922,0.240100,-0.292291,0.066296,0.913471,-0.275211,0.145133,0.048580,0.000000,1,0.002688,-0.717683,18.381710,67.849931,0.232744,64.931463,-0.003520
6.916667,1.866667,1,-0.790447,1.485969,0.343589,-0.207148,-0.203883,0.157334,-0.943805,0.289469,0.004094,0.053715,-0.086903,0.271835,0.775994,0.562483,-0.352121,-0.920213,0.170933,0.825721,-0.219437,0.519647,0.050503,-0.803193,1.365849,0.101696,0.083610,-0.096210,0.238446,-0.294568,0.068161,0.912449,-0.275718,0.120553,0.077388,0.000000,1,0.002769,-0.726177,18.700803,67.789564,0.236360,64.769878,-0.003344
6.950000,1.900000,1,-0.790281,1.486404,0.341960,-0.210495,-0.205582,0.156160,-0.942890,0.289023,0.003982,0.052085,-0.086938,0.275590,0.775721,0.561025,-0.355384,-0.918317,0.174346,0.822479,-0.218602,0.525111,0.050808,-0.803193,1.365849,0.101696,0.083900,-0.096501,0.236803,-0.297596,0.070429,0.911137,-0.276234,0.209208,0.085158,0.000000,1,0.002890,-0.707724,19.017268,67.735908,0.230371,64.613603,-0.003177
6.983333,1.933333,1,-0.790245,1.486883,0.340353,-0.214501,-0.207900,0.154881,-0.941689,0.288618,0.003742,0.050475,-0.087235,0.280213,0.775243,0.559347,-0.359041,-0.916149,0.178216,0.818371,-0.217223,0.532055,0.050323,-0.803193,1.365849,0.101696,0.084302,-0.096716,0.235189,-0.301470,0.073014,0.909522,-0.276685,0.247316,0.058597,0.000000,1,0.003110,-0.666253,19.331999,67.675896,0.216215,64.455482,-0.003018
7.016667,1.966667,1,-0.790275,1.487341,0.338771,-0.217845,-0.209669,0.153898,-0.940690,0.288271,0.003460,0.048889,-0.087334,0.283997,0.774809,0.558022,-0.361968,-0.914327,0.181619,0.815117,-0.215914,0.537556,0.049425,-0.803193,1.365849,0.101696,0.084725,-0.096865,0.233603,-0.304553,0.075245,0.908219,-0.276992,0.263845,0.064342,0.000000,1,0.003405,-0.617238,19.644698,67.607252,0.199399,64.294455,-0.002867
7.050000,2.000000,1,-0.790239,1.487801,0.337141,-0.220728,-0.210648,0.153053,-0.939937,0.287882,0.003231,0.047256,-0.086930,0.287016,0.774530,0.556928,-0.364548,-0.912615,0.185034,0.812814,-0.214906,0.541432,0.050835,-0.803193,1.365849,0.101696,0.085112,-0.097067,0.231966,-0.306727,0.077412,0.907206,-0.277315,0.254411,0.044831,0.000000,1,0.004071,-0.577317,19.966051,67.539674,0.185811,64.131691,-0.002724
7.083333,2.033333,1,-0.790135,1.488248,0.335540,-0.222908,-0.210979,0.152466,-0.939444,0.287464,0.003063,0.045653,-0.086258,0.289115,0.774362,0.556179,-0.366450,-0.911245,0.188011,0.811491,-0.214155,0.543709,0.049950,-0.803193,1.365849,0.101696,0.085447,-0.097317,0.230354,-0.308006,0.079232,0.906541,-0.277556,0.257166,0.059742,0.000000,1,0.004390,-0.548289,20.280698,67.477192,0.176077,63.974887,-0.002588
7.116667,2.066667,1,-0.789956,1.488651,0.334073,-0.225718,-0.211325,0.151794,-0.938803,0.287034,0.002980,0.044186,-0.085319,0.291787,0.774104,0.555287,-0.368754,-0.909490,0.191960,0.809911,-0.213033,0.546499,0.045946,-0.803193,1.365849,0.101696,0.085700,-0.097610,0.228873,-0.309582,0.081613,0.905721,-0.277791,0.262611,0.062623,0.000000,1,0.004261,-0.534166,20.567594,67.425661,0.171607,63.834680,-0.002458
7.150000,2.100000,1,-0.789635,1.489002,0.332635,-0.228825,-0.211528,0.150803,-0.938165,0.286561,0.003042,0.042748,-0.084121,0.294658,0.773992,0.554109,-0.371774,-0.907325,0.196328,0.808178,-0.212280,0.549350,0.045454,-0.803193,1.365849,0.101696,0.085826,-0.097988,0.227411,-0.311170,0.084331,0.904769,-0.278308,0.243662,0.051219,0.000000,1,0.004673,-0.545704,20.847150,67.381795,0.176190,63.701879,-0.002335
7.183333,2.133333,1,-0.789113,1.489202,0.331199,-0.229240,-0.210932,0.149995,-0.938327,0.286087,0.003355,0.041315,-0.083405,0.294761,0.774498,0.553454,-0.373463,-0.906468,0.197079,0.808130,-0.213608,0.548906,0.046221,-0.803193,1.365849,0.101696,0.085711,-0.098438,0.225942,-0.310847,0.084986,0.904573,-0.279104,0.072362,0.060374,0.000000,1,0.005464,-0.601902,21.126167,67.336777,0.196540,63.569418,-0.002219
7.216667,2.166667,1,-0.788569,1.489247,0.329840,-0.228091,-0.210235,0.149932,-0.938774,0.285724,0.003779,0.039961,-0.083294,0.293419,0.774918,0.553596,-0.373187,-0.906864,0.195779,0.809103,-0.214873,0.546975,0.043939,-0.803193,1.365849,0.101696,0.085456,-0.098819,0.224551,-0.309720,0.084267,0.904934,-0.279405,0.060228,0.070274,0.000000,1,0.005728,-0.677862,21.393768,67.279741,0.223831,63.435543,-0.002108
7.250000,2.200000,1,-0.788118,1.489201,0.328625,-0.227557,-0.210182,0.149787,-0.938938,0.285490,0.004180,0.038750,-0.083485,0.292917,0.775128,0.553541,-0.373245,-0.907038,0.194860,0.809222,-0.215585,0.546520,0.038923,-0.803193,1.365849,0.101696,0.085180,-0.099079,0.223310,-0.309439,0.083815,0.905005,-0.279623,0.064811,0.084702,0.000000,1,0.005451,-0.750075,21.636716,67.213882,0.249726,63.306635,-0.002002
7.283333,2.233333,1,-0.787737,1.489067,0.327525,-0.227424,-0.210001,0.149232,-0.939099,0.285369,0.004577,0.037655,-0.083385,0.292715,0.775518,0.553115,-0.374221,-0.906718,0.194476,0.809086,-0.216764,0.546254,0.035127,-0.803193,1.365849,0.101696,0.084872,-0.099238,0.222191,-0.309234,0.083787,0.904900,-0.280198,0.205911,0.122821,0.000000,1,0.005349,-0.821250,21.859618,67.139977,0.275175,63.181402,-0.001902
7.316667,2.266667,1,-0.787375,1.488855,0.326487,-0.227867,-0.209365,0.148791,-0.939204,0.285320,0.005006,0.036622,-0.082620,0.292826,0.775809,0.552763,-0.375254,-0.906064,0.195532,0.809291,-0.217413,0.545693,0.033578,-0.803193,1.365849,0.101696,0.084512,-0.099340,0.221137,-0.308879,0.084478,0.904819,-0.280642,0.116167,0.093291,0.000000,1,0.005481,-0.897851,22.072338,67.059477,0.302449,63.057041,-0.001807
7.350000,2.300000,1,-0.786990,1.488563,0.325483,-0.229205,-0.209243,0.148166,-0.939004,0.285322,0.005501,0.035623,-0.081918,0.293968,0.775916,0.552111,-0.376927,-0.904946,0.197483,0.808621,-0.217513,0.546644,0.033445,-0.803193,1.365849,0.101696,0.084071,-0.099414,0.220115,-0.309382,0.085745,0.904392,-0.281080,0.065319,0.113147,0.000000,1,0.005771,-0.986264,22.279909,66.973288,0.333781,62.932220,-0.001717
7.383333,2.333333,1,-0.786587,1.488165,0.324496,-0.230242,-0.209355,0.147298,-0.938862,0.285397,0.006073,0.034643,-0.081560,0.294945,0.776182,0.551268,-0.378902,-0.903881,0.198576,0.807658,-0.218222,0.547785,0.034138,-0.803193,1.365849,0.101696,0.083535,-0.099442,0.219112,-0.309965,0.086644,0.903894,-0.281763,0.053623,0.110273,0.000000,1,0.006165,-1.088371,22.486344,66.876571,0.369818,62.802998,-0.001631
7.416667,2.366667,1,-0.786165,1.487649,0.323461,-0.230591,-0.209684,0.146772,-0.938785,0.285556,0.006733,0.033615,-0.081702,0.295403,0.776351,0.550764,-0.379967,-0.903443,0.198536,0.806902,-0.218791,0.548670,0.036947,-0.803193,1.365849,0.101696,0.082893,-0.099411,0.218061,-0.310426,0.086821,0.903588,-0.282181,0.090626,0.126642,0.000000,1,0.006979,-1.205744,22.705646,66.762043,0.411080,62.660659,-0.001549
7.450000,2.400000,1,-0.785746,1.486977,0.322362,-0.230897,-0.210246,0.146750,-0.938588,0.285840,0.007484,0.032525,-0.082069,0.295929,0.776187,0.550659,-0.380079,-0.903401,0.198509,0.806255,-0.218402,0.549776,0.040612,-0.803193,1.365849,0.101696,0.082129,-0.099284,0.216951,-0.311061,0.086845,0.903395,-0.282092,0.080154,0.129052,0.000000,1,0.008184,-1.339036,22.942288,66.621904,0.457760,62.499656,-0.001472
7.483333,2.433333,1,-0.785286,1.486165,0.321248,-0.231137,-0.209813,0.146863,-0.938608,0.286212,0.008353,0.031421,-0.081574,0.295951,0.776154,0.550766,-0.380005,-0.903243,0.199372,0.806675,-0.218140,0.549263,0.043609,-0.803193,1.365849,0.101696,0.081229,-0.099104,0.215824,-0.310781,0.087252,0.903480,-0.282004,0.087801,0.105683,0.000000,1,0.009281,-1.492735,23.185346,66.465504,0.511334,62.328807,-0.001398
7.516667,2.466667,1,-0.784688,1.485264,0.320170,-0.230773,-0.209048,0.147121,-0.938828,0.286572,0.009385,0.030355,-0.081050,0.295283,0.776232,0.551092,-0.379457,-0.903416,0.199629,0.807686,-0.218211,0.547747,0.045797,-0.803193,1.365849,0.101696,0.080174,-0.098984,0.214728,-0.309934,0.087261,0.903803,-0.281898,0.072938,0.110854,0.000000,1,0.009980,-1.675278,23.420327,66.312311,0.574620,62.163372,-0.001328
7.550000,2.500000,1,-0.783894,1.484229,0.319123,-0.231127,-0.209044,0.146657,-0.938814,0.286921,0.010654,0.029323,-0.080890,0.295597,0.776429,0.550670,-0.380439,-0.902934,0.199942,0.807290,-0.218770,0.548108,0.050182,-0.803193,1.365849,0.101696,0.078894,-0.098945,0.213651,-0.310100,0.087590,0.903589,-0.282298,0.069032,0.111176,0.000000,1,0.011024,-1.899778,23.648453,66.161378,0.652093,62.002448,-0.001262
7.583333,2.533333,1,-0.783006,1.483064,0.318087,-0.233105,-0.209312,0.145069,-0.938512,0.287318,0.012077,0.028303,-0.080256,0.297484,0.776878,0.549111,-0.384073,-0.900934,0.202004,0.805434,-0.219962,0.550357,0.053849,-0.803193,1.365849,0.101696,0.077453,-0.098904,0.212581,-0.311258,0.089279,0.902641,-0.283524,0.074331,0.256896,0.000000,1,0.012151,-2.151051,23.876009,66.001860,0.738415,61.838187,-0.001199
7.616667,2.566667,1,-0.782184,1.481793,0.317034,-0.236089,-0.209606,0.143343,-0.937966,0.287839,0.013510,0.027266,-0.079199,0.300284,0.777176,0.547316,-0.388345,-0.898286,0.205598,0.803157,-0.220549,0.553441,0.055306,-0.803193,1.365849,0.101696,0.075967,-0.098747,0.211501,-0.312891,0.091861,0.901434,-0.284739,0.083123,0.356734,0.000000,1,0.013201,-2.402961,24.111396,65.820389,0.824516,61.660709,-0.001139
7.650000,2.600000,1,-0.781481,1.480427,0.315964,-0.240074,-0.210432,0.141617,-0.937031,0.288506,0.014906,0.026212,-0.078171,0.304220,0.777132,0.545349,-0.392968,-0.895178,0.210314,0.800054,-0.220090,0.558098,0.056161,-0.803193,1.365849,0.101696,0.074476,-0.098438,0.210413,-0.315441,0.095106,0.899891,-0.285743,0.090797,0.460006,0.000000,1,0.014307,-2.646507,24.355643,65.613659,0.907255,61.467991,-0.001082
7.683333,2.633333,1,-0.780834,1.479016,0.314824,-0.245164,-0.211646,0.139492,-0.935758,0.289245,0.016284,0.025089,-0.077000,0.309318,0.776970,0.542873,-0.398719,-0.891227,0.216187,0.795957,-0.219222,0.564264,0.057783,-0.803193,1.365849,0.101696,0.072982,-0.098051,0.209260,-0.318835,0.099178,0.897880,-0.286914,0.072626,0.602770,0.000000,1,0.015794,-2.885631,24.617045,65.388256,0.987895,61.260707,-0.001028
7.716667,2.666667,1,-0.780232,1.477573,0.313616,-0.251181,-0.213042,0.137451,-0.934146,0.290035,0.017647,0.023896,-0.075579,0.315329,0.776473,0.540319,-0.404685,-0.886751,0.223387,0.791423,-0.217245,0.571362,0.059256,-0.803193,1.365849,0.101696,0.071492,-0.097606,0.208042,-0.322799,0.104001,0.895621,-0.287832,0.074540,0.751026,0.000000,1,0.017287,-3.120494,24.894661,65.147172,1.066447,61.040845,-0.000976
7.750000,2.700000,1,-0.779827,1.476026,0.312570,-0.253522,-0.212399,0.137175,-0.933700,0.291027,0.018914,0.022865,-0.073962,0.317139,0.776208,0.539865,-0.406150,-0.885007,0.227606,0.791183,-0.215937,0.572190,0.057342,-0.803193,1.365849,0.101696,0.070029,-0.096951,0.207001,-0.323277,0.106395,0.895167,-0.287834,0.093936,0.874298,0.000000,1,0.017407,-3.335686,25.146047,64.889293,1.137754,60.822234,-0.000928
7.783333,2.733333,1,-0.779458,1.474479,0.311572,-0.253384,-0.209430,0.138037,-0.934281,0.292041,0.020151,0.021882,-0.071361,0.315689,0.776335,0.540881,-0.404711,-0.884865,0.230701,0.794754,-0.215577,0.567357,0.056321,-0.803193,1.365849,0.101696,0.068588,-0.096270,0.206009,-0.320561,0.107577,0.896142,-0.287396,0.048252,0.124307,0.000000,1,0.017851,-3.544158,25.388646,64.631511,1.206060,60.607713,-0.000881
7.816667,2.766667,1,-0.778958,1.473055,0.310408,-0.253009,-0.206866,0.138545,-0.934879,0.292877,0.021421,0.020732,-0.069228,0.314208,0.776635,0.541589,-0.403778,-0.884738,0.232813,0.797730,-0.215910,0.563037,0.057183,-0.803193,1.365849,0.101696,0.067172,-0.095757,0.204841,-0.318108,0.108374,0.896958,-0.287279,0.122095,0.575370,0.000000,1,0.019246,-3.759211,25.659706,64.383351,1.275713,60.389756,-0.000837
7.850000,2.800000,1,-0.778368,1.471781,0.309009,-0.252740,-0.205370,0.138722,-0.935255,0.293540,0.022674,0.019348,-0.068008,0.313298,0.776888,0.541908,-0.403420,-0.884618,0.233888,0.799390,-0.216359,0.560503,0.059449,-0.803193,1.365849,0.101696,0.065829,-0.095391,0.203431,-0.316658,0.108795,0.897403,-0.287330,0.169345,0.547979,0.000000,1,0.021334,-3.972813,25.973193,64.138211,1.344104,60.160342,-0.000795
7.883333,2.833333,1,-0.777764,1.470708,0.307520,-0.253660,-0.204837,0.138614,-0.935139,0.294034,0.023819,0.017872,-0.067122,0.313883,0.776836,0.541755,-0.403993,-0.883846,0.235811,0.799572,-0.215958,0.560399,0.057970,-0.803193,1.365849,0.101696,0.064641,-0.095149,0.201926,-0.316596,0.109861,0.897284,-0.287364,0.157776,0.211363,0.000000,1,0.022114,-4.168950,26.299654,63.909165,1.405981,59.936117,-0.000756
7.916667,2.866667,1,-0.777211,1.469788,0.306180,-0.254517,-0.204878,0.138014,-0.934986,0.294437,0.024830,0.016543,-0.066780,0.314668,0.776971,0.541148,-0.405399,-0.882939,0.236792,0.798885,-0.216286,0.561251,0.051513,-0.803193,1.365849,0.101696,0.063604,-0.094966,0.200570,-0.317029,0.110625,0.896895,-0.287808,0.088814,0.088423,0.000000,1,0.020966,-4.342336,26.592348,63.707598,1.459762,59.738336,-0.000718
7.950000,2.900000,1,-0.776779,1.468958,0.305053,-0.254691,-0.204680,0.137419,-0.935069,0.294840,0.025687,0.015426,-0.066528,0.314734,0.777311,0.540651,-0.406541,-0.882385,0.236898,0.798631,-0.217277,0.561229,0.043938,-0.803193,1.365849,0.101696,0.062705,-0.094752,0.199433,-0.316946,0.110882,0.896710,-0.288377,0.054852,0.195382,0.000000,1,0.019491,-4.488669,26.840878,63.526867,1.504261,59.566654,-0.000682
7.983333,2.933333,1,-0.776477,1.468220,0.304152,-0.255231,-0.204943,0.137088,-0.934913,0.295248,0.026383,0.014533,-0.066524,0.315334,0.777323,0.540285,-0.407333,-0.881907,0.237320,0.797998,-0.217312,0.562117,0.036099,-0.803193,1.365849,0.101696,0.061953,-0.094502,0.198528,-0.317427,0.111257,0.896427,-0.288583,0.046446,0.283763,0.000000,1,0.017933,-4.606280,27.042964,63.368181,1.539054,59.422147,-0.000648
8.016667,2.966667,1,-0.776253,1.467569,0.303398,-0.256058,-0.205630,0.137039,-0.934543,0.295634,0.026962,0.013786,-0.066771,0.316383,0.777020,0.540078,-0.407715,-0.881552,0.237978,0.797052,-0.216436,0.563794,0.030627,-0.803193,1.365849,0.101696,0.061313,-0.094250,0.197773,-0.318406,0.111694,0.896077,-0.288425,0.040593,0.282656,0.000000,1,0.016961,-4.703633,27.213654,63.228131,1.566998,59.297940,-0.000615
8.050000,3.000000,1,-0.776090,1.466943,0.302670,-0.256791,-0.205928,0.136879,-0.934300,0.296035,0.027477,0.013064,-0.066712,0.317173,0.776878,0.539826,-0.408275,-0.881076,0.238783,0.796439,-0.215978,0.564834,0.029216,-0.803193,1.365849,0.101696,0.060729,-0.093966,0.197047,-0.318999,0.112223,0.895797,-0.288433,0.061970,0.258178,0.000000,1,0.017130,-4.789403,27.379350,63.088688,1.591062,59.175998,-0.000585
8.083333,3.033333,1,-0.776066,1.466343,0.301944,-0.258156,-0.205853,0.136679,-0.933969,0.296500,0.027866,0.012342,-0.066038,0.318363,0.776678,0.539496,-0.409166,-0.880077,0.240931,0.795981,-0.215179,0.565784,0.028278,-0.803193,1.365849,0.101696,0.060249,-0.093585,0.196331,-0.319545,0.113486,0.895444,-0.288431,0.055283,0.236426,0.000000,1,0.017582,-4.852034,27.546756,62.941117,1.607604,59.049507,-0.000555
8.116667,3.066667,1,-0.776189,1.465768,0.301233,-0.259891,-0.205880,0.136951,-0.933442,0.297033,0.028122,0.011634,-0.065288,0.319930,0.776094,0.539500,-0.409354,-0.879181,0.243866,0.795631,-0.213169,0.567037,0.027664,-0.803193,1.365849,0.101696,0.059875,-0.093103,0.195640,-0.320332,0.115026,0.895134,-0.287908,0.126214,0.218346,0.000000,1,0.017996,-4.890582,27.713105,62.786203,1.616355,58.919764,-0.000528
8.150000,3.100000,1,-0.776375,1.465215,0.300534,-0.260912,-0.206039,0.137598,-0.933027,0.297587,0.028314,0.010937,-0.064972,0.320918,0.775440,0.539892,-0.408591,-0.879009,0.245758,0.795605,-0.211057,0.567862,0.027320,-0.803193,1.365849,0.101696,0.059556,-0.092583,0.194964,-0.320910,0.115859,0.895074,-0.287117,0.164822,0.900825,0.000000,1,0.018354,-4.917635,27.877779,62.629732,1.621336,58.790062,-0.000501
8.183333,3.133333,1,-0.776510,1.464701,0.299864,-0.261107,-0.206314,0.138184,-0.932825,0.298079,0.028523,0.010270,-0.065128,0.321218,0.774999,0.540327,-0.407609,-0.879347,0.246177,0.795666,-0.209730,0.568269,0.025662,-0.803193,1.365849,0.101696,0.059237,-0.092129,0.194313,-0.321225,0.115900,0.895156,-0.286491,0.193986,1.353960,0.000000,1,0.018280,-4.948362,28.034446,62.484791,1.627321,58.669320,-0.000476
8.216667,3.166667,1,-0.776532,1.464242,0.299256,-0.261700,-0.207086,0.138379,-0.932459,0.298459,0.028789,0.009665,-0.065555,0.322096,0.774590,0.540341,-0.407469,-0.879314,0.246526,0.794855,-0.208573,0.569828,0.022862,-0.803193,1.365849,0.101696,0.058895,-0.091802,0.193716,-0.322168,0.116083,0.894912,-0.286122,0.152327,1.979184,0.000000,1,0.017757,-4.990433,28.174590,62.361885,1.636703,58.565707,-0.000452
8.250000,3.200000,1,-0.776488,1.463811,0.298681,-0.263275,-0.207912,0.138076,-0.931876,0.298777,0.029090,0.009094,-0.065594,0.323877,0.774213,0.539811,-0.408604,-0.878345,0.248097,0.793368,-0.207417,0.572315,0.021591,-0.803193,1.365849,0.101696,0.058535,-0.091547,0.193147,-0.323608,0.117137,0.894270,-0.286072,0.141111,2.744981,0.000000,1,0.017632,-5.039411,28.305621,62.250942,1.648167,58.471495,-0.000430
8.283333,3.233333,1,-0.776473,1.463303,0.298134,-0.264841,-0.207866,0.137928,-0.931465,0.299174,0.029413,0.008551,-0.064856,0.325258,0.773919,0.539491,-0.409487,-0.877234,0.250561,0.792854,-0.206314,0.573425,0.022386,-0.803193,1.365849,0.101696,0.058130,-0.091224,0.192610,-0.324266,0.118566,0.893873,-0.285982,0.100424,3.548313,0.000000,1,0.018125,-5.091010,28.433658,62.130490,1.660525,58.373504,-0.000408
8.316667,3.266667,1,-0.776535,1.462647,0.297607,-0.265349,-0.207085,0.138838,-0.931359,0.299735,0.029765,0.008028,-0.063926,0.325368,0.773419,0.540252,-0.408082,-0.877281,0.252679,0.794084,-0.204526,0.572364,0.025308,-0.803193,1.365849,0.101696,0.057650,-0.090754,0.192099,-0.323777,0.119352,0.894218,-0.285127,0.108102,4.120373,0.000000,1,0.019149,-5.144878,28.563461,61.986573,1.673726,58.262992,-0.000388
8.350000,3.300000,1,-0.776642,1.461831,0.297070,-0.264237,-0.206077,0.140828,-0.931600,0.300451,0.030177,0.007495,-0.063509,0.323927,0.772738,0.542138,-0.404107,-0.879006,0.253074,0.796717,-0.202316,0.569483,0.029493,-0.803193,1.365849,0.101696,0.057068,-0.090152,0.191584,-0.322338,0.118761,0.895330,-0.283511,0.219084,4.600401,0.000000,1,0.020530,-5.206586,28.701161,61.816950,1.689445,58.136964,-0.000368
8.383333,3.333333,1,-0.776703,1.460982,0.296483,-0.263037,-0.205386,0.142726,-0.931803,0.301166,0.030646,0.006914,-0.063416,0.322548,0.772065,0.543926,-0.400245,-0.880803,0.252963,0.798984,-0.200213,0.567044,0.031028,-0.803193,1.365849,0.101696,0.056434,-0.089564,0.191017,-0.321143,0.117953,0.896357,-0.281953,0.320079,5.347104,0.000000,1,0.021443,-5.277851,28.849409,61.641256,1.707971,58.004885,-0.000350
8.416667,3.366667,1,-0.776682,1.460193,0.295762,-0.262907,-0.205082,0.143710,-0.931756,0.301784,0.031146,0.006199,-0.063197,0.322299,0.771583,0.544784,-0.398432,-0.881429,0.253643,0.799956,-0.198667,0.566218,0.032055,-0.803193,1.365849,0.101696,0.055803,-0.089069,0.190310,-0.320791,0.117951,0.896763,-0.281064,0.308076,6.385564,0.000000,1,0.022501,-5.355834,29.021563,61.466317,1.728309,57.866135,-0.000333
8.450000,3.400000,1,-0.776574,1.459446,0.294870,-0.263948,-0.205315,0.144044,-0.931358,0.302316,0.031691,0.005313,-0.062940,0.323337,0.771084,0.544905,-0.398234,-0.881037,0.255312,0.799633,-0.197063,0.567233,0.035052,-0.803193,1.365849,0.101696,0.055158,-0.088658,0.189427,-0.321451,0.118775,0.896577,-0.280556,0.276111,7.431602,0.000000,1,0.024073,-5.442901,29.225774,61.286107,1.751226,57.715129,-0.000316
8.483333,3.433333,1,-0.776403,1.458694,0.293867,-0.265627,-0.206112,0.144454,-0.930641,0.302814,0.032292,0.004318,-0.062904,0.325200,0.770270,0.544952,-0.398141,-0.880433,0.257531,0.798608,-0.194545,0.569542,0.037956,-0.803193,1.365849,0.101696,0.054474,-0.088289,0.188429,-0.322892,0.119919,0.896140,-0.279810,0.304404,8.400489,0.000000,1,0.025526,-5.539898,29.451576,61.098511,1.777010,57.554169,-0.000300
8.516667,3.466667,1,-0.776226,1.457931,0.292897,-0.267962,-0.207057,0.144507,-0.929754,0.303317,0.032904,0.003355,-0.062709,0.327715,0.769466,0.544603,-0.398951,-0.879208,0.260444,0.797005,-0.192021,0.572635,0.037410,-0.803193,1.365849,0.101696,0.053777,-0.087920,0.187463,-0.324765,0.121594,0.895401,-0.279284,0.314675,9.505107,0.000000,1,0.025912,-5.638474,29.671117,60.912307,1.803053,57.396495,-0.000285
8.550000,3.500000,1,-0.776101,1.457199,0.292063,-0.271650,-0.208231,0.143808,-0.928529,0.303827,0.033454,0.002526,-0.062121,0.331545,0.768704,0.543428,-0.401655,-0.876662,0.264836,0.794278,-0.189529,0.577236,0.033512,-0.803193,1.365849,0.101696,0.053133,-0.087536,0.186635,-0.327461,0.124398,0.894046,-0.279241,0.341815,10.334742,0.000000,1,0.025276,-5.725981,29.863341,60.738959,1.825440,57.254432,-0.000271
8.583333,3.533333,1,-0.776022,1.456458,0.291357,-0.275747,-0.209606,0.143155,-0.927111,0.304371,0.033971,0.001826,-0.061531,0.335831,0.767752,0.542208,-0.404450,-0.873889,0.269700,0.791234,-0.186457,0.582394,0.030797,-0.803193,1.365849,0.101696,0.052505,-0.087117,0.185939,-0.330516,0.127480,0.892545,-0.279055,0.248668,10.774460,0.000000,1,0.024844,-5.807013,30.030515,60.573398,1.845661,57.124529,-0.000257
8.616667,3.566667,1,-0.775919,1.455589,0.290748,-0.278372,-0.210631,0.143248,-0.926080,0.305004,0.034583,0.001225,-0.061278,0.338643,0.766803,0.541830,-0.405331,-0.872456,0.272997,0.789451,-0.183483,0.585749,0.031979,-0.803193,1.365849,0.101696,0.051759,-0.086647,0.185340,-0.332586,0.129380,0.891700,-0.278420,0.169291,11.986545,0.000000,1,0.025154,-5.902317,30.181243,60.402521,1.870124,56.997388,-0.000244
8.650000,3.600000,1,-0.775769,1.454615,0.290261,-0.279351,-0.210892,0.144150,-0.925585,0.305691,0.035294,0.000746,-0.061072,0.339640,0.765964,0.542415,-0.404111,-0.872426,0.274895,0.789456,-0.180860,0.586557,0.032962,-0.803193,1.365849,0.101696,0.050897,-0.086161,0.184862,-0.333229,0.130125,0.891681,-0.277363,0.157559,12.881042,0.000000,1,0.025131,-6.013159,30.309625,60.233603,1.899096,56.878569,-0.000232
8.683333,3.633333,1,-0.775542,1.453627,0.289814,-0.281803,-0.211767,0.144669,-0.924561,0.306344,0.036075,0.000309,-0.060760,0.342232,0.764830,0.542421,-0.404175,-0.871308,0.278325,0.788132,-0.177314,0.589414,0.033240,-0.803193,1.365849,0.101696,0.049977,-0.085731,0.184420,-0.335079,0.131927,0.891035,-0.276360,0.164430,13.617925,0.000000,1,0.025207,-6.135949,30.428965,60.072383,1.931372,56.766890,-0.000221
8.716667,3.666667,1,-0.775260,1.452678,0.289295,-0.286671,-0.213758,0.144341,-0.922655,0.306932,0.036878,-0.000201,-0.060377,0.347485,0.763302,0.541276,-0.406750,-0.868273,0.283999,0.784354,-0.172549,0.595832,0.033547,-0.803193,1.365849,0.101696,0.049057,-0.085364,0.183901,-0.339010,0.135421,0.889247,-0.275632,0.177263,14.209182,0.000000,1,0.025917,-6.263274,30.560700,59.912911,1.964726,56.652630,-0.000210
8.750000,3.700000,1,-0.775014,1.451831,0.288696,-0.292253,-0.215875,0.143646,-0.920517,0.307460,0.037591,-0.000792,-0.059789,0.353435,0.761733,0.539697,-0.410305,-0.864472,0.290410,0.779946,-0.167622,0.602981,0.031975,-0.803193,1.365849,0.101696,0.048243,-0.085023,0.183303,-0.343380,0.139511,0.887098,-0.275107,0.183921,14.861241,0.000000,1,0.026522,-6.376147,30.706360,59.755427,1.993498,56.535313,-0.000199
8.783333,3.733333,1,-0.774815,1.450939,0.288171,-0.295606,-0.217916,0.143128,-0.919045,0.308053,0.038292,-0.001309,-0.060126,0.357352,0.760669,0.538579,-0.412635,-0.862333,0.293453,0.776388,-0.164465,0.608418,0.031618,-0.803193,1.365849,0.101696,0.047420,-0.084622,0.182782,-0.346688,0.141625,0.885577,-0.274779,0.186555,15.369511,0.000000,1,0.026697,-6.485454,30.839741,59.595267,2.021076,56.420562,-0.000189
8.816667,3.766667,1,-0.774567,1.449651,0.288084,-0.290067,-0.218373,0.145179,-0.920379,0.308933,0.039267,-0.001384,-0.062992,0.352598,0.760919,0.541025,-0.406647,-0.867775,0.285665,0.778931,-0.165933,0.604758,0.039461,-0.803193,1.365849,0.101696,0.046236,-0.084053,0.182702,-0.344585,0.136400,0.887558,-0.273674,0.180298,15.920338,0.000000,1,0.025931,-6.634722,30.896128,59.430889,2.060496,56.327445,-0.000180
8.850000,3.800000,1,-0.774262,1.448130,0.288274,-0.280169,-0.217070,0.148878,-0.923159,0.309964,0.040423,-0.001181,-0.066217,0.343152,0.761702,0.545593,-0.395887,-0.876604,0.273568,0.785714,-0.169149,0.595015,0.046863,-0.803193,1.365849,0.101696,0.044827,-0.083409,0.182900,-0.338945,0.128007,0.891517,-0.271896,0.132241,16.439293,0.000000,1,0.025645,-6.810383,30.903424,59.267759,2.107454,56.250099,-0.000171
8.883333,3.833333,1,-0.773965,1.446904,0.288197,-0.277809,-0.216932,0.150095,-0.923707,0.310764,0.041399,-0.001246,-0.067138,0.340979,0.761637,0.546932,-0.392716,-0.878913,0.270716,0.787342,-0.169197,0.592845,0.037916,-0.803193,1.365849,0.101696,0.043665,-0.082916,0.182826,-0.337744,0.125924,0.892506,-0.271118,0.198126,16.898451,0.000000,1,0.026046,-6.959542,30.955840,59.115117,2.146015,56.164444,-0.000162
8.916667,3.866667,1,-0.773634,1.445839,0.287919,-0.279615,-0.218522,0.150125,-0.922782,0.311416,0.042307,-0.001514,-0.067758,0.343310,0.760809,0.546551,-0.393383,-0.878165,0.272171,0.785117,-0.166842,0.596452,0.034480,-0.803193,1.365849,0.101696,0.042618,-0.082534,0.182546,-0.339953,0.126837,0.891697,-0.270595,0.247969,17.357507,0.000000,1,0.026924,-7.099967,31.043214,58.965549,2.181626,56.069905,-0.000154
8.950000,3.900000,1,-0.773286,1.444787,0.287530,-0.282047,-0.220796,0.150680,-0.921409,0.312046,0.043223,-0.001892,-0.068708,0.346509,0.759351,0.546440,-0.393365,-0.877495,0.274346,0.782264,-0.162669,0.601334,0.035245,-0.803193,1.365849,0.101696,0.041573,-0.082167,0.182155,-0.343033,0.127998,0.890721,-0.269372,0.239269,18.188073,0.000000,1,0.028095,-7.241755,31.152458,58.807198,2.217436,55.964402,-0.000146
8.983333,3.933333,1,-0.772954,1.443787,0.287056,-0.283711,-0.222768,0.151516,-0.920285,0.312646,0.044095,-0.002356,-0.069729,0.348887,0.757986,0.546694,-0.392528,-0.877427,0.275761,0.780117,-0.158808,0.605143,0.034666,-0.803193,1.365849,0.101696,0.040582,-0.081812,0.181678,-0.345497,0.128598,0.890085,-0.268035,0.219678,18.852088,0.000000,1,0.028943,-7.376499,31.277855,58.645214,2.250956,55.852320,-0.000139
9.016667,3.966667,1,-0.772645,1.442913,0.286516,-0.284065,-0.223697,0.152657,-0.919762,0.313158,0.044874,-0.002887,-0.070397,0.349624,0.757012,0.547485,-0.390609,-0.878131,0.276244,0.779681,-0.156047,0.606421,0.032178,-0.803193,1.365849,0.101696,0.039707,-0.081510,0.181136,-0.346447,0.128479,0.890118,-0.266753,0.219283,19.351707,0.000000,1,0.029250,-7.497234,31.412806,58.491212,2.280096,55.741643,-0.000132
9.050000,4.000000,1,-0.772393,1.442138,0.286106,-0.283549,-0.224018,0.154111,-0.919601,0.313625,0.045546,-0.003289,-0.070908,0.349309,0.756217,0.548717,-0.387763,-0.879437,0.276100,0.780362,-0.153785,0.606124,0.027362,-0.803193,1.365849,0.101696,0.038944,-0.081228,0.180724,-0.346464,0.127842,0.890611,-0.265388,0.339751,19.746737,0.000000,1,0.028156,-7.600779,31.519748,58.359057,2.303976,55.650677,-0.000125
9.083333,4.033333,1,-0.772306,1.441557,0.285926,-0.283393,-0.223779,0.155288,-0.919509,0.314037,0.045967,-0.003465,-0.070758,0.349066,0.755609,0.549728,-0.385584,-0.880158,0.276852,0.781361,-0.151903,0.605310,0.018437,-0.803193,1.365849,0.101696,0.038429,-0.080942,0.180549,-0.346153,0.127784,0.891062,-0.264307,0.533327,19.885175,0.000000,1,0.025826,-7.663511,31.577263,58.264086,2.315826,55.593336,-0.000119
9.116667,4.066667,1,-0.772304,1.441161,0.285950,-0.283949,-0.223792,0.155880,-0.919234,0.314352,0.046207,-0.003437,-0.070519,0.349572,0.755102,0.550134,-0.384759,-0.880118,0.278125,0.781511,-0.150303,0.605515,0.011900,-0.803193,1.365849,0.101696,0.038108,-0.080711,0.180580,-0.346395,0.128266,0.891096,-0.263641,0.669477,19.895940,0.000000,1,0.023509,-7.698097,31.588568,58.209251,2.319395,55.570102,-0.000113
9.150000,4.100000,1,-0.772253,1.440900,0.286107,-0.284989,-0.224590,0.155859,-0.918721,0.314530,0.046403,-0.003278,-0.070771,0.350862,0.754659,0.549889,-0.385228,-0.879618,0.279054,0.780295,-0.149037,0.607394,0.009269,-0.803193,1.365849,0.101696,0.037863,-0.080607,0.180738,-0.347565,0.128846,0.890632,-0.263385,0.647283,18.814406,0.000000,1,0.021737,-7.728172,31.567282,58.190224,2.321572,55.574773,-0.000108
9.183333,4.133333,1,-0.772160,1.440791,0.286249,-0.286008,-0.225291,0.155751,-0.918251,0.314561,0.046542,-0.003134,-0.070945,0.352089,0.754294,0.549583,-0.385851,-0.879051,0.279978,0.779136,-0.147984,0.609137,0.006065,-0.803193,1.365849,0.101696,0.037717,-0.080625,0.180877,-0.348640,0.129452,0.890170,-0.263230,0.530862,19.081574,0.000000,1,0.020971,-7.751798,31.542122,58.194030,2.321959,55.591999,-0.000102
9.216667,4.166667,1,-0.772074,1.440790,0.286297,-0.286929,-0.225796,0.155695,-0.917849,0.314510,0.046610,-0.003086,-0.070986,0.353140,0.753965,0.549354,-0.386343,-0.878523,0.280955,0.778251,-0.147005,0.610504,0.002948,-0.803193,1.365849,0.101696,0.037665,-0.080697,0.180919,-0.349497,0.130056,0.889794,-0.263065,0.421476,19.313118,0.000000,1,0.095752,-7.751798,31.542122,58.194030,2.321959,55.591999,-0.000102
9.250000,4.200000,1,-0.772012,1.440796,0.286283,-0.287756,-0.226193,0.155593,-0.917510,0.314468,0.046656,-0.003100,-0.070975,0.354059,0.753712,0.549111,-0.386880,-0.878002,0.281846,0.777484,-0.146239,0.611664,0.001916,-0.803193,1.365849,0.101696,0.037633,-0.080749,0.180900,-0.350219,0.130624,0.889454,-0.262974,0.417116,19.155804,0.000000,1,0.021175,-7.774260,31.533557,58.206486,2.322218,55.608380,-0.000097
9.283333,4.233333,1,-0.771961,1.440729,0.286264,-0.288539,-0.226726,0.155402,-0.917165,0.314490,0.046737,-0.003118,-0.071104,0.354999,0.753494,0.548787,-0.387554,-0.877499,0.282485,0.776532,-0.145617,0.613020,0.002578,-0.803193,1.365849,0.101696,0.037550,-0.080750,0.180879,-0.351042,0.131095,0.889065,-0.262958,0.558577,19.651888,0.000000,1,0.022018,-7.788662,31.539913,58.196903,2.320717,55.608377,-0.000092
9.316667,4.266667,1,-0.771928,1.440560,0.286232,-0.289673,-0.226998,0.155414,-0.916738,0.314606,0.046866,-0.003148,-0.070842,0.356137,0.753113,0.548606,-0.388026,-0.876783,0.284054,0.775866,-0.144395,0.614152,0.005279,-0.803193,1.365849,0.101696,0.037394,-0.080674,0.180849,-0.351786,0.131993,0.888708,-0.262722,0.694083,20.038547,0.000000,1,0.022704,-7.808836,31.552882,58.170615,2.321284,55.597448,-0.000088
9.350000,4.300000,1,-0.771878,1.440312,0.286130,-0.291097,-0.226903,0.155656,-0.916269,0.314774,0.047056,-0.003248,-0.070122,0.357372,0.752593,0.548609,-0.388221,-0.875878,0.286569,0.775640,-0.142626,0.614850,0.008178,-0.803193,1.365849,0.101696,0.037167,-0.080561,0.180748,-0.352326,0.133310,0.888433,-0.262262,0.712089,20.070179,0.000000,1,0.023718,-7.837885,31.582457,58.127755,2.324708,55.572814,-0.000083
9.383333,4.333333,1,-0.771745,1.440043,0.285923,-0.292556,-0.227098,0.155966,-0.915703,0.314908,0.047327,-0.003451,-0.069645,0.358769,0.751956,0.548632,-0.388306,-0.875067,0.288924,0.775121,-0.140576,0.615976,0.010923,-0.803193,1.365849,0.101696,0.036877,-0.080496,0.180538,-0.353138,0.134529,0.888095,-0.261691,0.618672,19.410716,0.000000,1,0.024682,-7.880894,31.632176,58.077493,2.332275,55.538343,-0.000079
9.416667,4.366667,1,-0.771582,1.439782,0.285671,-0.293788,-0.227792,0.156350,-0.915071,0.315018,0.047617,-0.003700,-0.069716,0.360185,0.751227,0.548694,-0.388149,-0.874608,0.290518,0.774166,-0.138404,0.617666,0.011931,-0.803193,1.365849,0.101696,0.036576,-0.080457,0.180281,-0.354288,0.135320,0.887715,-0.261018,0.596832,19.284332,0.000000,1,0.025136,-7.927696,31.690186,58.025684,2.341036,55.500540,-0.000075
9.450000,4.400000,1,-0.771511,1.439505,0.285438,-0.294858,-0.228416,0.156774,-0.914498,0.315197,0.047843,-0.003931,-0.069796,0.361425,0.750532,0.548818,-0.387854,-0.874264,0.291945,0.773359,-0.136341,0.619134,0.011078,-0.803193,1.365849,0.101696,0.036316,-0.080335,0.180048,-0.355305,0.135995,0.887404,-0.260342,0.700605,19.530326,0.000000,1,0.025342,-7.962420,31.746942,57.966657,2.346547,55.459125,-0.000071
9.483333,4.433333,1,-0.771518,1.439180,0.285262,-0.295741,-0.228725,0.157159,-0.914070,0.315461,0.048035,-0.004105,-0.069678,0.362356,0.749982,0.548972,-0.387551,-0.873934,0.293333,0.772941,-0.134656,0.620024,0.011092,-0.803193,1.365849,0.101696,0.036062,-0.080127,0.179879,-0.355960,0.136644,0.887208,-0.259777,0.861354,19.813615,0.000000,1,0.025413,-7.989505,31.795585,57.901207,2.350052,55.416590,-0.000068
9.516667,4.466667,1,-0.771476,1.438847,0.285180,-0.296689,-0.229215,0.157434,-0.913592,0.315702,0.048269,-0.004183,-0.069693,0.363427,0.749438,0.549005,-0.387474,-0.873547,0.294585,0.772234,-0.133030,0.621255,0.010365,-0.803193,1.365849,0.101696,0.035771,-0.079958,0.179801,-0.356807,0.137272,0.886915,-0.259283,0.932532,19.912284,0.000000,1,0.024777,-8.023909,31.824544,57.847950,2.355607,55.386190,-0.000064
9.550000,4.500000,1,-0.771350,1.438500,0.285207,-0.297882,-0.230105,0.157678,-0.912938,0.315903,0.048579,-0.004153,-0.069958,0.364895,0.748753,0.548933,-0.387557,-0.873084,0.295843,0.770975,-0.131049,0.623237,0.011114,-0.803193,1.365849,0.101696,0.035416,-0.079855,0.179826,-0.358117,0.137943,0.886446,-0.258722,0.911072,19.868759,0.000000,1,0.023982,-8.071365,31.830350,57.810387,2.364828,55.370771,-0.000061
9.583333,4.533333,1,-0.771204,1.438139,0.285292,-0.298952,-0.231171,0.157908,-0.912279,0.316104,0.048912,-0.004064,-0.070434,0.366332,0.748068,0.548847,-0.387612,-0.872755,0.296742,0.769546,-0.129135,0.625398,0.011953,-0.803193,1.365849,0.101696,0.035037,-0.079764,0.179907,-0.359529,0.138427,0.885960,-0.258171,0.806519,19.822704,0.000000,1,0.023646,-8.122482,31.824539,57.778415,2.375158,55.361531,-0.000058
9.616667,4.566667,1,-0.771105,1.437793,0.285343,-0.300103,-0.232143,0.158058,-0.911628,0.316321,0.049198,-0.004010,-0.070791,0.367800,0.747427,0.548693,-0.387849,-0.872290,0.297797,0.768142,-0.127317,0.627493,0.010896,-0.803193,1.365849,0.101696,0.034699,-0.079641,0.179959,-0.360896,0.139026,0.885449,-0.257694,0.774479,19.808104,0.000000,1,0.023929,-8.165569,31.825689,57.741753,2.383352,55.347524,-0.000055
9.650000,4.600000,1,-0.771074,1.437465,0.285357,-0.301553,-0.232282,0.158177,-0.911093,0.316563,0.049420,-0.003993,-0.070270,0.369163,0.746903,0.548558,-0.388292,-0.871322,0.300046,0.767558,-0.125605,0.628552,0.009879,-0.803193,1.365849,0.101696,0.034416,-0.079474,0.179977,-0.361659,0.140265,0.885054,-0.257308,0.838405,19.906309,0.000000,1,0.024286,-8.197513,31.835161,57.698747,2.388530,55.327483,-0.000052
9.683333,4.633333,1,-0.771047,1.437145,0.285405,-0.302687,-0.232124,0.158435,-0.910713,0.316803,0.049634,-0.003943,-0.069621,0.370110,0.746453,0.548616,-0.388347,-0.870567,0.302158,0.767497,-0.124079,0.628930,0.009756,-0.803193,1.365849,0.101696,0.034141,-0.079308,0.180028,-0.362014,0.141350,0.884860,-0.256883,0.922988,19.935224,0.000000,1,0.024070,-8.227974,31.837830,57.659718,2.393335,55.311350,-0.000050
9.716667,4.666667,1,-0.770961,1.436865,0.285470,-0.303133,-0.232335,0.158833,-0.910441,0.316975,0.049870,-0.003875,-0.069610,0.370605,0.746036,0.548851,-0.387835,-0.870520,0.302950,0.767328,-0.122830,0.629381,0.008997,-0.803193,1.365849,0.101696,0.033863,-0.079216,0.180092,-0.362388,0.141649,0.884802,-0.256390,0.957471,19.927227,0.000000,1,0.023689,-8.263726,31.834369,57.632478,2.399600,55.303058,-0.000047
9.750000,4.700000,1,-0.770818,1.436639,0.285510,-0.303099,-0.232834,0.159134,-0.910272,0.317070,0.050120,-0.003832,-0.070071,0.370800,0.745751,0.549048,-0.387273,-0.870870,0.302663,0.766941,-0.122109,0.629993,0.008113,-0.803193,1.365849,0.101696,0.033595,-0.079199,0.180127,-0.362807,0.141390,0.884774,-0.256035,0.914273,19.908675,0.000000,1,0.023566,-8.303329,31.832584,57.614313,2.406959,55.298871,-0.000045
9.783333,4.733333,1,-0.770685,1.436411,0.285573,-0.303043,-0.233650,0.159061,-0.910094,0.317172,0.050363,-0.003766,-0.070827,0.371114,0.745626,0.548907,-0.387368,-0.871129,0.301793,0.765990,-0.121950,0.631180,0.008145,-0.803193,1.365849,0.101696,0.033332,-0.079174,0.180186,-0.363507,0.140978,0.884562,-0.256003,0.844350,19.926933,0.000000,1,0.023432,-8.341548,31.826275,57.597687,2.414063,55.296613,-0.000043
9.816667,4.766667,1,-0.770618,1.436153,0.285714,-0.302994,-0.234597,0.158777,-0.909917,0.317337,0.050569,-0.003623,-0.071698,0.371493,0.745596,0.548579,-0.387841,-0.871307,0.300670,0.764766,-0.122109,0.632632,0.009028,-0.803193,1.365849,0.101696,0.033081,-0.079084,0.180327,-0.364332,0.140518,0.884252,-0.256157,0.831304,19.897794,0.000000,1,0.023096,-8.372315,31.807091,57.580035,2.419245,55.297326,-0.000041
9.850000,4.800000,1,-0.770587,1.435908,0.285863,-0.303117,-0.235447,0.158640,-0.909680,0.317514,0.050740,-0.003471,-0.072405,0.371983,0.745449,0.548355,-0.388130,-0.871407,0.300009,0.763673,-0.121872,0.633995,0.008657,-0.803193,1.365849,0.101696,0.032862,-0.078973,0.180478,-0.365142,0.140253,0.883961,-0.256151,0.861673,19.845470,0.000000,1,0.023003,-8.396797,31.786239,57.562579,2.422773,55.298373,-0.000039
9.883333,4.833333,1,-0.770469,1.435687,0.285935,-0.303333,-0.236797,0.158560,-0.909272,0.317620,0.050967,-0.003397,-0.073518,0.372781,0.745123,0.548108,-0.388346,-0.871627,0.299088,0.762002,-0.121225,0.636126,0.007846,-0.803193,1.365849,0.101696,0.032612,-0.078941,0.180547,-0.366436,0.139848,0.883533,-0.256002,0.897174,19.806581,0.000000,1,0.023374,-8.432211,31.778140,57.546867,2.429426,55.296531,-0.000037
9.916667,4.866667,1,-0.770195,1.435403,0.285960,-0.303199,-0.239257,0.158178,-0.908739,0.317682,0.051356,-0.003367,-0.075782,0.373760,0.744822,0.547541,-0.388913,-0.872289,0.296409,0.758991,-0.121005,0.639758,0.011834,-0.803193,1.365849,0.101696,0.032221,-0.078994,0.180559,-0.368565,0.138641,0.882823,-0.256052,0.876605,19.855782,0.000000,1,0.023955,-8.494920,31.778535,57.529184,2.443853,55.291313,-0.000035
9.950000,4.900000,1,-0.769917,1.434981,0.286054,-0.303420,-0.241671,0.157801,-0.908092,0.317851,0.051831,-0.003268,-0.077848,0.375038,0.744418,0.546927,-0.389622,-0.872676,0.294333,0.755892,-0.120436,0.643524,0.015426,-0.803193,1.365849,0.101696,0.031714,-0.078974,0.180643,-0.370811,0.137772,0.882022,-0.256038,0.829153,19.949828,0.000000,1,0.024201,-8.569163,31.770128,57.499885,2.461761,55.282621,-0.000033
9.983333,4.933333,1,-0.769750,1.434464,0.286183,-0.304971,-0.242438,0.158281,-0.907284,0.318163,0.052274,-0.003134,-0.077841,0.376774,0.743491,0.546996,-0.389473,-0.872029,0.296438,0.754715,-0.117675,0.645413,0.016749,-0.803193,1.365849,0.101696,0.031196,-0.078810,0.180770,-0.372164,0.138817,0.881533,-0.255191,0.871504,19.991595,0.000000,1,0.024653,-8.634571,31.760800,57.452673,2.477418,55.264673,-0.000031
10.016667,4.966667,1,-0.769525,1.433929,0.286274,-0.307050,-0.243063,0.159024,-0.906285,0.318456,0.052774,-0.003037,-0.077473,0.378920,0.742277,0.547213,-0.389111,-0.871080,0.299687,0.753656,-0.113955,0.647315,0.017634,-0.803193,1.365849,0.101696,0.030630,-0.078678,0.180856,-0.373619,0.140392,0.881009,-0.254013,0.957206,20.022933,0.000000,1,0.025054,-8.709664,31.758581,57.403099,2.495750,55.243469,-0.000030
10.050000,5.000000,1,-0.769095,1.433390,0.286451,-0.308104,-0.245822,0.158929,-0.905199,0.318627,0.053440,-0.002853,-0.079474,0.381100,0.741360,0.546656,-0.389703,-0.871112,0.298823,0.749962,-0.111861,0.651954,0.021352,-0.803193,1.365849,0.101696,0.029937,-0.078715,0.181015,-0.376531,0.140116,0.879954,-0.253522,0.961241,20.068885,0.000000,1,0.024337,-8.814305,31.735172,57.376611,2.522105,55.240791,-0.000028
10.083333,5.033333,1,-0.768658,1.432908,0.286803,-0.308005,-0.249009,0.158303,-0.904471,0.318749,0.054076,-0.002493,-0.082375,0.382435,0.740995,0.545787,-0.390661,-0.871858,0.295377,0.745846,-0.111719,0.656683,0.022216,-0.803193,1.365849,0.101696,0.029281,-0.078803,0.181348,-0.379325,0.138621,0.878943,-0.253684,0.941565,20.063252,0.000000,1,0.022777,-8.915104,31.674365,57.376335,2.547232,55.262586,-0.000027
10.116667,5.066667,1,-0.768446,1.432381,0.287434,-0.306700,-0.251259,0.157951,-0.904353,0.319042,0.054554,-0.001856,-0.084974,0.382271,0.741046,0.545435,-0.390561,-0.873350,0.291069,0.743418,-0.112739,0.659256,0.025455,-0.803193,1.365849,0.101696,0.028717,-0.078699,0.181973,-0.380749,0.136454,0.878596,-0.253927,0.821180,19.918121,0.000000,1,0.021172,-8.985641,31.564211,57.381899,2.564083,55.301335,-0.000026
10.150000,5.100000,1,-0.768469,1.431721,0.288252,-0.304918,-0.252327,0.158214,-0.904613,0.319583,0.054924,-0.001034,-0.086723,0.381152,0.741154,0.545796,-0.389172,-0.875147,0.287513,0.742929,-0.113659,0.659650,0.031548,-0.803193,1.365849,0.101696,0.028179,-0.078340,0.182803,-0.380899,0.134370,0.878881,-0.253828,0.244196,19.455485,0.000000,1,0.020962,-9.032087,31.426847,57.370807,2.574542,55.338848,-0.000024
10.183333,5.133333,1,-0.768551,1.431022,0.288898,-0.304329,-0.252757,0.158444,-0.904651,0.320190,0.055271,-0.000384,-0.087368,0.380817,0.741084,0.546023,-0.388452,-0.875839,0.286374,0.742754,-0.113676,0.659844,0.028643,-0.803193,1.365849,0.101696,0.027651,-0.077900,0.183465,-0.381011,0.133645,0.878996,-0.253645,0.722585,19.139568,0.000000,1,0.022365,-9.073083,31.326861,57.332296,2.583660,55.350820,-0.000023
10.216667,5.166667,1,-0.768587,1.430483,0.289085,-0.304985,-0.252556,0.158399,-0.904494,0.320643,0.055564,-0.000193,-0.086897,0.381316,0.740966,0.545910,-0.388863,-0.875271,0.287552,0.742730,-0.113162,0.659959,0.017153,-0.803193,1.365849,0.101696,0.027234,-0.077563,0.183663,-0.381126,0.134325,0.878854,-0.253603,1.054410,18.965577,0.000000,1,0.024508,-9.109602,31.311659,57.272583,2.591439,55.326709,-0.000022
10.250000,5.200000,1,-0.768591,1.430116,0.288893,-0.305073,-0.252328,0.158288,-0.904547,0.320938,0.055785,-0.000383,-0.086654,0.381292,0.741063,0.545833,-0.389116,-0.875074,0.287811,0.742912,-0.113367,0.659719,0.012428,-0.803193,1.365849,0.101696,0.026945,-0.077331,0.183478,-0.380966,0.134508,0.878860,-0.253729,1.030286,18.976862,0.000000,1,0.026454,-9.138669,31.365038,57.200704,2.596998,55.276096,-0.000021
10.283333,5.233333,1,-0.768625,1.429794,0.288640,-0.304296,-0.252394,0.158232,-0.904801,0.321215,0.055954,-0.000633,-0.087059,0.380624,0.741311,0.545898,-0.388833,-0.875633,0.286488,0.743086,-0.114242,0.659372,0.012319,-0.803193,1.365849,0.101696,0.026711,-0.077097,0.183234,-0.380681,0.133781,0.879041,-0.253911,1.029566,19.234728,0.000000,1,0.026933,-9.160028,31.429825,57.126415,2.600333,55.220927,-0.000020
10.316667,5.266667,1,-0.768642,1.429443,0.288549,-0.303716,-0.252506,0.158268,-0.904958,0.321507,0.056153,-0.000723,-0.087418,0.380154,0.741433,0.546002,-0.388479,-0.876112,0.285501,0.743183,-0.114729,0.659179,0.010909,-0.803193,1.365849,0.101696,0.026441,-0.076870,0.183150,-0.380523,0.133208,0.879182,-0.253961,1.015769,19.349132,0.000000,1,0.025989,-9.185554,31.463491,57.065247,2.604683,55.181874,-0.000019
10.350000,5.300000,1,-0.768578,1.429030,0.288619,-0.302963,-0.252952,0.158428,-0.905057,0.321798,0.056451,-0.000649,-0.088152,0.379680,0.741448,0.546194,-0.387802,-0.876888,0.284038,0.743010,-0.115030,0.659321,0.012706,-0.803193,1.365849,0.101696,0.026069,-0.076681,0.183223,-0.380580,0.132330,0.879316,-0.253871,1.082009,19.206773,0.000000,1,0.025081,-9.226939,31.465388,57.017870,2.613297,55.159518,-0.000018
10.383333,5.333333,1,-0.768478,1.428636,0.288721,-0.301668,-0.253368,0.159081,-0.905259,0.322052,0.056767,-0.000543,-0.089098,0.378707,0.741331,0.546873,-0.385982,-0.878313,0.282108,0.743345,-0.115021,0.658945,0.012576,-0.803193,1.365849,0.101696,0.025690,-0.076534,0.183326,-0.380358,0.130967,0.879751,-0.253402,1.246767,19.199495,0.000000,1,0.024750,-9.271993,31.459281,56.979054,2.622826,55.143990,-0.000017
10.416667,5.366667,1,-0.768420,1.428451,0.288704,-0.299854,-0.252860,0.160030,-0.905837,0.322165,0.056925,-0.000558,-0.089447,0.376856,0.741414,0.547982,-0.383429,-0.879980,0.280387,0.745146,-0.115390,0.656843,0.005841,-0.803193,1.365849,0.101696,0.025507,-0.076470,0.183309,-0.379080,0.129542,0.880667,-0.252871,1.429980,19.497015,0.000000,1,0.024608,-9.295375,31.469470,56.954452,2.626192,55.130848,-0.000016
10.450000,5.400000,1,-0.768416,1.428486,0.288558,-0.297346,-0.252677,0.160405,-0.906648,0.322135,0.056910,-0.000704,-0.090398,0.374527,0.741959,0.548685,-0.381545,-0.881916,0.276851,0.746490,-0.117349,0.654967,0.004506,-0.803193,1.365849,0.101696,0.025535,-0.076485,0.183162,-0.377797,0.127361,0.881508,-0.252967,1.585219,19.636426,0.000000,1,0.024572,-9.294689,31.497681,56.943797,2.622812,55.119405,-0.000015
10.483333,5.433333,1,-0.768459,1.428574,0.288441,-0.294723,-0.253068,0.160522,-0.907374,0.322090,0.056823,-0.000823,-0.091916,0.372350,0.742544,0.549122,-0.380032,-0.883945,0.272428,0.747045,-0.119640,0.653919,0.004595,-0.803193,1.365849,0.101696,0.025635,-0.076495,0.183046,-0.376978,0.124826,0.882141,-0.253245,1.708302,19.643809,0.000000,1,0.024163,-9.282859,31.519142,56.940107,2.616457,55.113361,-0.000015
10.516667,5.466667,1,-0.768529,1.428528,0.288538,-0.292888,-0.253300,0.160824,-0.907850,0.322169,0.056794,-0.000726,-0.092940,0.370810,0.742826,0.549610,-0.378582,-0.885456,0.269526,0.747604,-0.120858,0.653056,0.003850,-0.803193,1.365849,0.101696,0.025637,-0.076418,0.183148,-0.376362,0.123067,0.882656,-0.253230,1.943156,19.462077,0.000000,1,0.023228,-9.276730,31.503718,56.937533,2.611922,55.118599,-0.000014
10.550000,5.500000,1,-0.768578,1.428314,0.288845,-0.292024,-0.253284,0.160975,-0.908106,0.322370,0.056880,-0.000417,-0.093309,0.370029,0.742983,0.549862,-0.377891,-0.886130,0.268275,0.748022,-0.121462,0.652465,0.011332,-0.803193,1.365849,0.101696,0.025486,-0.076271,0.183462,-0.375961,0.122294,0.882933,-0.253231,2.199154,19.310283,0.000000,1,0.022525,-9.285746,31.452695,56.934132,2.611787,55.133801,-0.000013
10.583333,5.533333,1,-0.768620,1.428039,0.289206,-0.291628,-0.253117,0.160993,-0.908276,0.322614,0.057007,-0.000055,-0.093335,0.369599,0.743125,0.549954,-0.377678,-0.886363,0.267805,0.748376,-0.121894,0.651978,0.013668,-0.803193,1.365849,0.101696,0.025282,-0.076096,0.183830,-0.375637,0.122013,0.883089,-0.253305,2.458291,19.095843,0.000000,1,0.022401,-9.300188,31.393052,56.928324,2.613281,55.150160,-0.000012
10.616667,5.566667,1,-0.768686,1.427778,0.289485,-0.291649,-0.253027,0.160924,-0.908307,0.322862,0.057109,0.000225,-0.093246,0.369577,0.743184,0.549905,-0.377819,-0.886285,0.267866,0.748438,-0.122034,0.651880,0.011616,-0.803193,1.365849,0.101696,0.025104,-0.075906,0.184116,-0.375568,0.122072,0.883088,-0.253383,2.722810,18.935800,0.000000,1,0.022907,-9.310476,31.349862,56.914360,2.613744,55.157269,-0.000012
10.650000,5.600000,1,-0.768736,1.427587,0.289626,-0.292061,-0.253069,0.160681,-0.908206,0.323045,0.057182,0.000367,-0.093101,0.369964,0.743204,0.549642,-0.378451,-0.885881,0.268310,0.748104,-0.122040,0.652263,0.007297,-0.803193,1.365849,0.101696,0.024977,-0.075761,0.184264,-0.375795,0.122429,0.882896,-0.253542,2.839241,18.877154,0.000000,1,0.023477,-9.318082,31.330791,56.897517,2.613481,55.155706,-0.000011
10.683333,5.633333,1,-0.768743,1.427503,0.289685,-0.292029,-0.253400,0.160364,-0.908180,0.323116,0.057226,0.000427,-0.093414,0.370083,0.743322,0.549349,-0.378979,-0.885829,0.267736,0.747545,-0.122508,0.652815,0.003072,-0.803193,1.365849,0.101696,0.024912,-0.075710,0.184325,-0.376082,0.122259,0.882722,-0.253806,2.883032,18.820547,0.000000,1,0.023450,-9.323927,31.322947,56.890566,2.612647,55.155945,-0.000011
10.716667,5.666667,1,-0.768757,1.427503,0.289723,-0.291744,-0.253752,0.160125,-0.908215,0.323125,0.057215,0.000464,-0.093858,0.369984,0.743460,0.549153,-0.379244,-0.885999,0.266797,0.747095,-0.123086,0.653222,0.001206,-0.803193,1.365849,0.101696,0.024919,-0.075700,0.184363,-0.376274,0.121851,0.882630,-0.254035,2.844273,18.800175,0.000000,1,0.024687,-9.323927,31.322947,56.890566,2.612647,55.155945,-0.000011
10.750000,5.700000,1,-0.768833,1.427498,0.289885,-0.290865,-0.253857,0.160142,-0.908465,0.323174,0.057155,0.000626,-0.094342,0.369243,0.743672,0.549282,-0.378777,-0.886642,0.265318,0.747301,-0.123896,0.652833,0.005378,-0.803193,1.365849,0.101696,0.024957,-0.075646,0.184530,-0.375977,0.121014,0.882839,-0.254151,2.857688,18.799624,0.000000,1,0.022032,-9.311452,31.285846,56.902688,2.606750,55.174381,-0.000010
10.783333,5.733333,1,-0.769004,1.427418,0.290337,-0.288475,-0.253520,0.160742,-0.909215,0.323341,0.057062,0.001077,-0.095103,0.366951,0.744062,0.550158,-0.376563,-0.888500,0.262237,0.748907,-0.125345,0.650713,0.014699,-0.803193,1.365849,0.101696,0.024983,-0.075489,0.184993,-0.374603,0.119003,0.883733,-0.254019,3.228330,18.726662,0.000000,1,0.020610,-9.292333,31.203227,56.924003,2.599190,55.210652,-0.000010
10.816667,5.766667,1,-0.769191,1.427291,0.290933,-0.286353,-0.252832,0.161524,-0.909939,0.323555,0.056982,0.001671,-0.095428,0.364744,0.744348,0.551182,-0.374183,-0.890156,0.260017,0.750929,-0.126320,0.648188,0.019102,-0.803193,1.365849,0.101696,0.024978,-0.075300,0.185601,-0.373033,0.117386,0.884701,-0.253715,3.729050,18.478612,0.000000,1,0.019740,-9.274007,31.094284,56.951897,2.591976,55.257843,-0.000009
10.850000,5.800000,1,-0.769277,1.427165,0.291486,-0.286077,-0.252829,0.161618,-0.910009,0.323707,0.056983,0.002225,-0.095547,0.364496,0.744368,0.551299,-0.373880,-0.890391,0.259647,0.751085,-0.126425,0.647988,0.017236,-0.803193,1.365849,0.101696,0.024914,-0.075190,0.186162,-0.372906,0.117137,0.884801,-0.253669,4.238484,18.121800,0.000000,1,0.019673,-9.270212,30.991054,56.983158,2.588829,55.305075,-0.000009
10.883333,5.833333,1,-0.769306,1.427019,0.291994,-0.286932,-0.253376,0.161289,-0.909646,0.323841,0.057042,0.002734,-0.095659,0.365506,0.744195,0.550843,-0.374842,-0.889797,0.260295,0.749942,-0.125955,0.649401,0.015884,-0.803193,1.365849,0.101696,0.024801,-0.075112,0.186673,-0.373778,0.117669,0.884334,-0.253766,4.529798,17.802203,0.000000,1,0.019865,-9.276208,30.896451,57.011119,2.588525,55.347976,-0.000008
10.916667,5.866667,1,-0.769343,1.426825,0.292544,-0.287444,-0.253983,0.161123,-0.909345,0.324018,0.057123,0.003284,-0.095975,0.366235,0.744004,0.550562,-0.375341,-0.889539,0.260459,0.748942,-0.125507,0.650641,0.017506,-0.803193,1.365849,0.101696,0.024654,-0.075001,0.187227,-0.374546,0.117862,0.883987,-0.253753,4.684236,17.510008,0.000000,1,0.019718,-9.284503,30.795922,57.035758,2.589032,55.390732,-0.000008
10.950000,5.900000,1,-0.769413,1.426551,0.293232,-0.286367,-0.254409,0.161400,-0.909516,0.324279,0.057224,0.003974,-0.096835,0.365462,0.744029,0.550891,-0.374283,-0.890537,0.258563,0.748980,-0.125913,0.650519,0.022319,-0.803193,1.365849,0.101696,0.024459,-0.074824,0.187923,-0.374439,0.116699,0.884231,-0.253600,4.923062,17.226046,0.000000,1,0.019141,-9.293723,30.671924,57.060391,2.589957,55.440213,-0.000007
10.983333,5.933333,1,-0.769499,1.426192,0.294054,-0.284031,-0.254646,0.161889,-0.910096,0.324617,0.057362,0.004798,-0.098085,0.363475,0.744318,0.551594,-0.372247,-0.892425,0.254969,0.749820,-0.127260,0.649288,0.027049,-0.803193,1.365849,0.101696,0.024202,-0.074593,0.188755,-0.373600,0.114485,0.884910,-0.253476,5.401889,16.836302,0.000000,1,0.018635,-9.306732,30.525273,57.084852,2.592063,55.496129,-0.000007
11.016667,5.966667,1,-0.769545,1.425815,0.294889,-0.283336,-0.255198,0.161706,-0.910190,0.324946,0.057542,0.005635,-0.098890,0.363098,0.744482,0.551477,-0.372188,-0.892943,0.253237,0.749316,-0.128066,0.649711,0.027506,-0.803193,1.365849,0.101696,0.023907,-0.074383,0.189598,-0.373785,0.113618,0.884884,-0.253687,6.018482,16.382975,0.000000,1,0.018404,-9.326518,30.376102,57.110621,2.596078,55.553393,-0.000007
11.050000,6.000000,1,-0.769570,1.425416,0.295758,-0.283316,-0.255449,0.161591,-0.910146,0.325279,0.057752,0.006506,-0.099124,0.363193,0.744494,0.551356,-0.372362,-0.892965,0.252902,0.748960,-0.128195,0.650096,0.028688,-0.803193,1.365849,0.101696,0.023580,-0.074181,0.190473,-0.374002,0.113491,0.884786,-0.253764,6.633770,15.895166,0.000000,1,0.018100,-9.351061,30.220737,57.137909,2.601454,55.613187,-0.000006
11.083333,6.033333,1,-0.769609,1.425019,0.296656,-0.283255,-0.255498,0.161737,-0.910126,0.325619,0.057949,0.007407,-0.099195,0.363160,0.744411,0.551478,-0.372066,-0.893099,0.252866,0.749005,-0.127974,0.650088,0.029500,-0.803193,1.365849,0.101696,0.023263,-0.073969,0.191380,-0.374014,0.113411,0.884831,-0.253625,7.420462,15.569560,0.000000,1,0.017731,-9.373125,30.059882,57.166893,2.606198,55.675329,-0.000006
11.116667,6.066667,1,-0.769591,1.424674,0.297472,-0.284295,-0.256045,0.161527,-0.909685,0.325884,0.058162,0.008226,-0.099222,0.364337,0.744117,0.551093,-0.372902,-0.892456,0.253902,0.747855,-0.127109,0.651580,0.026576,-0.803193,1.365849,0.101696,0.022956,-0.073829,0.192198,-0.374965,0.114107,0.884353,-0.253576,8.091019,15.229152,0.000000,1,0.017643,-9.399639,29.912012,57.199008,2.612150,55.735217,-0.000006
11.150000,6.100000,1,-0.769462,1.424377,0.298136,-0.286838,-0.256937,0.160593,-0.908800,0.326043,0.058436,0.008892,-0.098893,0.367013,0.743757,0.549861,-0.375746,-0.890516,0.256508,0.745336,-0.125908,0.654692,0.022150,-0.803193,1.365849,0.101696,0.022625,-0.073797,0.192858,-0.376906,0.116015,0.883177,-0.253929,8.828932,14.703010,0.000000,1,0.018015,-9.438740,29.789653,57.231068,2.621565,55.787593,-0.000005
11.183333,6.133333,1,-0.769319,1.424118,0.298724,-0.290362,-0.257729,0.159039,-0.907729,0.326164,0.058700,0.009483,-0.098040,0.370522,0.743512,0.547988,-0.380194,-0.887524,0.260296,0.742220,-0.124845,0.658424,0.019746,-0.803193,1.365849,0.101696,0.022317,-0.073795,0.193440,-0.379210,0.118862,0.881580,-0.254730,8.996770,13.940740,0.000000,1,0.018124,-9.477189,29.680435,57.262010,2.630873,55.835424,-0.000005
11.216667,6.166667,1,-0.769250,1.423906,0.299338,-0.294429,-0.258568,0.156895,-0.906553,0.326291,0.058875,0.010100,-0.096990,0.374537,0.743439,0.545539,-0.385960,-0.883803,0.264437,0.738498,-0.124218,0.662715,0.019624,-0.803193,1.365849,0.101696,0.022092,-0.073762,0.194053,-0.381812,0.122190,0.879634,-0.255995,9.554971,13.389542,0.000000,1,0.017601,-9.501427,29.565720,57.296602,2.636345,55.886573,-0.000005
11.250000,6.200000,1,-0.769237,1.423673,0.300079,-0.298869,-0.259166,0.154795,-0.905289,0.326469,0.059018,0.010842,-0.095558,0.378778,0.743270,0.543088,-0.391848,-0.879713,0.269370,0.734933,-0.123164,0.666862,0.023280,-0.803193,1.365849,0.101696,0.021879,-0.073681,0.194795,-0.384363,0.125959,0.877644,-0.257178,10.367348,12.810429,0.000000,1,0.016824,-9.518916,29.428516,57.336084,2.640067,55.946791,-0.000005
11.283333,6.233333,1,-0.769227,1.423354,0.300982,-0.303482,-0.259455,0.153138,-0.903953,0.326718,0.059207,0.011748,-0.093770,0.383039,0.742838,0.540999,-0.397054,-0.875585,0.275135,0.731914,-0.121202,0.670531,0.028754,-0.803193,1.365849,0.101696,0.021595,-0.073555,0.195701,-0.386705,0.130013,0.875800,-0.257935,10.981036,12.324517,0.000000,1,0.016178,-9.541865,29.262937,57.378332,2.645430,56.016848,-0.000004
11.316667,6.266667,1,-0.769216,1.422955,0.301967,-0.307681,-0.260193,0.151686,-0.902565,0.327029,0.059445,0.012736,-0.092568,0.387129,0.742268,0.539074,-0.401660,-0.871946,0.279963,0.728603,-0.119060,0.674509,0.031884,-0.803193,1.365849,0.101696,0.021245,-0.073388,0.196691,-0.389255,0.133491,0.873982,-0.258487,12.219663,11.834630,0.000000,1,0.015978,-9.570535,29.084808,57.416710,2.652525,56.088591,-0.000004
11.350000,6.300000,1,-0.769208,1.422468,0.303003,-0.311211,-0.261407,0.150328,-0.901230,0.327414,0.059732,0.013776,-0.092090,0.390833,0.741700,0.537261,-0.405740,-0.868957,0.283353,0.724990,-0.117200,0.678715,0.034342,-0.803193,1.365849,0.101696,0.020824,-0.073168,0.197732,-0.391928,0.136154,0.872228,-0.258985,13.296119,11.190314,0.000000,1,0.016027,-9.605093,28.900959,57.446440,2.661403,56.157513,-0.000004
11.383333,6.333333,1,-0.769206,1.421906,0.304066,-0.313452,-0.262380,0.149442,-0.900318,0.327861,0.060060,0.014843,-0.091967,0.393275,0.741294,0.536060,-0.408363,-0.867093,0.285289,0.722419,-0.115948,0.681665,0.036080,-0.803193,1.365849,0.101696,0.020345,-0.072902,0.198803,-0.393803,0.137756,0.871041,-0.259288,13.801627,10.522728,0.000000,1,0.016143,-9.644263,28.715587,57.466998,2.671667,56.222100,-0.000004
11.416667,6.366667,1,-0.769237,1.421258,0.305251,-0.315042,-0.262893,0.148773,-0.899724,0.328397,0.060411,0.016031,-0.091722,0.394929,0.741069,0.535196,-0.410305,-0.865682,0.286784,0.720788,-0.115193,0.683517,0.040518,-0.803193,1.365849,0.101696,0.019814,-0.072566,0.199999,-0.394978,0.138972,0.870232,-0.259567,14.769087,9.725435,0.000000,1,0.015924,-9.684614,28.511536,57.483407,2.682321,56.290075,-0.000004
11.450000,6.400000,0,-0.769293,1.420532,0.306637,-0.317227,-0.263634,0.147664,-0.898921,0.329011,0.060787,0.017422,-0.091418,0.397217,0.740860,0.533843,-0.413308,-0.863631,0.288648,0.718380,-0.114460,0.686169,0.046976,-0.803193,1.365849,0.101696,0.019231,-0.072175,0.201398,-0.396630,0.140632,0.869046,-0.260126,15.904655,8.750335,0.000000,1,0.015349,-9.726522,28.272633,57.504511,2.693383,56.370919,-0.000003
11.483333,6.433333,1,-0.769341,1.419734,0.308138,-0.319615,-0.264545,0.146421,-0.898011,0.329676,0.061213,0.018928,-0.091176,0.399762,0.740614,0.532324,-0.416636,-0.861390,0.290553,0.715595,-0.113643,0.689209,0.051019,-0.803193,1.365849,0.101696,0.018581,-0.071756,0.202913,-0.398525,0.142401,0.867705,-0.260745,17.306442,8.021312,0.000000,1,0.015110,-9.774441,28.014871,57.525363,2.706081,56.457334,-0.000003
11.516667,6.466667,1,-0.769389,1.418865,0.309680,-0.321514,-0.265184,0.145571,-0.897282,0.330399,0.061679,0.020475,-0.090907,0.401748,0.740353,0.531237,-0.419047,-0.859648,0.292240,0.713562,-0.112773,0.691456,0.053107,-0.803193,1.365849,0.101696,0.017874,-0.071297,0.204470,-0.399952,0.143844,0.866698,-0.261116,18.770611,6.798413,0.000000,1,0.015182,-9.827162,27.753332,57.538276,2.720122,56.540787,-0.000003
11.550000,6.500000,1,-0.769444,1.417931,0.311302,-0.324022,-0.266192,0.144618,-0.896235,0.331178,0.062179,0.022104,-0.090698,0.404445,0.739856,0.529916,-0.421926,-0.857487,0.294437,0.710759,-0.111227,0.694587,0.056188,-0.803193,1.365849,0.101696,0.017117,-0.070799,0.206109,-0.401978,0.145672,0.865366,-0.261410,20.165290,5.932860,0.000000,1,0.015121,-9.883190,27.480262,57.547068,2.735038,56.625608,-0.000003
11.583333,6.533333,1,-0.769473,1.416893,0.313100,-0.326251,-0.267576,0.143613,-0.895175,0.332023,0.062759,0.023909,-0.090948,0.407061,0.739371,0.528545,-0.424736,-0.855625,0.295811,0.707539,-0.109882,0.698079,0.062281,-0.803193,1.365849,0.101696,0.016257,-0.070271,0.207923,-0.404214,0.147085,0.863983,-0.261744,21.622122,5.015103,0.000000,1,0.015005,-9.949693,27.178387,57.556759,2.752756,56.719722,-0.000003
11.616667,6.566667,1,-0.769469,1.415743,0.314992,-0.326452,-0.268892,0.143314,-0.894755,0.332938,0.063433,0.025809,-0.092040,0.407829,0.739133,0.528096,-0.425286,-0.855740,0.294687,0.705594,-0.109579,0.700092,0.066414,-0.803193,1.365849,0.101696,0.015284,-0.069709,0.209831,-0.405475,0.146687,0.863446,-0.261788,23.124567,4.447974,0.000000,1,0.015204,-10.028330,26.864204,57.558750,2.773772,56.813710,-0.000003
11.650000,6.600000,1,-0.769530,1.414487,0.316794,-0.323717,-0.269151,0.144375,-0.895500,0.333978,0.064119,0.027619,-0.093484,0.405496,0.739313,0.529387,-0.422021,-0.858579,0.291101,0.706950,-0.110645,0.698555,0.065922,-0.803193,1.365849,0.101696,0.014268,-0.069027,0.211655,-0.404468,0.144089,0.864523,-0.261237,24.461091,3.622882,0.000000,1,0.016015,-10.105267,26.576250,57.530276,2.794437,56.883868,-0.000003
11.683333,6.633333,1,-0.769617,1.413175,0.318450,-0.318840,-0.269107,0.146106,-0.896981,0.335077,0.064820,0.029284,-0.095608,0.401109,0.739841,0.531608,-0.416504,-0.863308,0.284996,0.709912,-0.113010,0.695165,0.063445,-0.803193,1.365849,0.101696,0.013224,-0.068281,0.213336,-0.402226,0.139684,0.866517,-0.260481,25.886580,2.934481,0.000000,1,0.016753,-10.182679,26.322459,57.476552,2.815160,56.930546,-0.000002
11.716667,6.666667,1,-0.769631,1.411801,0.320086,-0.312420,-0.269320,0.147991,-0.898866,0.336183,0.065617,0.030929,-0.098649,0.395453,0.740653,0.534153,-0.409899,-0.869265,0.276335,0.713221,-0.116596,0.691174,0.064089,-0.803193,1.365849,0.101696,0.012088,-0.067556,0.214994,-0.399525,0.133774,0.868901,-0.259799,26.929059,2.772535,0.000000,1,0.016991,-10.274153,26.076002,57.415065,2.839414,56.971180,-0.000002
11.750000,6.700000,1,-0.769619,1.410285,0.321943,-0.300857,-0.269427,0.151508,-0.902186,0.337385,0.066518,0.032797,-0.103878,0.385144,0.741995,0.538811,-0.397785,-0.879606,0.260886,0.719573,-0.122694,0.683491,0.071914,-0.803193,1.365849,0.101696,0.010816,-0.066782,0.216873,-0.394410,0.123253,0.873190,-0.258435,28.120217,3.057967,0.000000,1,0.017223,-10.378182,25.795551,57.351143,2.866811,57.021052,-0.000002
11.783333,6.733333,1,-0.769724,1.408657,0.324043,-0.283203,-0.268362,0.157624,-0.907156,0.338749,0.067389,0.034908,-0.110759,0.368860,0.743620,0.546539,-0.378055,-0.894543,0.238468,0.731126,-0.130475,0.669650,0.079788,-0.803193,1.365849,0.101696,0.009519,-0.065861,0.219004,-0.385484,0.107729,0.880016,-0.255671,29.144492,3.429538,0.000000,1,0.017742,-10.472371,25.479776,57.279765,2.891345,57.077671,-0.000002
11.816667,6.766667,1,-0.769806,1.407301,0.325638,-0.276340,-0.267934,0.160330,-0.908923,0.339881,0.068122,0.036511,-0.113419,0.362524,0.743957,0.549764,-0.369792,-0.900236,0.229848,0.735767,-0.132672,0.664113,0.062850,-0.803193,1.365849,0.101696,0.008438,-0.065089,0.220624,-0.381991,0.101697,0.882671,-0.254230,30.279827,3.423879,0.000000,1,0.016971,-10.551765,25.248940,57.205010,2.911276,57.106721,-0.000002
11.850000,6.800000,1,-0.769800,1.406134,0.326799,-0.278861,-0.268935,0.159412,-0.908019,0.340808,0.068816,0.037681,-0.113197,0.365229,0.743573,0.548538,-0.372585,-0.898441,0.232344,0.733070,-0.131427,0.667334,0.049382,-0.803193,1.365849,0.101696,0.007468,-0.064475,0.221804,-0.384018,0.103536,0.881482,-0.254557,31.355368,3.142801,0.000000,1,0.016987,-10.630861,25.090110,57.127621,2.930606,57.112658,-0.000002
11.883333,6.833333,1,-0.769760,1.404948,0.327881,-0.283192,-0.270496,0.157481,-0.906551,0.341731,0.069549,0.038771,-0.112676,0.369804,0.743147,0.546152,-0.378045,-0.895078,0.236469,0.728406,-0.129926,0.672714,0.048169,-0.803193,1.365849,0.101696,0.006464,-0.063870,0.222901,-0.387371,0.106774,0.879360,-0.255479,32.882334,2.812273,0.000000,1,0.017381,-10.715789,24.948162,57.041993,2.951250,57.109313,-0.000002
11.916667,6.866667,1,-0.769708,1.403719,0.328913,-0.287110,-0.272084,0.155337,-0.905212,0.342681,0.070318,0.039812,-0.112363,0.374021,0.742929,0.543635,-0.383671,-0.891817,0.239706,0.723712,-0.129139,0.677912,0.048169,-0.803193,1.365849,0.101696,0.005419,-0.063247,0.223950,-0.390570,0.109634,0.877247,-0.256657,33.560824,2.716304,0.000000,1,0.017888,-10.805104,24.819103,56.945624,2.972848,57.096562,-0.000002
11.950000,6.900000,1,-0.769698,1.402493,0.329897,-0.291576,-0.273777,0.153201,-0.903637,0.343654,0.071052,0.040805,-0.111900,0.378776,0.742500,0.541018,-0.389556,-0.888182,0.243678,0.718642,-0.127656,0.683562,0.047174,-0.803193,1.365849,0.101696,0.004403,-0.062589,0.224953,-0.394102,0.112941,0.874937,-0.257707,33.888049,2.886852,0.000000,1,0.018237,-10.888143,24.701679,56.841475,2.992505,57.076224,-0.000002
11.983333,6.933333,1,-0.769718,1.401194,0.330895,-0.295819,-0.275120,0.151625,-0.902114,0.344704,0.071806,0.041812,-0.111221,0.383177,0.741866,0.538925,-0.394379,-0.884855,0.247986,0.714386,-0.125470,0.688411,0.049138,-0.803193,1.365849,0.101696,0.003346,-0.061865,0.225973,-0.397212,0.116191,0.872930,-0.258294,35.144451,2.998614,0.000000,1,0.018841,-10.971591,24.588168,56.724173,3.012075,57.047870,-0.000002
12.016667,6.966667,1,-0.769744,1.399813,0.331938,-0.298419,-0.275946,0.150624,-0.901173,0.345822,0.072604,0.042865,-0.110807,0.385874,0.741486,0.537607,-0.397401,-0.882772,0.250573,0.711741,-0.124160,0.691382,0.051929,-0.803193,1.365849,0.101696,0.002225,-0.061089,0.227040,-0.399120,0.118183,0.871676,-0.258682,35.961382,2.951586,0.000000,1,0.019373,-11.059174,24.472588,56.596329,3.032482,57.014718,-0.000001
12.050000,7.000000,1,-0.769798,1.398371,0.333045,-0.298201,-0.276289,0.150506,-0.901160,0.347006,0.073417,0.043982,-0.111212,0.385832,0.741526,0.537498,-0.397455,-0.882956,0.249835,0.711320,-0.124459,0.691761,0.054569,-0.803193,1.365849,0.101696,0.001069,-0.060260,0.228174,-0.399330,0.117837,0.871598,-0.258779,37.928105,2.746396,0.000000,1,0.019771,-11.146452,24.350947,56.460946,3.052492,56.979492,-0.000001
12.083333,7.033333,1,-0.769826,1.396851,0.334167,-0.294832,-0.276112,0.151131,-0.902217,0.348236,0.074296,0.045114,-0.112551,0.382734,0.742176,0.538536,-0.394622,-0.885532,0.245166,0.713224,-0.126987,0.689338,0.056668,-0.803193,1.365849,0.101696,-0.000164,-0.059406,0.229321,-0.397665,0.114873,0.872753,-0.258784,39.113615,2.507483,0.000000,1,0.020383,-11.241865,24.232395,56.315213,3.074304,56.938027,-0.000001
12.116667,7.066667,1,-0.769818,1.395204,0.335267,-0.290123,-0.276070,0.152213,-0.903574,0.349547,0.075281,0.046226,-0.114605,0.378497,0.742883,0.540121,-0.390270,-0.889249,0.238592,0.715738,-0.130018,0.686159,0.059441,-0.803193,1.365849,0.101696,-0.001521,-0.058503,0.230448,-0.395513,0.110637,0.874348,-0.258545,40.287784,2.466107,0.000000,1,0.021560,-11.349988,24.126576,56.149303,3.099167,56.882278,-0.000001
12.150000,7.100000,1,-0.769859,1.393471,0.336312,-0.285509,-0.276531,0.153740,-0.904643,0.350955,0.076279,0.047283,-0.117066,0.374572,0.743135,0.541979,-0.385109,-0.893227,0.232028,0.717828,-0.131910,0.683610,0.060716,-0.803193,1.365849,0.101696,-0.002917,-0.057508,0.231524,-0.393836,0.106252,0.875877,-0.257766,41.599197,2.544385,0.000000,1,0.022886,-11.456601,24.040411,55.960736,3.123325,56.808688,-0.000001
12.183333,7.133333,1,-0.769966,1.391740,0.337319,-0.280346,-0.276575,0.155445,-0.905952,0.352402,0.077223,0.048301,-0.119397,0.369968,0.743520,0.544101,-0.379396,-0.897446,0.225052,0.720753,-0.134154,0.680086,0.060159,-0.803193,1.365849,0.101696,-0.004271,-0.056458,0.232566,-0.391541,0.101557,0.877698,-0.256959,42.973040,2.620938,0.000000,1,0.023547,-11.553508,23.965889,55.762852,3.144443,56.726623,-0.000001
12.216667,7.166667,1,-0.770116,1.389898,0.338393,-0.272947,-0.276357,0.157522,-0.907917,0.353963,0.078200,0.049386,-0.122488,0.363244,0.744312,0.546854,-0.371894,-0.903047,0.214944,0.725074,-0.138008,0.674701,0.064136,-0.803193,1.365849,0.101696,-0.005691,-0.055312,0.233680,-0.388012,0.094962,0.880229,-0.256176,44.182734,2.606609,0.000000,1,0.024715,-11.651164,23.889459,55.548271,3.165349,56.636355,-0.000001
12.250000,7.200000,1,-0.770321,1.387827,0.339647,-0.261844,-0.275705,0.160835,-0.910800,0.355740,0.079267,0.050654,-0.126835,0.353010,0.745355,0.551129,-0.360340,-0.911121,0.200034,0.732025,-0.143283,0.666040,0.072879,-0.803193,1.365849,0.101696,-0.007266,-0.053998,0.234981,-0.382420,0.085208,0.884064,-0.254804,45.768288,2.266299,0.000000,1,0.026736,-11.754811,23.798549,55.306170,3.187504,56.535940,-0.000001
12.283333,7.233333,1,-0.770524,1.385805,0.340806,-0.254617,-0.275203,0.162806,-0.912649,0.357476,0.080309,0.051825,-0.129596,0.346314,0.746091,0.553733,-0.353170,-0.916031,0.190151,0.736508,-0.146893,0.660286,0.070179,-0.803193,1.365849,0.101696,-0.008801,-0.052708,0.236186,-0.378715,0.078900,0.886454,-0.254064,46.819963,2.184073,0.000000,1,0.027041,-11.855084,23.725786,55.061941,3.207983,56.428940,-0.000001
12.316667,7.266667,1,-0.770648,1.383982,0.341793,-0.252686,-0.275554,0.162988,-0.913047,0.359006,0.081296,0.052824,-0.130769,0.344741,0.746357,0.554079,-0.351791,-0.917245,0.186827,0.736919,-0.148299,0.659513,0.062300,-0.803193,1.365849,0.101696,-0.010219,-0.051589,0.237211,-0.378163,0.077007,0.886840,-0.254121,48.108577,2.222778,0.000000,1,0.025967,-11.953030,23.671935,54.839580,3.226765,56.327879,-0.000001
12.350000,7.300000,1,-0.770721,1.382186,0.342757,-0.252248,-0.276136,0.162949,-0.912999,0.360486,0.082307,0.053800,-0.131486,0.344608,0.746331,0.554028,-0.351530,-0.917598,0.185581,0.736353,-0.148597,0.660078,0.061213,-0.803193,1.365849,0.101696,-0.011645,-0.050524,0.238209,-0.378484,0.076355,0.886757,-0.254132,49.310392,2.390011,0.000000,1,0.026019,-12.055295,23.620781,54.621869,3.245940,56.228551,-0.000001
12.383333,7.333333,1,-0.770741,1.380369,0.343701,-0.252234,-0.276467,0.162836,-0.912923,0.361948,0.083374,0.054756,-0.131789,0.344744,0.746314,0.553894,-0.351666,-0.917625,0.185192,0.735891,-0.148706,0.660569,0.061418,-0.803193,1.365849,0.101696,-0.013119,-0.049490,0.239184,-0.378773,0.076198,0.886629,-0.254191,50.564363,2.511809,0.000000,1,0.026490,-12.165336,23.575151,54.401851,3.266489,56.126470,-0.000001
12.416667,7.366667,1,-0.770708,1.378531,0.344623,-0.251937,-0.276763,0.162652,-0.912948,0.363396,0.084496,0.055691,-0.132188,0.344609,0.746418,0.553743,-0.351790,-0.917754,0.184316,0.735541,-0.149226,0.660841,0.061709,-0.803193,1.365849,0.101696,-0.014640,-0.048484,0.240135,-0.378908,0.075803,0.886555,-0.254367,51.253953,2.402719,0.000000,1,0.027021,-12.282874,23.535571,54.178878,3.288348,56.021137,-0.000001
12.450000,7.400000,1,-0.770695,1.376665,0.345554,-0.251074,-0.277099,0.162544,-0.913103,0.364878,0.085618,0.056636,-0.132874,0.343986,0.746601,0.553720,-0.351478,-0.918229,0.182537,0.735402,-0.150136,0.660790,0.062553,-0.803193,1.365849,0.101696,-0.016172,-0.047446,0.241096,-0.378825,0.074881,0.886618,-0.254546,52.632670,2.147515,0.000000,1,0.027720,-12.398599,23.499108,53.949205,3.309289,55.911316,-0.000001
12.483333,7.433333,1,-0.770761,1.374767,0.346471,-0.249874,-0.277057,0.162436,-0.913464,0.366433,0.086697,0.057566,-0.133371,0.342892,0.746966,0.553787,-0.351065,-0.918783,0.180530,0.735856,-0.151491,0.659975,0.063259,-0.803193,1.365849,0.101696,-0.017682,-0.046325,0.242049,-0.378258,0.073824,0.886865,-0.254836,54.047837,2.168056,0.000000,1,0.028789,-12.505116,23.472494,53.706139,3.327586,55.791373,-0.000001
12.516667,7.466667,1,-0.770820,1.372907,0.347278,-0.248511,-0.276949,0.162355,-0.913883,0.367954,0.087760,0.058385,-0.133882,0.341621,0.747369,0.553904,-0.350532,-0.919415,0.178333,0.736468,-0.152970,0.658950,0.060854,-0.803193,1.365849,0.101696,-0.019165,-0.045226,0.242890,-0.377559,0.072650,0.887175,-0.255132,55.185482,2.321754,0.000000,1,0.029354,-12.609976,23.465587,53.459957,3.344878,55.663984,-0.000001
12.550000,7.500000,1,-0.770855,1.371047,0.347961,-0.247581,-0.277518,0.162292,-0.913974,0.369461,0.088843,0.059081,-0.134806,0.341042,0.747475,0.553894,-0.350058,-0.919993,0.176273,0.736095,-0.153785,0.659177,0.059455,-0.803193,1.365849,0.101696,-0.020658,-0.044137,0.243607,-0.377650,0.071563,0.887193,-0.255239,56.182124,2.379361,0.000000,1,0.030333,-12.717358,23.482713,53.205050,3.362257,55.524993,-0.000001
12.583333,7.533333,1,-0.770929,1.369192,0.348567,-0.246638,-0.278478,0.162325,-0.913931,0.370986,0.089894,0.059700,-0.136086,0.340627,0.747420,0.553911,-0.349328,-0.920717,0.173928,0.735299,-0.154312,0.659942,0.058593,-0.803193,1.365849,0.101696,-0.022123,-0.043016,0.244250,-0.378079,0.070290,0.887126,-0.255192,57.390482,2.382993,0.000000,1,0.031318,-12.818977,23.516822,52.941344,3.377754,55.376358,-0.000001
12.616667,7.566667,1,-0.770972,1.367420,0.349017,-0.246228,-0.278719,0.162207,-0.913989,0.372428,0.090920,0.060162,-0.136485,0.340367,0.747523,0.553834,-0.349280,-0.920917,0.172962,0.735097,-0.154837,0.660044,0.054854,-0.803193,1.365849,0.101696,-0.023534,-0.041959,0.244732,-0.378113,0.069817,0.887110,-0.255328,58.525927,2.369874,0.000000,1,0.031769,-12.919226,23.574243,52.680633,3.392229,55.222613,-0.000001
12.650000,7.600000,1,-0.770923,1.365708,0.349271,-0.247085,-0.278788,0.161666,-0.913833,0.373765,0.091986,0.060428,-0.136167,0.341164,0.747629,0.553278,-0.350683,-0.920204,0.173913,0.734382,-0.154980,0.660805,0.051942,-0.803193,1.365849,0.101696,-0.024948,-0.041000,0.245013,-0.378570,0.070567,0.886743,-0.255717,59.508119,2.383420,0.000000,1,0.032531,-13.027761,23.660916,52.421256,3.408011,55.061345,-0.000001
12.683333,7.633333,1,-0.770841,1.364028,0.349385,-0.248557,-0.278731,0.160920,-0.913583,0.375057,0.093062,0.060555,-0.135464,0.342456,0.747745,0.552495,-0.352799,-0.919032,0.175825,0.733470,-0.154948,0.661826,0.050583,-0.803193,1.365849,0.101696,-0.026353,-0.040078,0.245151,-0.379193,0.071929,0.886218,-0.256236,60.431698,2.364697,0.000000,1,0.033548,-13.138483,23.770719,52.158468,3.423773,54.891798,-0.000001
12.716667,7.666667,1,-0.770620,1.362374,0.349482,-0.247782,-0.278825,0.160222,-0.913887,0.376245,0.094233,0.060666,-0.135897,0.341800,0.748326,0.552008,-0.353638,-0.919063,0.173963,0.733265,-0.156919,0.661588,0.050132,-0.803193,1.365849,0.101696,-0.027818,-0.039282,0.245263,-0.378950,0.071205,0.886155,-0.257013,61.431618,2.354330,0.000000,1,0.033699,-13.264729,23.877837,51.907477,3.442470,54.729711,-0.000000
12.750000,7.700000,1,-0.770278,1.360724,0.349568,-0.245775,-0.279698,0.159554,-0.914279,0.377357,0.095498,0.060767,-0.137576,0.340390,0.748966,0.551595,-0.353632,-0.919911,0.169435,0.732593,-0.159755,0.661654,0.050623,-0.803193,1.365849,0.101696,-0.029351,-0.038584,0.245357,-0.378848,0.069029,0.886138,-0.257815,62.198993,2.351225,0.000000,1,0.034098,-13.405461,23.983537,51.663694,3.463957,54.572260,-0.000000
12.783333,7.733333,1,-0.769997,1.359064,0.349658,-0.244494,-0.280616,0.158956,-0.914445,0.378514,0.096720,0.060871,-0.138972,0.339651,0.749377,0.551142,-0.353859,-0.920431,0.166106,0.731622,-0.161759,0.662241,0.050588,-0.803193,1.365849,0.101696,-0.030857,-0.037832,0.245459,-0.379107,0.067483,0.885966,-0.258433,63.061595,2.341511,0.000000,1,0.034941,-13.538195,24.092429,51.413293,3.483276,54.410468,-0.000000
12.816667,7.766667,1,-0.769842,1.357379,0.349846,-0.243819,-0.280967,0.158415,-0.914612,0.379767,0.097856,0.061073,-0.139590,0.339202,0.749765,0.550735,-0.354411,-0.920542,0.164302,0.731146,-0.163266,0.662397,0.051083,-0.803193,1.365849,0.101696,-0.032311,-0.036969,0.245666,-0.379132,0.066732,0.885847,-0.258999,63.943357,2.328901,0.000000,1,0.035598,-13.655293,24.191363,51.155770,3.498727,54.247692,-0.000000
12.850000,7.800000,1,-0.769843,1.355699,0.350096,-0.243971,-0.280904,0.157714,-0.914711,0.381109,0.098863,0.061335,-0.139469,0.339308,0.750167,0.550152,-0.355762,-0.920058,0.164091,0.730766,-0.164406,0.662534,0.050948,-0.803193,1.365849,0.101696,-0.033669,-0.035989,0.245946,-0.379162,0.066911,0.885625,-0.259667,65.089479,2.237110,0.000000,1,0.036309,-13.751461,24.285417,50.891696,3.509102,54.082679,-0.000000
12.883333,7.833333,1,-0.769944,1.354028,0.350455,-0.243654,-0.280839,0.157521,-0.914849,0.382504,0.099783,0.061705,-0.139553,0.338994,0.750375,0.550041,-0.355960,-0.920089,0.163487,0.730859,-0.165076,0.662265,0.051365,-0.803193,1.365849,0.101696,-0.034963,-0.034940,0.246340,-0.378969,0.066659,0.885655,-0.259911,66.017293,2.236800,0.000000,1,0.036629,-13.833522,24.364270,50.628621,3.515885,53.922419,-0.000000
12.916667,7.866667,1,-0.770010,1.352380,0.350919,-0.241625,-0.280773,0.158052,-0.915316,0.383860,0.100717,0.062180,-0.140396,0.337147,0.750545,0.550729,-0.353973,-0.921362,0.160606,0.732026,-0.166059,0.660728,0.051406,-0.803193,1.365849,0.101696,-0.036262,-0.033939,0.246836,-0.377994,0.064855,0.886268,-0.259698,67.257098,2.341399,0.000000,1,0.036361,-13.918000,24.422435,50.378227,3.522666,53.774840,-0.000000
12.950000,7.900000,1,-0.770002,1.350808,0.351229,-0.241335,-0.281277,0.157872,-0.915269,0.385110,0.101666,0.062501,-0.140977,0.337112,0.750583,0.550551,-0.354039,-0.921518,0.159565,0.731418,-0.166500,0.661290,0.048049,-0.803193,1.365849,0.101696,-0.037540,-0.033034,0.247173,-0.378315,0.064375,0.886126,-0.259833,68.229006,2.141923,0.000000,1,0.036758,-14.007586,24.500360,50.134251,3.530088,53.625266,-0.000000
12.983333,7.933333,1,-0.769961,1.349314,0.351388,-0.244152,-0.282369,0.156360,-0.914445,0.386279,0.102596,0.062671,-0.140707,0.340121,0.750538,0.548828,-0.357979,-0.919547,0.162124,0.728117,-0.166211,0.664996,0.045101,-0.803193,1.365849,0.101696,-0.038772,-0.032191,0.247355,-0.380574,0.066450,0.884745,-0.260718,69.197695,1.746391,0.000000,1,0.037359,-14.096805,24.598757,49.893994,3.537018,53.472046,-0.000000
13.016667,7.966667,1,-0.769919,1.347869,0.351503,-0.248069,-0.283601,0.154426,-0.913337,0.387408,0.103497,0.062796,-0.140074,0.344177,0.750433,0.546600,-0.363215,-0.916794,0.166022,0.723953,-0.165540,0.669693,0.043501,-0.803193,1.365849,0.101696,-0.039963,-0.031375,0.247493,-0.383454,0.069460,0.882942,-0.261822,70.250166,1.656145,0.000000,1,0.037750,-14.183112,24.701731,49.658276,3.542962,53.320057,-0.000000
13.050000,8.000000,1,-0.769854,1.346385,0.351677,-0.251395,-0.284250,0.152793,-0.912500,0.388554,0.104440,0.062981,-0.139181,0.347444,0.750431,0.544760,-0.367729,-0.914326,0.169655,0.720895,-0.165037,0.673107,0.044883,-0.803193,1.365849,0.101696,-0.041201,-0.030559,0.247688,-0.385549,0.072192,0.881517,-0.262807,71.234623,1.748271,0.000000,1,0.038336,-14.273889,24.797654,49.420827,3.549678,53.169269,-0.000000
13.083333,8.033333,1,-0.769790,1.344881,0.351917,-0.253346,-0.284689,0.151456,-0.912047,0.389716,0.105393,0.063233,-0.138713,0.349385,0.750633,0.543359,-0.371039,-0.912655,0.171438,0.718799,-0.165382,0.675261,0.045708,-0.803193,1.365849,0.101696,-0.042455,-0.029735,0.247951,-0.386839,0.073776,0.880542,-0.263738,72.049188,1.804155,0.000000,1,0.038754,-14.364818,24.884320,49.183962,3.556193,53.021448,-0.000000
13.116667,8.066667,1,-0.769755,1.343384,0.352140,-0.253485,-0.284987,0.150972,-0.911995,0.390891,0.106320,0.063467,-0.138919,0.349641,0.750805,0.542904,-0.371914,-0.912373,0.171041,0.718086,-0.166013,0.675864,0.045432,-0.803193,1.365849,0.101696,-0.043687,-0.028889,0.248198,-0.387177,0.073779,0.880274,-0.264137,73.175400,1.778092,0.000000,1,0.039494,-14.451362,24.975754,48.943997,3.561553,52.870678,-0.000000
13.150000,8.100000,1,-0.769748,1.341837,0.352320,-0.252327,-0.285206,0.151015,-0.912241,0.392122,0.107254,0.063658,-0.139631,0.348701,0.751000,0.543056,-0.371186,-0.913049,0.169003,0.718291,-0.166994,0.675404,0.046719,-0.803193,1.365849,0.101696,-0.044941,-0.027990,0.248404,-0.386855,0.072641,0.880482,-0.264232,73.937227,2.223501,0.000000,1,0.040952,-14.536670,25.081190,48.689856,3.566563,52.708544,-0.000000
